Season,GameCode,Side,PTS,TR,AST,STL,BLK,FD,FGA,FGM,FTA,FTM,OREB,TO,BLKA,FC,OfficialPIR,Date,Round,Phase,GameMinutes,TeamCode,OpponentCode,MFG,MFT,ReconstructedOfficialPIR,EstimatedPossessions
E2020,1,local,69.0,31.0,13.0,4.0,5.0,21.0,60.0,25.0,16.0,12.0,7.0,8.0,5.0,21.0,70.0,2020-10-01 17:30:00+00:00,1,Regular Season,40.0,IST,DYR,35.0,4.0,70.0,68.04
E2020,1,road,73.0,35.0,19.0,3.0,5.0,21.0,55.0,26.0,16.0,14.0,6.0,11.0,5.0,21.0,88.0,2020-10-01 17:30:00+00:00,1,Regular Season,40.0,DYR,IST,29.0,2.0,88.0,67.03999999999999
E2020,2,local,67.0,30.0,20.0,7.0,6.0,16.0,61.0,26.0,8.0,7.0,9.0,11.0,3.0,15.0,81.0,2020-10-01 18:00:00+00:00,1,Regular Season,40.0,OLY,ZAL,35.0,1.0,81.0,66.52
E2020,2,road,68.0,36.0,13.0,5.0,3.0,15.0,58.0,27.0,10.0,8.0,11.0,15.0,6.0,16.0,70.0,2020-10-01 18:00:00+00:00,1,Regular Season,40.0,ZAL,OLY,31.0,2.0,70.0,66.4
E2020,3,local,80.0,38.0,23.0,9.0,1.0,16.0,66.0,31.0,11.0,11.0,10.0,15.0,3.0,18.0,96.0,2020-10-01 18:05:00+00:00,1,Regular Season,40.0,TEL,BER,35.0,0.0,96.0,75.84
E2020,3,road,73.0,35.0,14.0,6.0,3.0,18.0,65.0,26.0,10.0,10.0,11.0,14.0,1.0,16.0,79.0,2020-10-01 18:05:00+00:00,1,Regular Season,40.0,BER,TEL,39.0,0.0,79.0,72.4
E2020,4,local,76.0,33.0,17.0,9.0,4.0,19.0,52.0,28.0,17.0,14.0,6.0,19.0,1.0,22.0,89.0,2020-10-01 19:00:00+00:00,1,Regular Season,40.0,BAR,CSK,24.0,3.0,89.0,72.48
E2020,4,road,66.0,28.0,16.0,4.0,1.0,22.0,60.0,23.0,18.0,12.0,9.0,16.0,4.0,19.0,55.0,2020-10-01 19:00:00+00:00,1,Regular Season,40.0,CSK,BAR,37.0,6.0,55.0,74.92
E2020,5,local,65.0,36.0,14.0,5.0,2.0,21.0,60.0,26.0,15.0,10.0,10.0,11.0,5.0,18.0,70.0,2020-10-01 19:00:00+00:00,1,Regular Season,40.0,PAM,ASV,34.0,5.0,70.0,67.6
E2020,5,road,63.0,33.0,19.0,6.0,5.0,18.0,57.0,24.0,12.0,9.0,7.0,14.0,2.0,21.0,71.0,2020-10-01 19:00:00+00:00,1,Regular Season,40.0,ASV,PAM,33.0,3.0,71.0,69.28
E2020,6,local,76.0,35.0,17.0,6.0,4.0,21.0,62.0,26.0,24.0,19.0,12.0,12.0,1.0,23.0,82.0,2020-10-02 17:00:00+00:00,1,Regular Season,40.0,KHI,PAN,36.0,5.0,82.0,72.56
E2020,6,road,78.0,42.0,14.0,5.0,1.0,23.0,68.0,28.0,23.0,17.0,19.0,13.0,4.0,21.0,79.0,2020-10-02 17:00:00+00:00,1,Regular Season,40.0,PAN,KHI,40.0,6.0,79.0,72.12
E2020,7,local,77.0,33.0,17.0,6.0,3.0,20.0,60.0,28.0,16.0,11.0,9.0,13.0,2.0,16.0,88.0,2020-10-02 17:45:00+00:00,1,Regular Season,40.0,ULK,RED,32.0,5.0,88.0,71.04
E2020,7,road,63.0,38.0,12.0,6.0,2.0,16.0,60.0,24.0,8.0,6.0,12.0,18.0,3.0,20.0,58.0,2020-10-02 17:45:00+00:00,1,Regular Season,40.0,RED,ULK,36.0,2.0,58.0,69.52000000000001
E2020,8,local,79.0,36.0,15.0,9.0,1.0,20.0,69.0,28.0,18.0,16.0,14.0,14.0,3.0,22.0,78.0,2020-10-02 18:30:00+00:00,1,Regular Season,45.0,MUN,MIL,41.0,2.0,78.0,76.92
E2020,8,road,81.0,33.0,17.0,4.0,3.0,22.0,57.0,29.0,21.0,13.0,7.0,18.0,1.0,20.0,85.0,2020-10-02 18:30:00+00:00,1,Regular Season,45.0,MIL,MUN,28.0,8.0,85.0,77.24
E2020,9,local,76.0,36.0,12.0,8.0,3.0,27.0,57.0,25.0,23.0,19.0,8.0,14.0,3.0,20.0,89.0,2020-10-02 19:00:00+00:00,1,Regular Season,40.0,BAS,MAD,32.0,4.0,89.0,73.12
E2020,9,road,63.0,33.0,7.0,8.0,3.0,20.0,57.0,23.0,9.0,8.0,7.0,17.0,3.0,27.0,52.0,2020-10-02 19:00:00+00:00,1,Regular Season,40.0,MAD,BAS,34.0,1.0,52.0,70.96000000000001
E2020,10,local,76.0,38.0,10.0,5.0,4.0,24.0,56.0,22.0,24.0,22.0,10.0,13.0,2.0,19.0,87.0,2020-10-08 17:00:00+00:00,2,Regular Season,40.0,CSK,TEL,34.0,2.0,87.0,69.56
E2020,10,road,72.0,37.0,13.0,8.0,2.0,19.0,67.0,25.0,17.0,15.0,14.0,10.0,4.0,24.0,69.0,2020-10-08 17:00:00+00:00,2,Regular Season,40.0,TEL,CSK,42.0,2.0,69.0,70.48
E2020,12,local,71.0,24.0,15.0,10.0,2.0,23.0,59.0,23.0,21.0,16.0,5.0,11.0,1.0,17.0,75.0,2020-10-08 17:30:00+00:00,2,Regular Season,40.0,IST,ULK,36.0,5.0,75.0,74.24
E2020,12,road,80.0,48.0,14.0,6.0,1.0,17.0,62.0,30.0,13.0,11.0,14.0,21.0,2.0,24.0,85.0,2020-10-08 17:30:00+00:00,2,Regular Season,40.0,ULK,IST,32.0,2.0,85.0,74.72
E2020,13,local,77.0,33.0,17.0,6.0,6.0,17.0,62.0,28.0,13.0,11.0,11.0,16.0,0.0,19.0,85.0,2020-10-08 19:00:00+00:00,2,Regular Season,40.0,MAD,PAM,34.0,2.0,85.0,72.72
E2020,13,road,93.0,35.0,21.0,11.0,0.0,19.0,69.0,36.0,13.0,10.0,11.0,10.0,6.0,17.0,110.0,2020-10-08 19:00:00+00:00,2,Regular Season,40.0,PAM,MAD,33.0,3.0,110.0,73.72
E2020,11,local,74.0,33.0,9.0,4.0,2.0,22.0,57.0,26.0,17.0,14.0,11.0,11.0,3.0,19.0,77.0,2020-10-09 17:00:00+00:00,2,Regular Season,40.0,DYR,BAR,31.0,3.0,77.0,64.48
E2020,11,road,70.0,25.0,18.0,3.0,3.0,19.0,55.0,26.0,13.0,11.0,5.0,9.0,2.0,22.0,74.0,2020-10-09 17:00:00+00:00,2,Regular Season,40.0,BAR,DYR,29.0,2.0,74.0,64.72
E2020,14,local,90.0,34.0,23.0,8.0,5.0,20.0,58.0,30.0,18.0,17.0,12.0,17.0,2.0,25.0,107.0,2020-10-09 17:00:00+00:00,2,Regular Season,40.0,RED,BAS,28.0,1.0,107.0,70.92
E2020,14,road,73.0,31.0,19.0,6.0,2.0,24.0,61.0,24.0,19.0,13.0,17.0,16.0,5.0,21.0,70.0,2020-10-09 17:00:00+00:00,2,Regular Season,40.0,BAS,RED,37.0,6.0,70.0,68.36
E2020,16,local,72.0,19.0,16.0,4.0,0.0,27.0,53.0,26.0,14.0,11.0,4.0,16.0,2.0,23.0,67.0,2020-10-09 18:00:00+00:00,2,Regular Season,40.0,BER,MUN,27.0,3.0,67.0,71.16
E2020,16,road,90.0,32.0,18.0,8.0,2.0,23.0,57.0,35.0,17.0,11.0,7.0,15.0,0.0,27.0,103.0,2020-10-09 18:00:00+00:00,2,Regular Season,40.0,MUN,BER,22.0,6.0,103.0,72.48
E2020,17,local,71.0,36.0,9.0,8.0,3.0,20.0,62.0,27.0,18.0,11.0,12.0,13.0,3.0,24.0,65.0,2020-10-09 18:00:00+00:00,2,Regular Season,40.0,PAN,OLY,35.0,7.0,65.0,70.92
E2020,17,road,78.0,41.0,12.0,5.0,3.0,23.0,65.0,29.0,23.0,15.0,15.0,12.0,3.0,20.0,83.0,2020-10-09 18:00:00+00:00,2,Regular Season,40.0,OLY,PAN,36.0,8.0,83.0,72.12
E2020,18,local,87.0,35.0,17.0,10.0,3.0,26.0,63.0,28.0,27.0,22.0,13.0,11.0,2.0,21.0,104.0,2020-10-09 18:45:00+00:00,2,Regular Season,40.0,MIL,ASV,35.0,5.0,104.0,72.88
E2020,18,road,73.0,33.0,13.0,8.0,2.0,20.0,52.0,26.0,22.0,14.0,7.0,18.0,3.0,26.0,68.0,2020-10-09 18:45:00+00:00,2,Regular Season,40.0,ASV,MIL,26.0,8.0,68.0,72.68
E2020,15,local,70.0,30.0,23.0,3.0,4.0,17.0,54.0,26.0,15.0,11.0,7.0,15.0,1.0,16.0,83.0,2020-10-10 17:00:00+00:00,2,Regular Season,40.0,KHI,ZAL,28.0,4.0,83.0,68.6
E2020,15,road,84.0,31.0,20.0,7.0,1.0,16.0,64.0,29.0,13.0,13.0,10.0,10.0,4.0,17.0,93.0,2020-10-10 17:00:00+00:00,2,Regular Season,40.0,ZAL,KHI,35.0,0.0,93.0,69.72
E2020,19,local,69.0,25.0,12.0,7.0,2.0,21.0,64.0,24.0,16.0,14.0,8.0,7.0,1.0,25.0,61.0,2020-10-13 17:00:00+00:00,3,Regular Season,40.0,RED,ZAL,40.0,2.0,61.0,70.04
E2020,19,road,75.0,36.0,16.0,3.0,1.0,25.0,49.0,26.0,19.0,17.0,6.0,16.0,2.0,21.0,92.0,2020-10-13 17:00:00+00:00,3,Regular Season,40.0,ZAL,RED,23.0,2.0,92.0,67.36
E2020,20,local,72.0,28.0,18.0,10.0,2.0,14.0,62.0,28.0,8.0,6.0,11.0,19.0,4.0,16.0,69.0,2020-10-13 18:00:00+00:00,3,Regular Season,40.0,BER,IST,34.0,2.0,69.0,73.52
E2020,20,road,93.0,30.0,28.0,11.0,4.0,16.0,60.0,35.0,15.0,13.0,8.0,15.0,2.0,14.0,124.0,2020-10-13 18:00:00+00:00,3,Regular Season,40.0,IST,BER,25.0,2.0,124.0,73.6
E2020,23,local,66.0,30.0,16.0,6.0,4.0,16.0,60.0,26.0,9.0,6.0,9.0,13.0,2.0,17.0,69.0,2020-10-13 19:00:00+00:00,3,Regular Season,40.0,PAM,BAR,34.0,3.0,69.0,67.96000000000001
E2020,23,road,71.0,32.0,19.0,5.0,2.0,17.0,58.0,30.0,8.0,4.0,7.0,15.0,4.0,16.0,79.0,2020-10-13 19:00:00+00:00,3,Regular Season,40.0,BAR,PAM,28.0,4.0,79.0,69.52000000000001
E2020,25,local,86.0,34.0,20.0,5.0,1.0,20.0,59.0,31.0,19.0,14.0,6.0,12.0,2.0,25.0,94.0,2020-10-14 16:30:00+00:00,3,Regular Season,40.0,OLY,MIL,28.0,5.0,94.0,73.36
E2020,25,road,75.0,29.0,12.0,6.0,2.0,24.0,55.0,23.0,25.0,18.0,6.0,12.0,1.0,20.0,76.0,2020-10-14 16:30:00+00:00,3,Regular Season,40.0,MIL,OLY,32.0,7.0,76.0,72.0
E2020,26,local,82.0,40.0,12.0,8.0,1.0,27.0,61.0,28.0,22.0,18.0,14.0,19.0,2.0,21.0,91.0,2020-10-14 16:30:00+00:00,3,Regular Season,40.0,TEL,MUN,33.0,4.0,91.0,75.68
E2020,26,road,85.0,29.0,15.0,13.0,2.0,20.0,60.0,29.0,24.0,19.0,8.0,12.0,1.0,28.0,87.0,2020-10-14 16:30:00+00:00,3,Regular Season,40.0,MUN,TEL,31.0,5.0,87.0,74.56
E2020,24,local,77.0,41.0,16.0,10.0,1.0,20.0,69.0,28.0,12.0,11.0,11.0,15.0,1.0,22.0,85.0,2020-10-14 17:45:00+00:00,3,Regular Season,45.0,ULK,CSK,41.0,1.0,85.0,78.28
E2020,24,road,78.0,39.0,18.0,11.0,1.0,20.0,63.0,26.0,20.0,14.0,10.0,18.0,1.0,20.0,85.0,2020-10-14 17:45:00+00:00,3,Regular Season,45.0,CSK,ULK,37.0,6.0,85.0,79.8
E2020,27,local,94.0,27.0,23.0,7.0,2.0,21.0,61.0,33.0,14.0,11.0,5.0,12.0,0.0,18.0,113.0,2020-10-14 19:00:00+00:00,3,Regular Season,40.0,MAD,KHI,28.0,3.0,113.0,74.16
E2020,27,road,85.0,30.0,17.0,4.0,0.0,17.0,59.0,32.0,19.0,13.0,8.0,12.0,2.0,21.0,85.0,2020-10-14 19:00:00+00:00,3,Regular Season,40.0,KHI,MAD,27.0,6.0,85.0,71.36
E2020,28,local,89.0,26.0,26.0,7.0,0.0,16.0,58.0,37.0,7.0,5.0,9.0,11.0,2.0,20.0,108.0,2020-10-15 17:00:00+00:00,4,Regular Season,40.0,ZAL,IST,21.0,2.0,108.0,63.08
E2020,28,road,73.0,23.0,23.0,6.0,2.0,20.0,54.0,28.0,14.0,9.0,9.0,12.0,0.0,16.0,88.0,2020-10-15 17:00:00+00:00,4,Regular Season,40.0,IST,ZAL,26.0,5.0,88.0,63.16
E2020,30,local,97.0,43.0,21.0,3.0,2.0,25.0,67.0,32.0,24.0,20.0,12.0,16.0,4.0,24.0,108.0,2020-10-15 19:00:00+00:00,4,Regular Season,45.0,BAR,PAN,35.0,4.0,108.0,81.56
E2020,30,road,89.0,36.0,22.0,6.0,4.0,24.0,72.0,30.0,19.0,15.0,12.0,12.0,2.0,25.0,96.0,2020-10-15 19:00:00+00:00,4,Regular Season,45.0,PAN,BAR,42.0,4.0,96.0,80.36
E2020,32,local,88.0,31.0,13.0,5.0,5.0,22.0,53.0,28.0,25.0,20.0,11.0,19.0,4.0,21.0,90.0,2020-10-16 17:00:00+00:00,4,Regular Season,40.0,CSK,BER,25.0,5.0,90.0,72.0
E2020,32,road,93.0,30.0,20.0,9.0,4.0,21.0,71.0,33.0,17.0,16.0,17.0,12.0,5.0,22.0,99.0,2020-10-16 17:00:00+00:00,4,Regular Season,40.0,BER,CSK,38.0,1.0,99.0,73.48
E2020,33,local,71.0,27.0,23.0,5.0,1.0,23.0,52.0,25.0,18.0,15.0,3.0,14.0,1.0,19.0,86.0,2020-10-16 17:45:00+00:00,4,Regular Season,40.0,ULK,MUN,27.0,3.0,86.0,70.92
E2020,33,road,75.0,40.0,16.0,7.0,1.0,19.0,67.0,27.0,16.0,14.0,14.0,13.0,1.0,23.0,79.0,2020-10-16 17:45:00+00:00,4,Regular Season,40.0,MUN,ULK,40.0,2.0,79.0,73.04
E2020,34,local,85.0,32.0,21.0,6.0,0.0,17.0,66.0,33.0,11.0,7.0,13.0,10.0,2.0,24.0,88.0,2020-10-16 18:00:00+00:00,4,Regular Season,40.0,OLY,TEL,33.0,4.0,88.0,67.84
E2020,34,road,82.0,27.0,16.0,5.0,2.0,24.0,53.0,31.0,19.0,11.0,7.0,14.0,0.0,17.0,95.0,2020-10-16 18:00:00+00:00,4,Regular Season,40.0,TEL,OLY,22.0,8.0,95.0,68.36
E2020,35,local,78.0,30.0,9.0,7.0,1.0,22.0,62.0,28.0,19.0,16.0,7.0,8.0,3.0,20.0,79.0,2020-10-16 18:45:00+00:00,4,Regular Season,40.0,MIL,MAD,34.0,3.0,79.0,71.36
E2020,35,road,70.0,38.0,16.0,3.0,3.0,20.0,57.0,24.0,10.0,9.0,9.0,17.0,1.0,22.0,76.0,2020-10-16 18:45:00+00:00,4,Regular Season,40.0,MAD,MIL,33.0,1.0,76.0,69.4
E2020,36,local,77.0,39.0,12.0,14.0,1.0,23.0,65.0,26.0,23.0,17.0,13.0,13.0,4.0,16.0,88.0,2020-10-16 19:00:00+00:00,4,Regular Season,40.0,BAS,KHI,39.0,6.0,88.0,75.12
E2020,36,road,60.0,35.0,16.0,6.0,4.0,16.0,59.0,23.0,7.0,7.0,8.0,21.0,1.0,23.0,56.0,2020-10-16 19:00:00+00:00,4,Regular Season,40.0,KHI,BAS,36.0,0.0,56.0,75.08
E2020,37,local,82.0,24.0,16.0,6.0,1.0,21.0,62.0,30.0,12.0,11.0,8.0,7.0,2.0,15.0,93.0,2020-10-22 17:00:00+00:00,5,Regular Season,40.0,ZAL,PAM,32.0,1.0,93.0,66.28
E2020,37,road,94.0,34.0,25.0,3.0,2.0,15.0,62.0,36.0,9.0,8.0,9.0,11.0,1.0,21.0,113.0,2020-10-22 17:00:00+00:00,5,Regular Season,40.0,PAM,ZAL,26.0,1.0,113.0,67.96
E2020,40,local,82.0,38.0,18.0,3.0,4.0,14.0,64.0,30.0,14.0,10.0,11.0,9.0,2.0,16.0,94.0,2020-10-22 18:00:00+00:00,5,Regular Season,40.0,PAN,ULK,34.0,4.0,94.0,68.16
E2020,40,road,68.0,29.0,20.0,4.0,2.0,16.0,60.0,26.0,9.0,7.0,6.0,8.0,4.0,14.0,77.0,2020-10-22 18:00:00+00:00,5,Regular Season,40.0,ULK,PAN,34.0,2.0,77.0,65.96000000000001
E2020,41,local,86.0,35.0,15.0,6.0,2.0,18.0,69.0,30.0,17.0,17.0,14.0,12.0,5.0,27.0,79.0,2020-10-22 18:45:00+00:00,5,Regular Season,45.0,RED,CSK,39.0,0.0,79.0,74.48
E2020,41,road,84.0,32.0,16.0,5.0,5.0,26.0,57.0,26.0,28.0,23.0,10.0,14.0,2.0,19.0,97.0,2020-10-22 18:45:00+00:00,5,Regular Season,45.0,CSK,RED,31.0,5.0,97.0,73.32
E2020,42,local,87.0,45.0,17.0,2.0,7.0,16.0,74.0,31.0,14.0,14.0,13.0,19.0,8.0,20.0,84.0,2020-10-23 17:00:00+00:00,5,Regular Season,45.0,KHI,TEL,43.0,0.0,84.0,86.16
E2020,42,road,89.0,38.0,18.0,12.0,8.0,20.0,71.0,31.0,18.0,13.0,10.0,13.0,7.0,16.0,104.0,2020-10-23 17:00:00+00:00,5,Regular Season,45.0,TEL,KHI,40.0,5.0,104.0,81.92
E2020,44,local,74.0,33.0,15.0,8.0,0.0,20.0,55.0,26.0,21.0,18.0,10.0,15.0,3.0,26.0,74.0,2020-10-23 18:30:00+00:00,5,Regular Season,40.0,MUN,OLY,29.0,3.0,74.0,69.24
E2020,44,road,68.0,28.0,13.0,6.0,3.0,26.0,52.0,20.0,27.0,22.0,9.0,15.0,0.0,20.0,72.0,2020-10-23 18:30:00+00:00,5,Regular Season,40.0,OLY,MUN,32.0,5.0,72.0,69.88
E2020,45,local,79.0,36.0,16.0,5.0,4.0,23.0,57.0,28.0,23.0,18.0,8.0,13.0,2.0,24.0,90.0,2020-10-23 19:00:00+00:00,5,Regular Season,40.0,BAR,MAD,29.0,5.0,90.0,72.12
E2020,45,road,72.0,29.0,14.0,5.0,2.0,23.0,65.0,27.0,14.0,12.0,11.0,10.0,4.0,24.0,67.0,2020-10-23 19:00:00+00:00,5,Regular Season,40.0,MAD,BAR,38.0,2.0,67.0,70.16
E2020,46,local,84.0,36.0,17.0,6.0,2.0,20.0,68.0,30.0,19.0,12.0,14.0,7.0,2.0,18.0,93.0,2020-10-29 17:00:00+00:00,6,Regular Season,40.0,CSK,PAM,38.0,7.0,93.0,69.36
E2020,46,road,75.0,35.0,21.0,2.0,2.0,18.0,61.0,28.0,14.0,11.0,10.0,13.0,2.0,20.0,82.0,2020-10-29 17:00:00+00:00,6,Regular Season,40.0,PAM,CSK,33.0,3.0,82.0,70.16
E2020,49,local,74.0,31.0,18.0,4.0,3.0,26.0,57.0,26.0,20.0,13.0,12.0,16.0,0.0,24.0,78.0,2020-10-29 17:00:00+00:00,6,Regular Season,40.0,ASV,ZAL,31.0,7.0,78.0,69.8
E2020,49,road,83.0,29.0,17.0,5.0,0.0,24.0,59.0,29.0,18.0,18.0,10.0,14.0,3.0,26.0,85.0,2020-10-29 17:00:00+00:00,6,Regular Season,40.0,ZAL,ASV,30.0,0.0,85.0,70.92
E2020,48,local,65.0,44.0,9.0,6.0,0.0,18.0,71.0,25.0,15.0,10.0,21.0,12.0,4.0,19.0,56.0,2020-10-29 19:05:00+00:00,6,Regular Season,40.0,TEL,ULK,46.0,5.0,56.0,68.6
E2020,48,road,75.0,30.0,15.0,5.0,4.0,19.0,55.0,26.0,13.0,12.0,6.0,12.0,0.0,18.0,88.0,2020-10-29 19:05:00+00:00,6,Regular Season,40.0,ULK,TEL,29.0,1.0,88.0,66.72
E2020,50,local,100.0,24.0,23.0,5.0,2.0,24.0,61.0,35.0,26.0,19.0,5.0,4.0,3.0,19.0,119.0,2020-10-29 20:00:00+00:00,6,Regular Season,40.0,MAD,MUN,26.0,7.0,119.0,71.44
E2020,50,road,82.0,41.0,14.0,2.0,3.0,18.0,66.0,29.0,21.0,16.0,16.0,10.0,2.0,24.0,82.0,2020-10-29 20:00:00+00:00,6,Regular Season,40.0,MUN,MAD,37.0,5.0,82.0,69.24
E2020,51,local,83.0,34.0,18.0,4.0,7.0,22.0,58.0,25.0,24.0,21.0,7.0,12.0,2.0,23.0,95.0,2020-10-30 17:00:00+00:00,6,Regular Season,40.0,KHI,RED,33.0,3.0,95.0,73.56
E2020,51,road,77.0,34.0,16.0,8.0,2.0,23.0,59.0,26.0,19.0,16.0,8.0,15.0,7.0,22.0,80.0,2020-10-30 17:00:00+00:00,6,Regular Season,40.0,RED,KHI,33.0,3.0,80.0,74.36
E2020,52,local,79.0,23.0,19.0,8.0,7.0,18.0,49.0,27.0,22.0,16.0,5.0,13.0,4.0,24.0,85.0,2020-10-30 19:00:00+00:00,6,Regular Season,40.0,OLY,IST,22.0,6.0,85.0,66.68
E2020,52,road,84.0,31.0,15.0,8.0,4.0,24.0,55.0,29.0,25.0,16.0,12.0,13.0,7.0,18.0,93.0,2020-10-30 19:00:00+00:00,6,Regular Season,40.0,IST,OLY,26.0,9.0,93.0,67.0
E2020,54,local,71.0,34.0,21.0,8.0,2.0,22.0,55.0,26.0,21.0,14.0,12.0,22.0,3.0,17.0,80.0,2020-10-30 19:30:00+00:00,6,Regular Season,40.0,BAS,BAR,29.0,7.0,80.0,74.24
E2020,54,road,72.0,31.0,18.0,10.0,3.0,17.0,60.0,27.0,15.0,12.0,13.0,19.0,2.0,22.0,72.0,2020-10-30 19:30:00+00:00,6,Regular Season,40.0,BAR,BAS,33.0,3.0,72.0,72.6
E2020,55,local,66.0,31.0,17.0,10.0,1.0,19.0,57.0,23.0,10.0,7.0,10.0,16.0,2.0,21.0,68.0,2020-11-05 17:00:00+00:00,7,Regular Season,40.0,DYR,OLY,34.0,3.0,68.0,67.4
E2020,55,road,75.0,32.0,15.0,7.0,2.0,21.0,53.0,27.0,17.0,14.0,8.0,16.0,1.0,19.0,87.0,2020-11-05 17:00:00+00:00,7,Regular Season,40.0,OLY,DYR,26.0,3.0,87.0,68.48
E2020,56,local,91.0,30.0,24.0,8.0,2.0,14.0,67.0,35.0,10.0,9.0,7.0,13.0,4.0,16.0,103.0,2020-11-05 17:30:00+00:00,7,Regular Season,40.0,IST,TEL,32.0,1.0,103.0,77.4
E2020,56,road,89.0,34.0,22.0,6.0,4.0,16.0,64.0,33.0,9.0,8.0,8.0,17.0,2.0,14.0,106.0,2020-11-05 17:30:00+00:00,7,Regular Season,40.0,TEL,IST,31.0,1.0,106.0,76.96
E2020,57,local,67.0,22.0,19.0,8.0,3.0,16.0,74.0,29.0,3.0,3.0,11.0,8.0,3.0,14.0,65.0,2020-11-05 18:00:00+00:00,7,Regular Season,40.0,BER,BAR,45.0,0.0,65.0,72.32
E2020,57,road,103.0,43.0,31.0,4.0,3.0,14.0,61.0,40.0,12.0,11.0,11.0,17.0,3.0,16.0,140.0,2020-11-05 18:00:00+00:00,7,Regular Season,40.0,BAR,BER,21.0,1.0,140.0,72.28
E2020,58,local,86.0,30.0,19.0,7.0,3.0,25.0,65.0,32.0,23.0,17.0,6.0,8.0,3.0,19.0,101.0,2020-11-05 19:30:00+00:00,7,Regular Season,40.0,BAS,ASV,33.0,6.0,101.0,77.12
E2020,58,road,88.0,33.0,21.0,5.0,3.0,19.0,58.0,32.0,23.0,19.0,5.0,14.0,3.0,25.0,97.0,2020-11-05 19:30:00+00:00,7,Regular Season,40.0,ASV,BAS,26.0,4.0,97.0,77.12
E2020,59,local,83.0,33.0,21.0,11.0,2.0,17.0,67.0,34.0,9.0,6.0,4.0,12.0,4.0,19.0,96.0,2020-11-06 17:45:00+00:00,7,Regular Season,40.0,ULK,KHI,33.0,3.0,96.0,78.96
E2020,59,road,71.0,41.0,22.0,6.0,4.0,19.0,62.0,24.0,21.0,15.0,13.0,19.0,2.0,17.0,81.0,2020-11-06 17:45:00+00:00,7,Regular Season,40.0,KHI,ULK,38.0,6.0,81.0,77.24
E2020,60,local,90.0,25.0,23.0,6.0,1.0,20.0,59.0,30.0,21.0,20.0,6.0,9.0,2.0,24.0,100.0,2020-11-06 18:00:00+00:00,7,Regular Season,40.0,ZAL,MAD,29.0,1.0,100.0,71.24
E2020,60,road,93.0,31.0,23.0,5.0,2.0,24.0,60.0,33.0,20.0,17.0,9.0,12.0,1.0,21.0,114.0,2020-11-06 18:00:00+00:00,7,Regular Season,40.0,MAD,ZAL,27.0,3.0,114.0,71.8
E2020,61,local,74.0,37.0,18.0,7.0,4.0,21.0,57.0,25.0,17.0,13.0,10.0,11.0,2.0,25.0,87.0,2020-11-06 19:30:00+00:00,7,Regular Season,40.0,MUN,RED,32.0,4.0,87.0,65.48
E2020,61,road,59.0,31.0,8.0,5.0,2.0,25.0,54.0,19.0,18.0,15.0,9.0,13.0,4.0,22.0,53.0,2020-11-06 19:30:00+00:00,7,Regular Season,40.0,RED,MUN,35.0,3.0,53.0,65.92
E2020,62,local,83.0,34.0,16.0,3.0,2.0,19.0,64.0,31.0,12.0,10.0,9.0,10.0,3.0,25.0,84.0,2020-11-06 19:30:00+00:00,7,Regular Season,40.0,PAN,CSK,33.0,2.0,84.0,70.28
E2020,62,road,89.0,38.0,19.0,5.0,3.0,24.0,62.0,28.0,28.0,21.0,13.0,7.0,2.0,19.0,109.0,2020-11-06 19:30:00+00:00,7,Regular Season,40.0,CSK,PAN,34.0,7.0,109.0,68.32
E2020,63,local,86.0,30.0,19.0,8.0,3.0,21.0,62.0,29.0,19.0,17.0,8.0,8.0,2.0,20.0,102.0,2020-11-06 20:00:00+00:00,7,Regular Season,40.0,PAM,MIL,33.0,2.0,102.0,70.36
E2020,63,road,81.0,34.0,14.0,4.0,2.0,20.0,63.0,33.0,13.0,9.0,8.0,13.0,3.0,21.0,84.0,2020-11-06 20:00:00+00:00,7,Regular Season,40.0,MIL,PAM,30.0,4.0,84.0,73.72
E2020,29,local,68.0,26.0,14.0,6.0,2.0,26.0,47.0,21.0,25.0,17.0,6.0,17.0,1.0,22.0,68.0,2020-11-11 19:45:00+00:00,4,Regular Season,40.0,ASV,RED,26.0,8.0,68.0,69.0
E2020,29,road,89.0,30.0,19.0,12.0,1.0,22.0,58.0,30.0,20.0,18.0,9.0,11.0,2.0,27.0,103.0,2020-11-11 19:45:00+00:00,4,Regular Season,40.0,RED,ASV,28.0,2.0,103.0,68.8
E2020,64,local,89.0,20.0,13.0,7.0,0.0,26.0,54.0,32.0,24.0,13.0,5.0,14.0,1.0,24.0,83.0,2020-11-12 17:00:00+00:00,8,Regular Season,40.0,CSK,BAS,22.0,11.0,83.0,73.56
E2020,64,road,86.0,37.0,15.0,6.0,1.0,24.0,57.0,29.0,22.0,19.0,13.0,23.0,0.0,26.0,89.0,2020-11-12 17:00:00+00:00,8,Regular Season,40.0,BAS,CSK,28.0,3.0,89.0,76.68
E2020,65,local,75.0,33.0,21.0,10.0,3.0,18.0,58.0,26.0,19.0,15.0,10.0,18.0,4.0,23.0,79.0,2020-11-12 19:00:00+00:00,8,Regular Season,40.0,OLY,BER,32.0,4.0,79.0,74.36
E2020,65,road,71.0,30.0,20.0,8.0,4.0,23.0,57.0,28.0,13.0,8.0,7.0,19.0,3.0,18.0,82.0,2020-11-12 19:00:00+00:00,8,Regular Season,40.0,BER,OLY,29.0,5.0,82.0,74.72
E2020,66,local,85.0,35.0,18.0,4.0,2.0,18.0,55.0,33.0,15.0,8.0,3.0,9.0,2.0,23.0,99.0,2020-11-12 19:05:00+00:00,8,Regular Season,40.0,TEL,ZAL,22.0,7.0,99.0,67.6
E2020,66,road,57.0,32.0,11.0,2.0,2.0,23.0,60.0,22.0,17.0,12.0,9.0,8.0,2.0,18.0,56.0,2020-11-12 19:05:00+00:00,8,Regular Season,40.0,ZAL,TEL,38.0,5.0,56.0,66.48
E2020,67,local,97.0,34.0,27.0,12.0,2.0,16.0,65.0,36.0,12.0,9.0,12.0,14.0,1.0,16.0,125.0,2020-11-12 20:00:00+00:00,8,Regular Season,40.0,BAR,ULK,29.0,3.0,125.0,72.28
E2020,67,road,55.0,24.0,17.0,5.0,1.0,16.0,50.0,22.0,8.0,7.0,7.0,25.0,2.0,16.0,46.0,2020-11-12 20:00:00+00:00,8,Regular Season,40.0,ULK,BAR,28.0,1.0,46.0,71.52000000000001
E2020,69,local,67.0,32.0,11.0,10.0,0.0,17.0,60.0,26.0,12.0,10.0,11.0,15.0,3.0,20.0,63.0,2020-11-13 18:00:00+00:00,8,Regular Season,40.0,RED,MAD,34.0,2.0,63.0,69.28
E2020,69,road,73.0,33.0,17.0,8.0,3.0,19.0,57.0,25.0,12.0,9.0,11.0,20.0,0.0,17.0,81.0,2020-11-13 18:00:00+00:00,8,Regular Season,40.0,MAD,RED,32.0,3.0,81.0,71.28
E2020,70,local,77.0,37.0,18.0,2.0,2.0,20.0,62.0,28.0,21.0,14.0,12.0,9.0,4.0,22.0,80.0,2020-11-13 19:00:00+00:00,8,Regular Season,40.0,PAN,IST,34.0,7.0,80.0,68.24
E2020,70,road,80.0,29.0,16.0,3.0,4.0,22.0,59.0,30.0,17.0,12.0,5.0,6.0,2.0,20.0,92.0,2020-11-13 19:00:00+00:00,8,Regular Season,40.0,IST,PAN,29.0,5.0,92.0,67.48
E2020,71,local,90.0,34.0,17.0,9.0,4.0,20.0,63.0,32.0,18.0,16.0,13.0,17.0,1.0,29.0,94.0,2020-11-13 19:30:00+00:00,8,Regular Season,40.0,MUN,PAM,31.0,2.0,94.0,74.92
E2020,71,road,79.0,29.0,19.0,7.0,1.0,28.0,53.0,24.0,28.0,25.0,9.0,18.0,4.0,21.0,88.0,2020-11-13 19:30:00+00:00,8,Regular Season,40.0,PAM,MUN,29.0,3.0,88.0,74.32
E2020,72,local,53.0,34.0,11.0,4.0,1.0,19.0,56.0,21.0,11.0,6.0,13.0,19.0,2.0,22.0,39.0,2020-11-13 19:45:00+00:00,8,Regular Season,40.0,ASV,DYR,35.0,5.0,39.0,66.84
E2020,72,road,66.0,34.0,13.0,12.0,2.0,22.0,48.0,23.0,24.0,16.0,9.0,16.0,1.0,19.0,80.0,2020-11-13 19:45:00+00:00,8,Regular Season,40.0,DYR,ASV,25.0,8.0,80.0,65.56
E2020,73,local,83.0,38.0,21.0,7.0,2.0,21.0,59.0,28.0,22.0,17.0,11.0,13.0,5.0,21.0,97.0,2020-11-17 17:00:00+00:00,9,Regular Season,40.0,DYR,KHI,31.0,5.0,97.0,70.68
E2020,73,road,88.0,24.0,11.0,6.0,5.0,21.0,56.0,30.0,21.0,15.0,3.0,8.0,2.0,21.0,92.0,2020-11-17 17:00:00+00:00,9,Regular Season,40.0,KHI,DYR,26.0,6.0,92.0,70.24
E2020,74,local,71.0,36.0,17.0,4.0,1.0,22.0,65.0,27.0,13.0,11.0,13.0,11.0,3.0,18.0,79.0,2020-11-17 17:30:00+00:00,9,Regular Season,40.0,IST,MUN,38.0,2.0,79.0,68.72
E2020,74,road,74.0,30.0,19.0,8.0,3.0,18.0,56.0,26.0,17.0,16.0,4.0,10.0,1.0,22.0,88.0,2020-11-17 17:30:00+00:00,9,Regular Season,40.0,MUN,IST,30.0,1.0,88.0,69.48
E2020,75,local,78.0,28.0,19.0,6.0,1.0,24.0,49.0,25.0,20.0,18.0,6.0,14.0,2.0,24.0,90.0,2020-11-17 18:00:00+00:00,9,Regular Season,40.0,ZAL,CSK,24.0,2.0,90.0,65.8
E2020,75,road,87.0,28.0,15.0,7.0,2.0,24.0,61.0,31.0,17.0,13.0,11.0,9.0,1.0,24.0,95.0,2020-11-17 18:00:00+00:00,9,Regular Season,40.0,CSK,ZAL,30.0,4.0,95.0,66.48
E2020,76,local,86.0,39.0,28.0,7.0,4.0,20.0,56.0,31.0,20.0,12.0,11.0,17.0,1.0,17.0,116.0,2020-11-17 19:30:00+00:00,9,Regular Season,40.0,BAS,ULK,25.0,8.0,116.0,70.8
E2020,76,road,68.0,25.0,18.0,7.0,1.0,16.0,62.0,27.0,8.0,8.0,6.0,12.0,4.0,20.0,64.0,2020-11-17 19:30:00+00:00,9,Regular Season,40.0,ULK,BAS,35.0,0.0,64.0,71.52
E2020,77,local,95.0,24.0,28.0,9.0,0.0,23.0,62.0,33.0,19.0,16.0,5.0,11.0,1.0,19.0,116.0,2020-11-17 20:00:00+00:00,9,Regular Season,40.0,PAM,PAN,29.0,3.0,116.0,76.36
E2020,77,road,83.0,33.0,19.0,8.0,1.0,19.0,57.0,32.0,14.0,8.0,9.0,19.0,0.0,23.0,90.0,2020-11-17 20:00:00+00:00,9,Regular Season,40.0,PAN,PAM,25.0,6.0,90.0,73.16
E2020,81,local,79.0,38.0,21.0,10.0,4.0,15.0,65.0,31.0,10.0,9.0,11.0,13.0,2.0,15.0,102.0,2020-11-18 17:30:00+00:00,9,Regular Season,40.0,MAD,TEL,34.0,1.0,102.0,71.4
E2020,81,road,63.0,33.0,8.0,8.0,2.0,15.0,63.0,26.0,7.0,6.0,9.0,17.0,4.0,15.0,55.0,2020-11-18 17:30:00+00:00,9,Regular Season,40.0,TEL,MAD,37.0,1.0,55.0,74.08
E2020,78,local,76.0,33.0,18.0,4.0,1.0,25.0,57.0,25.0,20.0,18.0,7.0,18.0,0.0,20.0,85.0,2020-11-18 19:00:00+00:00,9,Regular Season,40.0,BER,ASV,32.0,2.0,85.0,76.8
E2020,78,road,75.0,35.0,19.0,10.0,0.0,20.0,61.0,27.0,16.0,13.0,9.0,14.0,1.0,25.0,82.0,2020-11-18 19:00:00+00:00,9,Regular Season,40.0,ASV,BER,34.0,3.0,82.0,73.04
E2020,79,local,79.0,22.0,13.0,6.0,5.0,22.0,59.0,28.0,16.0,14.0,7.0,7.0,1.0,26.0,80.0,2020-11-18 19:45:00+00:00,9,Regular Season,40.0,MIL,RED,31.0,2.0,80.0,66.04
E2020,79,road,87.0,32.0,13.0,1.0,1.0,26.0,52.0,30.0,23.0,19.0,9.0,13.0,5.0,22.0,94.0,2020-11-18 19:45:00+00:00,9,Regular Season,40.0,RED,MIL,22.0,4.0,94.0,66.12
E2020,82,local,77.0,28.0,20.0,5.0,2.0,18.0,64.0,29.0,12.0,6.0,8.0,14.0,2.0,22.0,71.0,2020-11-19 17:00:00+00:00,10,Regular Season,40.0,KHI,IST,35.0,6.0,71.0,75.28
E2020,82,road,105.0,33.0,25.0,8.0,2.0,20.0,58.0,37.0,20.0,17.0,3.0,10.0,2.0,18.0,139.0,2020-11-19 17:00:00+00:00,10,Regular Season,40.0,IST,KHI,21.0,3.0,139.0,73.8
E2020,83,local,81.0,26.0,17.0,9.0,1.0,18.0,60.0,31.0,20.0,16.0,9.0,13.0,0.0,32.0,74.0,2020-11-19 19:30:00+00:00,10,Regular Season,40.0,MUN,CSK,29.0,4.0,74.0,72.8
E2020,83,road,89.0,39.0,11.0,6.0,0.0,31.0,60.0,25.0,41.0,33.0,17.0,13.0,1.0,18.0,101.0,2020-11-19 19:30:00+00:00,10,Regular Season,40.0,CSK,MUN,35.0,8.0,101.0,74.03999999999999
E2020,84,local,93.0,36.0,24.0,5.0,4.0,17.0,57.0,33.0,18.0,14.0,8.0,14.0,1.0,18.0,118.0,2020-11-19 19:30:00+00:00,10,Regular Season,40.0,BAS,PAN,24.0,4.0,118.0,70.92
E2020,84,road,72.0,27.0,16.0,6.0,1.0,18.0,60.0,24.0,22.0,16.0,10.0,14.0,4.0,17.0,63.0,2020-11-19 19:30:00+00:00,10,Regular Season,40.0,PAN,BAS,36.0,6.0,63.0,73.68
E2020,85,local,66.0,32.0,17.0,7.0,2.0,24.0,62.0,24.0,18.0,14.0,12.0,13.0,1.0,23.0,69.0,2020-11-20 19:00:00+00:00,10,Regular Season,40.0,BER,DYR,38.0,4.0,69.0,70.92
E2020,85,road,73.0,30.0,18.0,6.0,1.0,23.0,48.0,21.0,28.0,27.0,6.0,14.0,2.0,24.0,83.0,2020-11-20 19:00:00+00:00,10,Regular Season,40.0,DYR,BER,27.0,1.0,83.0,68.32
E2020,86,local,98.0,30.0,17.0,9.0,1.0,22.0,62.0,33.0,20.0,19.0,8.0,10.0,3.0,21.0,113.0,2020-11-20 19:45:00+00:00,10,Regular Season,40.0,MIL,ZAL,29.0,1.0,113.0,72.8
E2020,86,road,92.0,29.0,17.0,4.0,3.0,21.0,62.0,34.0,17.0,15.0,6.0,11.0,1.0,22.0,102.0,2020-11-20 19:45:00+00:00,10,Regular Season,40.0,ZAL,MIL,28.0,2.0,102.0,74.48
E2020,88,local,76.0,36.0,13.0,7.0,2.0,24.0,55.0,27.0,23.0,18.0,14.0,16.0,2.0,19.0,88.0,2020-11-20 20:00:00+00:00,10,Regular Season,40.0,BAR,RED,28.0,5.0,88.0,67.12
E2020,88,road,65.0,29.0,15.0,3.0,2.0,19.0,56.0,23.0,18.0,13.0,12.0,14.0,2.0,24.0,55.0,2020-11-20 20:00:00+00:00,10,Regular Season,40.0,RED,BAR,33.0,5.0,55.0,65.92
E2020,89,local,94.0,28.0,31.0,8.0,3.0,16.0,63.0,35.0,16.0,11.0,8.0,8.0,0.0,13.0,126.0,2020-11-20 20:00:00+00:00,10,Regular Season,40.0,MAD,ULK,28.0,5.0,126.0,70.04
E2020,89,road,74.0,29.0,10.0,5.0,0.0,13.0,57.0,28.0,7.0,7.0,8.0,17.0,3.0,16.0,66.0,2020-11-20 20:00:00+00:00,10,Regular Season,40.0,ULK,MAD,29.0,0.0,66.0,69.08
E2020,90,local,82.0,29.0,23.0,7.0,1.0,23.0,55.0,29.0,18.0,14.0,6.0,17.0,1.0,17.0,100.0,2020-11-20 20:00:00+00:00,10,Regular Season,40.0,PAM,TEL,26.0,4.0,100.0,73.92
E2020,90,road,80.0,32.0,15.0,11.0,1.0,16.0,65.0,30.0,15.0,7.0,10.0,16.0,1.0,23.0,72.0,2020-11-20 20:00:00+00:00,10,Regular Season,40.0,TEL,PAM,35.0,8.0,72.0,77.6
E2020,22,local,70.0,31.0,18.0,9.0,4.0,20.0,60.0,26.0,17.0,10.0,13.0,11.0,1.0,20.0,79.0,2020-11-23 18:30:00+00:00,3,Regular Season,40.0,BAS,DYR,34.0,7.0,79.0,65.48
E2020,22,road,77.0,35.0,18.0,3.0,1.0,20.0,56.0,27.0,19.0,16.0,12.0,14.0,4.0,20.0,84.0,2020-11-23 18:30:00+00:00,3,Regular Season,40.0,DYR,BAS,29.0,3.0,84.0,66.36
E2020,91,local,74.0,44.0,4.0,0.0,1.0,18.0,66.0,28.0,10.0,9.0,15.0,10.0,6.0,15.0,71.0,2020-11-26 17:00:00+00:00,11,Regular Season,40.0,CSK,MAD,38.0,1.0,71.0,65.4
E2020,91,road,73.0,34.0,18.0,4.0,6.0,15.0,67.0,27.0,12.0,9.0,11.0,6.0,1.0,18.0,82.0,2020-11-26 17:00:00+00:00,11,Regular Season,40.0,MAD,CSK,40.0,3.0,82.0,67.28
E2020,92,local,64.0,37.0,13.0,5.0,4.0,15.0,60.0,24.0,15.0,11.0,14.0,11.0,4.0,13.0,70.0,2020-11-26 18:00:00+00:00,11,Regular Season,40.0,RED,IST,36.0,4.0,70.0,63.599999999999994
E2020,92,road,75.0,30.0,19.0,7.0,4.0,13.0,57.0,28.0,5.0,4.0,7.0,8.0,4.0,15.0,91.0,2020-11-26 18:00:00+00:00,11,Regular Season,40.0,IST,RED,29.0,1.0,91.0,60.2
E2020,93,local,75.0,29.0,16.0,3.0,0.0,17.0,58.0,28.0,14.0,12.0,12.0,10.0,2.0,20.0,76.0,2020-11-26 18:00:00+00:00,11,Regular Season,40.0,ZAL,DYR,30.0,2.0,76.0,62.16
E2020,93,road,83.0,27.0,23.0,6.0,2.0,20.0,55.0,28.0,18.0,15.0,10.0,10.0,0.0,17.0,104.0,2020-11-26 18:00:00+00:00,11,Regular Season,40.0,DYR,ZAL,27.0,3.0,104.0,62.92
E2020,94,local,100.0,39.0,29.0,14.0,7.0,21.0,75.0,37.0,19.0,14.0,12.0,14.0,6.0,18.0,129.0,2020-11-26 19:00:00+00:00,11,Regular Season,40.0,BER,KHI,38.0,5.0,129.0,85.36
E2020,94,road,80.0,45.0,22.0,10.0,6.0,18.0,71.0,27.0,19.0,15.0,19.0,23.0,7.0,22.0,81.0,2020-11-26 19:00:00+00:00,11,Regular Season,40.0,KHI,BER,44.0,4.0,81.0,83.36
E2020,95,local,76.0,25.0,12.0,9.0,0.0,19.0,57.0,27.0,18.0,15.0,9.0,14.0,2.0,21.0,71.0,2020-11-26 19:00:00+00:00,11,Regular Season,40.0,OLY,BAS,30.0,3.0,71.0,69.92
E2020,95,road,90.0,32.0,23.0,8.0,2.0,21.0,56.0,33.0,18.0,11.0,10.0,19.0,0.0,19.0,108.0,2020-11-26 19:00:00+00:00,11,Regular Season,40.0,BAS,OLY,23.0,7.0,108.0,72.92
E2020,96,local,85.0,46.0,16.0,6.0,2.0,21.0,75.0,30.0,18.0,14.0,15.0,12.0,5.0,20.0,90.0,2020-11-26 19:05:00+00:00,11,Regular Season,45.0,TEL,MIL,45.0,4.0,90.0,79.92
E2020,96,road,86.0,39.0,14.0,7.0,5.0,20.0,71.0,33.0,12.0,8.0,8.0,12.0,2.0,21.0,94.0,2020-11-26 19:05:00+00:00,11,Regular Season,45.0,MIL,TEL,38.0,4.0,94.0,80.28
E2020,97,local,86.0,32.0,24.0,4.0,1.0,19.0,63.0,29.0,16.0,15.0,10.0,11.0,1.0,18.0,101.0,2020-11-27 17:45:00+00:00,11,Regular Season,40.0,ULK,PAM,34.0,1.0,101.0,71.04
E2020,97,road,90.0,28.0,23.0,6.0,1.0,18.0,58.0,32.0,15.0,14.0,5.0,10.0,1.0,19.0,109.0,2020-11-27 17:45:00+00:00,11,Regular Season,40.0,PAM,ULK,26.0,1.0,109.0,69.6
E2020,98,local,83.0,31.0,21.0,10.0,4.0,20.0,65.0,32.0,12.0,9.0,10.0,10.0,2.0,21.0,100.0,2020-11-27 19:00:00+00:00,11,Regular Season,40.0,PAN,MUN,33.0,3.0,100.0,70.28
E2020,98,road,76.0,34.0,12.0,4.0,2.0,21.0,57.0,25.0,21.0,19.0,11.0,17.0,4.0,20.0,74.0,2020-11-27 19:00:00+00:00,11,Regular Season,40.0,MUN,PAN,32.0,2.0,74.0,72.24
E2020,99,local,80.0,31.0,17.0,7.0,4.0,18.0,56.0,25.0,17.0,17.0,4.0,14.0,2.0,24.0,86.0,2020-11-27 19:45:00+00:00,11,Regular Season,40.0,ASV,BAR,31.0,0.0,86.0,73.48
E2020,99,road,68.0,32.0,14.0,5.0,2.0,24.0,55.0,23.0,26.0,20.0,8.0,12.0,4.0,18.0,73.0,2020-11-27 19:45:00+00:00,11,Regular Season,40.0,BAR,ASV,32.0,6.0,73.0,70.44
E2020,21,local,97.0,30.0,21.0,11.0,2.0,18.0,55.0,35.0,10.0,10.0,3.0,19.0,0.0,18.0,122.0,2020-12-01 19:45:00+00:00,3,Regular Season,40.0,ASV,PAN,20.0,0.0,122.0,75.4
E2020,21,road,73.0,29.0,15.0,6.0,0.0,18.0,66.0,28.0,16.0,11.0,12.0,16.0,2.0,18.0,62.0,2020-12-01 19:45:00+00:00,3,Regular Season,40.0,PAN,ASV,38.0,5.0,62.0,77.04
E2020,53,local,75.0,32.0,18.0,9.0,5.0,23.0,52.0,24.0,23.0,18.0,3.0,12.0,0.0,16.0,101.0,2020-12-01 19:45:00+00:00,6,Regular Season,40.0,MIL,BER,28.0,5.0,101.0,71.12
E2020,53,road,55.0,41.0,12.0,8.0,0.0,16.0,63.0,20.0,13.0,10.0,14.0,19.0,5.0,23.0,39.0,2020-12-01 19:45:00+00:00,6,Regular Season,40.0,BER,MIL,43.0,3.0,39.0,73.72
E2020,100,local,80.0,40.0,17.0,11.0,2.0,21.0,64.0,27.0,19.0,15.0,13.0,15.0,3.0,16.0,96.0,2020-12-03 17:00:00+00:00,12,Regular Season,40.0,CSK,OLY,37.0,4.0,96.0,74.36
E2020,100,road,61.0,30.0,16.0,7.0,3.0,15.0,59.0,24.0,8.0,7.0,7.0,17.0,2.0,21.0,56.0,2020-12-03 17:00:00+00:00,12,Regular Season,40.0,OLY,CSK,35.0,1.0,56.0,72.52000000000001
E2020,101,local,65.0,39.0,12.0,4.0,3.0,21.0,57.0,20.0,19.0,17.0,19.0,16.0,2.0,21.0,66.0,2020-12-03 17:00:00+00:00,12,Regular Season,40.0,DYR,ULK,37.0,2.0,66.0,62.36
E2020,101,road,73.0,26.0,18.0,8.0,2.0,21.0,54.0,27.0,17.0,14.0,8.0,8.0,3.0,21.0,86.0,2020-12-03 17:00:00+00:00,12,Regular Season,40.0,ULK,DYR,27.0,3.0,86.0,61.480000000000004
E2020,102,local,81.0,41.0,19.0,6.0,3.0,21.0,59.0,26.0,21.0,19.0,14.0,18.0,4.0,26.0,88.0,2020-12-03 19:05:00+00:00,12,Regular Season,40.0,TEL,RED,33.0,2.0,88.0,72.24
E2020,102,road,76.0,30.0,10.0,7.0,4.0,25.0,57.0,24.0,28.0,23.0,10.0,12.0,3.0,21.0,78.0,2020-12-03 19:05:00+00:00,12,Regular Season,40.0,RED,TEL,33.0,5.0,78.0,71.32
E2020,103,local,77.0,29.0,12.0,4.0,2.0,22.0,61.0,27.0,23.0,19.0,11.0,6.0,6.0,19.0,77.0,2020-12-03 19:45:00+00:00,12,Regular Season,40.0,MIL,PAN,34.0,4.0,77.0,66.12
E2020,103,road,80.0,35.0,18.0,3.0,6.0,19.0,57.0,30.0,16.0,11.0,11.0,12.0,2.0,22.0,93.0,2020-12-03 19:45:00+00:00,12,Regular Season,40.0,PAN,MIL,27.0,5.0,93.0,65.04
E2020,104,local,92.0,23.0,21.0,9.0,3.0,19.0,63.0,31.0,20.0,16.0,8.0,7.0,3.0,17.0,104.0,2020-12-03 20:00:00+00:00,12,Regular Season,40.0,PAM,BER,32.0,4.0,104.0,70.8
E2020,104,road,100.0,39.0,28.0,4.0,3.0,17.0,67.0,38.0,9.0,7.0,14.0,13.0,3.0,20.0,124.0,2020-12-03 20:00:00+00:00,12,Regular Season,40.0,BER,PAM,29.0,2.0,124.0,69.96
E2020,105,local,59.0,30.0,16.0,6.0,3.0,13.0,62.0,22.0,7.0,7.0,11.0,15.0,3.0,18.0,51.0,2020-12-04 16:30:00+00:00,12,Regular Season,40.0,IST,BAS,40.0,0.0,51.0,69.08
E2020,105,road,77.0,44.0,21.0,9.0,3.0,18.0,64.0,29.0,15.0,11.0,15.0,15.0,3.0,13.0,102.0,2020-12-04 16:30:00+00:00,12,Regular Season,40.0,BAS,IST,35.0,4.0,102.0,70.6
E2020,106,local,62.0,25.0,16.0,17.0,2.0,21.0,52.0,21.0,20.0,18.0,9.0,19.0,3.0,18.0,70.0,2020-12-04 18:00:00+00:00,12,Regular Season,40.0,ZAL,BAR,31.0,2.0,70.0,70.8
E2020,106,road,73.0,30.0,22.0,10.0,3.0,18.0,52.0,26.0,15.0,13.0,11.0,24.0,2.0,21.0,81.0,2020-12-04 18:00:00+00:00,12,Regular Season,40.0,BAR,ZAL,26.0,2.0,81.0,71.6
E2020,107,local,80.0,31.0,19.0,9.0,3.0,22.0,62.0,30.0,14.0,11.0,5.0,8.0,4.0,17.0,100.0,2020-12-04 19:30:00+00:00,12,Regular Season,40.0,MUN,KHI,32.0,3.0,100.0,71.16
E2020,107,road,77.0,32.0,19.0,5.0,4.0,17.0,58.0,29.0,14.0,11.0,3.0,14.0,3.0,22.0,83.0,2020-12-04 19:30:00+00:00,12,Regular Season,40.0,KHI,MUN,29.0,3.0,83.0,75.16
E2020,108,local,91.0,28.0,16.0,7.0,5.0,25.0,62.0,33.0,21.0,17.0,8.0,8.0,2.0,21.0,108.0,2020-12-04 20:00:00+00:00,12,Regular Season,40.0,MAD,ASV,29.0,4.0,108.0,71.24
E2020,108,road,84.0,33.0,12.0,6.0,2.0,21.0,59.0,29.0,17.0,15.0,10.0,15.0,5.0,25.0,81.0,2020-12-04 20:00:00+00:00,12,Regular Season,40.0,ASV,MAD,30.0,2.0,81.0,71.48
E2020,68,local,93.0,28.0,22.0,6.0,3.0,16.0,60.0,33.0,15.0,14.0,7.0,16.0,3.0,20.0,101.0,2020-12-08 15:30:00+00:00,8,Regular Season,40.0,KHI,MIL,27.0,1.0,101.0,75.6
E2020,68,road,102.0,24.0,28.0,11.0,3.0,20.0,65.0,40.0,11.0,9.0,4.0,8.0,3.0,17.0,133.0,2020-12-08 15:30:00+00:00,8,Regular Season,40.0,MIL,KHI,25.0,2.0,133.0,73.84
E2020,43,local,72.0,34.0,8.0,6.0,5.0,22.0,53.0,26.0,21.0,18.0,8.0,13.0,7.0,16.0,81.0,2020-12-08 17:30:00+00:00,5,Regular Season,40.0,IST,ASV,27.0,3.0,81.0,67.24000000000001
E2020,43,road,68.0,36.0,14.0,10.0,7.0,16.0,66.0,25.0,12.0,8.0,15.0,14.0,5.0,22.0,65.0,2020-12-08 17:30:00+00:00,5,Regular Season,40.0,ASV,IST,41.0,4.0,65.0,70.28
E2020,80,local,88.0,31.0,13.0,3.0,3.0,22.0,60.0,32.0,18.0,15.0,9.0,14.0,4.0,23.0,88.0,2020-12-08 18:00:00+00:00,9,Regular Season,40.0,BAR,OLY,28.0,3.0,88.0,72.92
E2020,80,road,96.0,30.0,20.0,7.0,4.0,23.0,64.0,35.0,20.0,16.0,9.0,11.0,3.0,22.0,111.0,2020-12-08 18:00:00+00:00,9,Regular Season,40.0,OLY,BAR,29.0,4.0,111.0,74.8
E2020,31,local,72.0,35.0,14.0,5.0,1.0,18.0,62.0,29.0,11.0,10.0,14.0,14.0,3.0,20.0,74.0,2020-12-08 20:00:00+00:00,4,Regular Season,40.0,PAM,DYR,33.0,1.0,74.0,66.84
E2020,31,road,85.0,26.0,20.0,8.0,3.0,17.0,65.0,35.0,5.0,4.0,8.0,10.0,1.0,18.0,99.0,2020-12-08 20:00:00+00:00,4,Regular Season,40.0,DYR,PAM,30.0,1.0,99.0,69.2
E2020,109,local,79.0,26.0,16.0,8.0,0.0,25.0,61.0,24.0,25.0,20.0,12.0,8.0,2.0,24.0,78.0,2020-12-10 18:00:00+00:00,13,Regular Season,40.0,RED,OLY,37.0,5.0,78.0,68.0
E2020,109,road,81.0,32.0,15.0,2.0,2.0,24.0,48.0,29.0,16.0,11.0,6.0,20.0,0.0,25.0,87.0,2020-12-10 18:00:00+00:00,13,Regular Season,40.0,OLY,RED,19.0,5.0,87.0,69.03999999999999
E2020,110,local,89.0,35.0,28.0,11.0,0.0,22.0,66.0,32.0,19.0,16.0,14.0,12.0,1.0,23.0,112.0,2020-12-10 19:00:00+00:00,13,Regular Season,40.0,BER,ULK,34.0,3.0,112.0,72.36
E2020,110,road,63.0,30.0,16.0,5.0,1.0,23.0,51.0,21.0,18.0,15.0,11.0,20.0,0.0,22.0,63.0,2020-12-10 19:00:00+00:00,13,Regular Season,40.0,ULK,BER,30.0,3.0,63.0,67.92
E2020,111,local,63.0,37.0,17.0,9.0,5.0,16.0,62.0,24.0,12.0,10.0,16.0,14.0,3.0,16.0,74.0,2020-12-10 20:00:00+00:00,13,Regular Season,40.0,BAS,TEL,38.0,2.0,74.0,65.28
E2020,111,road,67.0,31.0,18.0,6.0,3.0,16.0,56.0,25.0,8.0,8.0,10.0,13.0,5.0,16.0,76.0,2020-12-10 20:00:00+00:00,13,Regular Season,40.0,TEL,BAS,31.0,0.0,76.0,62.52
E2020,112,local,76.0,38.0,23.0,4.0,0.0,13.0,64.0,33.0,5.0,3.0,13.0,14.0,6.0,19.0,82.0,2020-12-10 20:00:00+00:00,13,Regular Season,40.0,PAM,IST,31.0,2.0,82.0,67.2
E2020,112,road,74.0,24.0,15.0,7.0,6.0,18.0,57.0,28.0,16.0,11.0,7.0,9.0,0.0,13.0,88.0,2020-12-10 20:00:00+00:00,13,Regular Season,40.0,IST,PAM,29.0,5.0,88.0,66.04
E2020,113,local,79.0,31.0,15.0,11.0,5.0,22.0,55.0,25.0,23.0,20.0,8.0,12.0,0.0,21.0,97.0,2020-12-10 20:00:00+00:00,13,Regular Season,40.0,MAD,DYR,30.0,3.0,97.0,69.12
E2020,113,road,72.0,33.0,15.0,5.0,0.0,21.0,53.0,24.0,20.0,16.0,9.0,18.0,5.0,22.0,68.0,2020-12-10 20:00:00+00:00,13,Regular Season,40.0,DYR,MAD,29.0,4.0,68.0,70.8
E2020,114,local,87.0,36.0,22.0,6.0,7.0,22.0,63.0,29.0,29.0,18.0,12.0,16.0,2.0,25.0,92.0,2020-12-11 17:00:00+00:00,13,Regular Season,40.0,KHI,CSK,34.0,11.0,92.0,79.76
E2020,114,road,96.0,43.0,17.0,9.0,2.0,25.0,68.0,32.0,30.0,23.0,17.0,14.0,7.0,22.0,106.0,2020-12-11 17:00:00+00:00,13,Regular Season,40.0,CSK,KHI,36.0,7.0,106.0,78.2
E2020,115,local,69.0,29.0,19.0,7.0,4.0,19.0,62.0,24.0,16.0,13.0,11.0,9.0,1.0,19.0,77.0,2020-12-11 19:00:00+00:00,13,Regular Season,40.0,PAN,ZAL,38.0,3.0,77.0,67.04
E2020,115,road,81.0,41.0,17.0,5.0,1.0,19.0,61.0,31.0,7.0,6.0,12.0,17.0,4.0,19.0,93.0,2020-12-11 19:00:00+00:00,13,Regular Season,40.0,ZAL,PAN,30.0,1.0,93.0,69.08
E2020,116,local,76.0,37.0,14.0,11.0,0.0,19.0,63.0,28.0,16.0,14.0,12.0,11.0,4.0,20.0,85.0,2020-12-11 19:30:00+00:00,13,Regular Season,40.0,MUN,ASV,35.0,2.0,85.0,69.04
E2020,116,road,62.0,32.0,13.0,6.0,4.0,19.0,56.0,23.0,11.0,8.0,8.0,17.0,0.0,19.0,64.0,2020-12-11 19:30:00+00:00,13,Regular Season,40.0,ASV,MUN,33.0,3.0,64.0,69.84
E2020,117,local,87.0,39.0,22.0,7.0,1.0,21.0,57.0,33.0,15.0,13.0,12.0,17.0,1.0,20.0,113.0,2020-12-11 20:00:00+00:00,13,Regular Season,40.0,BAR,MIL,24.0,2.0,113.0,68.6
E2020,117,road,71.0,22.0,13.0,5.0,1.0,20.0,59.0,23.0,20.0,15.0,10.0,10.0,1.0,21.0,59.0,2020-12-11 20:00:00+00:00,13,Regular Season,40.0,MIL,BAR,36.0,5.0,59.0,67.8
E2020,118,local,100.0,46.0,23.0,6.0,1.0,16.0,68.0,39.0,12.0,9.0,16.0,12.0,3.0,20.0,125.0,2020-12-15 17:00:00+00:00,14,Regular Season,40.0,CSK,IST,29.0,3.0,125.0,69.28
E2020,118,road,65.0,29.0,11.0,6.0,3.0,20.0,66.0,23.0,17.0,12.0,14.0,9.0,1.0,16.0,60.0,2020-12-15 17:00:00+00:00,14,Regular Season,40.0,IST,CSK,43.0,5.0,60.0,68.48
E2020,119,local,71.0,29.0,16.0,5.0,3.0,20.0,50.0,24.0,15.0,13.0,5.0,19.0,3.0,18.0,76.0,2020-12-15 17:45:00+00:00,14,Regular Season,40.0,ULK,MIL,26.0,2.0,76.0,70.6
E2020,119,road,79.0,32.0,16.0,6.0,3.0,18.0,66.0,31.0,9.0,8.0,10.0,12.0,3.0,21.0,82.0,2020-12-15 17:45:00+00:00,14,Regular Season,40.0,MIL,ULK,35.0,1.0,82.0,71.96
E2020,120,local,84.0,36.0,21.0,6.0,3.0,17.0,66.0,30.0,14.0,12.0,9.0,15.0,3.0,25.0,86.0,2020-12-15 18:00:00+00:00,14,Regular Season,45.0,RED,BER,36.0,2.0,86.0,78.16
E2020,120,road,90.0,37.0,24.0,4.0,3.0,25.0,68.0,31.0,20.0,17.0,12.0,14.0,3.0,17.0,109.0,2020-12-15 18:00:00+00:00,14,Regular Season,45.0,BER,RED,37.0,3.0,109.0,78.8
E2020,121,local,92.0,37.0,22.0,5.0,0.0,14.0,58.0,34.0,7.0,6.0,10.0,18.0,2.0,17.0,108.0,2020-12-15 18:00:00+00:00,14,Regular Season,40.0,ZAL,BAS,24.0,1.0,108.0,69.08
E2020,121,road,73.0,23.0,17.0,10.0,2.0,17.0,64.0,29.0,9.0,6.0,10.0,11.0,0.0,14.0,79.0,2020-12-15 18:00:00+00:00,14,Regular Season,40.0,BAS,ZAL,35.0,3.0,79.0,68.96
E2020,122,local,93.0,43.0,19.0,6.0,2.0,22.0,74.0,35.0,20.0,16.0,6.0,13.0,1.0,23.0,105.0,2020-12-15 19:00:00+00:00,14,Regular Season,50.0,PAN,MAD,39.0,4.0,105.0,89.8
E2020,122,road,97.0,45.0,20.0,9.0,1.0,23.0,82.0,36.0,23.0,19.0,11.0,9.0,2.0,22.0,112.0,2020-12-15 19:00:00+00:00,14,Regular Season,50.0,MAD,PAN,46.0,4.0,112.0,90.12
E2020,123,local,79.0,30.0,18.0,7.0,1.0,20.0,57.0,28.0,14.0,12.0,9.0,12.0,1.0,20.0,91.0,2020-12-16 16:00:00+00:00,14,Regular Season,40.0,DYR,MUN,29.0,2.0,91.0,66.16
E2020,123,road,75.0,28.0,18.0,9.0,1.0,20.0,55.0,29.0,14.0,11.0,7.0,12.0,1.0,20.0,89.0,2020-12-16 16:00:00+00:00,14,Regular Season,40.0,MUN,DYR,26.0,3.0,89.0,66.16
E2020,126,local,87.0,29.0,26.0,4.0,2.0,29.0,45.0,25.0,34.0,27.0,6.0,15.0,1.0,18.0,116.0,2020-12-16 18:00:00+00:00,14,Regular Season,40.0,BAR,KHI,20.0,7.0,116.0,68.96000000000001
E2020,126,road,74.0,33.0,17.0,10.0,1.0,18.0,68.0,28.0,12.0,7.0,15.0,14.0,2.0,29.0,63.0,2020-12-16 18:00:00+00:00,14,Regular Season,40.0,KHI,BAR,40.0,5.0,63.0,72.28
E2020,124,local,85.0,27.0,18.0,6.0,2.0,25.0,62.0,27.0,27.0,22.0,15.0,8.0,3.0,20.0,92.0,2020-12-16 19:30:00+00:00,14,Regular Season,40.0,OLY,PAM,35.0,5.0,92.0,66.88
E2020,124,road,96.0,32.0,20.0,5.0,3.0,20.0,56.0,33.0,21.0,20.0,12.0,13.0,2.0,25.0,112.0,2020-12-16 19:30:00+00:00,14,Regular Season,40.0,PAM,OLY,23.0,1.0,112.0,66.24
E2020,125,local,84.0,34.0,16.0,5.0,4.0,16.0,62.0,36.0,11.0,9.0,10.0,13.0,2.0,22.0,94.0,2020-12-16 19:45:00+00:00,14,Regular Season,40.0,ASV,TEL,26.0,2.0,94.0,69.84
E2020,125,road,81.0,27.0,13.0,8.0,2.0,22.0,62.0,28.0,22.0,16.0,10.0,10.0,4.0,16.0,83.0,2020-12-16 19:45:00+00:00,14,Regular Season,40.0,TEL,ASV,34.0,6.0,83.0,71.68
E2020,127,local,69.0,31.0,14.0,6.0,4.0,19.0,57.0,24.0,18.0,12.0,9.0,21.0,3.0,19.0,61.0,2020-12-17 17:30:00+00:00,15,Regular Season,40.0,IST,MIL,33.0,6.0,61.0,76.92
E2020,127,road,72.0,26.0,15.0,10.0,3.0,19.0,57.0,28.0,12.0,7.0,7.0,16.0,4.0,19.0,72.0,2020-12-17 17:30:00+00:00,15,Regular Season,40.0,MIL,IST,29.0,5.0,72.0,71.28
E2020,128,local,99.0,41.0,31.0,8.0,0.0,18.0,64.0,35.0,16.0,13.0,13.0,12.0,2.0,16.0,135.0,2020-12-17 18:00:00+00:00,15,Regular Season,40.0,ZAL,ULK,29.0,3.0,135.0,70.04
E2020,128,road,62.0,23.0,11.0,8.0,2.0,16.0,56.0,25.0,12.0,5.0,7.0,15.0,0.0,18.0,51.0,2020-12-17 18:00:00+00:00,15,Regular Season,40.0,ULK,ZAL,31.0,7.0,51.0,69.28
E2020,129,local,92.0,35.0,21.0,7.0,6.0,20.0,62.0,31.0,16.0,15.0,10.0,9.0,0.0,18.0,122.0,2020-12-17 19:00:00+00:00,15,Regular Season,40.0,PAN,BER,31.0,1.0,122.0,68.04
E2020,129,road,69.0,29.0,17.0,4.0,0.0,18.0,61.0,24.0,11.0,9.0,8.0,12.0,6.0,20.0,60.0,2020-12-17 19:00:00+00:00,15,Regular Season,40.0,BER,PAN,37.0,2.0,60.0,69.84
E2020,130,local,83.0,34.0,12.0,6.0,2.0,19.0,62.0,31.0,12.0,10.0,10.0,9.0,1.0,14.0,99.0,2020-12-18 17:00:00+00:00,15,Regular Season,40.0,CSK,DYR,31.0,2.0,99.0,66.28
E2020,130,road,65.0,25.0,14.0,2.0,1.0,14.0,56.0,27.0,5.0,4.0,3.0,11.0,2.0,19.0,59.0,2020-12-18 17:00:00+00:00,15,Regular Season,40.0,DYR,CSK,29.0,1.0,59.0,66.2
E2020,131,local,76.0,33.0,20.0,6.0,1.0,15.0,62.0,32.0,6.0,5.0,10.0,10.0,3.0,21.0,86.0,2020-12-18 18:00:00+00:00,15,Regular Season,40.0,RED,PAM,30.0,1.0,86.0,64.64
E2020,131,road,73.0,28.0,22.0,4.0,3.0,21.0,55.0,25.0,20.0,14.0,10.0,10.0,1.0,15.0,89.0,2020-12-18 18:00:00+00:00,15,Regular Season,40.0,PAM,RED,30.0,6.0,89.0,63.8
E2020,133,local,77.0,36.0,16.0,3.0,1.0,24.0,65.0,30.0,18.0,12.0,9.0,5.0,3.0,23.0,85.0,2020-12-18 18:30:00+00:00,15,Regular Season,40.0,MUN,BAS,35.0,6.0,85.0,68.92
E2020,133,road,66.0,41.0,18.0,4.0,3.0,23.0,62.0,20.0,22.0,21.0,15.0,12.0,1.0,24.0,75.0,2020-12-18 18:30:00+00:00,15,Regular Season,40.0,BAS,MUN,42.0,1.0,75.0,68.68
E2020,132,local,82.0,38.0,16.0,8.0,3.0,19.0,68.0,28.0,24.0,20.0,12.0,15.0,7.0,22.0,78.0,2020-12-18 19:00:00+00:00,15,Regular Season,45.0,OLY,MAD,40.0,4.0,78.0,81.56
E2020,132,road,86.0,39.0,25.0,8.0,7.0,22.0,64.0,28.0,20.0,17.0,11.0,18.0,3.0,19.0,108.0,2020-12-18 19:00:00+00:00,15,Regular Season,45.0,MAD,OLY,36.0,3.0,108.0,79.8
E2020,134,local,90.0,33.0,19.0,6.0,3.0,27.0,60.0,30.0,27.0,22.0,10.0,12.0,1.0,18.0,112.0,2020-12-18 19:45:00+00:00,15,Regular Season,40.0,ASV,KHI,30.0,5.0,112.0,73.88
E2020,134,road,84.0,29.0,25.0,8.0,1.0,18.0,62.0,31.0,18.0,13.0,7.0,11.0,3.0,27.0,88.0,2020-12-18 19:45:00+00:00,15,Regular Season,40.0,KHI,ASV,31.0,5.0,88.0,73.92
E2020,135,local,67.0,32.0,11.0,6.0,1.0,21.0,54.0,23.0,17.0,14.0,10.0,14.0,6.0,25.0,59.0,2020-12-18 20:00:00+00:00,15,Regular Season,40.0,BAR,TEL,31.0,3.0,59.0,65.48
E2020,135,road,68.0,35.0,19.0,7.0,6.0,25.0,60.0,25.0,20.0,15.0,14.0,11.0,1.0,21.0,87.0,2020-12-18 20:00:00+00:00,15,Regular Season,40.0,TEL,BAR,35.0,5.0,87.0,65.8
E2020,136,local,98.0,21.0,24.0,8.0,1.0,21.0,52.0,33.0,20.0,16.0,6.0,12.0,1.0,20.0,117.0,2020-12-22 17:00:00+00:00,16,Regular Season,40.0,DYR,RED,19.0,4.0,117.0,66.8
E2020,136,road,69.0,21.0,10.0,7.0,1.0,20.0,45.0,24.0,21.0,16.0,7.0,19.0,1.0,21.0,61.0,2020-12-22 17:00:00+00:00,16,Regular Season,40.0,RED,DYR,21.0,5.0,61.0,66.24000000000001
E2020,137,local,86.0,30.0,19.0,7.0,4.0,22.0,63.0,30.0,24.0,18.0,10.0,6.0,2.0,21.0,100.0,2020-12-22 17:30:00+00:00,16,Regular Season,40.0,IST,BAR,33.0,6.0,100.0,69.56
E2020,137,road,79.0,43.0,15.0,2.0,2.0,21.0,65.0,26.0,19.0,18.0,17.0,14.0,4.0,22.0,82.0,2020-12-22 17:30:00+00:00,16,Regular Season,40.0,BAR,IST,39.0,1.0,82.0,70.36
E2020,138,local,89.0,36.0,14.0,8.0,3.0,21.0,60.0,30.0,23.0,20.0,9.0,11.0,6.0,19.0,102.0,2020-12-22 19:15:00+00:00,16,Regular Season,40.0,TEL,PAN,30.0,3.0,102.0,72.12
E2020,138,road,81.0,27.0,17.0,7.0,6.0,19.0,60.0,29.0,14.0,10.0,3.0,11.0,3.0,21.0,87.0,2020-12-22 19:15:00+00:00,16,Regular Season,40.0,PAN,TEL,31.0,4.0,87.0,74.16
E2020,139,local,78.0,27.0,20.0,8.0,3.0,17.0,58.0,29.0,12.0,10.0,10.0,16.0,2.0,21.0,83.0,2020-12-22 19:45:00+00:00,16,Regular Season,40.0,ASV,CSK,29.0,2.0,83.0,69.28
E2020,139,road,87.0,33.0,17.0,9.0,2.0,21.0,59.0,31.0,24.0,17.0,14.0,13.0,3.0,17.0,101.0,2020-12-22 19:45:00+00:00,16,Regular Season,40.0,CSK,ASV,28.0,7.0,101.0,68.56
E2020,140,local,91.0,39.0,26.0,8.0,4.0,11.0,61.0,35.0,6.0,6.0,11.0,15.0,0.0,12.0,126.0,2020-12-22 20:00:00+00:00,16,Regular Season,40.0,MAD,BER,26.0,0.0,126.0,67.64
E2020,140,road,62.0,23.0,16.0,7.0,0.0,12.0,62.0,25.0,4.0,3.0,9.0,14.0,4.0,11.0,53.0,2020-12-22 20:00:00+00:00,16,Regular Season,40.0,BER,MAD,37.0,1.0,53.0,68.75999999999999
E2020,142,local,74.0,30.0,19.0,9.0,1.0,22.0,51.0,26.0,19.0,16.0,5.0,20.0,2.0,20.0,85.0,2020-12-23 17:00:00+00:00,16,Regular Season,40.0,ZAL,MUN,25.0,3.0,85.0,74.36
E2020,142,road,73.0,32.0,17.0,9.0,2.0,20.0,67.0,29.0,10.0,8.0,13.0,16.0,1.0,23.0,73.0,2020-12-23 17:00:00+00:00,16,Regular Season,40.0,MUN,ZAL,38.0,2.0,73.0,74.4
E2020,141,local,84.0,30.0,25.0,9.0,2.0,19.0,64.0,33.0,13.0,12.0,9.0,9.0,6.0,18.0,104.0,2020-12-23 17:45:00+00:00,16,Regular Season,40.0,ULK,OLY,31.0,1.0,104.0,69.72
E2020,141,road,77.0,24.0,21.0,3.0,6.0,18.0,54.0,28.0,9.0,6.0,4.0,14.0,2.0,19.0,85.0,2020-12-23 17:45:00+00:00,16,Regular Season,40.0,OLY,ULK,26.0,3.0,85.0,67.96000000000001
E2020,143,local,79.0,31.0,14.0,8.0,3.0,14.0,69.0,30.0,10.0,7.0,10.0,13.0,5.0,21.0,68.0,2020-12-23 19:45:00+00:00,16,Regular Season,40.0,MIL,BAS,39.0,3.0,68.0,76.4
E2020,143,road,84.0,34.0,24.0,9.0,5.0,21.0,55.0,31.0,17.0,13.0,5.0,18.0,3.0,14.0,114.0,2020-12-23 19:45:00+00:00,16,Regular Season,40.0,BAS,MIL,24.0,4.0,114.0,75.48
E2020,144,local,88.0,31.0,25.0,8.0,0.0,19.0,60.0,33.0,18.0,18.0,6.0,16.0,4.0,22.0,102.0,2020-12-23 20:00:00+00:00,16,Regular Season,40.0,PAM,KHI,27.0,0.0,102.0,77.92
E2020,144,road,82.0,31.0,17.0,7.0,4.0,22.0,62.0,27.0,17.0,15.0,10.0,19.0,0.0,19.0,88.0,2020-12-23 20:00:00+00:00,16,Regular Season,40.0,KHI,PAM,35.0,2.0,88.0,78.48
E2020,145,local,88.0,27.0,27.0,2.0,5.0,21.0,62.0,31.0,13.0,13.0,5.0,9.0,3.0,22.0,105.0,2020-12-29 17:00:00+00:00,17,Regular Season,40.0,KHI,OLY,31.0,0.0,105.0,71.72
E2020,145,road,105.0,36.0,19.0,6.0,3.0,22.0,68.0,35.0,24.0,19.0,13.0,6.0,5.0,21.0,121.0,2020-12-29 17:00:00+00:00,17,Regular Season,40.0,OLY,KHI,33.0,5.0,121.0,71.56
E2020,146,local,65.0,38.0,12.0,5.0,4.0,19.0,62.0,22.0,17.0,14.0,9.0,12.0,5.0,20.0,63.0,2020-12-29 17:30:00+00:00,17,Regular Season,40.0,IST,MAD,40.0,3.0,63.0,72.48
E2020,146,road,73.0,42.0,17.0,5.0,5.0,20.0,69.0,27.0,6.0,5.0,12.0,13.0,4.0,19.0,83.0,2020-12-29 17:30:00+00:00,17,Regular Season,40.0,MAD,IST,42.0,1.0,83.0,72.64
E2020,147,local,71.0,34.0,21.0,9.0,2.0,19.0,67.0,29.0,9.0,7.0,14.0,16.0,6.0,21.0,73.0,2020-12-29 19:00:00+00:00,17,Regular Season,40.0,BER,ZAL,38.0,2.0,73.0,72.96
E2020,147,road,74.0,33.0,18.0,8.0,6.0,21.0,56.0,29.0,16.0,11.0,8.0,17.0,2.0,19.0,90.0,2020-12-29 19:00:00+00:00,17,Regular Season,40.0,ZAL,BER,27.0,5.0,90.0,72.03999999999999
E2020,148,local,72.0,26.0,13.0,10.0,0.0,21.0,59.0,25.0,18.0,14.0,5.0,13.0,2.0,22.0,67.0,2020-12-29 19:05:00+00:00,17,Regular Season,40.0,TEL,DYR,34.0,4.0,67.0,74.92
E2020,148,road,78.0,36.0,19.0,4.0,2.0,21.0,55.0,30.0,17.0,11.0,7.0,16.0,0.0,21.0,92.0,2020-12-29 19:05:00+00:00,17,Regular Season,40.0,DYR,TEL,25.0,6.0,92.0,71.48
E2020,149,local,71.0,40.0,15.0,8.0,4.0,17.0,68.0,28.0,9.0,7.0,14.0,12.0,1.0,15.0,85.0,2020-12-29 20:00:00+00:00,17,Regular Season,40.0,BAS,PAM,40.0,2.0,85.0,69.96
E2020,149,road,70.0,34.0,16.0,6.0,1.0,15.0,61.0,26.0,13.0,10.0,7.0,12.0,4.0,17.0,71.0,2020-12-29 20:00:00+00:00,17,Regular Season,40.0,PAM,BAS,35.0,3.0,71.0,71.72
E2020,150,local,81.0,34.0,23.0,8.0,1.0,15.0,63.0,36.0,2.0,2.0,8.0,17.0,3.0,18.0,97.0,2020-12-30 17:45:00+00:00,17,Regular Season,40.0,ULK,ASV,27.0,0.0,97.0,72.88
E2020,150,road,59.0,26.0,13.0,10.0,3.0,18.0,54.0,21.0,12.0,7.0,8.0,22.0,1.0,15.0,53.0,2020-12-30 17:45:00+00:00,17,Regular Season,40.0,ASV,ULK,33.0,5.0,53.0,73.28
E2020,151,local,74.0,31.0,12.0,8.0,1.0,23.0,57.0,23.0,19.0,16.0,9.0,13.0,4.0,20.0,75.0,2020-12-30 18:00:00+00:00,17,Regular Season,40.0,RED,PAN,34.0,3.0,75.0,69.36
E2020,151,road,71.0,35.0,16.0,5.0,4.0,20.0,57.0,25.0,15.0,13.0,10.0,15.0,1.0,23.0,78.0,2020-12-30 18:00:00+00:00,17,Regular Season,40.0,PAN,RED,32.0,2.0,78.0,68.6
E2020,152,local,90.0,33.0,19.0,10.0,3.0,23.0,58.0,29.0,23.0,23.0,9.0,13.0,0.0,21.0,115.0,2020-12-30 18:30:00+00:00,17,Regular Season,40.0,MUN,BAR,29.0,0.0,115.0,72.12
E2020,152,road,77.0,27.0,15.0,7.0,0.0,21.0,57.0,29.0,17.0,12.0,7.0,13.0,3.0,23.0,75.0,2020-12-30 18:30:00+00:00,17,Regular Season,40.0,BAR,MUN,28.0,5.0,75.0,70.48
E2020,153,local,87.0,33.0,15.0,4.0,3.0,26.0,67.0,29.0,26.0,24.0,9.0,9.0,2.0,29.0,88.0,2020-12-30 19:45:00+00:00,17,Regular Season,45.0,MIL,CSK,38.0,2.0,88.0,78.44
E2020,153,road,91.0,60.0,17.0,3.0,2.0,29.0,84.0,31.0,22.0,18.0,30.0,16.0,3.0,26.0,100.0,2020-12-30 19:45:00+00:00,17,Regular Season,45.0,CSK,MIL,53.0,4.0,100.0,79.68
E2020,39,local,95.0,25.0,21.0,6.0,0.0,17.0,62.0,35.0,10.0,9.0,8.0,14.0,0.0,22.0,100.0,2021-01-05 18:00:00+00:00,5,Regular Season,40.0,BER,BAS,27.0,1.0,100.0,72.4
E2020,39,road,91.0,26.0,26.0,11.0,0.0,22.0,56.0,31.0,22.0,17.0,8.0,16.0,0.0,18.0,112.0,2021-01-05 18:00:00+00:00,5,Regular Season,40.0,BAS,BER,25.0,5.0,112.0,73.68
E2020,155,local,71.0,29.0,18.0,11.0,4.0,22.0,52.0,21.0,21.0,20.0,8.0,18.0,2.0,16.0,87.0,2021-01-07 18:00:00+00:00,18,Regular Season,40.0,RED,ULK,31.0,1.0,87.0,71.24000000000001
E2020,155,road,73.0,36.0,15.0,13.0,2.0,16.0,62.0,28.0,12.0,11.0,13.0,15.0,4.0,22.0,79.0,2021-01-07 18:00:00+00:00,18,Regular Season,40.0,ULK,RED,34.0,1.0,79.0,69.28
E2020,156,local,73.0,30.0,19.0,4.0,1.0,20.0,65.0,26.0,16.0,15.0,13.0,13.0,2.0,19.0,73.0,2021-01-07 19:00:00+00:00,18,Regular Season,40.0,BER,TEL,39.0,1.0,73.0,72.04
E2020,156,road,85.0,32.0,17.0,6.0,2.0,19.0,54.0,29.0,19.0,16.0,6.0,16.0,1.0,20.0,96.0,2021-01-07 19:00:00+00:00,18,Regular Season,40.0,TEL,BER,25.0,3.0,96.0,72.36
E2020,157,local,77.0,29.0,21.0,9.0,4.0,25.0,58.0,27.0,22.0,16.0,12.0,13.0,5.0,26.0,84.0,2021-01-07 19:00:00+00:00,18,Regular Season,40.0,PAN,DYR,31.0,6.0,84.0,68.68
E2020,157,road,89.0,31.0,21.0,8.0,5.0,26.0,56.0,30.0,25.0,22.0,11.0,13.0,4.0,25.0,109.0,2021-01-07 19:00:00+00:00,18,Regular Season,40.0,DYR,PAN,26.0,3.0,109.0,69.0
E2020,158,local,89.0,34.0,17.0,7.0,4.0,21.0,64.0,33.0,17.0,12.0,15.0,6.0,1.0,21.0,108.0,2021-01-07 20:00:00+00:00,18,Regular Season,40.0,BAR,PAM,31.0,5.0,108.0,62.480000000000004
E2020,158,road,72.0,29.0,18.0,4.0,1.0,21.0,51.0,23.0,19.0,16.0,10.0,14.0,4.0,21.0,75.0,2021-01-07 20:00:00+00:00,18,Regular Season,40.0,PAM,BAR,28.0,3.0,75.0,63.36
E2020,161,local,95.0,37.0,23.0,5.0,5.0,21.0,66.0,36.0,18.0,12.0,11.0,8.0,2.0,19.0,121.0,2021-01-07 20:00:00+00:00,18,Regular Season,40.0,BAS,CSK,30.0,6.0,121.0,70.92
E2020,161,road,93.0,38.0,16.0,5.0,2.0,19.0,75.0,34.0,14.0,11.0,17.0,6.0,5.0,21.0,97.0,2021-01-07 20:00:00+00:00,18,Regular Season,40.0,CSK,BAS,41.0,3.0,97.0,70.16
E2020,154,local,102.0,38.0,25.0,5.0,1.0,25.0,64.0,38.0,21.0,19.0,11.0,9.0,2.0,22.0,135.0,2021-01-08 18:00:00+00:00,18,Regular Season,40.0,ZAL,KHI,26.0,2.0,135.0,71.24
E2020,154,road,75.0,24.0,18.0,4.0,2.0,22.0,61.0,26.0,17.0,13.0,8.0,11.0,1.0,25.0,69.0,2021-01-08 18:00:00+00:00,18,Regular Season,40.0,KHI,ZAL,35.0,4.0,69.0,71.48
E2020,159,local,84.0,29.0,16.0,8.0,3.0,22.0,55.0,28.0,19.0,18.0,8.0,14.0,3.0,21.0,96.0,2021-01-08 19:00:00+00:00,18,Regular Season,40.0,OLY,MUN,27.0,1.0,96.0,69.36
E2020,159,road,82.0,30.0,23.0,9.0,3.0,21.0,63.0,30.0,14.0,12.0,12.0,13.0,3.0,23.0,94.0,2021-01-08 19:00:00+00:00,18,Regular Season,40.0,MUN,OLY,33.0,2.0,94.0,70.16
E2020,160,local,80.0,28.0,16.0,7.0,2.0,17.0,61.0,31.0,12.0,7.0,11.0,19.0,2.0,25.0,69.0,2021-01-08 19:45:00+00:00,18,Regular Season,40.0,ASV,IST,30.0,5.0,69.0,74.28
E2020,160,road,102.0,33.0,21.0,11.0,2.0,25.0,59.0,32.0,30.0,27.0,12.0,13.0,2.0,17.0,132.0,2021-01-08 19:45:00+00:00,18,Regular Season,40.0,IST,ASV,27.0,3.0,132.0,73.2
E2020,162,local,76.0,31.0,17.0,7.0,3.0,14.0,65.0,31.0,7.0,6.0,5.0,11.0,0.0,18.0,84.0,2021-01-08 20:00:00+00:00,18,Regular Season,40.0,MAD,MIL,34.0,1.0,84.0,74.08
E2020,162,road,80.0,35.0,13.0,6.0,0.0,18.0,62.0,30.0,16.0,12.0,8.0,11.0,3.0,14.0,88.0,2021-01-08 20:00:00+00:00,18,Regular Season,40.0,MIL,MAD,32.0,4.0,88.0,72.04
E2020,163,local,75.0,22.0,15.0,9.0,1.0,21.0,56.0,24.0,19.0,15.0,6.0,12.0,1.0,18.0,76.0,2021-01-12 17:00:00+00:00,19,Regular Season,40.0,KHI,BAR,32.0,4.0,76.0,70.36
E2020,163,road,87.0,44.0,29.0,7.0,1.0,18.0,67.0,35.0,13.0,9.0,16.0,15.0,1.0,21.0,113.0,2021-01-12 17:00:00+00:00,19,Regular Season,40.0,BAR,KHI,32.0,4.0,113.0,71.72
E2020,164,local,84.0,33.0,20.0,5.0,0.0,19.0,61.0,30.0,15.0,12.0,11.0,12.0,0.0,16.0,99.0,2021-01-12 17:30:00+00:00,19,Regular Season,40.0,IST,BER,31.0,3.0,99.0,68.6
E2020,164,road,76.0,29.0,18.0,6.0,0.0,16.0,60.0,30.0,9.0,7.0,8.0,14.0,0.0,20.0,79.0,2021-01-12 17:30:00+00:00,19,Regular Season,40.0,BER,IST,30.0,2.0,79.0,69.96000000000001
E2020,165,local,96.0,27.0,29.0,8.0,2.0,17.0,60.0,38.0,6.0,5.0,6.0,16.0,1.0,22.0,117.0,2021-01-12 17:45:00+00:00,19,Regular Season,40.0,ULK,BAS,22.0,1.0,117.0,72.64
E2020,165,road,76.0,26.0,19.0,8.0,1.0,22.0,55.0,25.0,18.0,16.0,9.0,18.0,2.0,17.0,83.0,2021-01-12 17:45:00+00:00,19,Regular Season,40.0,BAS,ULK,30.0,2.0,83.0,71.92
E2020,166,local,87.0,37.0,13.0,8.0,3.0,31.0,63.0,28.0,35.0,25.0,11.0,21.0,2.0,28.0,83.0,2021-01-12 19:05:00+00:00,19,Regular Season,45.0,TEL,OLY,35.0,10.0,83.0,88.4
E2020,166,road,89.0,32.0,16.0,11.0,2.0,28.0,61.0,28.0,29.0,25.0,8.0,19.0,3.0,31.0,88.0,2021-01-12 19:05:00+00:00,19,Regular Season,45.0,OLY,TEL,33.0,4.0,88.0,84.76
E2020,167,local,95.0,23.0,17.0,9.0,0.0,15.0,57.0,35.0,9.0,9.0,7.0,16.0,1.0,22.0,98.0,2021-01-12 19:45:00+00:00,19,Regular Season,40.0,MIL,PAM,22.0,0.0,98.0,69.96000000000001
E2020,167,road,80.0,21.0,20.0,8.0,1.0,21.0,51.0,27.0,20.0,17.0,8.0,16.0,0.0,16.0,92.0,2021-01-12 19:45:00+00:00,19,Regular Season,40.0,PAM,MIL,24.0,3.0,92.0,67.8
E2020,168,local,83.0,44.0,19.0,4.0,1.0,19.0,66.0,31.0,16.0,14.0,15.0,12.0,1.0,20.0,100.0,2021-01-13 17:00:00+00:00,19,Regular Season,40.0,CSK,ZAL,35.0,2.0,100.0,70.04
E2020,168,road,73.0,26.0,17.0,6.0,1.0,20.0,63.0,27.0,13.0,10.0,8.0,8.0,1.0,19.0,76.0,2021-01-13 17:00:00+00:00,19,Regular Season,40.0,ZAL,CSK,36.0,3.0,76.0,68.72
E2020,170,local,82.0,28.0,17.0,6.0,0.0,23.0,59.0,29.0,20.0,15.0,5.0,10.0,1.0,24.0,86.0,2021-01-13 18:30:00+00:00,19,Regular Season,40.0,MUN,DYR,30.0,5.0,86.0,72.8
E2020,170,road,80.0,32.0,14.0,4.0,1.0,23.0,60.0,28.0,22.0,15.0,7.0,13.0,0.0,23.0,79.0,2021-01-13 18:30:00+00:00,19,Regular Season,40.0,DYR,MUN,32.0,7.0,79.0,75.68
E2020,169,local,88.0,41.0,23.0,4.0,7.0,19.0,62.0,32.0,19.0,16.0,12.0,13.0,1.0,18.0,117.0,2021-01-13 19:00:00+00:00,19,Regular Season,40.0,PAN,ASV,30.0,3.0,117.0,71.36
E2020,169,road,71.0,32.0,10.0,8.0,1.0,18.0,69.0,29.0,12.0,8.0,12.0,9.0,7.0,19.0,61.0,2021-01-13 19:00:00+00:00,19,Regular Season,40.0,ASV,PAN,40.0,4.0,61.0,71.28
E2020,172,local,99.0,41.0,23.0,9.0,1.0,20.0,67.0,37.0,21.0,16.0,12.0,8.0,3.0,16.0,131.0,2021-01-14 17:30:00+00:00,20,Regular Season,40.0,IST,KHI,30.0,5.0,131.0,72.24
E2020,172,road,60.0,26.0,11.0,4.0,3.0,16.0,57.0,23.0,10.0,8.0,6.0,15.0,1.0,20.0,48.0,2021-01-14 17:30:00+00:00,20,Regular Season,40.0,KHI,IST,34.0,2.0,48.0,70.4
E2020,173,local,70.0,28.0,20.0,5.0,1.0,17.0,62.0,26.0,9.0,8.0,9.0,13.0,3.0,13.0,75.0,2021-01-14 19:00:00+00:00,20,Regular Season,40.0,BER,MIL,36.0,1.0,75.0,69.96
E2020,173,road,84.0,37.0,28.0,7.0,3.0,13.0,59.0,30.0,14.0,9.0,11.0,15.0,1.0,17.0,105.0,2021-01-14 19:00:00+00:00,20,Regular Season,40.0,MIL,BER,29.0,5.0,105.0,69.16
E2020,174,local,91.0,32.0,20.0,5.0,2.0,22.0,65.0,34.0,17.0,14.0,10.0,10.0,3.0,17.0,108.0,2021-01-14 19:05:00+00:00,20,Regular Season,40.0,TEL,BAS,31.0,3.0,108.0,72.48
E2020,174,road,82.0,30.0,19.0,8.0,3.0,17.0,61.0,29.0,14.0,13.0,9.0,15.0,2.0,22.0,87.0,2021-01-14 19:05:00+00:00,20,Regular Season,40.0,BAS,TEL,32.0,1.0,87.0,73.16
E2020,175,local,75.0,42.0,15.0,4.0,4.0,26.0,71.0,25.0,25.0,21.0,18.0,7.0,2.0,19.0,88.0,2021-01-15 17:00:00+00:00,20,Regular Season,40.0,CSK,BAR,46.0,4.0,88.0,71.0
E2020,175,road,88.0,35.0,14.0,2.0,2.0,19.0,61.0,30.0,19.0,16.0,8.0,13.0,4.0,26.0,83.0,2021-01-15 17:00:00+00:00,20,Regular Season,40.0,BAR,CSK,31.0,3.0,83.0,74.36
E2020,176,local,77.0,37.0,16.0,4.0,2.0,24.0,48.0,23.0,26.0,22.0,9.0,16.0,0.0,21.0,94.0,2021-01-15 17:00:00+00:00,20,Regular Season,40.0,DYR,ZAL,25.0,4.0,94.0,66.44
E2020,176,road,65.0,28.0,11.0,8.0,0.0,21.0,61.0,24.0,14.0,12.0,10.0,10.0,2.0,24.0,58.0,2021-01-15 17:00:00+00:00,20,Regular Season,40.0,ZAL,DYR,37.0,2.0,58.0,67.16
E2020,177,local,100.0,29.0,24.0,6.0,5.0,19.0,58.0,36.0,16.0,13.0,8.0,18.0,3.0,22.0,115.0,2021-01-15 17:00:00+00:00,20,Regular Season,40.0,ULK,PAN,22.0,3.0,115.0,75.04
E2020,177,road,74.0,35.0,22.0,11.0,3.0,22.0,67.0,26.0,23.0,16.0,21.0,17.0,5.0,19.0,78.0,2021-01-15 17:00:00+00:00,20,Regular Season,40.0,PAN,ULK,41.0,7.0,78.0,73.12
E2020,178,local,63.0,33.0,15.0,7.0,1.0,22.0,50.0,21.0,19.0,14.0,10.0,16.0,4.0,20.0,67.0,2021-01-15 19:30:00+00:00,20,Regular Season,40.0,OLY,ASV,29.0,5.0,67.0,64.36
E2020,178,road,69.0,31.0,21.0,6.0,4.0,20.0,54.0,25.0,17.0,9.0,10.0,12.0,1.0,22.0,79.0,2021-01-15 19:30:00+00:00,20,Regular Season,40.0,ASV,OLY,29.0,8.0,79.0,63.480000000000004
E2020,179,local,76.0,35.0,15.0,5.0,3.0,18.0,69.0,29.0,13.0,10.0,8.0,12.0,1.0,18.0,78.0,2021-01-15 19:30:00+00:00,20,Regular Season,45.0,MUN,MAD,40.0,3.0,78.0,78.72
E2020,179,road,81.0,40.0,20.0,7.0,1.0,18.0,65.0,32.0,17.0,13.0,7.0,15.0,3.0,18.0,94.0,2021-01-15 19:30:00+00:00,20,Regular Season,45.0,MAD,MUN,33.0,4.0,94.0,80.48
E2020,180,local,91.0,23.0,22.0,8.0,5.0,25.0,53.0,31.0,24.0,20.0,6.0,10.0,1.0,21.0,116.0,2021-01-15 20:00:00+00:00,20,Regular Season,40.0,PAM,RED,22.0,4.0,116.0,67.56
E2020,180,road,71.0,31.0,11.0,6.0,1.0,19.0,55.0,24.0,20.0,18.0,13.0,17.0,5.0,25.0,59.0,2021-01-15 20:00:00+00:00,20,Regular Season,40.0,RED,PAM,31.0,2.0,59.0,67.8
E2020,171,local,77.0,33.0,18.0,7.0,2.0,23.0,61.0,24.0,20.0,18.0,13.0,11.0,6.0,18.0,86.0,2021-01-18 18:00:00+00:00,19,Regular Season,40.0,MAD,RED,37.0,2.0,86.0,67.8
E2020,171,road,79.0,32.0,10.0,3.0,6.0,18.0,55.0,27.0,19.0,16.0,9.0,14.0,2.0,23.0,78.0,2021-01-18 18:00:00+00:00,19,Regular Season,40.0,RED,MAD,28.0,3.0,78.0,68.36
E2020,87,local,93.0,37.0,17.0,9.0,2.0,25.0,70.0,31.0,28.0,24.0,13.0,13.0,9.0,32.0,86.0,2021-01-19 19:45:00+00:00,10,Regular Season,45.0,ASV,OLY,39.0,4.0,86.0,82.32
E2020,87,road,101.0,34.0,16.0,8.0,9.0,32.0,60.0,33.0,38.0,30.0,7.0,13.0,2.0,25.0,125.0,2021-01-19 19:45:00+00:00,10,Regular Season,45.0,OLY,ASV,27.0,8.0,125.0,82.72
E2020,181,local,85.0,33.0,20.0,7.0,4.0,18.0,57.0,30.0,19.0,16.0,8.0,11.0,3.0,21.0,102.0,2021-01-21 17:00:00+00:00,21,Regular Season,40.0,DYR,IST,27.0,3.0,102.0,68.36
E2020,181,road,78.0,38.0,13.0,6.0,3.0,21.0,72.0,29.0,18.0,13.0,18.0,10.0,4.0,18.0,79.0,2021-01-21 17:00:00+00:00,21,Regular Season,40.0,IST,DYR,43.0,5.0,79.0,71.92
E2020,182,local,94.0,40.0,15.0,8.0,1.0,26.0,63.0,30.0,28.0,24.0,21.0,15.0,3.0,17.0,112.0,2021-01-21 19:00:00+00:00,21,Regular Season,40.0,PAN,KHI,33.0,4.0,112.0,69.32
E2020,182,road,78.0,23.0,23.0,9.0,3.0,17.0,59.0,31.0,12.0,9.0,10.0,15.0,1.0,26.0,80.0,2021-01-21 19:00:00+00:00,21,Regular Season,40.0,KHI,PAN,28.0,3.0,80.0,69.28
E2020,183,local,86.0,27.0,16.0,3.0,1.0,20.0,62.0,33.0,12.0,8.0,8.0,8.0,4.0,18.0,90.0,2021-01-21 19:05:00+00:00,21,Regular Season,40.0,TEL,MAD,29.0,4.0,90.0,67.28
E2020,183,road,84.0,25.0,20.0,1.0,4.0,18.0,56.0,31.0,14.0,12.0,6.0,8.0,1.0,20.0,96.0,2021-01-21 19:05:00+00:00,21,Regular Season,40.0,MAD,TEL,25.0,2.0,96.0,64.16
E2020,184,local,75.0,34.0,15.0,6.0,4.0,24.0,56.0,26.0,19.0,16.0,6.0,14.0,1.0,20.0,90.0,2021-01-21 19:45:00+00:00,21,Regular Season,40.0,MIL,MUN,30.0,3.0,90.0,72.36
E2020,184,road,51.0,38.0,7.0,8.0,1.0,20.0,58.0,18.0,18.0,13.0,13.0,20.0,4.0,24.0,32.0,2021-01-21 19:45:00+00:00,21,Regular Season,40.0,MUN,MIL,40.0,5.0,32.0,72.92
E2020,185,local,90.0,25.0,17.0,10.0,4.0,24.0,57.0,30.0,25.0,21.0,7.0,12.0,0.0,26.0,101.0,2021-01-21 19:45:00+00:00,21,Regular Season,40.0,ASV,PAM,27.0,4.0,101.0,73.0
E2020,185,road,77.0,26.0,18.0,4.0,0.0,26.0,48.0,24.0,28.0,24.0,6.0,20.0,4.0,25.0,74.0,2021-01-21 19:45:00+00:00,21,Regular Season,40.0,PAM,ASV,24.0,4.0,74.0,74.32
E2020,186,local,83.0,31.0,17.0,2.0,1.0,21.0,59.0,30.0,22.0,15.0,11.0,12.0,3.0,19.0,85.0,2021-01-22 17:00:00+00:00,21,Regular Season,40.0,CSK,ULK,29.0,7.0,85.0,69.68
E2020,186,road,89.0,23.0,22.0,5.0,3.0,19.0,58.0,33.0,16.0,14.0,4.0,8.0,1.0,21.0,104.0,2021-01-22 17:00:00+00:00,21,Regular Season,40.0,ULK,CSK,25.0,2.0,104.0,69.04
E2020,187,local,60.0,30.0,13.0,6.0,1.0,24.0,58.0,20.0,21.0,12.0,9.0,10.0,1.0,23.0,53.0,2021-01-22 18:00:00+00:00,21,Regular Season,40.0,RED,BAR,38.0,9.0,53.0,68.24
E2020,187,road,72.0,47.0,14.0,5.0,1.0,23.0,58.0,24.0,27.0,22.0,14.0,12.0,1.0,24.0,86.0,2021-01-22 18:00:00+00:00,21,Regular Season,40.0,BAR,RED,34.0,5.0,86.0,67.88
E2020,188,local,81.0,33.0,21.0,5.0,1.0,16.0,57.0,31.0,9.0,9.0,9.0,15.0,2.0,17.0,97.0,2021-01-22 18:00:00+00:00,21,Regular Season,40.0,ZAL,OLY,26.0,0.0,97.0,66.96000000000001
E2020,188,road,79.0,26.0,16.0,5.0,2.0,17.0,60.0,28.0,14.0,11.0,9.0,13.0,1.0,16.0,80.0,2021-01-22 18:00:00+00:00,21,Regular Season,40.0,OLY,ZAL,32.0,3.0,80.0,70.16
E2020,189,local,77.0,30.0,21.0,14.0,1.0,17.0,71.0,30.0,8.0,6.0,11.0,17.0,3.0,19.0,78.0,2021-01-22 20:00:00+00:00,21,Regular Season,40.0,BAS,BER,41.0,2.0,78.0,80.52
E2020,189,road,84.0,39.0,20.0,7.0,3.0,19.0,60.0,31.0,13.0,9.0,10.0,22.0,1.0,17.0,99.0,2021-01-22 20:00:00+00:00,21,Regular Season,40.0,BER,BAS,29.0,4.0,99.0,77.72
E2020,191,local,86.0,33.0,20.0,8.0,0.0,17.0,58.0,33.0,11.0,6.0,8.0,13.0,0.0,13.0,108.0,2021-01-26 16:00:00+00:00,22,Regular Season,40.0,IST,RED,25.0,5.0,108.0,67.84
E2020,191,road,72.0,27.0,21.0,8.0,0.0,13.0,59.0,28.0,10.0,5.0,7.0,13.0,0.0,17.0,75.0,2021-01-26 16:00:00+00:00,22,Regular Season,40.0,RED,IST,31.0,5.0,75.0,69.4
E2020,190,local,93.0,28.0,18.0,7.0,1.0,20.0,66.0,29.0,24.0,22.0,11.0,8.0,5.0,27.0,88.0,2021-01-26 17:00:00+00:00,22,Regular Season,40.0,KHI,MUN,37.0,2.0,88.0,73.56
E2020,190,road,95.0,42.0,20.0,6.0,5.0,27.0,61.0,32.0,29.0,23.0,15.0,14.0,1.0,20.0,125.0,2021-01-26 17:00:00+00:00,22,Regular Season,40.0,MUN,KHI,29.0,6.0,125.0,72.76
E2020,192,local,82.0,24.0,19.0,6.0,1.0,18.0,53.0,33.0,11.0,7.0,1.0,13.0,2.0,12.0,99.0,2021-01-26 18:00:00+00:00,22,Regular Season,40.0,ULK,TEL,20.0,4.0,99.0,69.84
E2020,192,road,75.0,32.0,20.0,7.0,2.0,12.0,62.0,28.0,8.0,6.0,12.0,16.0,1.0,18.0,77.0,2021-01-26 18:00:00+00:00,22,Regular Season,40.0,TEL,ULK,34.0,2.0,77.0,69.52
E2020,193,local,90.0,28.0,19.0,8.0,2.0,22.0,56.0,28.0,29.0,24.0,4.0,7.0,2.0,17.0,110.0,2021-01-26 19:45:00+00:00,22,Regular Season,40.0,MIL,OLY,28.0,5.0,110.0,71.76
E2020,193,road,79.0,39.0,16.0,5.0,2.0,17.0,66.0,29.0,11.0,9.0,14.0,15.0,2.0,23.0,79.0,2021-01-26 19:45:00+00:00,22,Regular Season,40.0,OLY,MIL,37.0,2.0,79.0,71.84
E2020,194,local,85.0,33.0,21.0,8.0,7.0,23.0,56.0,30.0,23.0,19.0,7.0,16.0,2.0,27.0,102.0,2021-01-26 20:00:00+00:00,22,Regular Season,40.0,BAR,DYR,26.0,4.0,102.0,75.12
E2020,194,road,81.0,33.0,20.0,8.0,2.0,27.0,61.0,23.0,30.0,22.0,13.0,14.0,7.0,23.0,81.0,2021-01-26 20:00:00+00:00,22,Regular Season,40.0,DYR,BAR,38.0,8.0,81.0,75.2
E2020,195,local,68.0,29.0,17.0,5.0,3.0,20.0,53.0,24.0,12.0,12.0,10.0,19.0,2.0,24.0,68.0,2021-01-27 19:00:00+00:00,22,Regular Season,40.0,BER,CSK,29.0,0.0,68.0,67.28
E2020,195,road,71.0,32.0,16.0,8.0,2.0,24.0,53.0,23.0,24.0,18.0,14.0,17.0,3.0,20.0,77.0,2021-01-27 19:00:00+00:00,22,Regular Season,40.0,CSK,BER,30.0,6.0,77.0,66.56
E2020,196,local,83.0,32.0,12.0,5.0,4.0,14.0,66.0,30.0,15.0,14.0,10.0,6.0,2.0,20.0,85.0,2021-01-27 19:45:00+00:00,22,Regular Season,40.0,ASV,BAS,36.0,1.0,85.0,68.6
E2020,196,road,77.0,35.0,16.0,5.0,2.0,20.0,56.0,24.0,25.0,22.0,8.0,12.0,4.0,14.0,90.0,2021-01-27 19:45:00+00:00,22,Regular Season,40.0,BAS,ASV,32.0,3.0,90.0,71.0
E2020,197,local,76.0,35.0,21.0,6.0,4.0,18.0,55.0,27.0,19.0,14.0,6.0,18.0,0.0,13.0,96.0,2021-01-27 20:00:00+00:00,22,Regular Season,40.0,MAD,PAN,28.0,5.0,96.0,75.36
E2020,197,road,66.0,36.0,13.0,8.0,0.0,13.0,68.0,27.0,9.0,7.0,11.0,11.0,4.0,20.0,58.0,2021-01-27 20:00:00+00:00,22,Regular Season,40.0,PAN,MAD,41.0,2.0,58.0,71.96
E2020,198,local,78.0,33.0,20.0,2.0,3.0,23.0,60.0,27.0,19.0,14.0,10.0,10.0,0.0,18.0,93.0,2021-01-27 20:00:00+00:00,22,Regular Season,40.0,PAM,ZAL,33.0,5.0,93.0,68.36
E2020,198,road,79.0,33.0,23.0,4.0,0.0,18.0,59.0,30.0,15.0,10.0,8.0,10.0,3.0,23.0,87.0,2021-01-27 20:00:00+00:00,22,Regular Season,40.0,ZAL,PAM,29.0,5.0,87.0,67.6
E2020,199,local,76.0,21.0,15.0,10.0,1.0,17.0,71.0,28.0,8.0,8.0,13.0,12.0,3.0,21.0,61.0,2021-01-28 17:00:00+00:00,23,Regular Season,40.0,KHI,ULK,43.0,0.0,61.0,73.52
E2020,199,road,107.0,39.0,29.0,10.0,3.0,21.0,56.0,39.0,22.0,19.0,10.0,16.0,1.0,17.0,155.0,2021-01-28 17:00:00+00:00,23,Regular Season,40.0,ULK,KHI,17.0,3.0,155.0,71.68
E2020,200,local,74.0,37.0,15.0,10.0,0.0,18.0,66.0,28.0,15.0,10.0,17.0,15.0,3.0,23.0,70.0,2021-01-28 19:00:00+00:00,23,Regular Season,40.0,OLY,BAR,38.0,5.0,70.0,70.6
E2020,200,road,76.0,29.0,20.0,7.0,3.0,23.0,50.0,28.0,22.0,14.0,7.0,18.0,0.0,19.0,91.0,2021-01-28 19:00:00+00:00,23,Regular Season,40.0,BAR,OLY,22.0,8.0,91.0,70.68
E2020,202,local,82.0,32.0,14.0,3.0,2.0,23.0,53.0,24.0,26.0,24.0,8.0,7.0,2.0,17.0,99.0,2021-01-28 19:45:00+00:00,23,Regular Season,40.0,MIL,DYR,29.0,2.0,99.0,63.44
E2020,202,road,76.0,25.0,15.0,2.0,2.0,17.0,54.0,26.0,18.0,15.0,3.0,7.0,2.0,23.0,74.0,2021-01-28 19:45:00+00:00,23,Regular Season,40.0,DYR,MIL,28.0,3.0,74.0,65.92
E2020,203,local,66.0,39.0,15.0,4.0,2.0,20.0,60.0,23.0,14.0,13.0,13.0,18.0,1.0,17.0,72.0,2021-01-29 17:00:00+00:00,23,Regular Season,40.0,CSK,MUN,37.0,1.0,72.0,71.16
E2020,203,road,69.0,28.0,10.0,9.0,1.0,17.0,56.0,24.0,20.0,17.0,6.0,12.0,2.0,20.0,65.0,2021-01-29 17:00:00+00:00,23,Regular Season,40.0,MUN,CSK,32.0,3.0,65.0,70.8
E2020,204,local,63.0,31.0,17.0,8.0,1.0,19.0,68.0,23.0,7.0,7.0,9.0,11.0,4.0,16.0,63.0,2021-01-29 19:00:00+00:00,23,Regular Season,40.0,BER,MAD,45.0,0.0,63.0,73.08
E2020,204,road,72.0,42.0,16.0,3.0,4.0,16.0,58.0,28.0,13.0,10.0,9.0,17.0,1.0,19.0,83.0,2021-01-29 19:00:00+00:00,23,Regular Season,40.0,MAD,BER,30.0,3.0,83.0,71.72
E2020,205,local,91.0,39.0,23.0,9.0,2.0,23.0,63.0,33.0,25.0,19.0,13.0,13.0,5.0,23.0,110.0,2021-01-29 19:00:00+00:00,23,Regular Season,40.0,PAN,PAM,30.0,6.0,110.0,74.0
E2020,205,road,72.0,27.0,19.0,5.0,5.0,22.0,58.0,23.0,20.0,16.0,10.0,14.0,2.0,25.0,70.0,2021-01-29 19:00:00+00:00,23,Regular Season,40.0,PAM,PAN,35.0,4.0,70.0,70.8
E2020,206,local,78.0,31.0,11.0,6.0,2.0,21.0,61.0,30.0,16.0,13.0,15.0,11.0,5.0,18.0,81.0,2021-01-29 19:45:00+00:00,23,Regular Season,40.0,RED,ASV,31.0,3.0,81.0,64.04
E2020,206,road,81.0,21.0,16.0,6.0,5.0,18.0,53.0,30.0,13.0,11.0,7.0,12.0,2.0,21.0,87.0,2021-01-29 19:45:00+00:00,23,Regular Season,40.0,ASV,RED,23.0,2.0,87.0,63.72
E2020,207,local,81.0,31.0,20.0,12.0,5.0,16.0,67.0,32.0,9.0,8.0,8.0,11.0,1.0,15.0,102.0,2021-01-29 20:00:00+00:00,23,Regular Season,40.0,BAS,ZAL,35.0,1.0,102.0,73.96
E2020,207,road,68.0,31.0,15.0,6.0,1.0,15.0,54.0,26.0,10.0,9.0,6.0,20.0,5.0,16.0,66.0,2021-01-29 20:00:00+00:00,23,Regular Season,40.0,ZAL,BAS,28.0,1.0,66.0,72.4
E2020,210,local,86.0,36.0,16.0,4.0,1.0,22.0,59.0,29.0,20.0,17.0,9.0,18.0,0.0,27.0,87.0,2021-02-04 20:00:00+00:00,24,Regular Season,40.0,BAR,IST,30.0,3.0,87.0,76.8
E2020,210,road,88.0,32.0,14.0,10.0,0.0,27.0,63.0,29.0,31.0,23.0,10.0,6.0,1.0,23.0,99.0,2021-02-04 20:00:00+00:00,24,Regular Season,40.0,IST,BAR,34.0,8.0,99.0,72.64
E2020,211,local,105.0,50.0,23.0,10.0,2.0,26.0,79.0,35.0,29.0,21.0,20.0,18.0,5.0,23.0,118.0,2021-02-04 20:00:00+00:00,24,Regular Season,50.0,PAM,CSK,44.0,8.0,118.0,89.76
E2020,211,road,103.0,35.0,21.0,7.0,5.0,23.0,73.0,34.0,25.0,22.0,9.0,15.0,2.0,26.0,109.0,2021-02-04 20:00:00+00:00,24,Regular Season,50.0,CSK,PAM,39.0,3.0,109.0,90.0
E2020,212,local,92.0,26.0,23.0,0.0,1.0,20.0,53.0,31.0,22.0,20.0,6.0,11.0,0.0,25.0,102.0,2021-02-05 17:45:00+00:00,24,Regular Season,40.0,ULK,DYR,22.0,2.0,102.0,67.68
E2020,212,road,84.0,27.0,18.0,4.0,0.0,25.0,61.0,28.0,20.0,17.0,13.0,7.0,1.0,21.0,93.0,2021-02-05 17:45:00+00:00,24,Regular Season,40.0,DYR,ULK,33.0,3.0,93.0,63.8
E2020,213,local,77.0,26.0,16.0,4.0,3.0,21.0,61.0,29.0,19.0,11.0,9.0,16.0,2.0,22.0,67.0,2021-02-05 19:00:00+00:00,24,Regular Season,40.0,OLY,PAN,32.0,8.0,67.0,76.36
E2020,213,road,88.0,39.0,17.0,9.0,2.0,22.0,61.0,27.0,25.0,25.0,16.0,15.0,3.0,21.0,104.0,2021-02-05 19:00:00+00:00,24,Regular Season,40.0,PAN,OLY,34.0,0.0,104.0,71.0
E2020,214,local,101.0,34.0,25.0,12.0,3.0,21.0,72.0,36.0,24.0,18.0,5.0,10.0,3.0,23.0,118.0,2021-02-05 19:30:00+00:00,24,Regular Season,45.0,MUN,BER,36.0,6.0,118.0,87.56
E2020,214,road,95.0,41.0,24.0,5.0,3.0,22.0,69.0,34.0,20.0,14.0,8.0,19.0,3.0,21.0,106.0,2021-02-05 19:30:00+00:00,24,Regular Season,45.0,BER,MUN,35.0,6.0,106.0,88.8
E2020,215,local,78.0,35.0,19.0,1.0,5.0,17.0,54.0,33.0,10.0,6.0,4.0,14.0,1.0,17.0,98.0,2021-02-05 19:45:00+00:00,24,Regular Season,40.0,ASV,MIL,21.0,4.0,98.0,68.4
E2020,215,road,69.0,31.0,16.0,5.0,1.0,17.0,66.0,25.0,14.0,12.0,10.0,5.0,5.0,17.0,69.0,2021-02-05 19:45:00+00:00,24,Regular Season,40.0,MIL,ASV,41.0,2.0,69.0,67.16
E2020,216,local,64.0,29.0,16.0,4.0,2.0,11.0,64.0,25.0,4.0,4.0,12.0,10.0,1.0,12.0,64.0,2021-02-05 20:00:00+00:00,24,Regular Season,40.0,MAD,BAS,39.0,0.0,64.0,63.760000000000005
E2020,216,road,84.0,33.0,18.0,4.0,1.0,12.0,57.0,35.0,4.0,1.0,6.0,12.0,2.0,11.0,102.0,2021-02-05 20:00:00+00:00,24,Regular Season,40.0,BAS,MAD,22.0,3.0,102.0,64.75999999999999
E2020,217,local,67.0,30.0,15.0,11.0,3.0,11.0,71.0,25.0,6.0,4.0,12.0,9.0,5.0,19.0,56.0,2021-02-18 17:00:00+00:00,25,Regular Season,40.0,KHI,BAS,46.0,2.0,56.0,70.64
E2020,217,road,89.0,49.0,28.0,6.0,5.0,19.0,65.0,34.0,15.0,8.0,14.0,16.0,3.0,11.0,128.0,2021-02-18 17:00:00+00:00,25,Regular Season,40.0,BAS,KHI,31.0,7.0,128.0,73.6
E2020,218,local,76.0,35.0,19.0,13.0,2.0,18.0,59.0,28.0,16.0,12.0,9.0,15.0,4.0,14.0,95.0,2021-02-18 17:30:00+00:00,25,Regular Season,40.0,IST,OLY,31.0,4.0,95.0,72.04
E2020,218,road,53.0,27.0,16.0,11.0,4.0,14.0,49.0,21.0,8.0,5.0,4.0,22.0,2.0,18.0,52.0,2021-02-18 17:30:00+00:00,25,Regular Season,40.0,OLY,IST,28.0,3.0,52.0,70.52000000000001
E2020,219,local,87.0,31.0,22.0,3.0,0.0,15.0,56.0,34.0,9.0,9.0,1.0,8.0,1.0,16.0,111.0,2021-02-18 19:45:00+00:00,25,Regular Season,40.0,MIL,TEL,22.0,0.0,111.0,66.96000000000001
E2020,219,road,68.0,30.0,16.0,6.0,1.0,16.0,66.0,27.0,8.0,7.0,10.0,7.0,0.0,15.0,75.0,2021-02-18 19:45:00+00:00,25,Regular Season,40.0,TEL,MIL,39.0,1.0,75.0,66.52
E2020,220,local,86.0,27.0,23.0,11.0,7.0,16.0,62.0,36.0,9.0,8.0,9.0,11.0,1.0,19.0,112.0,2021-02-18 20:00:00+00:00,25,Regular Season,40.0,BAR,ZAL,26.0,1.0,112.0,67.96
E2020,220,road,62.0,32.0,16.0,10.0,1.0,19.0,56.0,23.0,13.0,11.0,15.0,20.0,7.0,16.0,62.0,2021-02-18 20:00:00+00:00,25,Regular Season,40.0,ZAL,BAR,33.0,2.0,62.0,66.72
E2020,222,local,89.0,32.0,25.0,7.0,5.0,13.0,65.0,34.0,16.0,14.0,8.0,11.0,5.0,18.0,104.0,2021-02-19 17:45:00+00:00,25,Regular Season,40.0,ULK,BER,31.0,2.0,104.0,75.04
E2020,222,road,84.0,29.0,25.0,4.0,5.0,18.0,64.0,32.0,9.0,9.0,7.0,13.0,5.0,13.0,102.0,2021-02-19 17:45:00+00:00,25,Regular Season,40.0,BER,ULK,32.0,0.0,102.0,73.96
E2020,223,local,75.0,31.0,14.0,8.0,1.0,22.0,59.0,25.0,17.0,15.0,9.0,13.0,0.0,23.0,79.0,2021-02-19 19:45:00+00:00,25,Regular Season,40.0,RED,DYR,34.0,2.0,79.0,70.48
E2020,223,road,76.0,31.0,19.0,8.0,0.0,23.0,49.0,24.0,22.0,17.0,6.0,15.0,1.0,22.0,89.0,2021-02-19 19:45:00+00:00,25,Regular Season,40.0,DYR,RED,25.0,5.0,89.0,67.68
E2020,224,local,87.0,30.0,18.0,9.0,3.0,28.0,53.0,27.0,26.0,23.0,7.0,12.0,0.0,15.0,119.0,2021-02-19 19:45:00+00:00,25,Regular Season,40.0,ASV,MUN,26.0,3.0,119.0,69.44
E2020,224,road,79.0,27.0,15.0,5.0,0.0,15.0,59.0,31.0,14.0,12.0,6.0,13.0,3.0,28.0,67.0,2021-02-19 19:45:00+00:00,25,Regular Season,40.0,MUN,ASV,28.0,2.0,67.0,72.16
E2020,225,local,89.0,37.0,17.0,6.0,2.0,22.0,58.0,33.0,21.0,11.0,7.0,15.0,2.0,15.0,106.0,2021-02-19 20:00:00+00:00,25,Regular Season,40.0,PAM,MAD,25.0,10.0,106.0,75.24
E2020,225,road,78.0,34.0,16.0,9.0,2.0,15.0,68.0,30.0,10.0,7.0,11.0,14.0,2.0,22.0,75.0,2021-02-19 20:00:00+00:00,25,Regular Season,40.0,MAD,PAM,38.0,3.0,75.0,75.4
E2020,38,local,79.0,32.0,21.0,7.0,5.0,20.0,54.0,30.0,18.0,13.0,11.0,10.0,0.0,17.0,108.0,2021-02-22 17:00:00+00:00,5,Regular Season,40.0,DYR,MIL,24.0,5.0,108.0,60.92
E2020,38,road,70.0,28.0,12.0,7.0,0.0,17.0,61.0,29.0,7.0,6.0,11.0,10.0,5.0,20.0,66.0,2021-02-22 17:00:00+00:00,5,Regular Season,40.0,MIL,DYR,32.0,1.0,66.0,63.08
E2020,208,local,75.0,32.0,20.0,6.0,1.0,22.0,51.0,28.0,17.0,12.0,9.0,13.0,0.0,17.0,98.0,2021-02-23 18:00:00+00:00,24,Regular Season,40.0,ZAL,RED,23.0,5.0,98.0,62.480000000000004
E2020,208,road,62.0,27.0,16.0,7.0,0.0,17.0,57.0,23.0,7.0,7.0,9.0,13.0,1.0,22.0,59.0,2021-02-23 18:00:00+00:00,24,Regular Season,40.0,RED,ZAL,34.0,0.0,59.0,64.08
E2020,226,local,62.0,25.0,13.0,6.0,4.0,17.0,60.0,24.0,11.0,8.0,11.0,11.0,2.0,22.0,53.0,2021-02-25 17:00:00+00:00,26,Regular Season,40.0,DYR,PAM,36.0,3.0,53.0,64.84
E2020,226,road,91.0,35.0,21.0,6.0,2.0,22.0,56.0,32.0,18.0,18.0,9.0,11.0,4.0,17.0,121.0,2021-02-25 17:00:00+00:00,26,Regular Season,40.0,PAM,DYR,24.0,0.0,121.0,65.92
E2020,227,local,74.0,39.0,13.0,7.0,4.0,15.0,65.0,27.0,14.0,11.0,10.0,16.0,1.0,17.0,77.0,2021-02-25 19:00:00+00:00,26,Regular Season,40.0,OLY,CSK,38.0,3.0,77.0,77.16
E2020,227,road,75.0,38.0,17.0,10.0,1.0,17.0,63.0,27.0,20.0,13.0,9.0,13.0,4.0,16.0,82.0,2021-02-25 19:00:00+00:00,26,Regular Season,40.0,CSK,OLY,36.0,7.0,82.0,75.8
E2020,228,local,72.0,37.0,17.0,8.0,4.0,20.0,58.0,27.0,15.0,13.0,14.0,17.0,3.0,19.0,86.0,2021-02-25 19:30:00+00:00,26,Regular Season,40.0,MUN,TEL,31.0,2.0,86.0,67.6
E2020,228,road,70.0,26.0,14.0,9.0,3.0,19.0,61.0,29.0,8.0,6.0,8.0,14.0,4.0,20.0,69.0,2021-02-25 19:30:00+00:00,26,Regular Season,40.0,TEL,MUN,32.0,2.0,69.0,70.52
E2020,229,local,84.0,39.0,22.0,5.0,1.0,17.0,65.0,31.0,14.0,11.0,12.0,11.0,1.0,19.0,100.0,2021-02-25 19:45:00+00:00,26,Regular Season,40.0,MIL,KHI,34.0,3.0,100.0,70.16
E2020,229,road,74.0,28.0,15.0,9.0,1.0,19.0,59.0,27.0,16.0,14.0,6.0,9.0,1.0,18.0,84.0,2021-02-25 19:45:00+00:00,26,Regular Season,40.0,KHI,MIL,32.0,2.0,84.0,69.04
E2020,230,local,70.0,38.0,19.0,9.0,3.0,13.0,58.0,28.0,0.0,0.0,8.0,22.0,0.0,16.0,84.0,2021-02-25 20:00:00+00:00,26,Regular Season,40.0,MAD,ZAL,30.0,0.0,84.0,72.0
E2020,230,road,58.0,22.0,13.0,11.0,0.0,16.0,52.0,21.0,12.0,12.0,2.0,14.0,3.0,13.0,59.0,2021-02-25 20:00:00+00:00,26,Regular Season,40.0,ZAL,MAD,31.0,0.0,59.0,69.28
E2020,231,local,74.0,24.0,16.0,4.0,2.0,14.0,62.0,32.0,9.0,6.0,10.0,14.0,4.0,21.0,62.0,2021-02-26 17:45:00+00:00,26,Regular Season,40.0,ULK,IST,30.0,3.0,62.0,69.96
E2020,231,road,106.0,25.0,26.0,7.0,4.0,19.0,55.0,36.0,23.0,20.0,4.0,10.0,2.0,15.0,138.0,2021-02-26 17:45:00+00:00,26,Regular Season,40.0,IST,ULK,19.0,3.0,138.0,71.12
E2020,233,local,87.0,41.0,24.0,9.0,6.0,16.0,69.0,35.0,12.0,9.0,13.0,7.0,3.0,17.0,119.0,2021-02-26 18:00:00+00:00,26,Regular Season,40.0,BAS,RED,34.0,3.0,119.0,68.28
E2020,233,road,67.0,31.0,11.0,4.0,3.0,17.0,61.0,25.0,14.0,9.0,10.0,11.0,6.0,16.0,59.0,2021-02-26 18:00:00+00:00,26,Regular Season,40.0,RED,BAS,36.0,5.0,59.0,68.16
E2020,232,local,74.0,34.0,18.0,5.0,1.0,19.0,65.0,27.0,9.0,9.0,11.0,15.0,7.0,15.0,76.0,2021-02-26 19:00:00+00:00,26,Regular Season,40.0,BER,PAN,38.0,0.0,76.0,72.96
E2020,232,road,65.0,32.0,19.0,9.0,7.0,15.0,55.0,24.0,14.0,10.0,9.0,18.0,1.0,19.0,74.0,2021-02-26 19:00:00+00:00,26,Regular Season,40.0,PAN,BER,31.0,4.0,74.0,70.16
E2020,234,local,69.0,34.0,13.0,8.0,0.0,23.0,59.0,25.0,20.0,13.0,8.0,13.0,4.0,24.0,65.0,2021-02-26 20:00:00+00:00,26,Regular Season,40.0,BAR,ASV,34.0,7.0,65.0,72.8
E2020,234,road,76.0,36.0,14.0,9.0,4.0,23.0,54.0,24.0,27.0,19.0,9.0,18.0,0.0,23.0,83.0,2021-02-26 20:00:00+00:00,26,Regular Season,40.0,ASV,BAR,30.0,8.0,83.0,74.88
E2020,235,local,78.0,30.0,22.0,18.0,3.0,16.0,68.0,31.0,10.0,8.0,11.0,12.0,2.0,20.0,94.0,2021-03-02 17:00:00+00:00,27,Regular Season,40.0,KHI,MAD,37.0,2.0,94.0,73.4
E2020,235,road,77.0,43.0,16.0,7.0,2.0,20.0,60.0,27.0,17.0,12.0,16.0,23.0,3.0,16.0,85.0,2021-03-02 17:00:00+00:00,27,Regular Season,40.0,MAD,KHI,33.0,5.0,85.0,74.48
E2020,236,local,87.0,30.0,24.0,7.0,3.0,13.0,59.0,34.0,6.0,6.0,6.0,14.0,4.0,17.0,104.0,2021-03-02 17:00:00+00:00,27,Regular Season,40.0,DYR,BER,25.0,0.0,104.0,69.64
E2020,236,road,71.0,29.0,18.0,10.0,4.0,17.0,60.0,25.0,12.0,11.0,10.0,14.0,3.0,13.0,83.0,2021-03-02 17:00:00+00:00,27,Regular Season,40.0,BER,DYR,35.0,1.0,83.0,69.28
E2020,237,local,99.0,29.0,23.0,8.0,4.0,16.0,63.0,36.0,12.0,9.0,10.0,10.0,0.0,15.0,124.0,2021-03-02 17:30:00+00:00,27,Regular Season,40.0,IST,PAM,27.0,3.0,124.0,68.28
E2020,237,road,83.0,32.0,20.0,2.0,0.0,15.0,63.0,31.0,9.0,7.0,13.0,13.0,4.0,16.0,85.0,2021-03-02 17:30:00+00:00,27,Regular Season,40.0,PAM,IST,32.0,2.0,85.0,66.96
E2020,241,local,85.0,34.0,13.0,8.0,0.0,19.0,62.0,30.0,22.0,18.0,14.0,13.0,3.0,20.0,87.0,2021-03-02 18:00:00+00:00,27,Regular Season,40.0,ZAL,ASV,32.0,4.0,87.0,70.68
E2020,241,road,75.0,32.0,19.0,5.0,3.0,20.0,57.0,27.0,16.0,13.0,11.0,17.0,0.0,19.0,85.0,2021-03-02 18:00:00+00:00,27,Regular Season,40.0,ASV,ZAL,30.0,3.0,85.0,70.04
E2020,238,local,77.0,25.0,12.0,7.0,2.0,25.0,50.0,24.0,23.0,19.0,10.0,21.0,0.0,18.0,79.0,2021-03-02 19:00:00+00:00,27,Regular Season,40.0,PAN,BAR,26.0,4.0,79.0,71.12
E2020,238,road,85.0,27.0,23.0,9.0,0.0,18.0,56.0,33.0,12.0,8.0,10.0,19.0,2.0,25.0,89.0,2021-03-02 19:00:00+00:00,27,Regular Season,40.0,BAR,PAN,23.0,4.0,89.0,70.28
E2020,239,local,80.0,41.0,17.0,7.0,3.0,18.0,70.0,28.0,14.0,13.0,17.0,14.0,2.0,21.0,86.0,2021-03-02 19:05:00+00:00,27,Regular Season,40.0,TEL,CSK,42.0,1.0,86.0,73.16
E2020,239,road,84.0,34.0,12.0,10.0,2.0,21.0,62.0,28.0,22.0,16.0,10.0,11.0,3.0,18.0,91.0,2021-03-02 19:05:00+00:00,27,Regular Season,40.0,CSK,TEL,34.0,6.0,91.0,72.68
E2020,240,local,76.0,31.0,11.0,5.0,1.0,22.0,56.0,27.0,16.0,14.0,8.0,15.0,1.0,23.0,76.0,2021-03-02 19:45:00+00:00,27,Regular Season,40.0,RED,MUN,29.0,2.0,76.0,70.03999999999999
E2020,240,road,78.0,24.0,13.0,7.0,1.0,23.0,50.0,28.0,19.0,12.0,3.0,14.0,1.0,23.0,79.0,2021-03-02 19:45:00+00:00,27,Regular Season,40.0,MUN,RED,22.0,7.0,79.0,69.36
E2020,243,local,91.0,33.0,27.0,9.0,1.0,20.0,58.0,33.0,17.0,13.0,8.0,16.0,6.0,17.0,113.0,2021-03-03 18:00:00+00:00,27,Regular Season,40.0,BAS,OLY,25.0,4.0,113.0,73.48
E2020,243,road,66.0,32.0,19.0,6.0,6.0,16.0,66.0,26.0,13.0,10.0,15.0,17.0,1.0,20.0,64.0,2021-03-03 18:00:00+00:00,27,Regular Season,40.0,OLY,BAS,40.0,3.0,64.0,73.72
E2020,242,local,92.0,20.0,18.0,3.0,3.0,16.0,62.0,35.0,9.0,9.0,4.0,10.0,2.0,18.0,95.0,2021-03-03 19:45:00+00:00,27,Regular Season,40.0,MIL,ULK,27.0,0.0,95.0,71.96
E2020,242,road,100.0,35.0,23.0,7.0,2.0,18.0,66.0,37.0,15.0,14.0,12.0,10.0,3.0,16.0,126.0,2021-03-03 19:45:00+00:00,27,Regular Season,40.0,ULK,MIL,29.0,1.0,126.0,70.6
E2020,244,local,71.0,30.0,14.0,3.0,0.0,22.0,59.0,26.0,11.0,10.0,8.0,11.0,3.0,25.0,67.0,2021-03-04 17:00:00+00:00,28,Regular Season,40.0,DYR,MAD,33.0,1.0,67.0,66.84
E2020,244,road,75.0,32.0,10.0,2.0,3.0,25.0,55.0,29.0,20.0,14.0,8.0,7.0,0.0,22.0,86.0,2021-03-04 17:00:00+00:00,28,Regular Season,40.0,MAD,DYR,26.0,6.0,86.0,62.8
E2020,245,local,100.0,32.0,23.0,8.0,2.0,21.0,58.0,33.0,26.0,24.0,8.0,14.0,0.0,15.0,130.0,2021-03-04 17:30:00+00:00,28,Regular Season,40.0,IST,CSK,25.0,2.0,130.0,75.44
E2020,245,road,70.0,31.0,18.0,8.0,0.0,15.0,64.0,28.0,12.0,6.0,14.0,19.0,2.0,22.0,57.0,2021-03-04 17:30:00+00:00,28,Regular Season,40.0,CSK,IST,36.0,6.0,57.0,74.28
E2020,246,local,84.0,32.0,19.0,7.0,4.0,21.0,54.0,28.0,24.0,21.0,9.0,13.0,0.0,18.0,107.0,2021-03-04 19:05:00+00:00,28,Regular Season,40.0,TEL,PAM,26.0,3.0,107.0,68.56
E2020,246,road,72.0,29.0,18.0,6.0,0.0,18.0,65.0,27.0,8.0,7.0,12.0,14.0,4.0,22.0,64.0,2021-03-04 19:05:00+00:00,28,Regular Season,40.0,PAM,TEL,38.0,1.0,64.0,70.52
E2020,247,local,76.0,30.0,13.0,12.0,4.0,17.0,58.0,27.0,18.0,15.0,6.0,11.0,4.0,27.0,76.0,2021-03-04 19:30:00+00:00,28,Regular Season,40.0,MUN,PAN,31.0,3.0,76.0,70.92
E2020,247,road,71.0,38.0,14.0,6.0,4.0,26.0,54.0,25.0,28.0,17.0,11.0,16.0,4.0,17.0,82.0,2021-03-04 19:30:00+00:00,28,Regular Season,40.0,PAN,MUN,29.0,11.0,82.0,71.32
E2020,248,local,81.0,38.0,21.0,8.0,3.0,16.0,71.0,30.0,11.0,11.0,11.0,15.0,1.0,22.0,88.0,2021-03-05 17:00:00+00:00,28,Regular Season,40.0,KHI,BER,41.0,0.0,88.0,79.84
E2020,248,road,100.0,40.0,31.0,8.0,1.0,22.0,67.0,33.0,20.0,17.0,10.0,12.0,3.0,16.0,134.0,2021-03-05 17:00:00+00:00,28,Regular Season,40.0,BER,KHI,34.0,3.0,134.0,77.8
E2020,249,local,64.0,35.0,16.0,4.0,1.0,21.0,58.0,24.0,15.0,10.0,12.0,13.0,2.0,19.0,68.0,2021-03-05 18:00:00+00:00,28,Regular Season,40.0,ZAL,MIL,34.0,5.0,68.0,65.6
E2020,249,road,69.0,31.0,13.0,5.0,2.0,18.0,54.0,27.0,14.0,7.0,8.0,13.0,1.0,21.0,69.0,2021-03-05 18:00:00+00:00,28,Regular Season,40.0,MIL,ZAL,27.0,7.0,69.0,65.16
E2020,250,local,94.0,30.0,24.0,6.0,1.0,22.0,58.0,36.0,20.0,13.0,8.0,8.0,0.0,17.0,123.0,2021-03-05 19:00:00+00:00,28,Regular Season,40.0,OLY,RED,22.0,7.0,123.0,66.8
E2020,250,road,79.0,24.0,21.0,3.0,0.0,17.0,58.0,28.0,19.0,15.0,8.0,10.0,1.0,22.0,77.0,2021-03-05 19:00:00+00:00,28,Regular Season,40.0,RED,OLY,30.0,4.0,77.0,68.36
E2020,251,local,86.0,27.0,17.0,3.0,2.0,22.0,60.0,29.0,23.0,20.0,9.0,10.0,3.0,20.0,90.0,2021-03-05 19:45:00+00:00,28,Regular Season,40.0,ASV,ULK,31.0,3.0,90.0,71.12
E2020,251,road,90.0,32.0,19.0,5.0,3.0,20.0,60.0,33.0,17.0,14.0,9.0,12.0,2.0,22.0,103.0,2021-03-05 19:45:00+00:00,28,Regular Season,40.0,ULK,ASV,27.0,3.0,103.0,70.48
E2020,252,local,71.0,33.0,14.0,6.0,4.0,15.0,57.0,27.0,8.0,8.0,11.0,18.0,3.0,17.0,75.0,2021-03-05 20:00:00+00:00,28,Regular Season,40.0,BAR,BAS,30.0,0.0,75.0,67.52000000000001
E2020,252,road,57.0,30.0,14.0,10.0,3.0,17.0,56.0,23.0,9.0,7.0,11.0,17.0,4.0,15.0,60.0,2021-03-05 20:00:00+00:00,28,Regular Season,40.0,BAS,BAR,33.0,2.0,60.0,65.96000000000001
E2020,253,local,76.0,39.0,12.0,7.0,4.0,17.0,72.0,28.0,16.0,11.0,18.0,9.0,5.0,17.0,75.0,2021-03-11 17:00:00+00:00,29,Regular Season,40.0,CSK,MIL,44.0,5.0,75.0,70.04
E2020,253,road,84.0,36.0,18.0,4.0,5.0,17.0,59.0,30.0,16.0,14.0,9.0,13.0,4.0,17.0,99.0,2021-03-11 17:00:00+00:00,29,Regular Season,40.0,MIL,CSK,29.0,2.0,99.0,70.04
E2020,254,local,81.0,44.0,21.0,11.0,4.0,18.0,63.0,31.0,17.0,11.0,11.0,17.0,3.0,18.0,103.0,2021-03-11 19:00:00+00:00,29,Regular Season,40.0,PAN,TEL,32.0,6.0,103.0,76.48
E2020,254,road,63.0,34.0,13.0,8.0,3.0,18.0,63.0,21.0,15.0,12.0,10.0,17.0,4.0,19.0,54.0,2021-03-11 19:00:00+00:00,29,Regular Season,40.0,TEL,PAN,42.0,3.0,54.0,76.6
E2020,255,local,92.0,24.0,19.0,8.0,1.0,29.0,51.0,25.0,35.0,26.0,2.0,10.0,3.0,22.0,103.0,2021-03-11 19:45:00+00:00,29,Regular Season,40.0,RED,KHI,26.0,9.0,103.0,74.4
E2020,255,road,81.0,35.0,16.0,4.0,3.0,22.0,60.0,30.0,20.0,16.0,8.0,14.0,1.0,29.0,83.0,2021-03-11 19:45:00+00:00,29,Regular Season,40.0,KHI,RED,30.0,4.0,83.0,74.8
E2020,256,local,89.0,26.0,23.0,7.0,4.0,13.0,62.0,34.0,15.0,14.0,8.0,14.0,2.0,21.0,96.0,2021-03-11 19:45:00+00:00,29,Regular Season,40.0,ASV,BER,28.0,1.0,96.0,74.6
E2020,256,road,95.0,30.0,21.0,10.0,2.0,21.0,60.0,35.0,22.0,17.0,9.0,15.0,4.0,13.0,117.0,2021-03-11 19:45:00+00:00,29,Regular Season,40.0,BER,ASV,25.0,5.0,117.0,75.68
E2020,257,local,76.0,37.0,17.0,6.0,4.0,20.0,54.0,27.0,17.0,11.0,9.0,16.0,2.0,25.0,84.0,2021-03-11 20:00:00+00:00,29,Regular Season,40.0,MAD,BAR,27.0,6.0,84.0,68.48
E2020,257,road,81.0,29.0,18.0,7.0,2.0,25.0,64.0,29.0,15.0,12.0,10.0,9.0,4.0,20.0,91.0,2021-03-11 20:00:00+00:00,29,Regular Season,40.0,BAR,MAD,35.0,3.0,91.0,69.6
E2020,258,local,89.0,31.0,23.0,9.0,1.0,22.0,57.0,31.0,15.0,12.0,6.0,11.0,0.0,15.0,120.0,2021-03-12 17:30:00+00:00,29,Regular Season,40.0,IST,ZAL,26.0,3.0,120.0,68.6
E2020,258,road,62.0,30.0,16.0,3.0,0.0,15.0,60.0,25.0,5.0,5.0,9.0,16.0,1.0,22.0,52.0,2021-03-12 17:30:00+00:00,29,Regular Season,40.0,ZAL,IST,35.0,0.0,52.0,69.2
E2020,260,local,78.0,34.0,22.0,11.0,1.0,22.0,59.0,26.0,25.0,17.0,11.0,14.0,3.0,16.0,94.0,2021-03-12 18:00:00+00:00,29,Regular Season,40.0,BAS,MUN,33.0,8.0,94.0,73.0
E2020,260,road,71.0,31.0,21.0,9.0,3.0,16.0,58.0,29.0,8.0,7.0,5.0,17.0,1.0,22.0,81.0,2021-03-12 18:00:00+00:00,29,Regular Season,40.0,MUN,BAS,29.0,1.0,81.0,73.52000000000001
E2020,259,local,75.0,34.0,18.0,8.0,1.0,16.0,56.0,27.0,14.0,12.0,5.0,11.0,2.0,17.0,91.0,2021-03-12 19:00:00+00:00,29,Regular Season,40.0,OLY,DYR,29.0,2.0,91.0,68.16
E2020,259,road,61.0,32.0,15.0,6.0,2.0,17.0,61.0,23.0,6.0,4.0,9.0,13.0,1.0,16.0,63.0,2021-03-12 19:00:00+00:00,29,Regular Season,40.0,DYR,OLY,38.0,2.0,63.0,67.64
E2020,261,local,66.0,35.0,16.0,8.0,3.0,25.0,55.0,25.0,16.0,12.0,6.0,15.0,1.0,17.0,86.0,2021-03-12 20:00:00+00:00,29,Regular Season,40.0,PAM,ULK,30.0,4.0,86.0,71.03999999999999
E2020,261,road,52.0,30.0,12.0,7.0,1.0,17.0,55.0,21.0,10.0,7.0,4.0,18.0,3.0,25.0,36.0,2021-03-12 20:00:00+00:00,29,Regular Season,40.0,ULK,PAM,34.0,3.0,36.0,73.4
E2020,201,local,66.0,32.0,16.0,5.0,3.0,14.0,64.0,24.0,12.0,11.0,10.0,11.0,7.0,18.0,59.0,2021-03-16 17:30:00+00:00,23,Regular Season,40.0,TEL,IST,40.0,1.0,59.0,70.28
E2020,201,road,90.0,34.0,22.0,6.0,7.0,18.0,60.0,33.0,14.0,10.0,6.0,9.0,3.0,14.0,120.0,2021-03-16 17:30:00+00:00,23,Regular Season,40.0,IST,TEL,27.0,4.0,120.0,69.16
E2020,262,local,75.0,30.0,19.0,3.0,5.0,15.0,60.0,28.0,6.0,4.0,10.0,14.0,2.0,24.0,73.0,2021-03-18 17:00:00+00:00,30,Regular Season,40.0,DYR,BAS,32.0,2.0,73.0,66.64
E2020,262,road,79.0,38.0,17.0,7.0,2.0,24.0,65.0,27.0,18.0,17.0,17.0,12.0,5.0,15.0,96.0,2021-03-18 17:00:00+00:00,30,Regular Season,40.0,BAS,DYR,38.0,1.0,96.0,67.92
E2020,263,local,84.0,39.0,23.0,5.0,2.0,18.0,56.0,33.0,12.0,8.0,9.0,11.0,0.0,16.0,117.0,2021-03-18 17:45:00+00:00,30,Regular Season,40.0,ULK,ZAL,23.0,4.0,117.0,63.28
E2020,263,road,61.0,25.0,16.0,7.0,0.0,16.0,60.0,23.0,13.0,8.0,9.0,7.0,2.0,18.0,56.0,2021-03-18 17:45:00+00:00,30,Regular Season,40.0,ZAL,ULK,37.0,5.0,56.0,63.72
E2020,264,local,80.0,32.0,22.0,9.0,1.0,22.0,64.0,29.0,15.0,13.0,11.0,14.0,2.0,20.0,93.0,2021-03-18 19:30:00+00:00,30,Regular Season,40.0,BER,OLY,35.0,2.0,93.0,73.6
E2020,264,road,84.0,40.0,20.0,11.0,2.0,20.0,62.0,31.0,16.0,8.0,15.0,19.0,1.0,22.0,96.0,2021-03-18 19:30:00+00:00,30,Regular Season,40.0,OLY,BER,31.0,8.0,96.0,73.04
E2020,270,local,89.0,32.0,19.0,4.0,4.0,25.0,60.0,28.0,25.0,21.0,12.0,11.0,1.0,25.0,100.0,2021-03-18 20:00:00+00:00,30,Regular Season,40.0,MAD,CSK,32.0,4.0,100.0,70.0
E2020,270,road,96.0,31.0,13.0,7.0,1.0,25.0,62.0,30.0,24.0,20.0,12.0,6.0,4.0,26.0,101.0,2021-03-18 20:00:00+00:00,30,Regular Season,40.0,CSK,MAD,32.0,4.0,101.0,66.56
E2020,266,local,68.0,30.0,19.0,9.0,4.0,20.0,57.0,20.0,24.0,21.0,9.0,11.0,3.0,21.0,75.0,2021-03-19 17:00:00+00:00,30,Regular Season,40.0,KHI,PAM,37.0,3.0,75.0,69.56
E2020,266,road,77.0,34.0,22.0,7.0,3.0,21.0,55.0,27.0,18.0,16.0,7.0,13.0,4.0,21.0,96.0,2021-03-19 17:00:00+00:00,30,Regular Season,40.0,PAM,KHI,28.0,2.0,96.0,68.92
E2020,267,local,82.0,28.0,17.0,12.0,2.0,21.0,61.0,28.0,18.0,15.0,10.0,13.0,1.0,21.0,91.0,2021-03-19 19:00:00+00:00,30,Regular Season,40.0,PAN,RED,33.0,3.0,91.0,71.92
E2020,267,road,86.0,30.0,17.0,9.0,1.0,21.0,56.0,31.0,15.0,15.0,7.0,17.0,2.0,21.0,99.0,2021-03-19 19:00:00+00:00,30,Regular Season,40.0,RED,PAN,25.0,0.0,99.0,72.6
E2020,268,local,80.0,33.0,18.0,8.0,4.0,23.0,62.0,28.0,20.0,18.0,10.0,10.0,1.0,21.0,98.0,2021-03-19 19:30:00+00:00,30,Regular Season,40.0,MUN,IST,34.0,2.0,98.0,70.8
E2020,268,road,79.0,31.0,13.0,3.0,1.0,21.0,56.0,28.0,17.0,15.0,7.0,15.0,4.0,23.0,76.0,2021-03-19 19:30:00+00:00,30,Regular Season,40.0,IST,MUN,28.0,2.0,76.0,71.48
E2020,269,local,56.0,32.0,9.0,6.0,3.0,23.0,54.0,17.0,20.0,20.0,9.0,17.0,2.0,19.0,54.0,2021-03-19 19:45:00+00:00,30,Regular Season,40.0,MIL,BAR,37.0,0.0,54.0,70.8
E2020,269,road,72.0,34.0,19.0,8.0,2.0,19.0,59.0,30.0,9.0,6.0,6.0,15.0,3.0,23.0,81.0,2021-03-19 19:45:00+00:00,30,Regular Season,40.0,BAR,MIL,29.0,3.0,81.0,71.96000000000001
E2020,271,local,87.0,39.0,13.0,3.0,3.0,26.0,63.0,31.0,23.0,17.0,14.0,8.0,3.0,13.0,109.0,2021-03-25 17:00:00+00:00,31,Regular Season,40.0,CSK,RED,32.0,6.0,109.0,67.12
E2020,271,road,72.0,33.0,14.0,5.0,3.0,13.0,65.0,29.0,7.0,4.0,13.0,10.0,3.0,26.0,62.0,2021-03-25 17:00:00+00:00,31,Regular Season,40.0,RED,CSK,36.0,3.0,62.0,65.08
E2020,272,local,85.0,35.0,19.0,4.0,1.0,16.0,55.0,32.0,14.0,12.0,6.0,10.0,3.0,15.0,107.0,2021-03-25 17:30:00+00:00,31,Regular Season,40.0,IST,PAN,23.0,2.0,107.0,65.16
E2020,272,road,65.0,30.0,18.0,7.0,3.0,15.0,66.0,26.0,10.0,7.0,12.0,7.0,1.0,16.0,71.0,2021-03-25 17:30:00+00:00,31,Regular Season,40.0,PAN,IST,40.0,3.0,71.0,65.4
E2020,276,local,81.0,33.0,18.0,9.0,2.0,21.0,65.0,30.0,15.0,12.0,13.0,15.0,3.0,23.0,85.0,2021-03-25 19:00:00+00:00,31,Regular Season,40.0,ZAL,TEL,35.0,3.0,85.0,73.6
E2020,276,road,88.0,31.0,18.0,7.0,3.0,23.0,57.0,31.0,22.0,17.0,8.0,15.0,2.0,21.0,101.0,2021-03-25 19:00:00+00:00,31,Regular Season,40.0,TEL,ZAL,26.0,5.0,101.0,73.68
E2020,273,local,71.0,32.0,12.0,4.0,5.0,21.0,59.0,26.0,12.0,10.0,11.0,17.0,1.0,21.0,71.0,2021-03-25 19:45:00+00:00,31,Regular Season,40.0,ASV,MAD,33.0,2.0,71.0,70.28
E2020,273,road,74.0,35.0,11.0,9.0,1.0,21.0,59.0,27.0,15.0,12.0,13.0,16.0,5.0,21.0,74.0,2021-03-25 19:45:00+00:00,31,Regular Season,40.0,MAD,ASV,32.0,3.0,74.0,68.6
E2020,274,local,83.0,40.0,23.0,6.0,0.0,18.0,58.0,28.0,19.0,16.0,14.0,15.0,5.0,18.0,99.0,2021-03-25 20:00:00+00:00,31,Regular Season,40.0,PAM,MUN,30.0,3.0,99.0,67.36
E2020,274,road,76.0,29.0,16.0,11.0,5.0,18.0,65.0,30.0,12.0,6.0,12.0,10.0,0.0,18.0,86.0,2021-03-25 20:00:00+00:00,31,Regular Season,40.0,MUN,PAM,35.0,6.0,86.0,68.28
E2020,275,local,70.0,26.0,9.0,7.0,4.0,22.0,58.0,25.0,19.0,16.0,8.0,13.0,0.0,28.0,61.0,2021-03-26 17:00:00+00:00,31,Regular Season,40.0,KHI,DYR,33.0,3.0,61.0,71.36
E2020,275,road,91.0,34.0,22.0,5.0,0.0,28.0,55.0,31.0,23.0,16.0,8.0,11.0,4.0,22.0,112.0,2021-03-26 17:00:00+00:00,31,Regular Season,40.0,DYR,KHI,24.0,7.0,112.0,68.12
E2020,279,local,86.0,42.0,18.0,9.0,5.0,16.0,66.0,33.0,14.0,11.0,10.0,12.0,3.0,12.0,113.0,2021-03-26 18:00:00+00:00,31,Regular Season,40.0,BAS,MIL,33.0,3.0,113.0,74.16
E2020,279,road,69.0,30.0,13.0,6.0,3.0,12.0,67.0,27.0,7.0,5.0,8.0,12.0,5.0,17.0,57.0,2021-03-26 18:00:00+00:00,31,Regular Season,40.0,MIL,BAS,40.0,2.0,57.0,74.08
E2020,277,local,71.0,33.0,15.0,9.0,0.0,15.0,62.0,27.0,8.0,7.0,14.0,20.0,1.0,18.0,68.0,2021-03-26 19:00:00+00:00,31,Regular Season,40.0,OLY,ULK,35.0,1.0,68.0,71.52
E2020,277,road,76.0,29.0,18.0,12.0,1.0,18.0,57.0,30.0,12.0,12.0,7.0,16.0,0.0,15.0,96.0,2021-03-26 19:00:00+00:00,31,Regular Season,40.0,ULK,OLY,27.0,0.0,96.0,71.28
E2020,278,local,80.0,39.0,26.0,15.0,2.0,21.0,69.0,31.0,12.0,9.0,19.0,16.0,4.0,20.0,102.0,2021-03-26 20:00:00+00:00,31,Regular Season,40.0,BAR,BER,38.0,3.0,102.0,71.28
E2020,278,road,67.0,30.0,13.0,5.0,4.0,20.0,54.0,26.0,12.0,9.0,10.0,21.0,2.0,21.0,64.0,2021-03-26 20:00:00+00:00,31,Regular Season,40.0,BER,BAR,28.0,3.0,64.0,70.28
E2020,280,local,72.0,25.0,13.0,4.0,0.0,19.0,54.0,28.0,14.0,7.0,5.0,9.0,1.0,19.0,71.0,2021-03-30 17:00:00+00:00,32,Regular Season,40.0,RED,MIL,26.0,7.0,71.0,64.16
E2020,280,road,93.0,32.0,26.0,3.0,1.0,19.0,60.0,32.0,19.0,15.0,9.0,6.0,0.0,19.0,117.0,2021-03-30 17:00:00+00:00,32,Regular Season,40.0,MIL,RED,28.0,4.0,117.0,65.36
E2020,281,local,74.0,27.0,21.0,4.0,0.0,18.0,55.0,28.0,16.0,10.0,10.0,13.0,1.0,23.0,74.0,2021-03-30 17:00:00+00:00,32,Regular Season,40.0,DYR,CSK,27.0,6.0,74.0,65.03999999999999
E2020,281,road,86.0,28.0,16.0,8.0,1.0,23.0,54.0,28.0,26.0,22.0,9.0,9.0,0.0,18.0,105.0,2021-03-30 17:00:00+00:00,32,Regular Season,40.0,CSK,DYR,26.0,4.0,105.0,65.44
E2020,284,local,83.0,28.0,20.0,6.0,4.0,18.0,60.0,31.0,16.0,11.0,9.0,12.0,3.0,24.0,86.0,2021-03-30 17:00:00+00:00,32,Regular Season,40.0,MAD,IST,29.0,5.0,86.0,70.04
E2020,284,road,108.0,30.0,22.0,4.0,3.0,23.0,60.0,34.0,31.0,26.0,9.0,9.0,4.0,18.0,128.0,2021-03-30 17:00:00+00:00,32,Regular Season,40.0,IST,MAD,26.0,5.0,128.0,73.64
E2020,286,local,96.0,31.0,26.0,5.0,0.0,20.0,68.0,35.0,12.0,10.0,9.0,11.0,6.0,20.0,106.0,2021-03-30 17:00:00+00:00,32,Regular Season,40.0,ZAL,BER,33.0,2.0,106.0,75.28
E2020,286,road,86.0,29.0,21.0,4.0,6.0,19.0,61.0,34.0,7.0,6.0,4.0,17.0,0.0,20.0,100.0,2021-03-30 17:00:00+00:00,32,Regular Season,40.0,BER,ZAL,27.0,1.0,100.0,77.08
E2020,282,local,82.0,29.0,18.0,3.0,1.0,21.0,61.0,29.0,18.0,14.0,10.0,12.0,2.0,15.0,89.0,2021-03-30 18:00:00+00:00,32,Regular Season,40.0,PAN,BAS,32.0,4.0,89.0,70.92
E2020,282,road,97.0,29.0,24.0,9.0,2.0,15.0,59.0,35.0,14.0,13.0,5.0,12.0,1.0,21.0,117.0,2021-03-30 18:00:00+00:00,32,Regular Season,40.0,BAS,PAN,24.0,1.0,117.0,72.16
E2020,283,local,99.0,38.0,25.0,5.0,6.0,22.0,72.0,37.0,18.0,16.0,10.0,13.0,4.0,22.0,119.0,2021-03-30 18:05:00+00:00,32,Regular Season,45.0,TEL,BAR,35.0,2.0,119.0,82.92
E2020,283,road,94.0,37.0,19.0,8.0,4.0,22.0,72.0,35.0,20.0,16.0,11.0,9.0,6.0,23.0,105.0,2021-03-30 18:05:00+00:00,32,Regular Season,45.0,BAR,TEL,37.0,4.0,105.0,78.8
E2020,287,local,68.0,34.0,13.0,7.0,0.0,15.0,62.0,25.0,9.0,8.0,11.0,16.0,3.0,23.0,57.0,2021-03-30 19:00:00+00:00,32,Regular Season,40.0,MUN,ULK,37.0,1.0,57.0,70.96
E2020,287,road,77.0,30.0,11.0,5.0,3.0,23.0,57.0,29.0,16.0,12.0,7.0,11.0,0.0,15.0,91.0,2021-03-30 19:00:00+00:00,32,Regular Season,40.0,ULK,MUN,28.0,4.0,91.0,68.04
E2020,285,local,87.0,36.0,21.0,7.0,5.0,20.0,66.0,30.0,21.0,20.0,4.0,12.0,3.0,26.0,98.0,2021-03-31 17:00:00+00:00,32,Regular Season,45.0,KHI,ASV,36.0,1.0,98.0,83.24
E2020,285,road,85.0,37.0,26.0,8.0,3.0,26.0,63.0,28.0,30.0,22.0,6.0,12.0,5.0,20.0,105.0,2021-03-31 17:00:00+00:00,32,Regular Season,45.0,ASV,KHI,35.0,8.0,105.0,82.2
E2020,288,local,79.0,34.0,21.0,7.0,1.0,18.0,62.0,27.0,18.0,11.0,9.0,10.0,3.0,22.0,83.0,2021-03-31 19:00:00+00:00,32,Regular Season,40.0,PAM,OLY,35.0,7.0,83.0,70.92
E2020,288,road,88.0,38.0,25.0,5.0,3.0,21.0,61.0,28.0,26.0,23.0,9.0,9.0,1.0,18.0,116.0,2021-03-31 19:00:00+00:00,32,Regular Season,40.0,OLY,PAM,33.0,3.0,116.0,72.44
E2020,291,local,101.0,36.0,27.0,6.0,6.0,20.0,82.0,38.0,18.0,18.0,16.0,8.0,5.0,29.0,110.0,2021-04-01 17:00:00+00:00,33,Regular Season,45.0,BAS,IST,44.0,0.0,110.0,81.92
E2020,291,road,111.0,43.0,21.0,4.0,5.0,28.0,69.0,35.0,30.0,25.0,16.0,15.0,6.0,20.0,132.0,2021-04-01 17:00:00+00:00,33,Regular Season,45.0,IST,BAS,34.0,5.0,132.0,81.2
E2020,289,local,86.0,44.0,16.0,4.0,6.0,21.0,67.0,32.0,23.0,12.0,16.0,15.0,2.0,23.0,91.0,2021-04-01 18:00:00+00:00,33,Regular Season,45.0,PAN,MIL,35.0,11.0,91.0,76.12
E2020,289,road,83.0,39.0,16.0,6.0,2.0,23.0,69.0,29.0,19.0,16.0,13.0,12.0,6.0,21.0,87.0,2021-04-01 18:00:00+00:00,33,Regular Season,45.0,MIL,PAN,40.0,3.0,87.0,76.36
E2020,296,local,71.0,26.0,17.0,11.0,4.0,20.0,58.0,26.0,12.0,11.0,10.0,11.0,0.0,20.0,85.0,2021-04-01 18:30:00+00:00,33,Regular Season,40.0,MUN,ZAL,32.0,1.0,85.0,64.28
E2020,296,road,70.0,32.0,18.0,4.0,0.0,20.0,55.0,27.0,9.0,7.0,11.0,19.0,4.0,21.0,70.0,2021-04-01 18:30:00+00:00,33,Regular Season,40.0,ZAL,MUN,28.0,2.0,70.0,66.96000000000001
E2020,290,local,76.0,48.0,17.0,7.0,0.0,21.0,58.0,26.0,18.0,15.0,14.0,20.0,2.0,22.0,90.0,2021-04-01 18:45:00+00:00,33,Regular Season,40.0,RED,TEL,32.0,3.0,90.0,71.92
E2020,290,road,64.0,26.0,13.0,11.0,2.0,22.0,62.0,24.0,11.0,7.0,6.0,14.0,0.0,21.0,61.0,2021-04-01 18:45:00+00:00,33,Regular Season,40.0,TEL,RED,38.0,4.0,61.0,74.84
E2020,292,local,97.0,32.0,21.0,12.0,3.0,22.0,61.0,39.0,19.0,12.0,8.0,16.0,0.0,23.0,119.0,2021-04-02 17:00:00+00:00,33,Regular Season,40.0,CSK,KHI,22.0,7.0,119.0,77.36
E2020,292,road,72.0,28.0,14.0,12.0,0.0,23.0,54.0,24.0,23.0,18.0,9.0,19.0,3.0,22.0,70.0,2021-04-02 17:00:00+00:00,33,Regular Season,40.0,KHI,CSK,30.0,5.0,70.0,74.12
E2020,293,local,87.0,35.0,21.0,9.0,2.0,19.0,54.0,30.0,21.0,17.0,8.0,12.0,1.0,18.0,114.0,2021-04-02 17:00:00+00:00,33,Regular Season,40.0,DYR,ASV,24.0,4.0,114.0,67.24000000000001
E2020,293,road,53.0,23.0,10.0,7.0,1.0,18.0,52.0,20.0,14.0,11.0,7.0,15.0,2.0,19.0,41.0,2021-04-02 17:00:00+00:00,33,Regular Season,40.0,ASV,DYR,32.0,3.0,41.0,66.16
E2020,295,local,86.0,32.0,26.0,6.0,2.0,20.0,70.0,31.0,12.0,10.0,10.0,11.0,0.0,21.0,99.0,2021-04-02 17:00:00+00:00,33,Regular Season,40.0,BER,PAM,39.0,2.0,99.0,76.28
E2020,295,road,90.0,40.0,28.0,8.0,0.0,21.0,65.0,30.0,22.0,20.0,12.0,13.0,2.0,20.0,115.0,2021-04-02 17:00:00+00:00,33,Regular Season,40.0,PAM,BER,35.0,2.0,115.0,75.68
E2020,294,local,73.0,21.0,15.0,8.0,1.0,22.0,51.0,26.0,16.0,14.0,9.0,16.0,1.0,20.0,76.0,2021-04-02 17:45:00+00:00,33,Regular Season,40.0,ULK,BAR,25.0,2.0,76.0,65.03999999999999
E2020,294,road,82.0,36.0,21.0,8.0,1.0,20.0,63.0,32.0,10.0,6.0,19.0,17.0,1.0,23.0,92.0,2021-04-02 17:45:00+00:00,33,Regular Season,40.0,BAR,ULK,31.0,4.0,92.0,65.4
E2020,297,local,72.0,33.0,12.0,8.0,5.0,19.0,55.0,27.0,13.0,10.0,6.0,18.0,2.0,17.0,81.0,2021-04-02 19:00:00+00:00,33,Regular Season,40.0,MAD,OLY,28.0,3.0,81.0,72.72
E2020,297,road,63.0,32.0,14.0,11.0,2.0,17.0,60.0,23.0,11.0,10.0,10.0,17.0,5.0,19.0,60.0,2021-04-02 19:00:00+00:00,33,Regular Season,40.0,OLY,MAD,37.0,1.0,60.0,71.84
E2020,265,local,67.0,39.0,10.0,9.0,2.0,23.0,62.0,20.0,27.0,23.0,11.0,12.0,6.0,18.0,68.0,2021-04-04 18:05:00+00:00,30,Regular Season,40.0,TEL,ASV,42.0,4.0,68.0,74.88
E2020,265,road,74.0,40.0,15.0,6.0,6.0,18.0,58.0,25.0,22.0,15.0,8.0,13.0,2.0,23.0,81.0,2021-04-04 18:05:00+00:00,30,Regular Season,40.0,ASV,TEL,33.0,7.0,81.0,72.68
E2020,209,local,92.0,45.0,21.0,8.0,4.0,15.0,70.0,34.0,13.0,13.0,7.0,13.0,6.0,16.0,114.0,2021-04-06 15:00:00+00:00,24,Regular Season,40.0,TEL,KHI,36.0,0.0,114.0,81.72
E2020,209,road,62.0,34.0,14.0,8.0,6.0,16.0,67.0,24.0,13.0,12.0,6.0,14.0,4.0,15.0,63.0,2021-04-06 15:00:00+00:00,24,Regular Season,40.0,KHI,TEL,43.0,1.0,63.0,80.72
E2020,298,local,88.0,33.0,17.0,8.0,0.0,20.0,62.0,34.0,15.0,9.0,13.0,6.0,2.0,17.0,107.0,2021-04-08 17:00:00+00:00,34,Regular Season,40.0,CSK,ASV,28.0,6.0,107.0,61.599999999999994
E2020,298,road,70.0,25.0,17.0,2.0,2.0,17.0,53.0,25.0,10.0,9.0,8.0,15.0,0.0,20.0,69.0,2021-04-08 17:00:00+00:00,34,Regular Season,40.0,ASV,CSK,28.0,1.0,69.0,64.4
E2020,299,local,93.0,34.0,21.0,10.0,5.0,20.0,64.0,35.0,12.0,10.0,9.0,15.0,1.0,18.0,118.0,2021-04-08 17:00:00+00:00,34,Regular Season,40.0,ZAL,PAN,29.0,2.0,118.0,75.28
E2020,299,road,78.0,29.0,23.0,11.0,1.0,18.0,61.0,26.0,17.0,13.0,10.0,16.0,5.0,21.0,79.0,2021-04-08 17:00:00+00:00,34,Regular Season,40.0,PAN,ZAL,35.0,4.0,79.0,74.48
E2020,300,local,67.0,28.0,7.0,2.0,3.0,20.0,51.0,24.0,16.0,14.0,5.0,15.0,4.0,15.0,64.0,2021-04-08 17:45:00+00:00,34,Regular Season,40.0,ULK,MAD,27.0,2.0,64.0,68.03999999999999
E2020,300,road,93.0,33.0,23.0,6.0,4.0,15.0,64.0,34.0,10.0,6.0,9.0,9.0,3.0,20.0,108.0,2021-04-08 17:45:00+00:00,34,Regular Season,40.0,MAD,ULK,30.0,4.0,108.0,68.4
E2020,301,local,81.0,40.0,24.0,11.0,2.0,18.0,70.0,33.0,3.0,3.0,13.0,13.0,3.0,18.0,105.0,2021-04-08 18:00:00+00:00,34,Regular Season,40.0,BER,RED,37.0,0.0,105.0,71.32
E2020,301,road,58.0,35.0,13.0,7.0,3.0,18.0,57.0,19.0,16.0,11.0,13.0,19.0,2.0,18.0,52.0,2021-04-08 18:00:00+00:00,34,Regular Season,40.0,RED,BER,38.0,5.0,52.0,70.04
E2020,302,local,86.0,42.0,19.0,8.0,4.0,26.0,58.0,27.0,30.0,25.0,13.0,22.0,0.0,27.0,100.0,2021-04-08 19:00:00+00:00,34,Regular Season,40.0,PAM,BAS,31.0,5.0,100.0,80.2
E2020,302,road,81.0,30.0,17.0,12.0,0.0,27.0,63.0,27.0,26.0,17.0,11.0,17.0,4.0,26.0,75.0,2021-04-08 19:00:00+00:00,34,Regular Season,40.0,BAS,PAM,36.0,9.0,75.0,80.44
E2020,303,local,86.0,22.0,22.0,9.0,2.0,18.0,57.0,32.0,15.0,14.0,6.0,8.0,1.0,15.0,109.0,2021-04-09 17:00:00+00:00,34,Regular Season,40.0,DYR,TEL,25.0,1.0,109.0,65.6
E2020,303,road,69.0,18.0,7.0,1.0,1.0,15.0,47.0,28.0,7.0,6.0,3.0,18.0,2.0,18.0,53.0,2021-04-09 17:00:00+00:00,34,Regular Season,40.0,TEL,DYR,19.0,1.0,53.0,65.08
E2020,304,local,82.0,33.0,25.0,10.0,1.0,22.0,59.0,29.0,28.0,19.0,7.0,10.0,0.0,13.0,111.0,2021-04-09 18:00:00+00:00,34,Regular Season,40.0,OLY,KHI,30.0,9.0,111.0,74.32
E2020,304,road,75.0,34.0,20.0,6.0,0.0,13.0,60.0,27.0,7.0,7.0,7.0,18.0,1.0,22.0,74.0,2021-04-09 18:00:00+00:00,34,Regular Season,40.0,KHI,OLY,33.0,0.0,74.0,74.08
E2020,305,local,98.0,36.0,19.0,8.0,1.0,16.0,66.0,37.0,16.0,14.0,13.0,8.0,3.0,17.0,119.0,2021-04-09 18:45:00+00:00,34,Regular Season,40.0,MIL,IST,29.0,2.0,119.0,68.04
E2020,305,road,75.0,29.0,17.0,6.0,3.0,17.0,61.0,28.0,11.0,9.0,11.0,12.0,1.0,16.0,83.0,2021-04-09 18:45:00+00:00,34,Regular Season,40.0,IST,MIL,33.0,2.0,83.0,66.84
E2020,306,local,72.0,36.0,14.0,7.0,1.0,23.0,66.0,26.0,21.0,16.0,16.0,11.0,2.0,19.0,76.0,2021-04-09 19:00:00+00:00,34,Regular Season,40.0,BAR,MUN,40.0,5.0,76.0,70.24
E2020,306,road,82.0,31.0,19.0,9.0,2.0,19.0,59.0,35.0,11.0,7.0,5.0,13.0,1.0,23.0,97.0,2021-04-09 19:00:00+00:00,34,Regular Season,40.0,MUN,BAR,24.0,4.0,97.0,71.84
E2020,47,local,112.0,31.0,23.0,9.0,2.0,22.0,63.0,37.0,27.0,23.0,11.0,8.0,2.0,20.0,139.0,2021-04-12 17:00:00+00:00,6,Regular Season,40.0,DYR,PAN,26.0,4.0,139.0,71.88
E2020,47,road,83.0,29.0,11.0,5.0,2.0,19.0,63.0,31.0,17.0,13.0,14.0,14.0,2.0,22.0,75.0,2021-04-12 17:00:00+00:00,6,Regular Season,40.0,PAN,DYR,32.0,4.0,75.0,70.48
E2020,221,local,93.0,28.0,24.0,7.0,1.0,17.0,59.0,35.0,14.0,12.0,7.0,10.0,1.0,16.0,117.0,2021-04-14 17:00:00+00:00,25,Regular Season,40.0,CSK,PAN,24.0,2.0,117.0,68.16
E2020,221,road,86.0,25.0,22.0,5.0,1.0,16.0,62.0,33.0,8.0,5.0,8.0,11.0,1.0,17.0,94.0,2021-04-14 17:00:00+00:00,25,Regular Season,40.0,PAN,CSK,29.0,3.0,94.0,68.52
E2020,309,local,90.0,45.0,20.0,4.0,4.0,17.0,71.0,32.0,13.0,12.0,14.0,9.0,4.0,18.0,109.0,2021-04-20 17:00:00+00:00,35,Playoffs,40.0,IST,MAD,39.0,1.0,109.0,71.72
E2020,309,road,63.0,34.0,10.0,3.0,4.0,17.0,62.0,21.0,16.0,11.0,9.0,13.0,4.0,17.0,51.0,2021-04-20 17:00:00+00:00,35,Playoffs,40.0,MAD,IST,41.0,5.0,51.0,73.04
E2020,308,local,79.0,38.0,10.0,4.0,2.0,21.0,61.0,26.0,23.0,21.0,10.0,8.0,3.0,25.0,81.0,2021-04-20 18:45:00+00:00,35,Playoffs,40.0,MIL,MUN,35.0,2.0,81.0,69.12
E2020,308,road,78.0,37.0,15.0,5.0,3.0,25.0,62.0,25.0,26.0,19.0,12.0,8.0,2.0,21.0,88.0,2021-04-20 18:45:00+00:00,35,Playoffs,40.0,MUN,MIL,37.0,7.0,88.0,69.44
E2020,310,local,92.0,32.0,17.0,8.0,7.0,18.0,63.0,34.0,12.0,10.0,11.0,17.0,3.0,21.0,102.0,2021-04-21 17:00:00+00:00,35,Playoffs,40.0,CSK,ULK,29.0,2.0,102.0,74.28
E2020,310,road,76.0,21.0,15.0,10.0,3.0,19.0,55.0,27.0,19.0,15.0,6.0,15.0,7.0,19.0,71.0,2021-04-21 17:00:00+00:00,35,Playoffs,40.0,ULK,CSK,28.0,4.0,71.0,72.36
E2020,307,local,74.0,28.0,15.0,1.0,0.0,20.0,53.0,26.0,18.0,15.0,9.0,11.0,2.0,18.0,77.0,2021-04-21 19:00:00+00:00,35,Playoffs,40.0,BAR,DYR,27.0,3.0,77.0,62.92
E2020,307,road,76.0,24.0,14.0,8.0,2.0,18.0,56.0,30.0,10.0,6.0,6.0,10.0,0.0,20.0,82.0,2021-04-21 19:00:00+00:00,35,Playoffs,40.0,DYR,BAR,26.0,4.0,82.0,64.4
E2020,313,local,91.0,34.0,18.0,3.0,1.0,19.0,55.0,33.0,18.0,13.0,7.0,13.0,1.0,21.0,104.0,2021-04-22 17:00:00+00:00,36,Playoffs,40.0,IST,MAD,22.0,5.0,104.0,68.92
E2020,313,road,68.0,30.0,18.0,6.0,1.0,21.0,62.0,24.0,20.0,16.0,12.0,11.0,1.0,19.0,71.0,2021-04-22 17:00:00+00:00,36,Playoffs,40.0,MAD,IST,38.0,4.0,71.0,69.8
E2020,312,local,80.0,33.0,13.0,7.0,1.0,22.0,60.0,25.0,27.0,23.0,6.0,10.0,3.0,23.0,81.0,2021-04-22 18:45:00+00:00,36,Playoffs,40.0,MIL,MUN,35.0,4.0,81.0,75.88
E2020,312,road,69.0,38.0,11.0,5.0,3.0,23.0,56.0,23.0,22.0,15.0,7.0,15.0,1.0,22.0,71.0,2021-04-22 18:45:00+00:00,36,Playoffs,40.0,MUN,MIL,33.0,7.0,71.0,73.68
E2020,314,local,78.0,30.0,24.0,7.0,2.0,15.0,61.0,28.0,12.0,8.0,12.0,10.0,1.0,24.0,84.0,2021-04-23 17:00:00+00:00,36,Playoffs,40.0,CSK,ULK,33.0,4.0,84.0,64.28
E2020,314,road,67.0,25.0,9.0,5.0,1.0,24.0,43.0,21.0,24.0,19.0,4.0,14.0,2.0,15.0,73.0,2021-04-23 17:00:00+00:00,36,Playoffs,40.0,ULK,CSK,22.0,5.0,73.0,63.56
E2020,311,local,81.0,33.0,13.0,8.0,1.0,34.0,49.0,19.0,44.0,37.0,9.0,12.0,3.0,23.0,95.0,2021-04-23 19:00:00+00:00,36,Playoffs,45.0,BAR,DYR,30.0,7.0,95.0,71.36
E2020,311,road,78.0,34.0,10.0,8.0,3.0,23.0,62.0,28.0,19.0,15.0,12.0,14.0,1.0,34.0,69.0,2021-04-23 19:00:00+00:00,36,Playoffs,45.0,DYR,BAR,34.0,4.0,69.0,72.36
E2020,317,local,80.0,39.0,17.0,5.0,1.0,13.0,63.0,30.0,10.0,9.0,10.0,13.0,2.0,19.0,87.0,2021-04-27 17:00:00+00:00,37,Playoffs,40.0,MAD,IST,33.0,1.0,87.0,70.4
E2020,317,road,76.0,30.0,13.0,8.0,2.0,19.0,59.0,26.0,19.0,13.0,8.0,9.0,1.0,15.0,84.0,2021-04-27 17:00:00+00:00,37,Playoffs,40.0,IST,MAD,33.0,6.0,84.0,68.36
E2020,315,local,70.0,26.0,16.0,4.0,3.0,23.0,57.0,25.0,19.0,14.0,10.0,10.0,3.0,24.0,68.0,2021-04-28 17:00:00+00:00,37,Playoffs,40.0,DYR,BAR,32.0,5.0,68.0,65.36
E2020,315,road,78.0,39.0,10.0,4.0,3.0,24.0,57.0,27.0,20.0,16.0,14.0,15.0,3.0,23.0,83.0,2021-04-28 17:00:00+00:00,37,Playoffs,40.0,BAR,DYR,30.0,4.0,83.0,66.8
E2020,318,local,68.0,30.0,13.0,5.0,0.0,19.0,58.0,28.0,10.0,6.0,8.0,19.0,2.0,23.0,57.0,2021-04-28 17:45:00+00:00,37,Playoffs,40.0,ULK,CSK,30.0,4.0,57.0,73.4
E2020,318,road,85.0,33.0,15.0,8.0,2.0,22.0,61.0,30.0,19.0,13.0,10.0,14.0,0.0,19.0,95.0,2021-04-28 17:45:00+00:00,37,Playoffs,40.0,CSK,ULK,31.0,6.0,95.0,73.36
E2020,316,local,85.0,37.0,18.0,3.0,2.0,25.0,53.0,28.0,30.0,23.0,9.0,10.0,1.0,25.0,102.0,2021-04-28 18:45:00+00:00,37,Playoffs,40.0,MUN,MIL,25.0,7.0,102.0,67.2
E2020,316,road,79.0,29.0,11.0,5.0,1.0,24.0,63.0,27.0,20.0,16.0,10.0,11.0,2.0,25.0,71.0,2021-04-28 18:45:00+00:00,37,Playoffs,40.0,MIL,MUN,36.0,4.0,71.0,72.8
E2020,321,local,82.0,33.0,25.0,8.0,1.0,17.0,58.0,26.0,22.0,19.0,11.0,18.0,3.0,26.0,84.0,2021-04-29 19:00:00+00:00,38,Playoffs,40.0,MAD,IST,32.0,3.0,84.0,74.68
E2020,321,road,76.0,23.0,17.0,9.0,3.0,25.0,49.0,23.0,24.0,18.0,3.0,15.0,1.0,17.0,88.0,2021-04-29 19:00:00+00:00,38,Playoffs,40.0,IST,MAD,26.0,6.0,88.0,71.56
E2020,319,local,74.0,40.0,12.0,3.0,0.0,22.0,57.0,26.0,21.0,17.0,8.0,12.0,5.0,20.0,79.0,2021-04-30 17:00:00+00:00,38,Playoffs,40.0,DYR,BAR,31.0,4.0,79.0,70.24
E2020,319,road,61.0,26.0,12.0,7.0,5.0,20.0,59.0,23.0,14.0,11.0,6.0,6.0,0.0,22.0,64.0,2021-04-30 17:00:00+00:00,38,Playoffs,40.0,BAR,DYR,36.0,3.0,64.0,65.16
E2020,320,local,85.0,34.0,15.0,7.0,0.0,26.0,63.0,29.0,26.0,22.0,9.0,11.0,1.0,25.0,92.0,2021-04-30 18:45:00+00:00,38,Playoffs,40.0,MUN,MIL,34.0,4.0,92.0,76.44
E2020,320,road,82.0,34.0,13.0,6.0,1.0,25.0,55.0,27.0,26.0,20.0,6.0,14.0,0.0,26.0,87.0,2021-04-30 18:45:00+00:00,38,Playoffs,40.0,MIL,MUN,28.0,6.0,87.0,74.44
E2020,324,local,88.0,28.0,15.0,5.0,3.0,24.0,55.0,28.0,20.0,18.0,5.0,9.0,2.0,20.0,103.0,2021-05-04 16:45:00+00:00,39,Playoffs,40.0,IST,MAD,27.0,2.0,103.0,67.8
E2020,324,road,83.0,34.0,16.0,5.0,2.0,20.0,64.0,28.0,14.0,13.0,12.0,13.0,3.0,24.0,83.0,2021-05-04 16:45:00+00:00,39,Playoffs,40.0,MAD,IST,36.0,1.0,83.0,71.16
E2020,323,local,92.0,30.0,15.0,6.0,2.0,19.0,57.0,30.0,22.0,20.0,10.0,14.0,2.0,23.0,96.0,2021-05-04 18:45:00+00:00,39,Playoffs,40.0,MIL,MUN,27.0,2.0,96.0,70.68
E2020,323,road,89.0,30.0,19.0,7.0,2.0,23.0,64.0,35.0,18.0,12.0,12.0,11.0,2.0,19.0,103.0,2021-05-04 18:45:00+00:00,39,Playoffs,40.0,MUN,MIL,29.0,6.0,103.0,70.92
E2020,322,local,79.0,36.0,14.0,8.0,9.0,19.0,49.0,28.0,17.0,14.0,8.0,17.0,1.0,22.0,101.0,2021-05-04 19:00:00+00:00,39,Playoffs,40.0,BAR,DYR,21.0,3.0,101.0,65.48
E2020,322,road,53.0,32.0,12.0,8.0,1.0,22.0,65.0,20.0,13.0,8.0,17.0,13.0,9.0,19.0,37.0,2021-05-04 19:00:00+00:00,39,Playoffs,40.0,DYR,BAR,45.0,5.0,37.0,66.72
E2020,326,local,86.0,28.0,8.0,5.0,3.0,24.0,60.0,32.0,19.0,15.0,8.0,11.0,6.0,26.0,79.0,2021-05-28 16:00:00+00:00,40,Final Four,40.0,CSK,IST,28.0,4.0,79.0,71.36
E2020,326,road,89.0,29.0,12.0,2.0,6.0,26.0,55.0,29.0,27.0,23.0,6.0,12.0,3.0,24.0,95.0,2021-05-28 16:00:00+00:00,40,Final Four,40.0,IST,CSK,26.0,4.0,95.0,72.88
E2020,325,local,84.0,30.0,14.0,8.0,6.0,22.0,56.0,27.0,28.0,22.0,13.0,13.0,0.0,22.0,94.0,2021-05-28 19:00:00+00:00,40,Final Four,40.0,BAR,MIL,29.0,6.0,94.0,68.32
E2020,325,road,82.0,36.0,11.0,8.0,0.0,21.0,63.0,27.0,19.0,17.0,18.0,17.0,6.0,22.0,75.0,2021-05-28 19:00:00+00:00,40,Final Four,40.0,MIL,BAR,36.0,2.0,75.0,70.36
E2020,327,local,83.0,34.0,15.0,6.0,7.0,22.0,54.0,29.0,20.0,14.0,4.0,15.0,0.0,25.0,96.0,2021-05-30 15:30:00+00:00,41,Final Four,40.0,MIL,CSK,25.0,6.0,96.0,73.8
E2020,327,road,73.0,32.0,11.0,9.0,0.0,25.0,63.0,25.0,20.0,17.0,8.0,11.0,7.0,22.0,69.0,2021-05-30 15:30:00+00:00,41,Final Four,40.0,CSK,MIL,38.0,3.0,69.0,74.8
E2020,328,local,81.0,42.0,10.0,5.0,3.0,25.0,67.0,25.0,29.0,23.0,19.0,14.0,2.0,30.0,72.0,2021-05-30 18:30:00+00:00,41,Final Four,40.0,BAR,IST,42.0,6.0,72.0,74.76
E2020,328,road,86.0,33.0,12.0,8.0,2.0,30.0,57.0,26.0,35.0,30.0,8.0,10.0,3.0,25.0,97.0,2021-05-30 18:30:00+00:00,41,Final Four,40.0,IST,BAR,31.0,5.0,97.0,74.4
E2021,1,local,75.0,39.0,18.0,6.0,4.0,16.0,63.0,27.0,17.0,12.0,9.0,7.0,5.0,17.0,88.0,2021-09-30 17:00:00+00:00,1,Regular Season,40.0,MCO,PAN,36.0,5.0,88.0,68.48
E2021,1,road,63.0,43.0,8.0,2.0,5.0,17.0,69.0,27.0,10.0,5.0,17.0,8.0,4.0,18.0,61.0,2021-09-30 17:00:00+00:00,1,Regular Season,40.0,PAN,MCO,42.0,5.0,61.0,64.4
E2021,2,local,69.0,29.0,11.0,6.0,2.0,17.0,60.0,25.0,14.0,12.0,9.0,9.0,1.0,23.0,64.0,2021-09-30 18:05:00+00:00,1,Regular Season,40.0,TEL,MUN,35.0,2.0,64.0,66.16
E2021,2,road,68.0,35.0,15.0,5.0,1.0,23.0,50.0,23.0,20.0,16.0,8.0,15.0,2.0,17.0,82.0,2021-09-30 18:05:00+00:00,1,Regular Season,40.0,MUN,TEL,27.0,4.0,82.0,65.8
E2021,3,local,84.0,32.0,15.0,7.0,1.0,19.0,60.0,31.0,20.0,14.0,4.0,10.0,0.0,23.0,90.0,2021-09-30 18:30:00+00:00,1,Regular Season,40.0,MIL,CSK,29.0,6.0,90.0,74.8
E2021,3,road,74.0,39.0,13.0,4.0,0.0,23.0,65.0,24.0,20.0,18.0,11.0,11.0,1.0,19.0,79.0,2021-09-30 18:30:00+00:00,1,Regular Season,40.0,CSK,MIL,41.0,2.0,79.0,73.8
E2021,4,local,82.0,47.0,19.0,4.0,5.0,10.0,66.0,32.0,8.0,6.0,16.0,16.0,2.0,24.0,89.0,2021-09-30 18:45:00+00:00,1,Regular Season,40.0,MAD,IST,34.0,2.0,89.0,69.52
E2021,4,road,69.0,21.0,11.0,3.0,2.0,23.0,55.0,22.0,22.0,17.0,4.0,11.0,5.0,10.0,65.0,2021-09-30 18:45:00+00:00,1,Regular Season,40.0,IST,MAD,33.0,5.0,65.0,71.68
E2021,5,local,69.0,26.0,16.0,9.0,0.0,18.0,58.0,27.0,15.0,8.0,7.0,10.0,0.0,21.0,69.0,2021-10-01 16:00:00+00:00,1,Regular Season,40.0,UNK,DYR,31.0,7.0,69.0,67.6
E2021,5,road,70.0,40.0,11.0,5.0,0.0,21.0,57.0,25.0,13.0,12.0,12.0,18.0,0.0,18.0,78.0,2021-10-01 16:00:00+00:00,1,Regular Season,40.0,DYR,UNK,32.0,1.0,78.0,68.72
E2021,6,local,61.0,32.0,18.0,14.0,7.0,20.0,58.0,24.0,14.0,9.0,9.0,10.0,1.0,16.0,86.0,2021-10-01 17:45:00+00:00,1,Regular Season,40.0,ULK,RED,34.0,5.0,86.0,65.16
E2021,6,road,57.0,42.0,15.0,6.0,1.0,16.0,61.0,24.0,5.0,4.0,15.0,21.0,7.0,20.0,51.0,2021-10-01 17:45:00+00:00,1,Regular Season,40.0,RED,ULK,37.0,1.0,51.0,69.2
E2021,7,local,88.0,35.0,14.0,10.0,1.0,15.0,63.0,35.0,10.0,7.0,10.0,13.0,0.0,19.0,100.0,2021-10-01 18:00:00+00:00,1,Regular Season,40.0,ASV,ZAL,28.0,3.0,100.0,70.4
E2021,7,road,76.0,26.0,14.0,6.0,0.0,19.0,57.0,25.0,24.0,18.0,11.0,12.0,1.0,15.0,75.0,2021-10-01 18:00:00+00:00,1,Regular Season,40.0,ZAL,ASV,32.0,6.0,75.0,68.56
E2021,8,local,75.0,36.0,20.0,11.0,4.0,15.0,69.0,31.0,8.0,5.0,10.0,6.0,5.0,18.0,91.0,2021-10-01 18:00:00+00:00,1,Regular Season,40.0,OLY,BAS,38.0,3.0,91.0,68.52
E2021,8,road,50.0,43.0,13.0,3.0,5.0,18.0,58.0,18.0,11.0,10.0,13.0,21.0,4.0,15.0,51.0,2021-10-01 18:00:00+00:00,1,Regular Season,40.0,BAS,OLY,40.0,1.0,51.0,70.84
E2021,9,local,96.0,41.0,28.0,4.0,4.0,13.0,62.0,39.0,6.0,4.0,11.0,14.0,2.0,18.0,127.0,2021-10-01 19:00:00+00:00,1,Regular Season,40.0,BAR,BER,23.0,2.0,127.0,67.64
E2021,9,road,64.0,27.0,16.0,5.0,2.0,18.0,69.0,25.0,10.0,6.0,14.0,8.0,4.0,13.0,59.0,2021-10-01 19:00:00+00:00,1,Regular Season,40.0,BER,BAR,44.0,4.0,59.0,67.4
E2021,10,local,64.0,32.0,15.0,2.0,3.0,20.0,57.0,26.0,12.0,6.0,7.0,14.0,0.0,22.0,63.0,2021-10-07 17:00:00+00:00,2,Regular Season,40.0,ZAL,DYR,31.0,6.0,63.0,69.28
E2021,10,road,70.0,32.0,18.0,10.0,0.0,22.0,59.0,24.0,20.0,14.0,6.0,9.0,3.0,20.0,79.0,2021-10-07 17:00:00+00:00,2,Regular Season,40.0,DYR,ZAL,35.0,6.0,79.0,70.8
E2021,11,local,91.0,33.0,16.0,7.0,2.0,26.0,67.0,30.0,27.0,25.0,12.0,12.0,2.0,21.0,101.0,2021-10-07 18:00:00+00:00,2,Regular Season,40.0,PAN,ULK,37.0,2.0,101.0,78.88
E2021,11,road,87.0,33.0,21.0,5.0,2.0,21.0,62.0,34.0,17.0,11.0,9.0,13.0,2.0,26.0,94.0,2021-10-07 18:00:00+00:00,2,Regular Season,40.0,ULK,PAN,28.0,6.0,94.0,73.48
E2021,12,local,63.0,30.0,11.0,5.0,0.0,22.0,54.0,19.0,21.0,17.0,8.0,14.0,2.0,18.0,58.0,2021-10-07 18:05:00+00:00,2,Regular Season,40.0,TEL,RED,35.0,4.0,58.0,69.24000000000001
E2021,12,road,75.0,34.0,17.0,11.0,2.0,17.0,56.0,28.0,17.0,12.0,7.0,12.0,0.0,22.0,89.0,2021-10-07 18:05:00+00:00,2,Regular Season,40.0,RED,TEL,28.0,5.0,89.0,68.48
E2021,13,local,72.0,19.0,14.0,9.0,2.0,18.0,55.0,29.0,10.0,7.0,8.0,16.0,0.0,25.0,64.0,2021-10-07 18:30:00+00:00,2,Regular Season,40.0,MUN,BAR,26.0,3.0,64.0,67.4
E2021,13,road,80.0,22.0,18.0,10.0,0.0,25.0,45.0,27.0,21.0,17.0,7.0,18.0,2.0,19.0,94.0,2021-10-07 18:30:00+00:00,2,Regular Season,40.0,BAR,MUN,18.0,4.0,94.0,65.24000000000001
E2021,14,local,80.0,45.0,19.0,6.0,4.0,16.0,77.0,30.0,15.0,12.0,13.0,12.0,4.0,24.0,80.0,2021-10-08 16:00:00+00:00,2,Regular Season,45.0,UNK,MCO,47.0,3.0,80.0,82.6
E2021,14,road,88.0,43.0,17.0,7.0,4.0,24.0,71.0,33.0,20.0,14.0,8.0,12.0,4.0,16.0,107.0,2021-10-08 16:00:00+00:00,2,Regular Season,45.0,MCO,UNK,38.0,6.0,107.0,83.8
E2021,15,local,96.0,31.0,16.0,5.0,1.0,25.0,65.0,32.0,25.0,21.0,10.0,10.0,1.0,25.0,101.0,2021-10-08 17:30:00+00:00,2,Regular Season,40.0,IST,CSK,33.0,4.0,101.0,76.0
E2021,15,road,100.0,36.0,21.0,5.0,1.0,25.0,59.0,29.0,37.0,30.0,11.0,10.0,1.0,25.0,115.0,2021-10-08 17:30:00+00:00,2,Regular Season,40.0,CSK,IST,30.0,7.0,115.0,74.28
E2021,16,local,67.0,35.0,12.0,10.0,1.0,23.0,70.0,24.0,15.0,13.0,19.0,14.0,7.0,17.0,62.0,2021-10-08 18:00:00+00:00,2,Regular Season,40.0,BER,ASV,46.0,2.0,62.0,71.6
E2021,16,road,71.0,32.0,6.0,7.0,7.0,16.0,49.0,27.0,12.0,11.0,6.0,21.0,1.0,24.0,70.0,2021-10-08 18:00:00+00:00,2,Regular Season,40.0,ASV,BER,22.0,1.0,70.0,69.28
E2021,17,local,74.0,35.0,15.0,4.0,2.0,21.0,61.0,28.0,17.0,10.0,11.0,13.0,6.0,19.0,73.0,2021-10-08 18:00:00+00:00,2,Regular Season,40.0,OLY,MAD,33.0,7.0,73.0,70.48
E2021,17,road,68.0,36.0,18.0,8.0,6.0,19.0,61.0,24.0,18.0,17.0,12.0,13.0,2.0,21.0,81.0,2021-10-08 18:00:00+00:00,2,Regular Season,40.0,MAD,OLY,37.0,1.0,81.0,69.92
E2021,18,local,64.0,40.0,7.0,7.0,2.0,23.0,64.0,23.0,19.0,14.0,17.0,13.0,1.0,17.0,66.0,2021-10-08 18:30:00+00:00,2,Regular Season,40.0,BAS,MIL,41.0,5.0,66.0,68.36
E2021,18,road,78.0,42.0,17.0,5.0,1.0,17.0,68.0,30.0,8.0,6.0,17.0,13.0,2.0,23.0,82.0,2021-10-08 18:30:00+00:00,2,Regular Season,40.0,MIL,BAS,38.0,2.0,82.0,67.52
E2021,19,local,73.0,38.0,13.0,8.0,2.0,19.0,53.0,27.0,18.0,10.0,9.0,17.0,3.0,16.0,83.0,2021-10-12 16:00:00+00:00,3,Regular Season,40.0,UNK,MUN,26.0,8.0,83.0,68.92
E2021,19,road,70.0,26.0,12.0,7.0,3.0,16.0,59.0,23.0,11.0,10.0,8.0,11.0,2.0,19.0,65.0,2021-10-12 16:00:00+00:00,3,Regular Season,40.0,MUN,UNK,36.0,1.0,65.0,66.84
E2021,20,local,77.0,35.0,17.0,8.0,1.0,21.0,63.0,30.0,16.0,12.0,13.0,8.0,3.0,21.0,90.0,2021-10-12 17:00:00+00:00,3,Regular Season,40.0,CSK,DYR,33.0,4.0,90.0,65.04
E2021,20,road,67.0,29.0,12.0,3.0,3.0,21.0,49.0,25.0,19.0,10.0,8.0,16.0,1.0,21.0,64.0,2021-10-12 17:00:00+00:00,3,Regular Season,40.0,DYR,CSK,24.0,9.0,64.0,65.36
E2021,21,local,84.0,31.0,21.0,12.0,3.0,15.0,64.0,31.0,12.0,12.0,7.0,9.0,0.0,16.0,108.0,2021-10-12 18:00:00+00:00,3,Regular Season,40.0,BER,ULK,33.0,0.0,108.0,71.28
E2021,21,road,70.0,39.0,20.0,5.0,0.0,16.0,60.0,25.0,19.0,13.0,13.0,17.0,3.0,16.0,73.0,2021-10-12 18:00:00+00:00,3,Regular Season,40.0,ULK,BER,35.0,6.0,73.0,72.36
E2021,22,local,75.0,26.0,20.0,11.0,0.0,20.0,55.0,28.0,16.0,13.0,5.0,15.0,0.0,20.0,87.0,2021-10-12 18:00:00+00:00,3,Regular Season,40.0,ASV,IST,27.0,3.0,87.0,72.03999999999999
E2021,22,road,73.0,32.0,13.0,8.0,0.0,20.0,55.0,27.0,15.0,10.0,8.0,20.0,0.0,20.0,73.0,2021-10-12 18:00:00+00:00,3,Regular Season,40.0,IST,ASV,28.0,5.0,73.0,73.6
E2021,23,local,83.0,35.0,19.0,3.0,4.0,23.0,59.0,28.0,23.0,16.0,9.0,12.0,1.0,18.0,98.0,2021-10-12 18:30:00+00:00,3,Regular Season,40.0,MIL,TEL,31.0,7.0,98.0,72.12
E2021,23,road,72.0,29.0,20.0,5.0,1.0,18.0,60.0,27.0,14.0,10.0,6.0,12.0,4.0,24.0,68.0,2021-10-12 18:30:00+00:00,3,Regular Season,40.0,TEL,MIL,33.0,4.0,68.0,72.16
E2021,24,local,81.0,38.0,19.0,3.0,0.0,18.0,57.0,26.0,18.0,16.0,15.0,11.0,0.0,14.0,101.0,2021-10-12 18:30:00+00:00,3,Regular Season,40.0,BAS,PAN,31.0,2.0,101.0,60.92
E2021,24,road,79.0,26.0,13.0,5.0,0.0,14.0,61.0,29.0,11.0,10.0,9.0,6.0,0.0,18.0,80.0,2021-10-12 18:30:00+00:00,3,Regular Season,40.0,PAN,BAS,32.0,1.0,80.0,62.84
E2021,25,local,73.0,37.0,17.0,6.0,1.0,22.0,61.0,27.0,19.0,14.0,14.0,7.0,2.0,17.0,91.0,2021-10-13 17:00:00+00:00,3,Regular Season,40.0,RED,ZAL,34.0,5.0,91.0,62.36
E2021,25,road,61.0,30.0,13.0,5.0,2.0,16.0,55.0,23.0,6.0,6.0,9.0,14.0,1.0,22.0,58.0,2021-10-13 17:00:00+00:00,3,Regular Season,40.0,ZAL,RED,32.0,0.0,58.0,62.64
E2021,26,local,94.0,33.0,25.0,7.0,1.0,21.0,57.0,31.0,26.0,21.0,6.0,13.0,1.0,20.0,116.0,2021-10-13 18:45:00+00:00,3,Regular Season,40.0,MAD,MCO,26.0,5.0,116.0,75.44
E2021,26,road,86.0,29.0,22.0,9.0,1.0,20.0,63.0,30.0,16.0,13.0,8.0,12.0,1.0,23.0,95.0,2021-10-13 18:45:00+00:00,3,Regular Season,40.0,MCO,MAD,33.0,3.0,95.0,74.04
E2021,27,local,79.0,42.0,16.0,9.0,3.0,22.0,66.0,25.0,26.0,24.0,12.0,12.0,2.0,26.0,88.0,2021-10-13 19:00:00+00:00,3,Regular Season,45.0,BAR,OLY,41.0,2.0,88.0,77.44
E2021,27,road,78.0,41.0,11.0,3.0,2.0,26.0,69.0,25.0,26.0,22.0,12.0,12.0,3.0,22.0,76.0,2021-10-13 19:00:00+00:00,3,Regular Season,45.0,OLY,BAR,44.0,4.0,76.0,80.44
E2021,28,local,79.0,36.0,18.0,2.0,3.0,27.0,53.0,25.0,30.0,22.0,9.0,10.0,2.0,27.0,90.0,2021-10-14 17:00:00+00:00,4,Regular Season,40.0,DYR,MUN,28.0,8.0,90.0,67.2
E2021,28,road,71.0,27.0,15.0,4.0,2.0,27.0,52.0,21.0,27.0,19.0,6.0,8.0,3.0,27.0,69.0,2021-10-14 17:00:00+00:00,4,Regular Season,40.0,MUN,DYR,31.0,8.0,69.0,65.88
E2021,29,local,80.0,45.0,16.0,9.0,6.0,17.0,59.0,32.0,11.0,8.0,12.0,18.0,1.0,16.0,108.0,2021-10-14 17:45:00+00:00,4,Regular Season,40.0,ULK,UNK,27.0,3.0,108.0,69.84
E2021,29,road,41.0,30.0,8.0,12.0,1.0,16.0,65.0,16.0,8.0,4.0,16.0,17.0,6.0,17.0,15.0,2021-10-14 17:45:00+00:00,4,Regular Season,40.0,UNK,ULK,49.0,4.0,15.0,69.52
E2021,30,local,76.0,33.0,17.0,6.0,1.0,22.0,61.0,28.0,18.0,10.0,10.0,8.0,7.0,21.0,78.0,2021-10-14 18:00:00+00:00,4,Regular Season,40.0,BER,BAS,33.0,8.0,78.0,66.92
E2021,30,road,80.0,36.0,19.0,5.0,7.0,20.0,62.0,30.0,14.0,11.0,10.0,12.0,1.0,22.0,97.0,2021-10-14 18:00:00+00:00,4,Regular Season,40.0,BAS,BER,32.0,3.0,97.0,70.16
E2021,31,local,85.0,26.0,13.0,5.0,2.0,20.0,53.0,30.0,18.0,15.0,6.0,13.0,0.0,17.0,95.0,2021-10-14 18:00:00+00:00,4,Regular Season,40.0,ASV,TEL,23.0,3.0,95.0,67.92
E2021,31,road,93.0,25.0,17.0,8.0,0.0,16.0,61.0,37.0,15.0,9.0,6.0,10.0,2.0,21.0,96.0,2021-10-14 18:00:00+00:00,4,Regular Season,40.0,TEL,ASV,24.0,6.0,96.0,71.6
E2021,32,local,78.0,29.0,16.0,4.0,6.0,19.0,59.0,29.0,13.0,11.0,10.0,10.0,2.0,13.0,95.0,2021-10-15 17:00:00+00:00,4,Regular Season,40.0,CSK,RED,30.0,2.0,95.0,64.72
E2021,32,road,76.0,30.0,17.0,5.0,2.0,13.0,60.0,32.0,5.0,4.0,10.0,13.0,6.0,19.0,76.0,2021-10-15 17:00:00+00:00,4,Regular Season,40.0,RED,CSK,28.0,1.0,76.0,65.2
E2021,33,local,81.0,44.0,18.0,6.0,5.0,20.0,69.0,29.0,21.0,14.0,16.0,13.0,1.0,21.0,92.0,2021-10-15 17:00:00+00:00,4,Regular Season,45.0,MCO,BAR,40.0,7.0,92.0,75.24
E2021,33,road,85.0,40.0,19.0,7.0,1.0,21.0,72.0,31.0,16.0,13.0,15.0,9.0,5.0,20.0,95.0,2021-10-15 17:00:00+00:00,4,Regular Season,45.0,BAR,MCO,41.0,3.0,95.0,73.04
E2021,34,local,83.0,41.0,15.0,4.0,5.0,21.0,66.0,31.0,14.0,7.0,15.0,9.0,1.0,16.0,101.0,2021-10-15 18:00:00+00:00,4,Regular Season,40.0,OLY,ZAL,35.0,7.0,101.0,66.16
E2021,34,road,68.0,33.0,18.0,3.0,1.0,16.0,57.0,23.0,19.0,15.0,10.0,12.0,5.0,21.0,63.0,2021-10-15 18:00:00+00:00,4,Regular Season,40.0,ZAL,OLY,34.0,4.0,63.0,67.36
E2021,35,local,75.0,32.0,22.0,10.0,2.0,10.0,65.0,27.0,10.0,7.0,10.0,10.0,3.0,22.0,75.0,2021-10-15 18:30:00+00:00,4,Regular Season,40.0,MIL,IST,38.0,3.0,75.0,69.4
E2021,35,road,71.0,32.0,15.0,5.0,3.0,21.0,53.0,23.0,20.0,17.0,6.0,15.0,2.0,10.0,87.0,2021-10-15 18:30:00+00:00,4,Regular Season,40.0,IST,MIL,30.0,3.0,87.0,70.8
E2021,36,local,88.0,42.0,21.0,10.0,2.0,24.0,63.0,30.0,23.0,18.0,13.0,15.0,3.0,21.0,110.0,2021-10-15 19:00:00+00:00,4,Regular Season,40.0,MAD,PAN,33.0,5.0,110.0,75.12
E2021,36,road,65.0,29.0,12.0,4.0,3.0,21.0,56.0,20.0,17.0,16.0,8.0,19.0,2.0,24.0,52.0,2021-10-15 19:00:00+00:00,4,Regular Season,40.0,PAN,MAD,36.0,1.0,52.0,74.48
E2021,37,local,71.0,36.0,13.0,10.0,2.0,18.0,60.0,26.0,13.0,11.0,11.0,13.0,0.0,12.0,89.0,2021-10-21 17:00:00+00:00,5,Regular Season,40.0,IST,UNK,34.0,2.0,89.0,67.72
E2021,37,road,68.0,32.0,14.0,8.0,0.0,12.0,57.0,24.0,15.0,11.0,8.0,14.0,2.0,18.0,63.0,2021-10-21 17:00:00+00:00,5,Regular Season,40.0,UNK,IST,33.0,4.0,63.0,69.6
E2021,38,local,73.0,44.0,14.0,2.0,2.0,25.0,58.0,22.0,27.0,20.0,16.0,13.0,1.0,25.0,78.0,2021-10-21 17:00:00+00:00,5,Regular Season,40.0,ZAL,MUN,36.0,7.0,78.0,66.88
E2021,38,road,75.0,31.0,16.0,7.0,1.0,25.0,63.0,27.0,24.0,15.0,11.0,5.0,2.0,25.0,78.0,2021-10-21 17:00:00+00:00,5,Regular Season,40.0,MUN,ZAL,36.0,9.0,78.0,67.56
E2021,39,local,77.0,42.0,15.0,7.0,2.0,18.0,60.0,29.0,18.0,13.0,7.0,15.0,3.0,18.0,89.0,2021-10-21 18:05:00+00:00,5,Regular Season,40.0,TEL,PAN,31.0,5.0,89.0,75.92
E2021,39,road,73.0,32.0,14.0,9.0,3.0,17.0,64.0,26.0,10.0,7.0,5.0,11.0,2.0,18.0,76.0,2021-10-21 18:05:00+00:00,5,Regular Season,40.0,PAN,TEL,38.0,3.0,76.0,74.4
E2021,40,local,73.0,33.0,16.0,4.0,0.0,21.0,60.0,25.0,19.0,14.0,12.0,11.0,1.0,20.0,75.0,2021-10-21 18:30:00+00:00,5,Regular Season,40.0,MIL,ASV,35.0,5.0,75.0,67.36
E2021,40,road,72.0,32.0,11.0,6.0,1.0,20.0,57.0,26.0,12.0,8.0,7.0,14.0,0.0,21.0,72.0,2021-10-21 18:30:00+00:00,5,Regular Season,40.0,ASV,MIL,31.0,4.0,72.0,69.28
E2021,41,local,70.0,35.0,13.0,6.0,2.0,17.0,59.0,23.0,14.0,11.0,14.0,17.0,2.0,18.0,67.0,2021-10-21 19:00:00+00:00,5,Regular Season,40.0,MAD,ULK,36.0,3.0,67.0,68.16
E2021,41,road,69.0,30.0,17.0,8.0,2.0,18.0,57.0,29.0,9.0,5.0,7.0,13.0,2.0,17.0,80.0,2021-10-21 19:00:00+00:00,5,Regular Season,40.0,ULK,MAD,28.0,4.0,80.0,66.96000000000001
E2021,42,local,63.0,36.0,14.0,4.0,4.0,16.0,59.0,25.0,15.0,7.0,18.0,14.0,3.0,21.0,57.0,2021-10-22 17:00:00+00:00,5,Regular Season,40.0,RED,BER,34.0,8.0,57.0,61.599999999999994
E2021,42,road,78.0,33.0,17.0,8.0,3.0,20.0,64.0,31.0,6.0,5.0,15.0,9.0,4.0,16.0,96.0,2021-10-22 17:00:00+00:00,5,Regular Season,40.0,BER,RED,33.0,1.0,96.0,60.64
E2021,43,local,88.0,23.0,16.0,8.0,0.0,18.0,64.0,31.0,17.0,15.0,10.0,7.0,6.0,20.0,85.0,2021-10-22 17:00:00+00:00,5,Regular Season,40.0,CSK,OLY,33.0,2.0,85.0,68.48
E2021,43,road,82.0,31.0,16.0,4.0,6.0,19.0,49.0,29.0,19.0,15.0,8.0,14.0,0.0,18.0,102.0,2021-10-22 17:00:00+00:00,5,Regular Season,40.0,OLY,CSK,20.0,4.0,102.0,63.36
E2021,44,local,78.0,40.0,18.0,2.0,3.0,18.0,61.0,31.0,14.0,12.0,10.0,11.0,3.0,21.0,92.0,2021-10-22 18:30:00+00:00,5,Regular Season,40.0,BAS,MCO,30.0,2.0,92.0,68.16
E2021,44,road,66.0,37.0,11.0,5.0,3.0,21.0,71.0,26.0,19.0,11.0,18.0,7.0,3.0,19.0,61.0,2021-10-22 18:30:00+00:00,5,Regular Season,40.0,MCO,BAS,45.0,8.0,61.0,68.36
E2021,45,local,84.0,33.0,15.0,9.0,1.0,17.0,65.0,35.0,8.0,6.0,11.0,9.0,1.0,22.0,95.0,2021-10-22 19:00:00+00:00,5,Regular Season,40.0,BAR,DYR,30.0,2.0,95.0,66.52
E2021,45,road,58.0,30.0,9.0,7.0,1.0,22.0,50.0,21.0,20.0,14.0,10.0,17.0,1.0,18.0,56.0,2021-10-22 19:00:00+00:00,5,Regular Season,40.0,DYR,BAR,29.0,6.0,56.0,65.8
E2021,46,local,70.0,39.0,15.0,10.0,1.0,22.0,66.0,27.0,13.0,10.0,15.0,17.0,0.0,16.0,82.0,2021-10-26 17:00:00+00:00,6,Regular Season,40.0,MCO,RED,39.0,3.0,82.0,73.72
E2021,46,road,62.0,26.0,14.0,7.0,0.0,15.0,50.0,24.0,14.0,11.0,3.0,19.0,1.0,22.0,53.0,2021-10-26 17:00:00+00:00,6,Regular Season,40.0,RED,MCO,26.0,3.0,53.0,72.16
E2021,47,local,74.0,25.0,21.0,12.0,0.0,21.0,55.0,27.0,19.0,14.0,7.0,14.0,0.0,27.0,79.0,2021-10-26 17:45:00+00:00,6,Regular Season,40.0,ULK,BAR,28.0,5.0,79.0,70.36
E2021,47,road,76.0,36.0,16.0,11.0,0.0,27.0,52.0,24.0,27.0,23.0,11.0,18.0,0.0,21.0,95.0,2021-10-26 17:45:00+00:00,6,Regular Season,40.0,BAR,ULK,28.0,4.0,95.0,70.88
E2021,48,local,87.0,28.0,20.0,11.0,1.0,22.0,58.0,32.0,17.0,14.0,10.0,15.0,2.0,18.0,105.0,2021-10-26 18:00:00+00:00,6,Regular Season,40.0,OLY,BER,26.0,3.0,105.0,70.48
E2021,48,road,83.0,36.0,24.0,8.0,2.0,18.0,67.0,32.0,12.0,9.0,16.0,16.0,1.0,22.0,94.0,2021-10-26 18:00:00+00:00,6,Regular Season,40.0,BER,OLY,35.0,3.0,94.0,72.28
E2021,49,local,76.0,39.0,19.0,8.0,2.0,21.0,69.0,30.0,14.0,12.0,12.0,10.0,2.0,12.0,100.0,2021-10-26 18:05:00+00:00,6,Regular Season,40.0,TEL,ZAL,39.0,2.0,100.0,73.16
E2021,49,road,62.0,35.0,14.0,6.0,2.0,12.0,62.0,23.0,9.0,9.0,9.0,15.0,2.0,21.0,54.0,2021-10-26 18:05:00+00:00,6,Regular Season,40.0,ZAL,TEL,39.0,0.0,54.0,71.96
E2021,50,local,83.0,33.0,9.0,7.0,2.0,21.0,59.0,25.0,24.0,23.0,11.0,9.0,3.0,24.0,84.0,2021-10-26 18:45:00+00:00,6,Regular Season,40.0,MUN,MIL,34.0,1.0,84.0,67.56
E2021,50,road,77.0,30.0,18.0,2.0,3.0,24.0,53.0,28.0,25.0,18.0,7.0,12.0,2.0,21.0,87.0,2021-10-26 18:45:00+00:00,6,Regular Season,40.0,MIL,MUN,25.0,7.0,87.0,69.0
E2021,51,local,83.0,41.0,22.0,13.0,2.0,13.0,68.0,34.0,10.0,5.0,15.0,17.0,2.0,23.0,93.0,2021-10-27 16:00:00+00:00,6,Regular Season,40.0,UNK,BAS,34.0,5.0,93.0,74.4
E2021,51,road,69.0,40.0,12.0,3.0,2.0,23.0,67.0,25.0,16.0,12.0,17.0,16.0,2.0,13.0,72.0,2021-10-27 16:00:00+00:00,6,Regular Season,40.0,BAS,UNK,42.0,4.0,72.0,73.04
E2021,52,local,68.0,31.0,15.0,2.0,1.0,21.0,58.0,28.0,8.0,2.0,10.0,16.0,3.0,25.0,58.0,2021-10-27 17:00:00+00:00,6,Regular Season,40.0,DYR,MAD,30.0,6.0,58.0,67.52000000000001
E2021,52,road,75.0,26.0,18.0,12.0,3.0,24.0,51.0,26.0,24.0,15.0,6.0,11.0,1.0,21.0,91.0,2021-10-27 17:00:00+00:00,6,Regular Season,40.0,MAD,DYR,25.0,9.0,91.0,66.56
E2021,53,local,70.0,50.0,14.0,3.0,1.0,16.0,71.0,29.0,13.0,7.0,18.0,12.0,2.0,20.0,72.0,2021-10-27 18:00:00+00:00,6,Regular Season,40.0,ASV,CSK,42.0,6.0,72.0,70.72
E2021,53,road,68.0,33.0,9.0,4.0,2.0,20.0,68.0,29.0,11.0,5.0,10.0,7.0,1.0,16.0,67.0,2021-10-27 18:00:00+00:00,6,Regular Season,40.0,CSK,ASV,39.0,6.0,67.0,69.84
E2021,54,local,95.0,42.0,20.0,4.0,6.0,15.0,63.0,35.0,10.0,10.0,7.0,13.0,0.0,25.0,116.0,2021-10-27 18:00:00+00:00,6,Regular Season,40.0,PAN,IST,28.0,0.0,116.0,73.4
E2021,54,road,69.0,34.0,14.0,5.0,0.0,25.0,67.0,22.0,25.0,19.0,14.0,9.0,6.0,15.0,66.0,2021-10-27 18:00:00+00:00,6,Regular Season,40.0,IST,PAN,45.0,6.0,66.0,73.0
E2021,55,local,69.0,28.0,13.0,5.0,2.0,22.0,46.0,23.0,19.0,17.0,6.0,17.0,0.0,18.0,79.0,2021-10-28 18:00:00+00:00,7,Regular Season,40.0,BER,MUN,23.0,2.0,79.0,65.36
E2021,55,road,82.0,29.0,10.0,7.0,0.0,18.0,63.0,30.0,11.0,10.0,10.0,11.0,2.0,22.0,77.0,2021-10-28 18:00:00+00:00,7,Regular Season,40.0,MUN,BER,33.0,1.0,77.0,68.84
E2021,56,local,67.0,32.0,20.0,6.0,2.0,18.0,57.0,25.0,8.0,7.0,3.0,11.0,1.0,15.0,85.0,2021-10-28 18:00:00+00:00,7,Regular Season,40.0,OLY,ULK,32.0,1.0,85.0,68.52000000000001
E2021,56,road,65.0,36.0,15.0,6.0,1.0,15.0,63.0,25.0,12.0,10.0,9.0,9.0,2.0,18.0,69.0,2021-10-28 18:00:00+00:00,7,Regular Season,40.0,ULK,OLY,38.0,2.0,69.0,68.28
E2021,57,local,85.0,30.0,20.0,9.0,1.0,18.0,64.0,33.0,15.0,11.0,9.0,8.0,0.0,18.0,102.0,2021-10-28 18:05:00+00:00,7,Regular Season,40.0,TEL,BAR,31.0,4.0,102.0,69.6
E2021,57,road,68.0,30.0,13.0,4.0,0.0,18.0,54.0,23.0,14.0,13.0,7.0,18.0,1.0,18.0,64.0,2021-10-28 18:05:00+00:00,7,Regular Season,40.0,BAR,TEL,31.0,1.0,64.0,71.16
E2021,58,local,79.0,34.0,20.0,9.0,2.0,21.0,60.0,28.0,17.0,12.0,13.0,10.0,1.0,21.0,96.0,2021-10-28 18:30:00+00:00,7,Regular Season,40.0,MIL,RED,32.0,5.0,96.0,64.48
E2021,58,road,62.0,30.0,13.0,6.0,1.0,21.0,54.0,22.0,17.0,14.0,11.0,16.0,2.0,21.0,59.0,2021-10-28 18:30:00+00:00,7,Regular Season,40.0,RED,MIL,32.0,3.0,59.0,66.48
E2021,59,local,65.0,34.0,19.0,14.0,1.0,12.0,55.0,26.0,11.0,7.0,6.0,16.0,1.0,20.0,75.0,2021-10-29 16:00:00+00:00,7,Regular Season,40.0,UNK,MAD,29.0,4.0,75.0,69.84
E2021,59,road,58.0,35.0,17.0,13.0,1.0,20.0,58.0,23.0,13.0,8.0,11.0,19.0,1.0,12.0,72.0,2021-10-29 16:00:00+00:00,7,Regular Season,40.0,MAD,UNK,35.0,5.0,72.0,71.72
E2021,60,local,83.0,52.0,22.0,1.0,6.0,16.0,65.0,29.0,13.0,11.0,16.0,12.0,4.0,17.0,109.0,2021-10-29 17:00:00+00:00,7,Regular Season,40.0,DYR,BAS,36.0,2.0,109.0,66.72
E2021,60,road,54.0,27.0,12.0,5.0,4.0,17.0,59.0,20.0,15.0,9.0,6.0,7.0,6.0,16.0,45.0,2021-10-29 17:00:00+00:00,7,Regular Season,40.0,BAS,DYR,39.0,6.0,45.0,66.6
E2021,62,local,94.0,44.0,26.0,5.0,1.0,17.0,65.0,37.0,10.0,9.0,9.0,12.0,4.0,13.0,129.0,2021-10-29 17:30:00+00:00,7,Regular Season,40.0,IST,ZAL,28.0,1.0,129.0,72.4
E2021,62,road,60.0,28.0,15.0,5.0,4.0,13.0,66.0,22.0,8.0,7.0,8.0,9.0,1.0,17.0,53.0,2021-10-29 17:30:00+00:00,7,Regular Season,40.0,ZAL,IST,44.0,1.0,53.0,70.52
E2021,61,local,97.0,29.0,16.0,11.0,4.0,21.0,63.0,35.0,25.0,18.0,6.0,12.0,1.0,20.0,110.0,2021-10-29 18:00:00+00:00,7,Regular Season,40.0,MCO,CSK,28.0,7.0,110.0,80.0
E2021,61,road,80.0,35.0,18.0,5.0,1.0,20.0,63.0,28.0,19.0,14.0,11.0,21.0,4.0,21.0,73.0,2021-10-29 18:00:00+00:00,7,Regular Season,40.0,CSK,MCO,35.0,5.0,73.0,81.36
E2021,63,local,70.0,29.0,14.0,5.0,5.0,21.0,51.0,23.0,21.0,19.0,7.0,19.0,4.0,16.0,75.0,2021-10-29 18:00:00+00:00,7,Regular Season,40.0,PAN,ASV,28.0,2.0,75.0,72.24000000000001
E2021,63,road,84.0,32.0,12.0,12.0,4.0,16.0,69.0,35.0,5.0,4.0,10.0,14.0,5.0,21.0,85.0,2021-10-29 18:00:00+00:00,7,Regular Season,40.0,ASV,PAN,34.0,1.0,85.0,75.2
E2021,64,local,82.0,35.0,18.0,7.0,4.0,19.0,69.0,31.0,11.0,9.0,18.0,10.0,2.0,20.0,93.0,2021-11-04 17:00:00+00:00,8,Regular Season,40.0,CSK,ULK,38.0,2.0,93.0,65.84
E2021,64,road,91.0,28.0,22.0,6.0,2.0,20.0,57.0,32.0,19.0,16.0,9.0,10.0,4.0,19.0,108.0,2021-11-04 17:00:00+00:00,8,Regular Season,40.0,ULK,CSK,25.0,3.0,108.0,66.36
E2021,65,local,81.0,39.0,18.0,9.0,0.0,19.0,58.0,28.0,20.0,17.0,13.0,16.0,2.0,19.0,96.0,2021-11-04 17:00:00+00:00,8,Regular Season,40.0,RED,PAN,30.0,3.0,96.0,69.8
E2021,65,road,48.0,23.0,8.0,8.0,2.0,19.0,52.0,20.0,7.0,5.0,6.0,20.0,0.0,19.0,35.0,2021-11-04 17:00:00+00:00,8,Regular Season,40.0,PAN,RED,32.0,2.0,35.0,69.08
E2021,67,local,75.0,36.0,16.0,6.0,4.0,22.0,63.0,25.0,18.0,15.0,13.0,9.0,3.0,20.0,86.0,2021-11-04 19:30:00+00:00,8,Regular Season,40.0,MIL,BAR,38.0,3.0,86.0,66.92
E2021,67,road,70.0,40.0,13.0,3.0,3.0,19.0,64.0,29.0,16.0,9.0,14.0,13.0,4.0,22.0,67.0,2021-11-04 19:30:00+00:00,8,Regular Season,40.0,BAR,MIL,35.0,7.0,67.0,70.04
E2021,66,local,85.0,33.0,11.0,3.0,2.0,22.0,58.0,33.0,18.0,14.0,8.0,15.0,3.0,14.0,95.0,2021-11-04 20:00:00+00:00,8,Regular Season,40.0,ASV,UNK,25.0,4.0,95.0,72.92
E2021,66,road,82.0,27.0,13.0,11.0,3.0,14.0,69.0,34.0,8.0,8.0,10.0,10.0,2.0,22.0,81.0,2021-11-04 20:00:00+00:00,8,Regular Season,40.0,UNK,ASV,35.0,0.0,81.0,72.52
E2021,68,local,79.0,27.0,15.0,7.0,2.0,21.0,63.0,31.0,10.0,10.0,10.0,11.0,3.0,20.0,85.0,2021-11-05 17:30:00+00:00,8,Regular Season,40.0,IST,DYR,32.0,0.0,85.0,68.4
E2021,68,road,90.0,34.0,19.0,7.0,3.0,19.0,62.0,34.0,12.0,8.0,12.0,14.0,2.0,21.0,103.0,2021-11-05 17:30:00+00:00,8,Regular Season,40.0,DYR,IST,28.0,4.0,103.0,69.28
E2021,69,local,71.0,34.0,14.0,5.0,1.0,13.0,65.0,29.0,4.0,4.0,16.0,14.0,4.0,22.0,62.0,2021-11-05 18:00:00+00:00,8,Regular Season,40.0,ZAL,BER,36.0,0.0,62.0,64.76
E2021,69,road,79.0,30.0,21.0,6.0,4.0,22.0,58.0,29.0,14.0,13.0,11.0,12.0,1.0,13.0,106.0,2021-11-05 18:00:00+00:00,8,Regular Season,40.0,BER,ZAL,29.0,1.0,106.0,65.16
E2021,70,local,86.0,47.0,18.0,11.0,2.0,21.0,66.0,31.0,27.0,17.0,15.0,13.0,2.0,17.0,108.0,2021-11-05 19:00:00+00:00,8,Regular Season,40.0,OLY,MCO,35.0,10.0,108.0,75.88
E2021,70,road,65.0,35.0,16.0,8.0,2.0,17.0,67.0,24.0,14.0,9.0,11.0,17.0,2.0,21.0,55.0,2021-11-05 19:00:00+00:00,8,Regular Season,40.0,MCO,OLY,43.0,5.0,55.0,79.16
E2021,71,local,69.0,29.0,17.0,8.0,0.0,17.0,58.0,26.0,10.0,8.0,7.0,15.0,1.0,21.0,69.0,2021-11-05 19:30:00+00:00,8,Regular Season,40.0,BAS,TEL,32.0,2.0,69.0,70.4
E2021,71,road,87.0,37.0,21.0,7.0,1.0,21.0,65.0,33.0,16.0,13.0,12.0,12.0,0.0,17.0,110.0,2021-11-05 19:30:00+00:00,8,Regular Season,40.0,TEL,BAS,32.0,3.0,110.0,72.04
E2021,72,local,76.0,30.0,13.0,5.0,1.0,21.0,58.0,26.0,21.0,17.0,8.0,9.0,3.0,20.0,78.0,2021-11-05 19:45:00+00:00,8,Regular Season,40.0,MUN,MAD,32.0,4.0,78.0,68.24
E2021,72,road,80.0,37.0,19.0,3.0,3.0,20.0,59.0,26.0,19.0,17.0,11.0,11.0,1.0,23.0,92.0,2021-11-05 19:45:00+00:00,8,Regular Season,40.0,MAD,MUN,33.0,2.0,92.0,67.36
E2021,73,local,74.0,32.0,13.0,5.0,2.0,14.0,63.0,29.0,10.0,9.0,11.0,11.0,2.0,21.0,71.0,2021-11-11 17:00:00+00:00,9,Regular Season,40.0,CSK,TEL,34.0,1.0,71.0,67.4
E2021,73,road,73.0,30.0,14.0,7.0,2.0,20.0,55.0,27.0,21.0,17.0,8.0,12.0,2.0,15.0,85.0,2021-11-11 17:00:00+00:00,9,Regular Season,40.0,TEL,CSK,28.0,4.0,85.0,68.24
E2021,74,local,73.0,37.0,20.0,9.0,1.0,21.0,67.0,27.0,18.0,11.0,14.0,7.0,2.0,20.0,85.0,2021-11-11 18:00:00+00:00,9,Regular Season,40.0,RED,ASV,40.0,7.0,85.0,67.92
E2021,74,road,67.0,41.0,15.0,4.0,2.0,20.0,62.0,25.0,13.0,13.0,13.0,14.0,1.0,21.0,76.0,2021-11-11 18:00:00+00:00,9,Regular Season,40.0,ASV,RED,37.0,0.0,76.0,68.72
E2021,75,local,63.0,29.0,16.0,6.0,0.0,23.0,59.0,22.0,18.0,13.0,10.0,14.0,3.0,21.0,57.0,2021-11-11 19:00:00+00:00,9,Regular Season,40.0,BER,IST,37.0,5.0,57.0,70.92
E2021,75,road,90.0,38.0,20.0,10.0,3.0,21.0,60.0,31.0,19.0,16.0,10.0,13.0,0.0,23.0,114.0,2021-11-11 19:00:00+00:00,9,Regular Season,40.0,IST,BER,29.0,3.0,114.0,71.36
E2021,76,local,72.0,38.0,12.0,5.0,1.0,14.0,65.0,27.0,11.0,11.0,14.0,13.0,0.0,15.0,76.0,2021-11-11 19:00:00+00:00,9,Regular Season,40.0,PAN,UNK,38.0,0.0,76.0,68.84
E2021,76,road,74.0,31.0,10.0,7.0,0.0,15.0,56.0,26.0,17.0,13.0,8.0,12.0,1.0,14.0,76.0,2021-11-11 19:00:00+00:00,9,Regular Season,40.0,UNK,PAN,30.0,4.0,76.0,67.48
E2021,77,local,93.0,31.0,25.0,10.0,0.0,15.0,62.0,34.0,18.0,14.0,9.0,10.0,4.0,22.0,106.0,2021-11-11 20:00:00+00:00,9,Regular Season,40.0,BAR,BAS,28.0,4.0,106.0,70.92
E2021,77,road,67.0,31.0,14.0,4.0,4.0,22.0,56.0,23.0,20.0,17.0,10.0,15.0,0.0,15.0,76.0,2021-11-11 20:00:00+00:00,9,Regular Season,40.0,BAS,BAR,33.0,3.0,76.0,69.8
E2021,78,local,84.0,36.0,15.0,3.0,3.0,16.0,59.0,32.0,11.0,10.0,10.0,11.0,3.0,22.0,93.0,2021-11-12 17:00:00+00:00,9,Regular Season,40.0,DYR,OLY,27.0,1.0,93.0,64.84
E2021,78,road,78.0,25.0,13.0,5.0,3.0,22.0,61.0,29.0,15.0,11.0,9.0,7.0,3.0,16.0,84.0,2021-11-12 17:00:00+00:00,9,Regular Season,40.0,OLY,DYR,32.0,4.0,84.0,65.6
E2021,79,local,43.0,31.0,12.0,12.0,1.0,18.0,53.0,17.0,13.0,5.0,9.0,16.0,4.0,16.0,37.0,2021-11-12 17:45:00+00:00,9,Regular Season,40.0,ULK,MIL,36.0,8.0,37.0,65.72
E2021,79,road,68.0,40.0,18.0,10.0,4.0,15.0,60.0,26.0,7.0,5.0,11.0,13.0,1.0,18.0,87.0,2021-11-12 17:45:00+00:00,9,Regular Season,40.0,MIL,ULK,34.0,2.0,87.0,65.08
E2021,80,local,94.0,27.0,17.0,6.0,2.0,28.0,59.0,34.0,22.0,17.0,8.0,9.0,0.0,24.0,111.0,2021-11-12 19:00:00+00:00,9,Regular Season,40.0,MCO,MUN,25.0,5.0,111.0,69.68
E2021,80,road,71.0,30.0,14.0,6.0,0.0,23.0,55.0,29.0,15.0,10.0,10.0,20.0,2.0,28.0,63.0,2021-11-12 19:00:00+00:00,9,Regular Season,40.0,MUN,MCO,26.0,5.0,63.0,71.6
E2021,81,local,95.0,37.0,21.0,4.0,3.0,22.0,65.0,34.0,24.0,19.0,11.0,8.0,2.0,15.0,121.0,2021-11-12 19:45:00+00:00,9,Regular Season,40.0,MAD,ZAL,31.0,5.0,121.0,72.56
E2021,81,road,82.0,29.0,21.0,4.0,2.0,15.0,65.0,31.0,8.0,7.0,8.0,11.0,3.0,22.0,82.0,2021-11-12 19:45:00+00:00,9,Regular Season,40.0,ZAL,MAD,34.0,1.0,82.0,71.52
E2021,82,local,76.0,33.0,19.0,6.0,2.0,21.0,57.0,26.0,18.0,14.0,5.0,9.0,1.0,22.0,90.0,2021-11-16 18:00:00+00:00,10,Regular Season,40.0,ZAL,PAN,31.0,4.0,90.0,68.92
E2021,82,road,69.0,39.0,13.0,5.0,1.0,22.0,57.0,21.0,28.0,19.0,12.0,13.0,2.0,21.0,68.0,2021-11-16 18:00:00+00:00,10,Regular Season,40.0,PAN,ZAL,36.0,9.0,68.0,70.32
E2021,83,local,74.0,25.0,11.0,10.0,1.0,17.0,61.0,26.0,12.0,11.0,5.0,11.0,3.0,20.0,68.0,2021-11-16 19:00:00+00:00,10,Regular Season,40.0,ASV,MAD,35.0,1.0,68.0,72.28
E2021,83,road,87.0,39.0,20.0,5.0,3.0,19.0,58.0,29.0,20.0,16.0,9.0,17.0,1.0,17.0,105.0,2021-11-16 19:00:00+00:00,10,Regular Season,40.0,MAD,ASV,29.0,4.0,105.0,74.8
E2021,84,local,71.0,27.0,14.0,11.0,1.0,16.0,56.0,26.0,11.0,11.0,7.0,13.0,1.0,21.0,75.0,2021-11-16 19:30:00+00:00,10,Regular Season,40.0,MUN,ULK,30.0,0.0,75.0,66.84
E2021,84,road,63.0,32.0,13.0,8.0,1.0,21.0,52.0,21.0,21.0,18.0,11.0,18.0,1.0,16.0,69.0,2021-11-16 19:30:00+00:00,10,Regular Season,40.0,ULK,MUN,31.0,3.0,69.0,68.24000000000001
E2021,85,local,93.0,31.0,27.0,4.0,2.0,19.0,61.0,34.0,17.0,13.0,9.0,5.0,1.0,14.0,125.0,2021-11-16 19:30:00+00:00,10,Regular Season,40.0,BAS,RED,27.0,4.0,125.0,64.48
E2021,85,road,74.0,29.0,13.0,0.0,1.0,14.0,60.0,29.0,10.0,7.0,10.0,10.0,2.0,19.0,66.0,2021-11-16 19:30:00+00:00,10,Regular Season,40.0,RED,BAS,31.0,3.0,66.0,64.4
E2021,87,local,75.0,37.0,12.0,10.0,5.0,18.0,66.0,30.0,11.0,7.0,13.0,10.0,5.0,22.0,80.0,2021-11-17 16:00:00+00:00,10,Regular Season,40.0,DYR,BER,36.0,4.0,80.0,67.84
E2021,87,road,66.0,39.0,12.0,3.0,5.0,22.0,59.0,22.0,18.0,15.0,15.0,18.0,5.0,18.0,66.0,2021-11-17 16:00:00+00:00,10,Regular Season,40.0,BER,DYR,37.0,3.0,66.0,69.92
E2021,86,local,97.0,39.0,17.0,5.0,0.0,13.0,62.0,36.0,14.0,11.0,12.0,13.0,5.0,11.0,113.0,2021-11-17 17:00:00+00:00,10,Regular Season,40.0,UNK,MIL,26.0,3.0,113.0,69.16
E2021,86,road,71.0,18.0,16.0,10.0,5.0,11.0,59.0,29.0,5.0,5.0,2.0,10.0,0.0,13.0,78.0,2021-11-17 17:00:00+00:00,10,Regular Season,40.0,MIL,UNK,30.0,0.0,78.0,69.2
E2021,88,local,88.0,36.0,21.0,8.0,2.0,19.0,67.0,31.0,15.0,14.0,10.0,6.0,1.0,21.0,109.0,2021-11-17 17:30:00+00:00,10,Regular Season,40.0,IST,OLY,36.0,1.0,109.0,69.6
E2021,88,road,69.0,34.0,19.0,4.0,1.0,21.0,57.0,25.0,16.0,13.0,9.0,13.0,2.0,19.0,79.0,2021-11-17 17:30:00+00:00,10,Regular Season,40.0,OLY,IST,32.0,3.0,79.0,68.04
E2021,89,local,95.0,39.0,15.0,6.0,1.0,21.0,61.0,31.0,26.0,22.0,7.0,13.0,4.0,20.0,106.0,2021-11-17 19:05:00+00:00,10,Regular Season,40.0,TEL,MCO,30.0,4.0,106.0,78.44
E2021,89,road,84.0,41.0,11.0,8.0,4.0,20.0,79.0,31.0,19.0,13.0,18.0,10.0,1.0,21.0,82.0,2021-11-17 19:05:00+00:00,10,Regular Season,40.0,MCO,TEL,48.0,6.0,82.0,79.36
E2021,90,local,81.0,38.0,14.0,6.0,3.0,20.0,63.0,31.0,16.0,14.0,13.0,10.0,4.0,20.0,94.0,2021-11-17 20:00:00+00:00,10,Regular Season,40.0,BAR,CSK,32.0,2.0,94.0,67.04
E2021,90,road,73.0,33.0,15.0,8.0,4.0,20.0,62.0,24.0,20.0,13.0,13.0,12.0,3.0,20.0,73.0,2021-11-17 20:00:00+00:00,10,Regular Season,40.0,CSK,BAR,38.0,7.0,73.0,69.8
E2021,91,local,81.0,31.0,16.0,4.0,2.0,20.0,62.0,29.0,12.0,11.0,12.0,9.0,0.0,21.0,90.0,2021-11-18 19:30:00+00:00,11,Regular Season,40.0,MUN,PAN,33.0,1.0,90.0,64.28
E2021,91,road,78.0,27.0,16.0,5.0,0.0,21.0,51.0,27.0,24.0,17.0,6.0,9.0,2.0,20.0,85.0,2021-11-18 19:30:00+00:00,11,Regular Season,40.0,PAN,MUN,24.0,7.0,85.0,64.56
E2021,92,local,79.0,36.0,19.0,12.0,8.0,15.0,70.0,33.0,5.0,5.0,17.0,13.0,2.0,19.0,98.0,2021-11-18 19:45:00+00:00,11,Regular Season,40.0,MAD,RED,37.0,0.0,98.0,68.2
E2021,92,road,67.0,32.0,16.0,10.0,2.0,19.0,56.0,22.0,18.0,17.0,12.0,18.0,8.0,15.0,70.0,2021-11-18 19:45:00+00:00,11,Regular Season,40.0,RED,MAD,34.0,1.0,70.0,69.92
E2021,93,local,85.0,26.0,21.0,11.0,1.0,19.0,59.0,31.0,23.0,16.0,4.0,7.0,2.0,21.0,98.0,2021-11-19 16:00:00+00:00,11,Regular Season,40.0,UNK,BER,28.0,7.0,98.0,72.12
E2021,93,road,71.0,37.0,13.0,2.0,2.0,21.0,58.0,26.0,16.0,13.0,10.0,19.0,1.0,19.0,72.0,2021-11-19 16:00:00+00:00,11,Regular Season,40.0,BER,UNK,32.0,3.0,72.0,74.04
E2021,95,local,98.0,37.0,25.0,9.0,2.0,16.0,71.0,39.0,11.0,9.0,11.0,9.0,1.0,15.0,128.0,2021-11-19 17:15:00+00:00,11,Regular Season,40.0,IST,MCO,32.0,2.0,128.0,73.84
E2021,95,road,77.0,35.0,15.0,5.0,1.0,15.0,68.0,32.0,7.0,5.0,12.0,14.0,2.0,16.0,78.0,2021-11-19 17:15:00+00:00,11,Regular Season,40.0,MCO,IST,36.0,2.0,78.0,73.08
E2021,94,local,74.0,37.0,17.0,2.0,3.0,18.0,57.0,26.0,22.0,16.0,13.0,14.0,2.0,20.0,78.0,2021-11-19 17:45:00+00:00,11,Regular Season,40.0,DYR,MIL,31.0,6.0,78.0,67.68
E2021,94,road,70.0,27.0,15.0,11.0,2.0,20.0,56.0,24.0,17.0,15.0,8.0,9.0,3.0,18.0,81.0,2021-11-19 17:45:00+00:00,11,Regular Season,40.0,MIL,DYR,32.0,2.0,81.0,64.48
E2021,96,local,86.0,28.0,23.0,7.0,1.0,16.0,56.0,30.0,15.0,14.0,8.0,10.0,2.0,18.0,104.0,2021-11-19 18:45:00+00:00,11,Regular Season,40.0,ZAL,ULK,26.0,1.0,104.0,64.6
E2021,96,road,75.0,23.0,18.0,4.0,2.0,17.0,53.0,29.0,10.0,9.0,5.0,13.0,1.0,16.0,84.0,2021-11-19 18:45:00+00:00,11,Regular Season,40.0,ULK,ZAL,24.0,1.0,84.0,65.4
E2021,97,local,90.0,38.0,22.0,8.0,0.0,22.0,61.0,29.0,23.0,21.0,9.0,7.0,1.0,18.0,120.0,2021-11-19 19:00:00+00:00,11,Regular Season,40.0,OLY,TEL,32.0,2.0,120.0,69.12
E2021,97,road,73.0,44.0,15.0,2.0,1.0,18.0,74.0,26.0,14.0,11.0,21.0,9.0,0.0,22.0,71.0,2021-11-19 19:00:00+00:00,11,Regular Season,40.0,TEL,OLY,48.0,3.0,71.0,68.16
E2021,99,local,74.0,37.0,13.0,8.0,4.0,19.0,65.0,29.0,11.0,7.0,14.0,20.0,3.0,24.0,68.0,2021-11-19 19:30:00+00:00,11,Regular Season,40.0,BAS,CSK,36.0,4.0,68.0,75.84
E2021,99,road,80.0,29.0,15.0,12.0,3.0,24.0,61.0,30.0,15.0,13.0,7.0,15.0,4.0,19.0,92.0,2021-11-19 19:30:00+00:00,11,Regular Season,40.0,CSK,BAS,31.0,2.0,92.0,75.6
E2021,98,local,60.0,32.0,7.0,4.0,4.0,21.0,58.0,23.0,16.0,8.0,9.0,10.0,2.0,18.0,55.0,2021-11-19 20:00:00+00:00,11,Regular Season,40.0,ASV,BAR,35.0,8.0,55.0,66.04
E2021,98,road,80.0,45.0,18.0,6.0,2.0,18.0,67.0,30.0,12.0,8.0,16.0,11.0,4.0,21.0,92.0,2021-11-19 20:00:00+00:00,11,Regular Season,40.0,BAR,ASV,37.0,4.0,92.0,67.28
E2021,100,local,77.0,35.0,14.0,5.0,6.0,22.0,61.0,27.0,14.0,12.0,14.0,13.0,6.0,23.0,81.0,2021-11-25 17:00:00+00:00,12,Regular Season,40.0,CSK,MUN,34.0,2.0,81.0,66.16
E2021,100,road,74.0,34.0,12.0,9.0,6.0,23.0,54.0,21.0,26.0,21.0,14.0,12.0,6.0,22.0,80.0,2021-11-25 17:00:00+00:00,12,Regular Season,40.0,MUN,CSK,33.0,5.0,80.0,63.44
E2021,101,local,84.0,34.0,15.0,8.0,4.0,17.0,68.0,31.0,13.0,11.0,12.0,14.0,3.0,22.0,84.0,2021-11-25 17:45:00+00:00,12,Regular Season,40.0,ULK,IST,37.0,2.0,84.0,75.72
E2021,101,road,89.0,33.0,17.0,6.0,3.0,21.0,61.0,32.0,19.0,16.0,9.0,16.0,4.0,18.0,99.0,2021-11-25 17:45:00+00:00,12,Regular Season,40.0,IST,ULK,29.0,3.0,99.0,76.36
E2021,102,local,70.0,35.0,16.0,3.0,6.0,23.0,52.0,23.0,21.0,15.0,8.0,12.0,4.0,20.0,82.0,2021-11-25 19:30:00+00:00,12,Regular Season,40.0,PAN,DYR,29.0,6.0,82.0,65.24000000000001
E2021,102,road,64.0,37.0,11.0,8.0,4.0,19.0,68.0,26.0,10.0,6.0,15.0,10.0,6.0,23.0,58.0,2021-11-25 19:30:00+00:00,12,Regular Season,40.0,DYR,PAN,42.0,4.0,58.0,67.4
E2021,103,local,91.0,30.0,20.0,7.0,2.0,19.0,61.0,34.0,8.0,8.0,6.0,16.0,1.0,19.0,106.0,2021-11-25 19:30:00+00:00,12,Regular Season,40.0,BER,TEL,27.0,0.0,106.0,74.52
E2021,103,road,86.0,27.0,21.0,7.0,1.0,19.0,62.0,31.0,14.0,13.0,7.0,14.0,2.0,19.0,94.0,2021-11-25 19:30:00+00:00,12,Regular Season,40.0,TEL,BER,31.0,1.0,94.0,75.16
E2021,104,local,60.0,31.0,14.0,11.0,2.0,14.0,62.0,24.0,6.0,4.0,6.0,16.0,4.0,15.0,57.0,2021-11-25 19:30:00+00:00,12,Regular Season,40.0,BAS,MAD,38.0,2.0,57.0,74.64
E2021,104,road,88.0,45.0,21.0,11.0,4.0,15.0,69.0,37.0,9.0,4.0,13.0,16.0,2.0,14.0,115.0,2021-11-25 19:30:00+00:00,12,Regular Season,40.0,MAD,BAS,32.0,5.0,115.0,75.96
E2021,105,local,78.0,26.0,17.0,7.0,2.0,23.0,57.0,29.0,24.0,14.0,10.0,12.0,2.0,21.0,80.0,2021-11-26 18:00:00+00:00,12,Regular Season,40.0,RED,UNK,28.0,10.0,80.0,69.56
E2021,105,road,98.0,31.0,24.0,9.0,2.0,21.0,60.0,35.0,15.0,13.0,9.0,11.0,2.0,24.0,121.0,2021-11-26 18:00:00+00:00,12,Regular Season,40.0,UNK,RED,25.0,2.0,121.0,68.6
E2021,106,local,84.0,27.0,10.0,13.0,2.0,22.0,65.0,29.0,24.0,18.0,10.0,11.0,3.0,20.0,82.0,2021-11-26 19:00:00+00:00,12,Regular Season,40.0,MCO,ASV,36.0,6.0,82.0,76.56
E2021,106,road,85.0,37.0,18.0,8.0,3.0,19.0,60.0,33.0,15.0,9.0,10.0,20.0,2.0,22.0,93.0,2021-11-26 19:00:00+00:00,12,Regular Season,40.0,ASV,MCO,27.0,6.0,93.0,76.6
E2021,107,local,72.0,31.0,15.0,2.0,3.0,19.0,60.0,26.0,16.0,11.0,13.0,10.0,3.0,23.0,67.0,2021-11-26 19:30:00+00:00,12,Regular Season,40.0,MIL,OLY,34.0,5.0,67.0,64.04
E2021,107,road,93.0,33.0,19.0,2.0,3.0,21.0,59.0,29.0,20.0,17.0,11.0,9.0,3.0,20.0,106.0,2021-11-26 19:30:00+00:00,12,Regular Season,40.0,OLY,MIL,30.0,3.0,106.0,65.8
E2021,108,local,96.0,29.0,27.0,2.0,0.0,19.0,57.0,33.0,20.0,16.0,7.0,10.0,1.0,21.0,113.0,2021-11-26 20:00:00+00:00,12,Regular Season,40.0,BAR,ZAL,24.0,4.0,113.0,68.8
E2021,108,road,73.0,27.0,12.0,5.0,1.0,21.0,54.0,25.0,24.0,17.0,9.0,10.0,0.0,19.0,74.0,2021-11-26 20:00:00+00:00,12,Regular Season,40.0,ZAL,BAR,29.0,7.0,74.0,65.56
E2021,109,local,97.0,32.0,24.0,8.0,3.0,18.0,67.0,37.0,9.0,9.0,11.0,11.0,3.0,18.0,120.0,2021-12-02 17:00:00+00:00,13,Regular Season,40.0,CSK,PAN,30.0,0.0,120.0,70.96
E2021,109,road,77.0,35.0,20.0,6.0,3.0,18.0,66.0,30.0,14.0,10.0,16.0,14.0,3.0,18.0,84.0,2021-12-02 17:00:00+00:00,13,Regular Season,40.0,PAN,CSK,36.0,4.0,84.0,70.16
E2021,110,local,96.0,36.0,28.0,10.0,0.0,21.0,58.0,33.0,23.0,17.0,11.0,16.0,2.0,22.0,120.0,2021-12-02 17:45:00+00:00,13,Regular Season,40.0,ULK,MCO,25.0,6.0,120.0,73.12
E2021,110,road,86.0,29.0,16.0,9.0,2.0,22.0,63.0,29.0,23.0,16.0,12.0,13.0,0.0,21.0,89.0,2021-12-02 17:45:00+00:00,13,Regular Season,40.0,MCO,ULK,34.0,7.0,89.0,74.12
E2021,111,local,72.0,36.0,18.0,8.0,2.0,13.0,58.0,28.0,9.0,8.0,8.0,13.0,3.0,14.0,88.0,2021-12-02 18:00:00+00:00,13,Regular Season,40.0,ZAL,BAS,30.0,1.0,88.0,66.96000000000001
E2021,111,road,68.0,34.0,15.0,9.0,3.0,14.0,68.0,28.0,5.0,3.0,12.0,11.0,2.0,13.0,75.0,2021-12-02 18:00:00+00:00,13,Regular Season,40.0,BAS,ZAL,40.0,2.0,75.0,69.2
E2021,112,local,73.0,38.0,9.0,3.0,1.0,21.0,56.0,27.0,17.0,14.0,8.0,12.0,3.0,21.0,77.0,2021-12-02 18:30:00+00:00,13,Regular Season,40.0,MUN,ASV,29.0,3.0,77.0,67.48
E2021,112,road,65.0,32.0,14.0,7.0,3.0,21.0,65.0,25.0,16.0,11.0,11.0,8.0,1.0,21.0,67.0,2021-12-02 18:30:00+00:00,13,Regular Season,40.0,ASV,MUN,40.0,5.0,67.0,69.04
E2021,113,local,72.0,33.0,12.0,5.0,4.0,19.0,66.0,30.0,12.0,8.0,11.0,14.0,4.0,18.0,69.0,2021-12-02 19:45:00+00:00,13,Regular Season,40.0,MAD,TEL,36.0,4.0,69.0,74.28
E2021,113,road,70.0,32.0,12.0,7.0,4.0,18.0,58.0,28.0,10.0,9.0,7.0,18.0,4.0,19.0,71.0,2021-12-02 19:45:00+00:00,13,Regular Season,40.0,TEL,MAD,30.0,1.0,71.0,73.4
E2021,114,local,84.0,37.0,16.0,9.0,4.0,17.0,71.0,31.0,16.0,12.0,12.0,14.0,3.0,20.0,86.0,2021-12-03 16:00:00+00:00,13,Regular Season,45.0,UNK,OLY,40.0,4.0,86.0,80.04
E2021,114,road,87.0,43.0,26.0,11.0,3.0,20.0,71.0,31.0,20.0,16.0,14.0,15.0,4.0,17.0,110.0,2021-12-03 16:00:00+00:00,13,Regular Season,45.0,OLY,UNK,40.0,4.0,110.0,80.8
E2021,116,local,93.0,29.0,14.0,5.0,4.0,25.0,62.0,29.0,30.0,25.0,2.0,10.0,2.0,26.0,94.0,2021-12-03 17:30:00+00:00,13,Regular Season,45.0,IST,BAR,33.0,5.0,94.0,83.2
E2021,116,road,95.0,47.0,24.0,6.0,2.0,26.0,75.0,34.0,20.0,14.0,16.0,14.0,4.0,25.0,110.0,2021-12-03 17:30:00+00:00,13,Regular Season,45.0,BAR,IST,41.0,6.0,110.0,81.8
E2021,115,local,58.0,32.0,9.0,10.0,6.0,23.0,53.0,19.0,20.0,17.0,10.0,18.0,2.0,18.0,63.0,2021-12-03 18:00:00+00:00,13,Regular Season,40.0,DYR,RED,34.0,3.0,63.0,69.8
E2021,115,road,69.0,33.0,15.0,8.0,2.0,18.0,59.0,29.0,15.0,8.0,10.0,16.0,6.0,23.0,63.0,2021-12-03 18:00:00+00:00,13,Regular Season,40.0,RED,DYR,30.0,7.0,63.0,71.6
E2021,117,local,81.0,42.0,19.0,3.0,1.0,21.0,62.0,29.0,13.0,12.0,12.0,13.0,2.0,18.0,100.0,2021-12-03 19:00:00+00:00,13,Regular Season,40.0,BER,MIL,33.0,1.0,100.0,68.72
E2021,117,road,76.0,26.0,15.0,7.0,2.0,18.0,61.0,28.0,19.0,14.0,5.0,8.0,1.0,21.0,76.0,2021-12-03 19:00:00+00:00,13,Regular Season,40.0,MIL,BER,33.0,5.0,76.0,72.36
E2021,118,local,80.0,23.0,18.0,9.0,0.0,19.0,58.0,29.0,13.0,9.0,10.0,17.0,1.0,23.0,75.0,2021-12-09 17:00:00+00:00,14,Regular Season,40.0,DYR,ULK,29.0,4.0,75.0,70.72
E2021,118,road,86.0,22.0,22.0,12.0,1.0,23.0,47.0,30.0,27.0,21.0,4.0,15.0,0.0,19.0,109.0,2021-12-09 17:00:00+00:00,14,Regular Season,40.0,ULK,DYR,17.0,6.0,109.0,69.88
E2021,119,local,81.0,27.0,23.0,5.0,2.0,16.0,53.0,27.0,21.0,18.0,5.0,12.0,2.0,18.0,93.0,2021-12-09 18:00:00+00:00,14,Regular Season,40.0,RED,OLY,26.0,3.0,93.0,69.24000000000001
E2021,119,road,76.0,27.0,16.0,4.0,2.0,18.0,55.0,29.0,11.0,7.0,6.0,13.0,2.0,17.0,81.0,2021-12-09 18:00:00+00:00,14,Regular Season,40.0,OLY,RED,26.0,4.0,81.0,66.84
E2021,121,local,83.0,34.0,21.0,2.0,3.0,17.0,59.0,31.0,16.0,14.0,7.0,11.0,1.0,20.0,98.0,2021-12-09 18:45:00+00:00,14,Regular Season,40.0,MUN,IST,28.0,2.0,98.0,70.04
E2021,121,road,71.0,28.0,13.0,5.0,1.0,20.0,55.0,24.0,21.0,16.0,6.0,8.0,3.0,18.0,73.0,2021-12-09 18:45:00+00:00,14,Regular Season,40.0,IST,MUN,31.0,5.0,73.0,66.24
E2021,120,local,74.0,32.0,11.0,4.0,2.0,21.0,53.0,22.0,28.0,22.0,10.0,17.0,1.0,16.0,73.0,2021-12-09 19:05:00+00:00,14,Regular Season,40.0,TEL,UNK,31.0,6.0,73.0,72.32
E2021,120,road,85.0,26.0,14.0,11.0,1.0,15.0,58.0,30.0,17.0,16.0,5.0,11.0,2.0,22.0,88.0,2021-12-09 19:05:00+00:00,14,Regular Season,40.0,UNK,TEL,28.0,1.0,88.0,71.48
E2021,122,local,91.0,38.0,24.0,3.0,1.0,18.0,64.0,35.0,13.0,10.0,10.0,5.0,5.0,19.0,114.0,2021-12-09 19:30:00+00:00,14,Regular Season,40.0,BAS,ASV,29.0,3.0,114.0,64.72
E2021,122,road,66.0,32.0,13.0,4.0,5.0,19.0,63.0,23.0,15.0,13.0,13.0,9.0,1.0,18.0,69.0,2021-12-09 19:30:00+00:00,14,Regular Season,40.0,ASV,BAS,40.0,2.0,69.0,65.6
E2021,123,local,51.0,29.0,15.0,5.0,5.0,16.0,50.0,20.0,11.0,6.0,8.0,19.0,5.0,21.0,41.0,2021-12-10 18:00:00+00:00,14,Regular Season,40.0,ZAL,CSK,30.0,5.0,41.0,65.84
E2021,123,road,73.0,37.0,11.0,8.0,5.0,21.0,58.0,24.0,22.0,19.0,14.0,12.0,5.0,16.0,85.0,2021-12-10 18:00:00+00:00,14,Regular Season,40.0,CSK,ZAL,34.0,3.0,85.0,65.68
E2021,124,local,65.0,38.0,10.0,5.0,3.0,19.0,55.0,21.0,24.0,17.0,12.0,13.0,3.0,15.0,68.0,2021-12-10 19:00:00+00:00,14,Regular Season,40.0,MCO,MIL,34.0,7.0,68.0,66.56
E2021,124,road,71.0,37.0,13.0,6.0,3.0,15.0,63.0,27.0,10.0,7.0,11.0,11.0,3.0,20.0,72.0,2021-12-10 19:00:00+00:00,14,Regular Season,40.0,MIL,MCO,36.0,3.0,72.0,67.4
E2021,125,local,82.0,44.0,19.0,2.0,6.0,17.0,66.0,30.0,15.0,14.0,10.0,10.0,3.0,18.0,102.0,2021-12-10 19:00:00+00:00,14,Regular Season,40.0,PAN,BER,36.0,1.0,102.0,72.6
E2021,125,road,67.0,37.0,17.0,7.0,3.0,18.0,74.0,27.0,8.0,3.0,13.0,7.0,6.0,17.0,67.0,2021-12-10 19:00:00+00:00,14,Regular Season,40.0,BER,PAN,47.0,5.0,67.0,71.52
E2021,126,local,93.0,36.0,18.0,4.0,6.0,26.0,53.0,29.0,29.0,26.0,8.0,14.0,3.0,25.0,114.0,2021-12-10 20:00:00+00:00,14,Regular Season,40.0,BAR,MAD,24.0,3.0,114.0,71.76
E2021,126,road,80.0,29.0,14.0,3.0,3.0,25.0,68.0,30.0,21.0,11.0,15.0,7.0,6.0,27.0,66.0,2021-12-10 20:00:00+00:00,14,Regular Season,40.0,MAD,BAR,38.0,10.0,66.0,69.24
E2021,127,local,87.0,38.0,16.0,8.0,3.0,17.0,73.0,33.0,12.0,11.0,12.0,8.0,2.0,14.0,104.0,2021-12-14 17:30:00+00:00,15,Regular Season,40.0,IST,BAS,40.0,1.0,104.0,74.28
E2021,127,road,72.0,40.0,14.0,2.0,2.0,14.0,64.0,27.0,10.0,8.0,12.0,18.0,3.0,18.0,66.0,2021-12-14 17:30:00+00:00,15,Regular Season,40.0,BAS,IST,37.0,2.0,66.0,74.4
E2021,128,local,90.0,38.0,19.0,8.0,6.0,22.0,64.0,33.0,17.0,14.0,12.0,13.0,2.0,20.0,114.0,2021-12-14 17:45:00+00:00,15,Regular Season,40.0,ULK,TEL,31.0,3.0,114.0,72.48
E2021,128,road,79.0,35.0,15.0,9.0,2.0,19.0,65.0,27.0,17.0,14.0,14.0,17.0,6.0,23.0,72.0,2021-12-14 17:45:00+00:00,15,Regular Season,40.0,TEL,ULK,38.0,3.0,72.0,75.48
E2021,129,local,69.0,35.0,10.0,6.0,1.0,23.0,62.0,24.0,27.0,18.0,17.0,7.0,0.0,22.0,68.0,2021-12-14 18:00:00+00:00,15,Regular Season,40.0,RED,BAR,38.0,9.0,68.0,63.879999999999995
E2021,129,road,76.0,35.0,22.0,3.0,0.0,22.0,56.0,27.0,15.0,13.0,10.0,13.0,1.0,23.0,90.0,2021-12-14 18:00:00+00:00,15,Regular Season,40.0,BAR,RED,29.0,2.0,90.0,65.6
E2021,130,local,75.0,32.0,15.0,9.0,3.0,20.0,61.0,29.0,12.0,10.0,7.0,6.0,2.0,18.0,94.0,2021-12-14 19:30:00+00:00,15,Regular Season,40.0,MIL,PAN,32.0,2.0,94.0,65.28
E2021,130,road,54.0,31.0,12.0,3.0,2.0,18.0,52.0,21.0,7.0,4.0,7.0,17.0,3.0,20.0,46.0,2021-12-14 19:30:00+00:00,15,Regular Season,40.0,PAN,MIL,31.0,3.0,46.0,65.08
E2021,131,local,87.0,41.0,21.0,3.0,3.0,19.0,60.0,33.0,13.0,11.0,8.0,12.0,1.0,19.0,113.0,2021-12-14 19:45:00+00:00,15,Regular Season,40.0,MAD,BER,27.0,2.0,113.0,69.72
E2021,131,road,64.0,28.0,16.0,9.0,1.0,19.0,64.0,22.0,12.0,9.0,10.0,10.0,3.0,19.0,60.0,2021-12-14 19:45:00+00:00,15,Regular Season,40.0,BER,MAD,42.0,3.0,60.0,69.28
E2021,132,local,67.0,38.0,13.0,4.0,1.0,17.0,68.0,28.0,7.0,2.0,14.0,15.0,2.0,11.0,67.0,2021-12-15 17:00:00+00:00,15,Regular Season,40.0,CSK,UNK,40.0,5.0,67.0,72.08
E2021,132,road,88.0,36.0,22.0,7.0,2.0,11.0,67.0,36.0,4.0,1.0,9.0,14.0,1.0,17.0,100.0,2021-12-15 17:00:00+00:00,15,Regular Season,40.0,UNK,CSK,31.0,3.0,100.0,73.76
E2021,133,local,98.0,33.0,22.0,6.0,0.0,23.0,73.0,34.0,21.0,17.0,10.0,10.0,1.0,25.0,103.0,2021-12-15 18:00:00+00:00,15,Regular Season,45.0,ZAL,MCO,39.0,4.0,103.0,82.24
E2021,133,road,107.0,39.0,24.0,6.0,1.0,25.0,70.0,41.0,24.0,16.0,9.0,10.0,0.0,23.0,132.0,2021-12-15 18:00:00+00:00,15,Regular Season,45.0,MCO,ZAL,29.0,8.0,132.0,81.56
E2021,135,local,83.0,32.0,15.0,7.0,1.0,19.0,54.0,31.0,18.0,15.0,5.0,12.0,0.0,17.0,102.0,2021-12-15 19:30:00+00:00,15,Regular Season,40.0,OLY,MUN,23.0,3.0,102.0,68.92
E2021,135,road,60.0,32.0,10.0,6.0,0.0,17.0,62.0,22.0,14.0,8.0,14.0,13.0,1.0,19.0,46.0,2021-12-15 19:30:00+00:00,15,Regular Season,40.0,MUN,OLY,40.0,6.0,46.0,67.16
E2021,134,local,61.0,28.0,12.0,6.0,10.0,16.0,52.0,22.0,19.0,16.0,4.0,10.0,2.0,21.0,67.0,2021-12-15 20:00:00+00:00,15,Regular Season,40.0,ASV,DYR,30.0,3.0,67.0,66.36
E2021,134,road,71.0,37.0,16.0,2.0,2.0,21.0,58.0,26.0,18.0,11.0,11.0,12.0,10.0,16.0,72.0,2021-12-15 20:00:00+00:00,15,Regular Season,40.0,DYR,ASV,32.0,7.0,72.0,66.92
E2021,136,local,75.0,32.0,22.0,12.0,3.0,16.0,66.0,31.0,7.0,4.0,10.0,7.0,0.0,14.0,101.0,2021-12-16 17:45:00+00:00,16,Regular Season,40.0,ULK,BAS,35.0,3.0,101.0,66.08
E2021,136,road,53.0,33.0,12.0,3.0,0.0,14.0,50.0,18.0,11.0,9.0,9.0,19.0,3.0,16.0,43.0,2021-12-16 17:45:00+00:00,16,Regular Season,40.0,BAS,ULK,32.0,2.0,43.0,64.84
E2021,137,local,82.0,32.0,11.0,5.0,1.0,19.0,65.0,28.0,25.0,20.0,12.0,9.0,3.0,21.0,75.0,2021-12-16 19:00:00+00:00,16,Regular Season,40.0,PAN,BAR,37.0,5.0,75.0,73.0
E2021,137,road,85.0,42.0,21.0,5.0,3.0,21.0,66.0,30.0,18.0,16.0,17.0,15.0,1.0,19.0,104.0,2021-12-16 19:00:00+00:00,16,Regular Season,40.0,BAR,PAN,36.0,2.0,104.0,71.92
E2021,138,local,78.0,34.0,18.0,6.0,6.0,19.0,64.0,28.0,18.0,16.0,11.0,12.0,4.0,17.0,90.0,2021-12-16 19:05:00+00:00,16,Regular Season,40.0,TEL,IST,36.0,2.0,90.0,72.92
E2021,138,road,92.0,33.0,26.0,7.0,4.0,17.0,70.0,35.0,10.0,9.0,13.0,10.0,6.0,19.0,108.0,2021-12-16 19:05:00+00:00,16,Regular Season,40.0,IST,TEL,35.0,1.0,108.0,71.4
E2021,139,local,73.0,35.0,13.0,8.0,1.0,22.0,63.0,25.0,21.0,15.0,11.0,13.0,4.0,22.0,69.0,2021-12-16 19:30:00+00:00,16,Regular Season,40.0,MIL,MAD,38.0,6.0,69.0,74.24
E2021,139,road,75.0,36.0,15.0,5.0,4.0,21.0,56.0,28.0,13.0,6.0,6.0,16.0,1.0,23.0,81.0,2021-12-16 19:30:00+00:00,16,Regular Season,40.0,MAD,MIL,28.0,7.0,81.0,71.72
E2021,140,local,66.0,33.0,14.0,8.0,4.0,14.0,56.0,27.0,5.0,4.0,8.0,14.0,2.0,17.0,76.0,2021-12-17 16:00:00+00:00,16,Regular Season,40.0,UNK,ZAL,29.0,1.0,76.0,64.2
E2021,140,road,53.0,31.0,17.0,7.0,2.0,16.0,58.0,21.0,8.0,5.0,9.0,15.0,4.0,14.0,53.0,2021-12-17 16:00:00+00:00,16,Regular Season,40.0,ZAL,UNK,37.0,3.0,53.0,67.52000000000001
E2021,142,local,74.0,29.0,18.0,8.0,2.0,18.0,62.0,27.0,18.0,13.0,10.0,9.0,2.0,21.0,77.0,2021-12-17 18:00:00+00:00,16,Regular Season,40.0,MCO,DYR,35.0,5.0,77.0,68.92
E2021,142,road,85.0,34.0,14.0,3.0,2.0,21.0,56.0,28.0,19.0,16.0,10.0,13.0,2.0,18.0,95.0,2021-12-17 18:00:00+00:00,16,Regular Season,40.0,DYR,MCO,28.0,3.0,95.0,67.36
E2021,144,local,90.0,36.0,19.0,8.0,3.0,21.0,70.0,34.0,9.0,8.0,15.0,15.0,5.0,20.0,100.0,2021-12-17 18:00:00+00:00,16,Regular Season,40.0,BER,CSK,36.0,1.0,100.0,73.96
E2021,144,road,93.0,37.0,18.0,5.0,5.0,20.0,71.0,33.0,18.0,16.0,18.0,14.0,3.0,21.0,100.0,2021-12-17 18:00:00+00:00,16,Regular Season,40.0,CSK,BER,38.0,2.0,100.0,74.92
E2021,143,local,89.0,41.0,16.0,5.0,2.0,17.0,60.0,33.0,17.0,13.0,11.0,12.0,2.0,18.0,107.0,2021-12-17 19:00:00+00:00,16,Regular Season,40.0,OLY,ASV,27.0,4.0,107.0,68.48
E2021,143,road,54.0,24.0,14.0,6.0,2.0,18.0,57.0,23.0,9.0,4.0,7.0,14.0,2.0,19.0,44.0,2021-12-17 19:00:00+00:00,16,Regular Season,40.0,ASV,OLY,34.0,5.0,44.0,67.96000000000001
E2021,141,local,81.0,27.0,19.0,6.0,1.0,21.0,52.0,28.0,20.0,15.0,9.0,12.0,3.0,21.0,90.0,2021-12-17 19:45:00+00:00,16,Regular Season,40.0,RED,MUN,24.0,5.0,90.0,63.8
E2021,141,road,78.0,35.0,12.0,6.0,3.0,21.0,67.0,30.0,11.0,9.0,19.0,13.0,1.0,21.0,81.0,2021-12-17 19:45:00+00:00,16,Regular Season,40.0,MUN,RED,37.0,2.0,81.0,65.84
E2021,145,local,84.0,28.0,16.0,6.0,5.0,23.0,55.0,28.0,20.0,17.0,6.0,10.0,3.0,16.0,103.0,2021-12-22 17:30:00+00:00,17,Regular Season,40.0,IST,RED,27.0,3.0,103.0,67.8
E2021,145,road,83.0,36.0,17.0,4.0,3.0,16.0,70.0,31.0,11.0,8.0,14.0,10.0,5.0,23.0,79.0,2021-12-22 17:30:00+00:00,17,Regular Season,40.0,RED,IST,39.0,3.0,79.0,70.84
E2021,147,local,92.0,33.0,20.0,8.0,4.0,19.0,60.0,32.0,23.0,19.0,6.0,12.0,3.0,21.0,108.0,2021-12-22 19:00:00+00:00,17,Regular Season,40.0,BER,MCO,28.0,4.0,108.0,76.12
E2021,147,road,84.0,29.0,18.0,5.0,3.0,21.0,67.0,33.0,13.0,10.0,6.0,11.0,4.0,19.0,89.0,2021-12-22 19:00:00+00:00,17,Regular Season,40.0,MCO,BER,34.0,3.0,89.0,77.72
E2021,148,local,111.0,39.0,19.0,7.0,0.0,30.0,55.0,29.0,44.0,42.0,15.0,23.0,1.0,26.0,128.0,2021-12-22 20:00:00+00:00,17,Regular Season,45.0,BAR,UNK,26.0,2.0,128.0,82.36
E2021,148,road,109.0,29.0,17.0,15.0,1.0,26.0,76.0,36.0,31.0,24.0,17.0,13.0,0.0,30.0,107.0,2021-12-22 20:00:00+00:00,17,Regular Season,45.0,UNK,BAR,40.0,7.0,107.0,85.64
E2021,149,local,73.0,23.0,13.0,8.0,3.0,17.0,61.0,27.0,12.0,9.0,10.0,10.0,4.0,19.0,67.0,2021-12-23 17:00:00+00:00,17,Regular Season,40.0,DYR,TEL,34.0,3.0,67.0,66.28
E2021,149,road,71.0,34.0,20.0,7.0,4.0,19.0,48.0,26.0,17.0,14.0,8.0,19.0,3.0,17.0,91.0,2021-12-23 17:00:00+00:00,17,Regular Season,40.0,TEL,DYR,22.0,3.0,91.0,66.48
E2021,152,local,76.0,38.0,9.0,2.0,0.0,20.0,64.0,25.0,22.0,19.0,10.0,8.0,3.0,25.0,67.0,2021-12-23 18:00:00+00:00,17,Regular Season,40.0,MUN,BAS,39.0,3.0,67.0,71.68
E2021,152,road,81.0,40.0,15.0,4.0,3.0,25.0,65.0,29.0,19.0,14.0,10.0,9.0,0.0,21.0,97.0,2021-12-23 18:00:00+00:00,17,Regular Season,40.0,BAS,MUN,36.0,5.0,97.0,72.36
E2021,151,local,65.0,38.0,17.0,4.0,6.0,15.0,62.0,26.0,10.0,7.0,6.0,15.0,2.0,18.0,71.0,2021-12-23 19:00:00+00:00,17,Regular Season,40.0,PAN,OLY,36.0,3.0,71.0,75.4
E2021,151,road,84.0,39.0,17.0,6.0,2.0,17.0,74.0,30.0,12.0,11.0,11.0,9.0,6.0,15.0,90.0,2021-12-23 19:00:00+00:00,17,Regular Season,40.0,OLY,PAN,44.0,1.0,90.0,77.28
E2021,153,local,71.0,35.0,11.0,8.0,4.0,20.0,65.0,27.0,13.0,8.0,6.0,5.0,3.0,22.0,76.0,2021-12-23 19:45:00+00:00,17,Regular Season,40.0,MAD,CSK,38.0,5.0,76.0,69.72
E2021,153,road,65.0,50.0,14.0,3.0,3.0,21.0,69.0,21.0,15.0,14.0,19.0,11.0,4.0,20.0,72.0,2021-12-23 19:45:00+00:00,17,Regular Season,40.0,CSK,MAD,48.0,1.0,72.0,67.6
E2021,150,local,84.0,23.0,14.0,11.0,2.0,17.0,59.0,32.0,16.0,12.0,8.0,15.0,0.0,23.0,82.0,2021-12-23 20:00:00+00:00,17,Regular Season,40.0,ASV,ULK,27.0,4.0,82.0,73.04
E2021,150,road,82.0,34.0,14.0,8.0,0.0,23.0,59.0,30.0,19.0,16.0,13.0,20.0,2.0,18.0,89.0,2021-12-23 20:00:00+00:00,17,Regular Season,40.0,ULK,ASV,29.0,3.0,89.0,74.36
E2021,155,local,82.0,28.0,18.0,4.0,1.0,21.0,53.0,30.0,18.0,13.0,3.0,15.0,2.0,20.0,89.0,2021-12-29 18:00:00+00:00,18,Regular Season,40.0,MCO,TEL,23.0,5.0,89.0,72.92
E2021,155,road,76.0,32.0,18.0,10.0,2.0,20.0,62.0,27.0,17.0,14.0,11.0,12.0,1.0,21.0,86.0,2021-12-29 18:00:00+00:00,18,Regular Season,40.0,TEL,MCO,35.0,3.0,86.0,70.48
E2021,158,local,75.0,36.0,17.0,8.0,3.0,14.0,68.0,29.0,9.0,8.0,11.0,8.0,5.0,21.0,79.0,2021-12-30 16:00:00+00:00,18,Regular Season,40.0,UNK,IST,39.0,1.0,79.0,68.96
E2021,158,road,67.0,38.0,17.0,3.0,5.0,21.0,59.0,25.0,15.0,11.0,10.0,14.0,3.0,14.0,82.0,2021-12-30 16:00:00+00:00,18,Regular Season,40.0,IST,UNK,34.0,4.0,82.0,69.6
E2021,159,local,76.0,27.0,15.0,10.0,2.0,21.0,65.0,28.0,22.0,13.0,7.0,7.0,3.0,19.0,76.0,2021-12-30 18:00:00+00:00,18,Regular Season,45.0,RED,DYR,37.0,9.0,76.0,74.68
E2021,159,road,80.0,43.0,19.0,2.0,3.0,18.0,58.0,30.0,12.0,8.0,10.0,18.0,2.0,21.0,92.0,2021-12-30 18:00:00+00:00,18,Regular Season,45.0,DYR,RED,28.0,4.0,92.0,71.28
E2021,162,local,94.0,39.0,24.0,5.0,2.0,20.0,65.0,34.0,19.0,12.0,9.0,7.0,3.0,21.0,115.0,2021-12-30 19:30:00+00:00,18,Regular Season,40.0,BAS,BAR,31.0,7.0,115.0,71.36
E2021,162,road,75.0,32.0,14.0,4.0,3.0,21.0,62.0,25.0,19.0,16.0,8.0,8.0,2.0,20.0,79.0,2021-12-30 19:30:00+00:00,18,Regular Season,40.0,BAR,BAS,37.0,3.0,79.0,70.36
E2021,173,local,94.0,28.0,27.0,9.0,2.0,15.0,62.0,34.0,13.0,11.0,4.0,12.0,5.0,22.0,106.0,2022-01-11 17:45:00+00:00,20,Regular Season,40.0,ULK,OLY,28.0,2.0,106.0,75.72
E2021,173,road,80.0,26.0,20.0,7.0,5.0,21.0,53.0,27.0,15.0,14.0,2.0,16.0,2.0,15.0,99.0,2022-01-11 17:45:00+00:00,20,Regular Season,40.0,OLY,ULK,26.0,1.0,99.0,73.6
E2021,176,local,74.0,30.0,15.0,7.0,2.0,20.0,58.0,26.0,13.0,11.0,8.0,12.0,2.0,22.0,78.0,2022-01-11 19:30:00+00:00,20,Regular Season,40.0,MUN,ZAL,32.0,2.0,78.0,67.72
E2021,176,road,65.0,39.0,11.0,6.0,2.0,21.0,62.0,24.0,15.0,13.0,15.0,15.0,2.0,21.0,66.0,2022-01-11 19:30:00+00:00,20,Regular Season,40.0,ZAL,MUN,38.0,2.0,66.0,68.6
E2021,178,local,73.0,25.0,20.0,6.0,3.0,18.0,55.0,29.0,9.0,6.0,10.0,19.0,0.0,20.0,77.0,2022-01-11 20:00:00+00:00,20,Regular Season,40.0,BAR,MIL,26.0,3.0,77.0,67.96000000000001
E2021,178,road,75.0,25.0,14.0,10.0,0.0,20.0,54.0,27.0,14.0,11.0,9.0,18.0,3.0,18.0,75.0,2022-01-11 20:00:00+00:00,20,Regular Season,40.0,MIL,BAR,27.0,3.0,75.0,69.16
E2021,179,local,74.0,25.0,15.0,7.0,1.0,23.0,58.0,27.0,18.0,15.0,6.0,12.0,4.0,18.0,77.0,2022-01-12 19:00:00+00:00,20,Regular Season,40.0,PAN,CSK,31.0,3.0,77.0,71.92
E2021,179,road,98.0,37.0,24.0,6.0,4.0,18.0,68.0,36.0,10.0,9.0,11.0,12.0,1.0,24.0,117.0,2022-01-12 19:00:00+00:00,20,Regular Season,40.0,CSK,PAN,32.0,1.0,117.0,73.4
E2021,183,local,78.0,29.0,14.0,6.0,0.0,19.0,61.0,29.0,11.0,10.0,8.0,9.0,1.0,18.0,85.0,2022-01-13 19:30:00+00:00,21,Regular Season,40.0,MUN,MCO,32.0,1.0,85.0,66.84
E2021,183,road,83.0,27.0,12.0,3.0,1.0,18.0,52.0,30.0,16.0,11.0,3.0,11.0,0.0,19.0,87.0,2022-01-13 19:30:00+00:00,21,Regular Season,40.0,MCO,MUN,22.0,5.0,87.0,67.03999999999999
E2021,185,local,82.0,31.0,18.0,4.0,3.0,20.0,55.0,28.0,20.0,16.0,8.0,15.0,0.0,25.0,87.0,2022-01-13 20:00:00+00:00,21,Regular Season,40.0,BAR,IST,27.0,4.0,87.0,70.8
E2021,185,road,77.0,36.0,9.0,7.0,0.0,24.0,61.0,22.0,33.0,28.0,15.0,11.0,3.0,20.0,75.0,2022-01-13 20:00:00+00:00,21,Regular Season,40.0,IST,BAR,39.0,5.0,75.0,71.52
E2021,186,local,90.0,33.0,23.0,5.0,3.0,26.0,60.0,31.0,22.0,15.0,11.0,15.0,1.0,17.0,111.0,2022-01-14 17:00:00+00:00,21,Regular Season,40.0,CSK,ASV,29.0,7.0,111.0,73.68
E2021,186,road,83.0,34.0,18.0,11.0,1.0,17.0,68.0,33.0,13.0,12.0,11.0,14.0,3.0,27.0,84.0,2022-01-14 17:00:00+00:00,21,Regular Season,40.0,ASV,CSK,35.0,1.0,84.0,76.72
E2021,189,local,89.0,40.0,20.0,6.0,2.0,18.0,66.0,34.0,13.0,10.0,14.0,13.0,1.0,18.0,108.0,2022-01-14 19:45:00+00:00,21,Regular Season,40.0,MAD,BAS,32.0,3.0,108.0,70.72
E2021,189,road,74.0,22.0,16.0,8.0,1.0,18.0,62.0,31.0,6.0,5.0,4.0,11.0,2.0,18.0,76.0,2022-01-14 19:45:00+00:00,21,Regular Season,40.0,BAS,MAD,31.0,1.0,76.0,71.64
E2021,170,local,75.0,23.0,16.0,4.0,2.0,18.0,55.0,25.0,23.0,18.0,10.0,11.0,2.0,19.0,71.0,2022-01-18 19:00:00+00:00,19,Regular Season,40.0,ASV,MCO,30.0,5.0,71.0,66.12
E2021,170,road,100.0,34.0,21.0,4.0,2.0,19.0,65.0,40.0,13.0,10.0,13.0,11.0,2.0,18.0,121.0,2022-01-18 19:00:00+00:00,19,Regular Season,40.0,MCO,ASV,25.0,3.0,121.0,68.72
E2021,157,local,84.0,30.0,19.0,7.0,2.0,15.0,62.0,32.0,11.0,11.0,6.0,13.0,1.0,20.0,93.0,2022-01-18 19:30:00+00:00,18,Regular Season,40.0,MIL,BER,30.0,0.0,93.0,73.84
E2021,157,road,76.0,30.0,20.0,7.0,1.0,20.0,56.0,25.0,18.0,17.0,6.0,16.0,2.0,15.0,89.0,2022-01-18 19:30:00+00:00,18,Regular Season,40.0,BER,MIL,31.0,1.0,89.0,73.92
E2021,190,local,70.0,33.0,17.0,10.0,4.0,22.0,48.0,24.0,23.0,18.0,5.0,18.0,1.0,19.0,89.0,2022-01-20 16:00:00+00:00,22,Regular Season,40.0,UNK,BAR,24.0,5.0,89.0,71.12
E2021,190,road,64.0,30.0,10.0,7.0,1.0,19.0,61.0,23.0,12.0,11.0,11.0,16.0,4.0,22.0,50.0,2022-01-20 16:00:00+00:00,22,Regular Season,40.0,BAR,UNK,38.0,1.0,50.0,71.28
E2021,191,local,77.0,32.0,18.0,5.0,5.0,24.0,59.0,25.0,24.0,20.0,10.0,12.0,3.0,22.0,86.0,2022-01-20 17:00:00+00:00,22,Regular Season,40.0,DYR,MCO,34.0,4.0,86.0,71.56
E2021,191,road,86.0,38.0,15.0,7.0,3.0,22.0,64.0,33.0,20.0,13.0,12.0,10.0,5.0,24.0,94.0,2022-01-20 17:00:00+00:00,22,Regular Season,40.0,MCO,DYR,31.0,7.0,94.0,70.8
E2021,192,local,73.0,35.0,17.0,9.0,1.0,23.0,59.0,26.0,16.0,12.0,9.0,14.0,2.0,15.0,90.0,2022-01-20 17:45:00+00:00,22,Regular Season,40.0,ULK,ZAL,33.0,4.0,90.0,71.04
E2021,192,road,67.0,36.0,15.0,7.0,2.0,15.0,63.0,25.0,6.0,6.0,12.0,14.0,1.0,23.0,66.0,2022-01-20 17:45:00+00:00,22,Regular Season,40.0,ZAL,ULK,38.0,0.0,66.0,67.64
E2021,193,local,74.0,34.0,18.0,5.0,0.0,23.0,58.0,25.0,23.0,17.0,8.0,18.0,2.0,10.0,85.0,2022-01-20 19:00:00+00:00,22,Regular Season,40.0,BER,MAD,33.0,6.0,85.0,78.12
E2021,193,road,89.0,38.0,18.0,12.0,2.0,10.0,72.0,36.0,9.0,8.0,9.0,9.0,0.0,23.0,100.0,2022-01-20 19:00:00+00:00,22,Regular Season,40.0,MAD,BER,36.0,1.0,100.0,75.96
E2021,194,local,84.0,28.0,16.0,9.0,3.0,19.0,62.0,30.0,18.0,16.0,7.0,4.0,1.0,21.0,99.0,2022-01-20 19:05:00+00:00,22,Regular Season,40.0,TEL,OLY,32.0,2.0,99.0,66.92
E2021,194,road,69.0,35.0,16.0,4.0,1.0,21.0,51.0,23.0,20.0,17.0,9.0,15.0,3.0,19.0,78.0,2022-01-20 19:05:00+00:00,22,Regular Season,40.0,OLY,TEL,28.0,3.0,78.0,65.8
E2021,195,local,57.0,39.0,6.0,6.0,0.0,24.0,63.0,21.0,16.0,12.0,17.0,13.0,6.0,19.0,48.0,2022-01-21 17:00:00+00:00,22,Regular Season,40.0,CSK,MIL,42.0,4.0,48.0,66.04
E2021,195,road,67.0,30.0,10.0,7.0,6.0,19.0,48.0,21.0,21.0,18.0,5.0,11.0,0.0,24.0,74.0,2022-01-21 17:00:00+00:00,22,Regular Season,40.0,MIL,CSK,27.0,3.0,74.0,63.24
E2021,196,local,82.0,33.0,18.0,8.0,4.0,16.0,71.0,31.0,16.0,13.0,10.0,5.0,2.0,19.0,92.0,2022-01-21 17:30:00+00:00,22,Regular Season,40.0,IST,PAN,40.0,3.0,92.0,73.04
E2021,196,road,81.0,40.0,13.0,4.0,2.0,19.0,63.0,29.0,14.0,11.0,11.0,12.0,4.0,16.0,90.0,2022-01-21 17:30:00+00:00,22,Regular Season,40.0,PAN,IST,34.0,3.0,90.0,70.16
E2021,198,local,77.0,34.0,16.0,4.0,4.0,19.0,53.0,28.0,15.0,13.0,8.0,17.0,3.0,23.0,84.0,2022-01-21 19:30:00+00:00,22,Regular Season,40.0,BAS,MUN,25.0,2.0,84.0,68.6
E2021,198,road,84.0,27.0,19.0,8.0,3.0,23.0,63.0,29.0,19.0,15.0,9.0,7.0,4.0,19.0,96.0,2022-01-21 19:30:00+00:00,22,Regular Season,40.0,MUN,BAS,34.0,4.0,96.0,69.36
E2021,197,local,69.0,39.0,10.0,4.0,3.0,24.0,58.0,28.0,15.0,10.0,14.0,19.0,2.0,19.0,74.0,2022-01-21 20:00:00+00:00,22,Regular Season,40.0,ASV,RED,30.0,5.0,74.0,69.6
E2021,197,road,67.0,29.0,19.0,8.0,2.0,19.0,58.0,23.0,19.0,14.0,13.0,15.0,3.0,24.0,62.0,2022-01-21 20:00:00+00:00,22,Regular Season,40.0,RED,ASV,35.0,5.0,62.0,68.36
E2021,180,local,87.0,26.0,20.0,10.0,1.0,14.0,68.0,35.0,12.0,9.0,10.0,5.0,2.0,23.0,92.0,2022-01-25 19:15:00+00:00,20,Regular Season,40.0,TEL,BER,33.0,3.0,92.0,68.28
E2021,180,road,78.0,31.0,19.0,1.0,2.0,23.0,54.0,29.0,17.0,13.0,9.0,16.0,1.0,14.0,94.0,2022-01-25 19:15:00+00:00,20,Regular Season,40.0,BER,TEL,25.0,4.0,94.0,68.48
E2021,166,local,85.0,41.0,21.0,6.0,2.0,14.0,64.0,32.0,8.0,7.0,12.0,16.0,3.0,12.0,105.0,2022-01-25 19:45:00+00:00,19,Regular Season,40.0,MAD,UNK,32.0,1.0,105.0,71.52
E2021,166,road,68.0,25.0,19.0,11.0,3.0,12.0,58.0,26.0,8.0,6.0,4.0,12.0,2.0,15.0,75.0,2022-01-25 19:45:00+00:00,19,Regular Season,40.0,UNK,MAD,32.0,2.0,75.0,69.52000000000001
E2021,160,local,68.0,21.0,18.0,11.0,0.0,18.0,57.0,29.0,11.0,6.0,5.0,6.0,3.0,15.0,79.0,2022-01-25 20:00:00+00:00,18,Regular Season,40.0,ASV,MUN,28.0,5.0,79.0,62.84
E2021,160,road,77.0,30.0,17.0,2.0,3.0,15.0,53.0,32.0,2.0,2.0,4.0,15.0,0.0,18.0,90.0,2022-01-25 20:00:00+00:00,18,Regular Season,40.0,MUN,ASV,21.0,0.0,90.0,64.88
E2021,199,local,76.0,38.0,21.0,7.0,2.0,18.0,63.0,29.0,15.0,10.0,11.0,12.0,6.0,17.0,88.0,2022-01-27 17:00:00+00:00,23,Regular Season,40.0,DYR,IST,34.0,5.0,88.0,70.6
E2021,199,road,67.0,35.0,15.0,9.0,6.0,17.0,65.0,28.0,8.0,7.0,10.0,14.0,2.0,18.0,77.0,2022-01-27 17:00:00+00:00,23,Regular Season,40.0,IST,DYR,37.0,1.0,77.0,72.52
E2021,200,local,72.0,32.0,13.0,5.0,3.0,20.0,61.0,28.0,11.0,8.0,7.0,17.0,1.0,16.0,75.0,2022-01-27 19:00:00+00:00,23,Regular Season,40.0,OLY,RED,33.0,3.0,75.0,75.84
E2021,200,road,76.0,37.0,16.0,11.0,1.0,16.0,66.0,31.0,11.0,8.0,10.0,12.0,3.0,20.0,84.0,2022-01-27 19:00:00+00:00,23,Regular Season,40.0,RED,OLY,35.0,3.0,84.0,72.84
E2021,202,local,84.0,37.0,15.0,7.0,1.0,18.0,61.0,32.0,15.0,11.0,8.0,14.0,1.0,20.0,94.0,2022-01-27 20:00:00+00:00,23,Regular Season,40.0,BAR,ASV,29.0,4.0,94.0,73.6
E2021,202,road,71.0,29.0,19.0,6.0,1.0,20.0,59.0,28.0,16.0,12.0,6.0,12.0,1.0,18.0,80.0,2022-01-27 20:00:00+00:00,23,Regular Season,40.0,ASV,BAR,31.0,4.0,80.0,72.04
E2021,203,local,75.0,34.0,18.0,4.0,4.0,19.0,63.0,30.0,12.0,9.0,10.0,13.0,3.0,29.0,73.0,2022-01-28 16:00:00+00:00,23,Regular Season,40.0,UNK,CSK,33.0,3.0,73.0,71.28
E2021,203,road,86.0,28.0,15.0,5.0,3.0,28.0,56.0,27.0,27.0,22.0,6.0,8.0,4.0,19.0,100.0,2022-01-28 16:00:00+00:00,23,Regular Season,40.0,CSK,UNK,29.0,5.0,100.0,69.88
E2021,204,local,84.0,40.0,12.0,13.0,1.0,22.0,82.0,28.0,27.0,21.0,16.0,7.0,6.0,23.0,76.0,2022-01-28 18:00:00+00:00,23,Regular Season,50.0,MCO,MAD,54.0,6.0,76.0,84.88
E2021,204,road,90.0,57.0,21.0,4.0,6.0,23.0,73.0,30.0,19.0,17.0,19.0,20.0,1.0,22.0,113.0,2022-01-28 18:00:00+00:00,23,Regular Season,50.0,MAD,MCO,43.0,2.0,113.0,82.36
E2021,205,local,75.0,37.0,23.0,5.0,3.0,15.0,59.0,30.0,9.0,7.0,4.0,12.0,1.0,15.0,99.0,2022-01-28 19:00:00+00:00,23,Regular Season,40.0,PAN,BAS,29.0,2.0,99.0,70.96000000000001
E2021,205,road,63.0,38.0,14.0,7.0,1.0,15.0,72.0,26.0,6.0,5.0,12.0,7.0,3.0,15.0,66.0,2022-01-28 19:00:00+00:00,23,Regular Season,40.0,BAS,PAN,46.0,1.0,66.0,69.64
E2021,206,local,65.0,32.0,16.0,7.0,1.0,21.0,53.0,21.0,18.0,15.0,7.0,10.0,1.0,17.0,79.0,2022-01-28 19:30:00+00:00,23,Regular Season,40.0,MIL,ZAL,32.0,3.0,79.0,63.92
E2021,206,road,58.0,34.0,16.0,7.0,1.0,17.0,52.0,20.0,11.0,9.0,7.0,14.0,1.0,21.0,63.0,2022-01-28 19:30:00+00:00,23,Regular Season,40.0,ZAL,MIL,32.0,2.0,63.0,63.84
E2021,207,local,62.0,33.0,14.0,12.0,4.0,20.0,58.0,24.0,12.0,8.0,12.0,17.0,1.0,24.0,65.0,2022-01-28 19:30:00+00:00,23,Regular Season,40.0,MUN,BER,34.0,4.0,65.0,68.28
E2021,207,road,56.0,36.0,9.0,10.0,1.0,24.0,54.0,20.0,17.0,10.0,13.0,19.0,4.0,20.0,52.0,2022-01-28 19:30:00+00:00,23,Regular Season,40.0,BER,MUN,34.0,7.0,52.0,67.48
E2021,208,local,85.0,36.0,17.0,7.0,2.0,25.0,60.0,30.0,27.0,20.0,11.0,14.0,4.0,22.0,95.0,2022-02-01 17:45:00+00:00,24,Regular Season,40.0,ULK,ASV,30.0,7.0,95.0,74.88
E2021,208,road,76.0,30.0,14.0,7.0,4.0,22.0,55.0,26.0,25.0,18.0,9.0,17.0,2.0,25.0,73.0,2022-02-01 17:45:00+00:00,24,Regular Season,40.0,ASV,ULK,29.0,7.0,73.0,74.0
E2021,209,local,57.0,31.0,18.0,7.0,0.0,19.0,56.0,20.0,15.0,12.0,6.0,11.0,4.0,16.0,62.0,2022-02-01 18:00:00+00:00,24,Regular Season,40.0,RED,MIL,36.0,3.0,62.0,67.6
E2021,209,road,63.0,38.0,15.0,5.0,4.0,14.0,58.0,26.0,4.0,1.0,8.0,14.0,0.0,19.0,71.0,2022-02-01 18:00:00+00:00,24,Regular Season,40.0,MIL,RED,32.0,3.0,71.0,65.75999999999999
E2021,210,local,78.0,25.0,21.0,5.0,0.0,20.0,64.0,29.0,12.0,12.0,12.0,7.0,4.0,19.0,84.0,2022-02-01 18:00:00+00:00,24,Regular Season,40.0,ZAL,TEL,35.0,0.0,84.0,64.28
E2021,210,road,94.0,29.0,20.0,4.0,4.0,18.0,49.0,31.0,21.0,18.0,6.0,10.0,0.0,20.0,118.0,2022-02-01 18:00:00+00:00,24,Regular Season,40.0,TEL,ZAL,18.0,3.0,118.0,62.24
E2021,211,local,83.0,28.0,11.0,7.0,0.0,23.0,59.0,30.0,19.0,15.0,12.0,13.0,2.0,21.0,83.0,2022-02-01 19:00:00+00:00,24,Regular Season,40.0,PAN,MCO,29.0,4.0,83.0,68.36
E2021,211,road,91.0,30.0,9.0,9.0,2.0,21.0,62.0,36.0,14.0,10.0,12.0,12.0,0.0,23.0,97.0,2022-02-01 19:00:00+00:00,24,Regular Season,40.0,MCO,PAN,26.0,4.0,97.0,68.16
E2021,212,local,82.0,29.0,18.0,4.0,2.0,20.0,59.0,28.0,19.0,18.0,6.0,12.0,3.0,27.0,81.0,2022-02-01 19:30:00+00:00,24,Regular Season,40.0,BAS,DYR,31.0,1.0,81.0,73.36
E2021,212,road,90.0,30.0,12.0,5.0,3.0,26.0,55.0,28.0,27.0,24.0,6.0,12.0,2.0,20.0,102.0,2022-02-01 19:30:00+00:00,24,Regular Season,40.0,DYR,BAS,27.0,3.0,102.0,72.88
E2021,213,local,71.0,35.0,12.0,2.0,0.0,27.0,49.0,24.0,22.0,16.0,7.0,13.0,3.0,15.0,85.0,2022-02-01 20:00:00+00:00,24,Regular Season,40.0,BAR,MUN,25.0,6.0,85.0,64.68
E2021,213,road,66.0,33.0,10.0,5.0,3.0,15.0,66.0,26.0,6.0,5.0,11.0,8.0,0.0,27.0,56.0,2022-02-01 20:00:00+00:00,24,Regular Season,40.0,MUN,BAR,40.0,1.0,56.0,65.64
E2021,214,local,97.0,41.0,21.0,11.0,3.0,12.0,82.0,35.0,11.0,11.0,17.0,10.0,6.0,22.0,100.0,2022-02-02 17:00:00+00:00,24,Regular Season,45.0,CSK,IST,47.0,0.0,100.0,79.84
E2021,214,road,99.0,39.0,25.0,6.0,6.0,22.0,68.0,34.0,21.0,12.0,12.0,14.0,3.0,12.0,125.0,2022-02-02 17:00:00+00:00,24,Regular Season,45.0,IST,CSK,34.0,9.0,125.0,79.24
E2021,215,local,81.0,45.0,18.0,6.0,3.0,21.0,56.0,29.0,20.0,16.0,11.0,20.0,1.0,14.0,108.0,2022-02-02 19:00:00+00:00,24,Regular Season,40.0,BER,UNK,27.0,4.0,108.0,73.8
E2021,215,road,53.0,32.0,6.0,10.0,1.0,14.0,68.0,19.0,17.0,12.0,16.0,11.0,3.0,21.0,27.0,2022-02-02 19:00:00+00:00,24,Regular Season,40.0,UNK,BER,49.0,5.0,27.0,70.48
E2021,216,local,75.0,47.0,15.0,5.0,5.0,17.0,67.0,25.0,18.0,15.0,15.0,9.0,1.0,14.0,95.0,2022-02-02 19:45:00+00:00,24,Regular Season,40.0,MAD,OLY,42.0,3.0,95.0,68.92
E2021,216,road,67.0,30.0,15.0,5.0,1.0,13.0,62.0,25.0,15.0,12.0,6.0,6.0,5.0,17.0,63.0,2022-02-02 19:45:00+00:00,24,Regular Season,40.0,OLY,MAD,37.0,3.0,63.0,68.6
E2021,217,local,80.0,24.0,19.0,4.0,0.0,20.0,55.0,28.0,15.0,12.0,8.0,18.0,0.0,20.0,79.0,2022-02-03 18:00:00+00:00,25,Regular Season,40.0,RED,MCO,27.0,3.0,79.0,71.6
E2021,217,road,91.0,25.0,22.0,8.0,0.0,20.0,56.0,34.0,17.0,11.0,7.0,14.0,0.0,21.0,103.0,2022-02-03 18:00:00+00:00,25,Regular Season,40.0,MCO,RED,22.0,6.0,103.0,70.48
E2021,218,local,60.0,29.0,13.0,5.0,4.0,21.0,56.0,21.0,12.0,9.0,14.0,16.0,3.0,17.0,58.0,2022-02-03 19:30:00+00:00,25,Regular Season,40.0,MIL,ULK,35.0,3.0,58.0,63.28
E2021,218,road,71.0,33.0,18.0,9.0,3.0,17.0,56.0,29.0,12.0,7.0,12.0,14.0,4.0,21.0,80.0,2022-02-03 19:30:00+00:00,25,Regular Season,40.0,ULK,MIL,27.0,5.0,80.0,63.28
E2021,219,local,70.0,29.0,15.0,8.0,0.0,19.0,52.0,24.0,12.0,11.0,3.0,12.0,1.0,21.0,78.0,2022-02-03 19:30:00+00:00,25,Regular Season,40.0,MUN,TEL,28.0,1.0,78.0,66.28
E2021,219,road,52.0,28.0,5.0,6.0,1.0,20.0,49.0,18.0,18.0,13.0,5.0,14.0,0.0,19.0,43.0,2022-02-03 19:30:00+00:00,25,Regular Season,40.0,TEL,MUN,31.0,5.0,43.0,65.92
E2021,220,local,86.0,36.0,19.0,8.0,3.0,13.0,63.0,34.0,8.0,8.0,9.0,13.0,2.0,20.0,101.0,2022-02-03 20:00:00+00:00,25,Regular Season,40.0,BAR,PAN,29.0,0.0,101.0,70.52
E2021,220,road,60.0,26.0,12.0,7.0,2.0,20.0,55.0,24.0,14.0,11.0,6.0,17.0,3.0,13.0,60.0,2022-02-03 20:00:00+00:00,25,Regular Season,40.0,PAN,BAR,31.0,3.0,60.0,72.16
E2021,221,local,91.0,36.0,25.0,9.0,2.0,22.0,67.0,32.0,18.0,16.0,13.0,8.0,4.0,22.0,114.0,2022-02-04 17:00:00+00:00,25,Regular Season,40.0,CSK,BER,35.0,2.0,114.0,69.92
E2021,221,road,72.0,30.0,14.0,5.0,4.0,22.0,56.0,24.0,15.0,13.0,8.0,17.0,2.0,22.0,72.0,2022-02-04 17:00:00+00:00,25,Regular Season,40.0,BER,CSK,32.0,2.0,72.0,71.6
E2021,222,local,78.0,25.0,20.0,11.0,1.0,16.0,57.0,28.0,12.0,11.0,5.0,13.0,2.0,16.0,90.0,2022-02-04 17:30:00+00:00,25,Regular Season,40.0,IST,ASV,29.0,1.0,90.0,70.28
E2021,222,road,72.0,39.0,12.0,9.0,2.0,16.0,65.0,30.0,7.0,6.0,15.0,19.0,1.0,16.0,78.0,2022-02-04 17:30:00+00:00,25,Regular Season,40.0,ASV,IST,35.0,1.0,78.0,72.08
E2021,223,local,67.0,28.0,12.0,6.0,1.0,17.0,48.0,26.0,13.0,9.0,6.0,16.0,1.0,17.0,71.0,2022-02-04 18:00:00+00:00,25,Regular Season,40.0,ZAL,UNK,22.0,4.0,71.0,63.72
E2021,223,road,76.0,33.0,17.0,12.0,1.0,17.0,69.0,31.0,7.0,5.0,15.0,9.0,1.0,17.0,89.0,2022-02-04 18:00:00+00:00,25,Regular Season,40.0,UNK,ZAL,38.0,2.0,89.0,66.08
E2021,224,local,62.0,29.0,21.0,7.0,1.0,14.0,57.0,25.0,4.0,3.0,5.0,16.0,3.0,19.0,63.0,2022-02-04 19:30:00+00:00,25,Regular Season,40.0,BAS,OLY,32.0,1.0,63.0,69.75999999999999
E2021,224,road,72.0,27.0,13.0,13.0,3.0,19.0,50.0,24.0,16.0,13.0,2.0,14.0,1.0,14.0,89.0,2022-02-04 19:30:00+00:00,25,Regular Season,40.0,OLY,BAS,26.0,3.0,89.0,69.03999999999999
E2021,225,local,85.0,34.0,18.0,7.0,1.0,15.0,57.0,33.0,8.0,8.0,5.0,12.0,1.0,16.0,107.0,2022-02-04 19:45:00+00:00,25,Regular Season,40.0,MAD,DYR,24.0,0.0,107.0,67.52000000000001
E2021,225,road,64.0,29.0,14.0,5.0,1.0,16.0,62.0,24.0,14.0,10.0,10.0,10.0,1.0,15.0,61.0,2022-02-04 19:45:00+00:00,25,Regular Season,40.0,DYR,MAD,38.0,4.0,61.0,68.16
E2021,154,local,66.0,41.0,18.0,8.0,2.0,18.0,64.0,26.0,10.0,8.0,11.0,13.0,1.0,19.0,80.0,2022-02-08 17:45:00+00:00,18,Regular Season,40.0,ULK,MAD,38.0,2.0,80.0,70.4
E2021,154,road,51.0,38.0,11.0,5.0,1.0,19.0,62.0,18.0,11.0,9.0,13.0,14.0,2.0,18.0,45.0,2022-02-08 17:45:00+00:00,18,Regular Season,40.0,MAD,ULK,44.0,2.0,45.0,67.84
E2021,146,local,70.0,28.0,17.0,5.0,3.0,19.0,55.0,24.0,16.0,15.0,5.0,9.0,1.0,21.0,79.0,2022-02-08 18:00:00+00:00,17,Regular Season,40.0,ZAL,MIL,31.0,1.0,79.0,66.03999999999999
E2021,146,road,74.0,41.0,18.0,6.0,1.0,21.0,63.0,26.0,12.0,10.0,15.0,12.0,3.0,19.0,88.0,2022-02-08 18:00:00+00:00,17,Regular Season,40.0,MIL,ZAL,37.0,2.0,88.0,65.28
E2021,226,local,82.0,26.0,10.0,7.0,1.0,24.0,57.0,28.0,25.0,19.0,12.0,10.0,1.0,20.0,84.0,2022-02-10 19:00:00+00:00,26,Regular Season,40.0,MCO,ZAL,29.0,6.0,84.0,66.0
E2021,226,road,83.0,31.0,22.0,4.0,1.0,20.0,57.0,30.0,15.0,13.0,13.0,14.0,1.0,24.0,93.0,2022-02-10 19:00:00+00:00,26,Regular Season,40.0,ZAL,MCO,27.0,2.0,93.0,64.6
E2021,227,local,76.0,39.0,15.0,6.0,2.0,23.0,54.0,27.0,21.0,13.0,8.0,13.0,3.0,15.0,95.0,2022-02-10 19:00:00+00:00,26,Regular Season,40.0,BER,DYR,27.0,8.0,95.0,68.24000000000001
E2021,227,road,67.0,27.0,15.0,8.0,3.0,15.0,61.0,28.0,7.0,5.0,4.0,10.0,2.0,23.0,65.0,2022-02-10 19:00:00+00:00,26,Regular Season,40.0,DYR,BER,33.0,2.0,65.0,70.08
E2021,228,local,87.0,40.0,14.0,5.0,2.0,20.0,69.0,30.0,20.0,16.0,13.0,13.0,4.0,18.0,90.0,2022-02-10 19:00:00+00:00,26,Regular Season,45.0,OLY,IST,39.0,4.0,90.0,77.8
E2021,228,road,85.0,32.0,23.0,9.0,4.0,18.0,63.0,33.0,12.0,11.0,4.0,12.0,2.0,21.0,105.0,2022-02-10 19:00:00+00:00,26,Regular Season,45.0,IST,OLY,30.0,1.0,105.0,76.28
E2021,229,local,84.0,33.0,12.0,11.0,7.0,20.0,57.0,28.0,18.0,18.0,8.0,18.0,1.0,21.0,98.0,2022-02-10 19:05:00+00:00,26,Regular Season,40.0,TEL,CSK,29.0,0.0,98.0,74.92
E2021,229,road,75.0,30.0,19.0,7.0,1.0,21.0,60.0,27.0,11.0,10.0,9.0,17.0,7.0,20.0,75.0,2022-02-10 19:05:00+00:00,26,Regular Season,40.0,CSK,TEL,33.0,1.0,75.0,72.84
E2021,230,local,89.0,44.0,13.0,3.0,2.0,15.0,62.0,32.0,16.0,12.0,13.0,17.0,2.0,22.0,91.0,2022-02-10 19:30:00+00:00,26,Regular Season,40.0,MIL,BAS,30.0,4.0,91.0,73.04
E2021,230,road,78.0,26.0,18.0,8.0,2.0,21.0,67.0,27.0,15.0,14.0,7.0,8.0,2.0,16.0,86.0,2022-02-10 19:30:00+00:00,26,Regular Season,40.0,BAS,MIL,40.0,1.0,86.0,74.6
E2021,231,local,77.0,26.0,19.0,7.0,2.0,14.0,54.0,29.0,10.0,8.0,5.0,18.0,2.0,20.0,78.0,2022-02-11 16:00:00+00:00,26,Regular Season,40.0,UNK,RED,25.0,2.0,78.0,71.4
E2021,231,road,84.0,25.0,18.0,12.0,2.0,20.0,55.0,31.0,17.0,14.0,5.0,13.0,2.0,14.0,105.0,2022-02-11 16:00:00+00:00,26,Regular Season,40.0,RED,UNK,24.0,3.0,105.0,70.48
E2021,233,local,63.0,31.0,15.0,5.0,4.0,18.0,61.0,26.0,6.0,4.0,8.0,9.0,4.0,14.0,72.0,2022-02-11 19:00:00+00:00,26,Regular Season,40.0,ASV,PAN,35.0,2.0,72.0,64.64
E2021,233,road,76.0,38.0,19.0,7.0,4.0,14.0,65.0,31.0,4.0,4.0,10.0,9.0,4.0,18.0,93.0,2022-02-11 19:00:00+00:00,26,Regular Season,40.0,PAN,ASV,34.0,0.0,93.0,65.76
E2021,234,local,68.0,36.0,13.0,5.0,1.0,25.0,67.0,22.0,24.0,22.0,12.0,7.0,2.0,20.0,72.0,2022-02-11 19:45:00+00:00,26,Regular Season,40.0,MAD,BAR,45.0,2.0,72.0,72.56
E2021,234,road,86.0,39.0,21.0,4.0,2.0,20.0,62.0,34.0,12.0,10.0,5.0,11.0,1.0,25.0,105.0,2022-02-11 19:45:00+00:00,26,Regular Season,40.0,BAR,MAD,28.0,2.0,105.0,73.28
E2021,175,local,79.0,41.0,18.0,8.0,5.0,21.0,69.0,29.0,16.0,14.0,17.0,15.0,1.0,19.0,95.0,2022-02-22 19:00:00+00:00,20,Regular Season,40.0,MCO,UNK,40.0,2.0,95.0,74.04
E2021,175,road,76.0,36.0,20.0,10.0,1.0,19.0,62.0,26.0,16.0,12.0,13.0,17.0,5.0,21.0,79.0,2022-02-22 19:00:00+00:00,20,Regular Season,40.0,UNK,MCO,36.0,4.0,79.0,73.04
E2021,235,local,109.0,33.0,28.0,10.0,5.0,17.0,64.0,42.0,3.0,3.0,8.0,15.0,1.0,15.0,149.0,2022-02-24 17:30:00+00:00,27,Regular Season,40.0,IST,TEL,22.0,0.0,149.0,72.32
E2021,235,road,77.0,29.0,17.0,12.0,1.0,15.0,67.0,27.0,17.0,17.0,15.0,13.0,5.0,17.0,76.0,2022-02-24 17:30:00+00:00,27,Regular Season,40.0,TEL,IST,40.0,0.0,76.0,72.48
E2021,236,local,68.0,42.0,11.0,8.0,2.0,22.0,65.0,25.0,17.0,14.0,14.0,11.0,2.0,18.0,79.0,2022-02-24 18:00:00+00:00,27,Regular Season,40.0,ZAL,MAD,40.0,3.0,79.0,69.48
E2021,236,road,47.0,37.0,12.0,7.0,2.0,18.0,61.0,21.0,6.0,4.0,10.0,16.0,2.0,22.0,41.0,2022-02-24 18:00:00+00:00,27,Regular Season,40.0,MAD,ZAL,40.0,2.0,41.0,69.64
E2021,237,local,67.0,34.0,13.0,8.0,2.0,25.0,49.0,18.0,36.0,27.0,8.0,14.0,1.0,18.0,76.0,2022-02-24 19:45:00+00:00,27,Regular Season,40.0,OLY,MIL,31.0,9.0,76.0,70.84
E2021,237,road,58.0,30.0,17.0,6.0,1.0,18.0,55.0,23.0,11.0,9.0,6.0,17.0,2.0,26.0,51.0,2022-02-24 19:45:00+00:00,27,Regular Season,40.0,MIL,OLY,32.0,2.0,51.0,70.84
E2021,238,local,80.0,29.0,14.0,8.0,1.0,19.0,64.0,29.0,21.0,15.0,7.0,7.0,1.0,23.0,79.0,2022-02-24 20:00:00+00:00,27,Regular Season,40.0,ASV,BER,35.0,6.0,79.0,73.24
E2021,238,road,82.0,40.0,17.0,3.0,1.0,23.0,60.0,30.0,15.0,10.0,10.0,16.0,1.0,19.0,95.0,2022-02-24 20:00:00+00:00,27,Regular Season,40.0,BER,ASV,30.0,5.0,95.0,72.6
E2021,241,local,92.0,36.0,17.0,6.0,0.0,22.0,57.0,32.0,24.0,19.0,11.0,17.0,2.0,23.0,101.0,2022-02-25 19:00:00+00:00,27,Regular Season,40.0,MCO,ULK,25.0,5.0,101.0,73.56
E2021,241,road,78.0,25.0,14.0,12.0,2.0,23.0,55.0,23.0,23.0,19.0,6.0,14.0,0.0,22.0,82.0,2022-02-25 19:00:00+00:00,27,Regular Season,40.0,ULK,MCO,32.0,4.0,82.0,73.12
E2021,242,local,79.0,31.0,19.0,2.0,2.0,21.0,53.0,29.0,19.0,14.0,4.0,12.0,1.0,22.0,90.0,2022-02-25 19:00:00+00:00,27,Regular Season,40.0,PAN,RED,24.0,5.0,90.0,69.36
E2021,242,road,73.0,39.0,16.0,7.0,1.0,22.0,64.0,25.0,25.0,16.0,17.0,10.0,2.0,21.0,77.0,2022-02-25 19:00:00+00:00,27,Regular Season,40.0,RED,PAN,39.0,9.0,77.0,68.0
E2021,163,local,74.0,33.0,16.0,5.0,1.0,19.0,51.0,26.0,21.0,15.0,10.0,11.0,0.0,20.0,86.0,2022-02-27 20:00:00+00:00,19,Regular Season,40.0,RED,ULK,25.0,6.0,86.0,61.24
E2021,163,road,69.0,24.0,14.0,1.0,0.0,20.0,56.0,26.0,15.0,11.0,8.0,6.0,1.0,19.0,68.0,2022-02-27 20:00:00+00:00,19,Regular Season,40.0,ULK,RED,30.0,4.0,68.0,60.6
E2021,161,local,83.0,23.0,17.0,4.0,4.0,23.0,55.0,30.0,20.0,16.0,7.0,10.0,2.0,19.0,94.0,2022-03-01 19:00:00+00:00,18,Regular Season,40.0,PAN,ZAL,25.0,4.0,94.0,66.8
E2021,161,road,96.0,35.0,18.0,6.0,2.0,18.0,68.0,37.0,11.0,11.0,14.0,9.0,4.0,23.0,108.0,2022-03-01 19:00:00+00:00,18,Regular Season,40.0,ZAL,PAN,31.0,0.0,108.0,67.84
E2021,165,local,94.0,30.0,13.0,4.0,1.0,21.0,67.0,30.0,27.0,25.0,13.0,6.0,2.0,18.0,98.0,2022-03-01 19:05:00+00:00,19,Regular Season,40.0,TEL,BAS,37.0,2.0,98.0,71.88
E2021,165,road,93.0,35.0,21.0,4.0,2.0,18.0,65.0,37.0,13.0,8.0,11.0,11.0,1.0,21.0,107.0,2022-03-01 19:05:00+00:00,19,Regular Season,40.0,BAS,TEL,28.0,5.0,107.0,70.72
E2021,245,local,84.0,42.0,16.0,4.0,7.0,17.0,66.0,28.0,17.0,16.0,14.0,8.0,2.0,13.0,108.0,2022-03-03 17:30:00+00:00,28,Regular Season,40.0,IST,ULK,38.0,1.0,108.0,67.48
E2021,245,road,79.0,39.0,18.0,5.0,2.0,13.0,72.0,30.0,12.0,11.0,15.0,6.0,7.0,17.0,83.0,2022-03-03 17:30:00+00:00,28,Regular Season,40.0,ULK,IST,42.0,1.0,83.0,68.28
E2021,246,local,86.0,34.0,17.0,6.0,2.0,21.0,66.0,32.0,21.0,13.0,14.0,9.0,1.0,17.0,97.0,2022-03-03 18:00:00+00:00,28,Regular Season,40.0,RED,BAS,34.0,8.0,97.0,70.24
E2021,246,road,83.0,33.0,25.0,6.0,1.0,16.0,60.0,30.0,14.0,12.0,11.0,15.0,2.0,21.0,94.0,2022-03-03 18:00:00+00:00,28,Regular Season,40.0,BAS,RED,30.0,2.0,94.0,70.16
E2021,247,local,82.0,38.0,18.0,8.0,1.0,17.0,66.0,33.0,10.0,8.0,14.0,9.0,1.0,18.0,101.0,2022-03-03 19:00:00+00:00,28,Regular Season,40.0,BER,ZAL,33.0,2.0,101.0,65.4
E2021,247,road,74.0,29.0,18.0,6.0,1.0,18.0,59.0,28.0,12.0,6.0,10.0,12.0,1.0,17.0,79.0,2022-03-03 19:00:00+00:00,28,Regular Season,40.0,ZAL,BER,31.0,6.0,79.0,66.28
E2021,249,local,88.0,26.0,19.0,6.0,0.0,23.0,59.0,30.0,23.0,19.0,6.0,7.0,1.0,19.0,102.0,2022-03-03 20:00:00+00:00,28,Regular Season,40.0,BAR,MCO,29.0,4.0,102.0,70.12
E2021,249,road,83.0,34.0,9.0,4.0,1.0,19.0,61.0,32.0,18.0,12.0,10.0,12.0,0.0,23.0,80.0,2022-03-03 20:00:00+00:00,28,Regular Season,40.0,MCO,BAR,29.0,6.0,80.0,70.92
E2021,251,local,75.0,28.0,16.0,11.0,3.0,25.0,52.0,24.0,25.0,21.0,7.0,13.0,0.0,18.0,95.0,2022-03-04 19:00:00+00:00,28,Regular Season,40.0,PAN,MIL,28.0,4.0,95.0,69.0
E2021,251,road,76.0,37.0,21.0,6.0,0.0,18.0,62.0,29.0,16.0,11.0,13.0,13.0,3.0,25.0,79.0,2022-03-04 19:00:00+00:00,28,Regular Season,40.0,MIL,PAN,33.0,5.0,79.0,69.04
E2021,252,local,88.0,26.0,20.0,7.0,0.0,21.0,58.0,26.0,27.0,24.0,12.0,7.0,1.0,24.0,95.0,2022-03-04 19:45:00+00:00,28,Regular Season,40.0,MUN,OLY,32.0,3.0,95.0,64.88
E2021,252,road,98.0,27.0,20.0,5.0,1.0,24.0,53.0,35.0,25.0,19.0,6.0,10.0,0.0,21.0,120.0,2022-03-04 19:45:00+00:00,28,Regular Season,40.0,OLY,MUN,18.0,6.0,120.0,68.0
E2021,174,local,65.0,32.0,7.0,9.0,1.0,22.0,54.0,20.0,27.0,21.0,6.0,9.0,3.0,17.0,67.0,2022-03-08 18:00:00+00:00,20,Regular Season,40.0,RED,MAD,34.0,6.0,67.0,68.88
E2021,174,road,62.0,47.0,20.0,4.0,3.0,17.0,65.0,22.0,10.0,9.0,17.0,17.0,1.0,22.0,69.0,2022-03-08 18:00:00+00:00,20,Regular Season,40.0,MAD,RED,43.0,1.0,69.0,69.4
E2021,177,local,87.0,40.0,21.0,7.0,2.0,18.0,66.0,32.0,17.0,13.0,11.0,11.0,1.0,17.0,108.0,2022-03-08 20:00:00+00:00,20,Regular Season,40.0,BAS,IST,34.0,4.0,108.0,73.48
E2021,177,road,74.0,26.0,13.0,7.0,1.0,17.0,60.0,27.0,8.0,7.0,3.0,12.0,2.0,18.0,72.0,2022-03-08 20:00:00+00:00,20,Regular Season,40.0,IST,BAS,33.0,1.0,72.0,72.52000000000001
E2021,254,local,84.0,46.0,20.0,6.0,1.0,16.0,71.0,30.0,16.0,13.0,21.0,11.0,2.0,19.0,97.0,2022-03-10 18:00:00+00:00,29,Regular Season,40.0,RED,TEL,41.0,3.0,97.0,68.04
E2021,254,road,77.0,27.0,14.0,7.0,2.0,19.0,57.0,28.0,15.0,12.0,4.0,11.0,1.0,16.0,86.0,2022-03-10 18:00:00+00:00,29,Regular Season,40.0,TEL,RED,29.0,3.0,86.0,70.6
E2021,255,local,69.0,32.0,17.0,7.0,5.0,16.0,68.0,30.0,7.0,4.0,8.0,7.0,5.0,23.0,70.0,2022-03-10 19:00:00+00:00,29,Regular Season,40.0,ASV,BAS,38.0,3.0,70.0,70.08
E2021,255,road,72.0,41.0,19.0,5.0,5.0,23.0,54.0,24.0,20.0,14.0,11.0,16.0,5.0,16.0,92.0,2022-03-10 19:00:00+00:00,29,Regular Season,40.0,BAS,ASV,30.0,6.0,92.0,67.8
E2021,256,local,90.0,31.0,24.0,4.0,1.0,15.0,58.0,36.0,5.0,5.0,4.0,14.0,3.0,20.0,106.0,2022-03-10 19:00:00+00:00,29,Regular Season,40.0,BER,OLY,22.0,0.0,106.0,70.2
E2021,256,road,75.0,28.0,18.0,8.0,3.0,20.0,62.0,28.0,20.0,15.0,11.0,9.0,1.0,15.0,88.0,2022-03-10 19:00:00+00:00,29,Regular Season,40.0,OLY,BER,34.0,5.0,88.0,68.8
E2021,257,local,92.0,40.0,15.0,4.0,3.0,19.0,70.0,36.0,12.0,10.0,11.0,12.0,1.0,22.0,102.0,2022-03-10 19:45:00+00:00,29,Regular Season,45.0,MAD,MIL,34.0,2.0,102.0,76.28
E2021,257,road,88.0,31.0,19.0,7.0,1.0,20.0,69.0,32.0,24.0,16.0,9.0,8.0,3.0,20.0,90.0,2022-03-10 19:45:00+00:00,29,Regular Season,45.0,MIL,MAD,37.0,8.0,90.0,78.56
E2021,259,local,91.0,28.0,13.0,13.0,5.0,33.0,57.0,25.0,41.0,35.0,11.0,12.0,0.0,25.0,108.0,2022-03-11 18:00:00+00:00,29,Regular Season,40.0,ZAL,BAR,32.0,6.0,108.0,76.03999999999999
E2021,259,road,84.0,34.0,20.0,1.0,0.0,25.0,56.0,26.0,23.0,20.0,11.0,22.0,5.0,33.0,71.0,2022-03-11 18:00:00+00:00,29,Regular Season,40.0,BAR,ZAL,30.0,3.0,71.0,77.12
E2021,260,local,102.0,35.0,18.0,7.0,3.0,19.0,67.0,38.0,21.0,17.0,14.0,8.0,0.0,17.0,126.0,2022-03-11 19:00:00+00:00,29,Regular Season,40.0,MCO,IST,29.0,4.0,126.0,70.24
E2021,260,road,80.0,27.0,21.0,3.0,0.0,17.0,62.0,31.0,10.0,8.0,10.0,13.0,3.0,19.0,80.0,2022-03-11 19:00:00+00:00,29,Regular Season,40.0,IST,MCO,31.0,2.0,80.0,69.4
E2021,169,local,73.0,29.0,23.0,5.0,0.0,16.0,51.0,28.0,10.0,10.0,7.0,16.0,4.0,20.0,83.0,2022-03-15 18:00:00+00:00,19,Regular Season,40.0,ZAL,OLY,23.0,0.0,83.0,64.4
E2021,169,road,84.0,29.0,21.0,9.0,4.0,19.0,66.0,33.0,13.0,10.0,13.0,8.0,0.0,16.0,106.0,2022-03-15 18:00:00+00:00,19,Regular Season,40.0,OLY,ZAL,33.0,3.0,106.0,66.72
E2021,263,local,71.0,27.0,17.0,5.0,1.0,14.0,52.0,26.0,14.0,11.0,6.0,12.0,1.0,16.0,77.0,2022-03-17 18:00:00+00:00,30,Regular Season,40.0,ZAL,IST,26.0,3.0,77.0,64.16
E2021,263,road,85.0,29.0,18.0,8.0,1.0,16.0,59.0,32.0,13.0,10.0,9.0,8.0,1.0,14.0,104.0,2022-03-17 18:00:00+00:00,30,Regular Season,40.0,IST,ZAL,27.0,3.0,104.0,63.72
E2021,264,local,101.0,39.0,25.0,7.0,2.0,19.0,68.0,39.0,12.0,10.0,14.0,10.0,5.0,22.0,125.0,2022-03-17 19:00:00+00:00,30,Regular Season,40.0,OLY,PAN,29.0,2.0,125.0,69.28
E2021,264,road,73.0,28.0,16.0,4.0,5.0,20.0,66.0,29.0,12.0,8.0,14.0,12.0,2.0,21.0,70.0,2022-03-17 19:00:00+00:00,30,Regular Season,40.0,PAN,OLY,37.0,4.0,70.0,69.28
E2021,265,local,70.0,52.0,17.0,5.0,2.0,20.0,68.0,26.0,17.0,10.0,18.0,11.0,4.0,14.0,88.0,2022-03-17 19:45:00+00:00,30,Regular Season,40.0,MAD,ASV,42.0,7.0,88.0,68.48
E2021,265,road,58.0,32.0,8.0,6.0,4.0,14.0,61.0,23.0,5.0,3.0,5.0,10.0,2.0,20.0,50.0,2022-03-17 19:45:00+00:00,30,Regular Season,40.0,ASV,MAD,38.0,2.0,50.0,68.2
E2021,269,local,85.0,39.0,24.0,5.0,5.0,16.0,64.0,31.0,15.0,12.0,9.0,10.0,3.0,11.0,114.0,2022-03-18 19:30:00+00:00,30,Regular Season,40.0,BAS,BER,33.0,3.0,114.0,71.6
E2021,269,road,68.0,35.0,19.0,6.0,3.0,11.0,69.0,27.0,9.0,6.0,13.0,12.0,5.0,16.0,64.0,2022-03-18 19:30:00+00:00,30,Regular Season,40.0,BER,BAS,42.0,3.0,64.0,71.96
E2021,270,local,82.0,25.0,21.0,11.0,4.0,17.0,54.0,33.0,11.0,10.0,4.0,12.0,2.0,21.0,103.0,2022-03-18 20:00:00+00:00,30,Regular Season,40.0,BAR,RED,21.0,1.0,103.0,66.84
E2021,270,road,70.0,33.0,15.0,6.0,2.0,21.0,60.0,25.0,19.0,16.0,16.0,15.0,4.0,17.0,73.0,2022-03-18 20:00:00+00:00,30,Regular Season,40.0,RED,BAR,35.0,3.0,73.0,67.36
E2021,272,local,93.0,28.0,13.0,4.0,3.0,18.0,57.0,31.0,20.0,20.0,6.0,7.0,4.0,13.0,109.0,2022-03-22 17:30:00+00:00,31,Regular Season,40.0,IST,MAD,26.0,0.0,109.0,66.8
E2021,272,road,90.0,30.0,20.0,3.0,4.0,13.0,68.0,35.0,9.0,9.0,11.0,5.0,3.0,19.0,100.0,2022-03-22 17:30:00+00:00,31,Regular Season,40.0,MAD,IST,33.0,0.0,100.0,65.96
E2021,273,local,79.0,28.0,13.0,11.0,2.0,23.0,60.0,28.0,23.0,18.0,7.0,12.0,1.0,17.0,89.0,2022-03-22 19:00:00+00:00,31,Regular Season,40.0,BER,BAR,32.0,5.0,89.0,75.12
E2021,273,road,95.0,40.0,24.0,10.0,1.0,17.0,69.0,35.0,12.0,11.0,13.0,13.0,2.0,23.0,114.0,2022-03-22 19:00:00+00:00,31,Regular Season,40.0,BAR,BER,34.0,1.0,114.0,74.28
E2021,274,local,80.0,38.0,15.0,8.0,4.0,19.0,56.0,24.0,23.0,22.0,11.0,10.0,0.0,17.0,104.0,2022-03-22 19:00:00+00:00,31,Regular Season,40.0,PAN,MUN,32.0,1.0,104.0,65.12
E2021,274,road,67.0,34.0,12.0,4.0,0.0,17.0,64.0,25.0,13.0,8.0,13.0,9.0,4.0,19.0,58.0,2022-03-22 19:00:00+00:00,31,Regular Season,40.0,MUN,PAN,39.0,5.0,58.0,65.72
E2021,275,local,75.0,35.0,17.0,9.0,4.0,18.0,63.0,31.0,9.0,7.0,7.0,11.0,4.0,17.0,92.0,2022-03-22 19:05:00+00:00,31,Regular Season,40.0,TEL,MIL,32.0,2.0,92.0,70.96
E2021,275,road,58.0,36.0,9.0,7.0,4.0,16.0,61.0,22.0,9.0,7.0,11.0,19.0,4.0,18.0,48.0,2022-03-22 19:05:00+00:00,31,Regular Season,40.0,MIL,TEL,39.0,2.0,48.0,72.96
E2021,277,local,68.0,26.0,17.0,8.0,3.0,17.0,60.0,27.0,7.0,4.0,10.0,17.0,8.0,22.0,56.0,2022-03-23 18:00:00+00:00,31,Regular Season,40.0,ZAL,ASV,33.0,3.0,56.0,70.08
E2021,277,road,72.0,31.0,12.0,7.0,8.0,22.0,48.0,26.0,18.0,14.0,8.0,20.0,3.0,18.0,85.0,2022-03-23 18:00:00+00:00,31,Regular Season,40.0,ASV,ZAL,22.0,4.0,85.0,67.92
E2021,279,local,77.0,38.0,18.0,9.0,2.0,17.0,67.0,29.0,6.0,5.0,12.0,11.0,1.0,15.0,95.0,2022-03-23 19:30:00+00:00,31,Regular Season,40.0,BAS,ULK,38.0,1.0,95.0,68.64
E2021,279,road,62.0,30.0,19.0,7.0,1.0,14.0,54.0,25.0,10.0,7.0,6.0,14.0,2.0,18.0,67.0,2022-03-23 19:30:00+00:00,31,Regular Season,40.0,ULK,BAS,29.0,3.0,67.0,66.4
E2021,278,local,92.0,33.0,20.0,8.0,2.0,19.0,55.0,30.0,26.0,21.0,5.0,9.0,3.0,21.0,111.0,2022-03-23 20:00:00+00:00,31,Regular Season,40.0,MCO,OLY,25.0,5.0,111.0,70.44
E2021,278,road,72.0,30.0,17.0,4.0,3.0,21.0,60.0,26.0,19.0,12.0,10.0,13.0,2.0,20.0,71.0,2022-03-23 20:00:00+00:00,31,Regular Season,40.0,OLY,MCO,34.0,7.0,71.0,71.36
E2021,281,local,77.0,31.0,13.0,2.0,2.0,23.0,51.0,24.0,27.0,18.0,5.0,11.0,3.0,18.0,80.0,2022-03-24 17:30:00+00:00,32,Regular Season,40.0,IST,MIL,27.0,9.0,80.0,68.88
E2021,281,road,83.0,33.0,22.0,3.0,3.0,18.0,66.0,33.0,12.0,8.0,7.0,5.0,2.0,23.0,95.0,2022-03-24 17:30:00+00:00,32,Regular Season,40.0,MIL,IST,33.0,4.0,95.0,69.28
E2021,282,local,75.0,33.0,15.0,9.0,2.0,15.0,64.0,30.0,12.0,7.0,8.0,12.0,5.0,14.0,79.0,2022-03-24 19:05:00+00:00,32,Regular Season,40.0,TEL,MAD,34.0,5.0,79.0,73.28
E2021,282,road,74.0,48.0,24.0,8.0,5.0,14.0,71.0,29.0,11.0,6.0,18.0,17.0,2.0,15.0,92.0,2022-03-24 19:05:00+00:00,32,Regular Season,40.0,MAD,TEL,42.0,5.0,92.0,74.84
E2021,285,local,78.0,37.0,10.0,6.0,4.0,17.0,64.0,30.0,13.0,12.0,9.0,5.0,1.0,17.0,94.0,2022-03-25 18:00:00+00:00,32,Regular Season,40.0,MCO,BAS,34.0,1.0,94.0,65.72
E2021,285,road,68.0,36.0,13.0,2.0,1.0,17.0,63.0,27.0,12.0,8.0,11.0,11.0,4.0,17.0,65.0,2022-03-25 18:00:00+00:00,32,Regular Season,40.0,BAS,MCO,36.0,4.0,65.0,68.28
E2021,286,local,80.0,24.0,21.0,9.0,2.0,17.0,62.0,30.0,13.0,9.0,6.0,12.0,1.0,18.0,86.0,2022-03-25 19:00:00+00:00,32,Regular Season,40.0,ASV,OLY,32.0,4.0,86.0,73.72
E2021,286,road,94.0,35.0,25.0,6.0,1.0,18.0,61.0,36.0,15.0,12.0,8.0,13.0,2.0,17.0,119.0,2022-03-25 19:00:00+00:00,32,Regular Season,40.0,OLY,ASV,25.0,3.0,119.0,72.6
E2021,287,local,74.0,36.0,12.0,8.0,3.0,22.0,57.0,28.0,14.0,10.0,13.0,15.0,3.0,20.0,84.0,2022-03-25 19:00:00+00:00,32,Regular Season,40.0,BER,RED,29.0,4.0,84.0,65.16
E2021,287,road,70.0,26.0,15.0,7.0,2.0,19.0,55.0,26.0,19.0,12.0,9.0,11.0,3.0,22.0,67.0,2022-03-25 19:00:00+00:00,32,Regular Season,40.0,RED,BER,29.0,7.0,67.0,65.36
E2021,288,local,88.0,28.0,23.0,9.0,1.0,16.0,55.0,30.0,16.0,12.0,9.0,14.0,0.0,21.0,101.0,2022-03-25 20:00:00+00:00,32,Regular Season,40.0,BAR,ULK,25.0,4.0,101.0,67.03999999999999
E2021,288,road,67.0,24.0,13.0,7.0,0.0,21.0,53.0,24.0,12.0,10.0,8.0,15.0,1.0,16.0,69.0,2022-03-25 20:00:00+00:00,32,Regular Season,40.0,ULK,BAR,29.0,2.0,69.0,65.28
E2021,188,local,83.0,32.0,20.0,5.0,3.0,19.0,59.0,29.0,16.0,12.0,4.0,15.0,1.0,19.0,93.0,2022-03-29 16:00:00+00:00,21,Regular Season,40.0,PAN,TEL,30.0,4.0,93.0,77.04
E2021,188,road,95.0,36.0,28.0,10.0,1.0,18.0,72.0,38.0,13.0,8.0,8.0,8.0,3.0,20.0,118.0,2022-03-29 16:00:00+00:00,21,Regular Season,40.0,TEL,PAN,34.0,5.0,118.0,77.72
E2021,187,local,57.0,29.0,18.0,6.0,4.0,12.0,59.0,22.0,8.0,5.0,9.0,9.0,4.0,14.0,59.0,2022-03-29 18:00:00+00:00,21,Regular Season,40.0,ULK,BER,37.0,3.0,59.0,62.52
E2021,187,road,66.0,40.0,17.0,7.0,4.0,14.0,57.0,24.0,8.0,5.0,13.0,15.0,4.0,12.0,81.0,2022-03-29 18:00:00+00:00,21,Regular Season,40.0,BER,ULK,33.0,3.0,81.0,62.52
E2021,268,local,84.0,36.0,13.0,4.0,2.0,25.0,53.0,26.0,31.0,24.0,12.0,11.0,1.0,22.0,96.0,2022-03-29 18:30:00+00:00,30,Regular Season,40.0,MIL,MUN,27.0,7.0,96.0,65.64
E2021,268,road,77.0,28.0,11.0,5.0,1.0,22.0,56.0,25.0,22.0,16.0,10.0,10.0,2.0,25.0,70.0,2022-03-29 18:30:00+00:00,30,Regular Season,40.0,MUN,MIL,31.0,6.0,70.0,65.68
E2021,290,local,87.0,23.0,18.0,2.0,5.0,18.0,62.0,34.0,14.0,10.0,3.0,5.0,2.0,15.0,99.0,2022-03-31 18:00:00+00:00,33,Regular Season,40.0,PAN,MAD,28.0,4.0,99.0,70.16
E2021,290,road,86.0,39.0,17.0,4.0,2.0,15.0,68.0,33.0,8.0,6.0,13.0,11.0,5.0,19.0,91.0,2022-03-31 18:00:00+00:00,33,Regular Season,40.0,MAD,PAN,35.0,2.0,91.0,69.52
E2021,291,local,94.0,31.0,16.0,15.0,1.0,28.0,61.0,31.0,31.0,25.0,11.0,13.0,3.0,18.0,115.0,2022-03-31 18:05:00+00:00,33,Regular Season,40.0,TEL,ASV,30.0,6.0,115.0,76.64
E2021,291,road,73.0,32.0,20.0,6.0,3.0,18.0,54.0,29.0,14.0,8.0,8.0,27.0,1.0,28.0,65.0,2022-03-31 18:05:00+00:00,33,Regular Season,40.0,ASV,TEL,25.0,6.0,65.0,79.16
E2021,292,local,63.0,32.0,17.0,1.0,1.0,14.0,60.0,23.0,11.0,6.0,10.0,10.0,2.0,21.0,53.0,2022-03-31 18:45:00+00:00,33,Regular Season,40.0,MIL,MCO,37.0,5.0,53.0,64.84
E2021,292,road,72.0,40.0,11.0,6.0,2.0,21.0,60.0,25.0,16.0,16.0,10.0,10.0,1.0,14.0,92.0,2022-03-31 18:45:00+00:00,33,Regular Season,40.0,MCO,MIL,35.0,0.0,92.0,67.04
E2021,295,local,87.0,37.0,16.0,9.0,5.0,15.0,69.0,34.0,11.0,10.0,11.0,9.0,2.0,13.0,109.0,2022-04-01 17:30:00+00:00,33,Regular Season,40.0,IST,BER,35.0,1.0,109.0,71.84
E2021,295,road,77.0,34.0,17.0,7.0,2.0,13.0,65.0,29.0,9.0,8.0,10.0,14.0,5.0,15.0,79.0,2022-04-01 17:30:00+00:00,33,Regular Season,40.0,BER,IST,36.0,1.0,79.0,72.96
E2021,296,local,73.0,25.0,13.0,8.0,4.0,24.0,48.0,25.0,27.0,16.0,3.0,14.0,0.0,19.0,80.0,2022-04-01 18:00:00+00:00,33,Regular Season,40.0,OLY,BAR,23.0,11.0,80.0,70.88
E2021,296,road,66.0,42.0,16.0,9.0,0.0,19.0,63.0,26.0,15.0,10.0,17.0,19.0,4.0,24.0,63.0,2022-04-01 18:00:00+00:00,33,Regular Season,40.0,BAR,OLY,37.0,5.0,63.0,71.6
E2021,293,local,82.0,29.0,18.0,7.0,1.0,20.0,57.0,30.0,16.0,11.0,6.0,9.0,3.0,22.0,91.0,2022-04-01 18:30:00+00:00,33,Regular Season,40.0,MUN,RED,27.0,5.0,91.0,67.04
E2021,293,road,57.0,35.0,10.0,3.0,3.0,22.0,51.0,19.0,18.0,13.0,10.0,14.0,1.0,21.0,57.0,2022-04-01 18:30:00+00:00,33,Regular Season,40.0,RED,MUN,32.0,5.0,57.0,62.92
E2021,297,local,96.0,34.0,29.0,3.0,3.0,24.0,59.0,34.0,24.0,19.0,6.0,7.0,3.0,21.0,128.0,2022-04-01 18:30:00+00:00,33,Regular Season,40.0,BAS,ZAL,25.0,5.0,128.0,70.56
E2021,297,road,79.0,29.0,17.0,3.0,3.0,21.0,64.0,30.0,15.0,8.0,9.0,8.0,3.0,24.0,76.0,2022-04-01 18:30:00+00:00,33,Regular Season,40.0,ZAL,BAS,34.0,7.0,76.0,69.6
E2021,181,local,103.0,37.0,20.0,2.0,2.0,25.0,67.0,37.0,23.0,20.0,11.0,11.0,0.0,22.0,123.0,2022-04-03 16:00:00+00:00,21,Regular Season,45.0,ZAL,RED,30.0,3.0,123.0,77.12
E2021,181,road,98.0,32.0,22.0,8.0,0.0,22.0,72.0,35.0,19.0,14.0,12.0,10.0,2.0,25.0,103.0,2022-04-03 16:00:00+00:00,21,Regular Season,45.0,RED,ZAL,37.0,5.0,103.0,78.36
E2021,232,local,81.0,34.0,18.0,6.0,0.0,26.0,56.0,30.0,21.0,14.0,10.0,13.0,0.0,21.0,98.0,2022-04-04 17:45:00+00:00,26,Regular Season,40.0,ULK,MUN,26.0,7.0,98.0,68.24
E2021,232,road,76.0,26.0,15.0,6.0,0.0,20.0,55.0,26.0,19.0,16.0,7.0,11.0,0.0,26.0,74.0,2022-04-04 17:45:00+00:00,26,Regular Season,40.0,MUN,ULK,29.0,3.0,74.0,67.36
E2021,168,local,81.0,37.0,15.0,4.0,1.0,20.0,61.0,30.0,17.0,13.0,15.0,8.0,1.0,15.0,99.0,2022-04-06 17:30:00+00:00,19,Regular Season,40.0,IST,MUN,31.0,4.0,99.0,61.480000000000004
E2021,168,road,76.0,31.0,15.0,4.0,1.0,15.0,59.0,28.0,12.0,8.0,12.0,8.0,1.0,20.0,78.0,2022-04-06 17:30:00+00:00,19,Regular Season,40.0,MUN,IST,31.0,4.0,78.0,60.28
E2021,164,local,87.0,37.0,26.0,9.0,1.0,18.0,76.0,33.0,7.0,7.0,16.0,10.0,5.0,18.0,102.0,2022-04-06 18:00:00+00:00,19,Regular Season,40.0,BER,PAN,43.0,0.0,102.0,73.08
E2021,164,road,78.0,34.0,16.0,7.0,5.0,18.0,58.0,29.0,19.0,15.0,8.0,15.0,1.0,18.0,91.0,2022-04-06 18:00:00+00:00,19,Regular Season,40.0,PAN,BER,29.0,4.0,91.0,73.36
E2021,306,local,80.0,26.0,21.0,1.0,7.0,12.0,56.0,31.0,10.0,9.0,8.0,19.0,2.0,17.0,83.0,2022-04-07 18:00:00+00:00,34,Regular Season,40.0,BAR,TEL,25.0,1.0,83.0,71.4
E2021,306,road,104.0,30.0,20.0,6.0,2.0,16.0,67.0,36.0,18.0,16.0,13.0,9.0,7.0,13.0,116.0,2022-04-07 18:00:00+00:00,34,Regular Season,40.0,TEL,BAR,31.0,2.0,116.0,70.92
E2021,301,local,80.0,34.0,16.0,4.0,1.0,17.0,66.0,31.0,13.0,11.0,8.0,6.0,0.0,18.0,91.0,2022-04-07 19:00:00+00:00,34,Regular Season,40.0,ASV,MIL,35.0,2.0,91.0,69.72
E2021,301,road,81.0,40.0,13.0,2.0,0.0,18.0,66.0,31.0,16.0,6.0,12.0,9.0,1.0,17.0,82.0,2022-04-07 19:00:00+00:00,34,Regular Season,40.0,MIL,ASV,35.0,10.0,82.0,70.04
E2021,305,local,59.0,33.0,13.0,7.0,4.0,17.0,58.0,23.0,10.0,7.0,12.0,16.0,5.0,13.0,61.0,2022-04-08 17:00:00+00:00,34,Regular Season,40.0,ULK,PAN,35.0,3.0,61.0,66.4
E2021,305,road,62.0,32.0,16.0,10.0,5.0,13.0,54.0,23.0,13.0,12.0,8.0,14.0,4.0,17.0,71.0,2022-04-08 17:00:00+00:00,34,Regular Season,40.0,PAN,ULK,31.0,1.0,71.0,65.72
E2021,302,local,88.0,23.0,27.0,5.0,1.0,24.0,55.0,27.0,20.0,16.0,6.0,11.0,2.0,26.0,97.0,2022-04-08 18:45:00+00:00,34,Regular Season,40.0,MAD,MUN,28.0,4.0,97.0,68.8
E2021,302,road,97.0,32.0,13.0,8.0,2.0,26.0,58.0,32.0,28.0,22.0,9.0,8.0,1.0,24.0,113.0,2022-04-08 18:45:00+00:00,34,Regular Season,40.0,MUN,MAD,26.0,6.0,113.0,69.32
E2021,298,local,93.0,31.0,22.0,8.0,0.0,17.0,71.0,37.0,13.0,10.0,12.0,8.0,1.0,18.0,107.0,2022-04-08 19:00:00+00:00,34,Regular Season,40.0,RED,IST,34.0,3.0,107.0,72.72
E2021,298,road,85.0,26.0,22.0,4.0,1.0,18.0,57.0,35.0,10.0,7.0,4.0,14.0,0.0,17.0,100.0,2022-04-08 19:00:00+00:00,34,Regular Season,40.0,IST,RED,22.0,3.0,100.0,71.4
E2021,303,local,91.0,34.0,14.0,6.0,2.0,19.0,65.0,34.0,17.0,14.0,11.0,7.0,3.0,20.0,102.0,2022-04-08 19:00:00+00:00,34,Regular Season,40.0,MCO,BER,31.0,3.0,102.0,68.48
E2021,303,road,74.0,37.0,16.0,4.0,3.0,20.0,64.0,26.0,21.0,15.0,16.0,12.0,2.0,19.0,77.0,2022-04-08 19:00:00+00:00,34,Regular Season,40.0,BER,MCO,38.0,6.0,77.0,69.24
E2021,201,local,85.0,27.0,22.0,10.0,3.0,18.0,56.0,28.0,19.0,16.0,4.0,14.0,0.0,26.0,94.0,2022-04-13 16:30:00+00:00,23,Regular Season,40.0,TEL,ULK,28.0,3.0,94.0,74.36
E2021,201,road,76.0,28.0,24.0,5.0,0.0,25.0,53.0,28.0,22.0,14.0,3.0,17.0,3.0,19.0,86.0,2022-04-13 16:30:00+00:00,23,Regular Season,40.0,ULK,TEL,25.0,8.0,86.0,76.68
E2021,309,local,48.0,33.0,8.0,5.0,4.0,17.0,55.0,17.0,12.0,6.0,10.0,15.0,3.0,20.0,33.0,2022-04-19 17:00:00+00:00,35,Playoffs,40.0,MIL,IST,38.0,6.0,33.0,65.28
E2021,309,road,64.0,41.0,14.0,6.0,3.0,19.0,58.0,24.0,12.0,7.0,11.0,15.0,4.0,17.0,72.0,2022-04-19 17:00:00+00:00,35,Playoffs,40.0,IST,MIL,34.0,5.0,72.0,67.28
E2021,307,local,77.0,25.0,18.0,9.0,2.0,26.0,52.0,29.0,17.0,11.0,5.0,10.0,0.0,23.0,95.0,2022-04-19 19:00:00+00:00,35,Playoffs,40.0,BAR,MUN,23.0,6.0,95.0,64.48
E2021,307,road,67.0,28.0,9.0,1.0,0.0,23.0,45.0,20.0,19.0,16.0,6.0,16.0,2.0,26.0,56.0,2022-04-19 19:00:00+00:00,35,Playoffs,40.0,MUN,BAR,25.0,3.0,56.0,63.36
E2021,310,local,71.0,28.0,12.0,10.0,2.0,15.0,56.0,26.0,13.0,11.0,4.0,8.0,1.0,14.0,83.0,2022-04-20 18:00:00+00:00,35,Playoffs,40.0,OLY,MCO,30.0,2.0,83.0,65.72
E2021,310,road,54.0,31.0,15.0,6.0,1.0,14.0,51.0,22.0,8.0,4.0,5.0,18.0,2.0,15.0,53.0,2022-04-20 18:00:00+00:00,35,Playoffs,40.0,MCO,OLY,29.0,4.0,53.0,67.52000000000001
E2021,308,local,84.0,32.0,20.0,5.0,5.0,17.0,61.0,31.0,6.0,6.0,6.0,14.0,2.0,26.0,91.0,2022-04-20 19:00:00+00:00,35,Playoffs,40.0,MAD,TEL,30.0,0.0,91.0,71.64
E2021,308,road,74.0,34.0,12.0,3.0,2.0,26.0,59.0,24.0,26.0,18.0,10.0,10.0,5.0,17.0,76.0,2022-04-20 19:00:00+00:00,35,Playoffs,40.0,TEL,MAD,35.0,8.0,76.0,70.44
E2021,311,local,75.0,32.0,16.0,5.0,4.0,28.0,56.0,24.0,26.0,20.0,9.0,16.0,1.0,27.0,78.0,2022-04-21 18:00:00+00:00,36,Playoffs,40.0,BAR,MUN,32.0,6.0,78.0,74.44
E2021,311,road,90.0,34.0,16.0,9.0,1.0,27.0,60.0,28.0,27.0,21.0,11.0,10.0,4.0,28.0,97.0,2022-04-21 18:00:00+00:00,36,Playoffs,40.0,MUN,BAR,32.0,6.0,97.0,70.88
E2021,313,local,73.0,40.0,11.0,5.0,2.0,18.0,62.0,27.0,15.0,9.0,7.0,8.0,7.0,18.0,75.0,2022-04-21 18:30:00+00:00,36,Playoffs,40.0,MIL,IST,35.0,6.0,75.0,69.6
E2021,313,road,66.0,32.0,11.0,3.0,7.0,17.0,57.0,22.0,17.0,14.0,3.0,9.0,2.0,18.0,69.0,2022-04-21 18:30:00+00:00,36,Playoffs,40.0,IST,MIL,35.0,3.0,69.0,70.48
E2021,314,local,72.0,29.0,17.0,6.0,2.0,23.0,52.0,24.0,23.0,14.0,11.0,20.0,0.0,20.0,72.0,2022-04-22 16:00:00+00:00,36,Playoffs,40.0,OLY,MCO,28.0,9.0,72.0,71.12
E2021,314,road,96.0,25.0,14.0,10.0,0.0,19.0,58.0,34.0,16.0,15.0,6.0,12.0,2.0,24.0,101.0,2022-04-22 16:00:00+00:00,36,Playoffs,40.0,MCO,OLY,24.0,1.0,101.0,71.04
E2021,312,local,95.0,41.0,20.0,11.0,5.0,18.0,66.0,35.0,14.0,11.0,13.0,12.0,1.0,17.0,126.0,2022-04-22 18:45:00+00:00,36,Playoffs,40.0,MAD,TEL,31.0,3.0,126.0,71.16
E2021,312,road,66.0,30.0,11.0,7.0,1.0,17.0,63.0,25.0,9.0,6.0,11.0,16.0,5.0,18.0,52.0,2022-04-22 18:45:00+00:00,36,Playoffs,40.0,TEL,MAD,38.0,3.0,52.0,71.96
E2021,317,local,77.0,24.0,14.0,8.0,2.0,16.0,52.0,29.0,10.0,10.0,3.0,13.0,2.0,15.0,88.0,2022-04-26 17:30:00+00:00,37,Playoffs,40.0,IST,MIL,23.0,0.0,88.0,66.4
E2021,317,road,65.0,33.0,14.0,11.0,2.0,15.0,60.0,24.0,9.0,9.0,14.0,14.0,2.0,16.0,72.0,2022-04-26 17:30:00+00:00,37,Playoffs,40.0,MIL,IST,36.0,0.0,72.0,63.96
E2021,316,local,76.0,27.0,11.0,4.0,3.0,22.0,67.0,28.0,16.0,15.0,9.0,8.0,7.0,23.0,65.0,2022-04-26 18:15:00+00:00,37,Playoffs,40.0,TEL,MAD,39.0,1.0,65.0,73.04
E2021,316,road,87.0,38.0,25.0,6.0,7.0,22.0,57.0,32.0,25.0,17.0,9.0,13.0,3.0,22.0,114.0,2022-04-26 18:15:00+00:00,37,Playoffs,40.0,MAD,TEL,25.0,8.0,114.0,72.0
E2021,315,local,66.0,35.0,13.0,4.0,0.0,25.0,58.0,20.0,27.0,22.0,15.0,6.0,1.0,18.0,75.0,2022-04-27 18:30:00+00:00,37,Playoffs,40.0,MUN,BAR,38.0,5.0,75.0,60.879999999999995
E2021,315,road,75.0,30.0,17.0,2.0,1.0,18.0,53.0,28.0,12.0,11.0,5.0,10.0,0.0,25.0,82.0,2022-04-27 18:30:00+00:00,37,Playoffs,40.0,BAR,MUN,25.0,1.0,82.0,63.28
E2021,318,local,83.0,31.0,15.0,7.0,3.0,22.0,66.0,29.0,21.0,16.0,11.0,8.0,4.0,26.0,81.0,2022-04-27 19:00:00+00:00,37,Playoffs,40.0,MCO,OLY,37.0,5.0,81.0,72.24
E2021,318,road,87.0,36.0,15.0,5.0,4.0,26.0,55.0,28.0,29.0,21.0,11.0,15.0,3.0,23.0,97.0,2022-04-27 19:00:00+00:00,37,Playoffs,40.0,OLY,MCO,27.0,8.0,97.0,71.76
E2021,321,local,75.0,26.0,13.0,6.0,2.0,25.0,47.0,23.0,25.0,21.0,3.0,9.0,1.0,16.0,93.0,2022-04-28 17:30:00+00:00,38,Playoffs,40.0,IST,MIL,24.0,4.0,93.0,64.0
E2021,321,road,70.0,35.0,20.0,6.0,1.0,16.0,66.0,28.0,6.0,5.0,14.0,13.0,1.0,25.0,70.0,2022-04-28 17:30:00+00:00,38,Playoffs,40.0,MIL,IST,38.0,1.0,70.0,67.64
E2021,319,local,59.0,42.0,15.0,5.0,3.0,23.0,60.0,21.0,15.0,13.0,11.0,9.0,3.0,25.0,69.0,2022-04-29 18:45:00+00:00,38,Playoffs,40.0,MUN,BAR,39.0,2.0,69.0,64.6
E2021,319,road,52.0,37.0,9.0,3.0,3.0,24.0,52.0,14.0,26.0,19.0,11.0,13.0,3.0,23.0,44.0,2022-04-29 18:45:00+00:00,38,Playoffs,40.0,BAR,MUN,38.0,7.0,44.0,65.44
E2021,322,local,78.0,33.0,13.0,6.0,2.0,20.0,62.0,29.0,17.0,15.0,8.0,7.0,1.0,21.0,88.0,2022-04-29 19:00:00+00:00,38,Playoffs,40.0,MCO,OLY,33.0,2.0,88.0,68.48
E2021,322,road,77.0,34.0,19.0,3.0,1.0,21.0,61.0,29.0,14.0,8.0,10.0,10.0,2.0,20.0,85.0,2022-04-29 19:00:00+00:00,38,Playoffs,40.0,OLY,MCO,32.0,6.0,85.0,67.16
E2021,323,local,81.0,35.0,16.0,4.0,0.0,20.0,62.0,29.0,12.0,11.0,10.0,9.0,1.0,18.0,94.0,2022-05-03 18:00:00+00:00,39,Playoffs,40.0,BAR,MUN,33.0,1.0,94.0,66.28
E2021,323,road,72.0,29.0,11.0,6.0,1.0,18.0,56.0,26.0,16.0,12.0,6.0,11.0,0.0,20.0,72.0,2022-05-03 18:00:00+00:00,39,Playoffs,40.0,MUN,BAR,30.0,4.0,72.0,68.03999999999999
E2021,326,local,94.0,26.0,18.0,2.0,2.0,27.0,52.0,31.0,25.0,21.0,3.0,8.0,0.0,17.0,119.0,2022-05-04 18:30:00+00:00,39,Playoffs,40.0,OLY,MCO,21.0,4.0,119.0,68.0
E2021,326,road,88.0,31.0,16.0,5.0,0.0,17.0,65.0,30.0,16.0,15.0,11.0,8.0,2.0,27.0,84.0,2022-05-04 18:30:00+00:00,39,Playoffs,40.0,MCO,OLY,35.0,1.0,84.0,69.04
E2021,328,local,74.0,34.0,18.0,7.0,3.0,23.0,52.0,24.0,25.0,19.0,7.0,9.0,3.0,16.0,97.0,2022-05-19 16:00:00+00:00,40,Final Four,40.0,OLY,IST,28.0,6.0,97.0,65.0
E2021,328,road,77.0,34.0,20.0,4.0,3.0,16.0,59.0,26.0,16.0,11.0,10.0,8.0,3.0,23.0,82.0,2022-05-19 16:00:00+00:00,40,Final Four,40.0,IST,OLY,33.0,5.0,82.0,64.04
E2021,327,local,83.0,34.0,20.0,4.0,1.0,23.0,63.0,30.0,21.0,15.0,12.0,9.0,6.0,22.0,89.0,2022-05-19 19:00:00+00:00,40,Final Four,40.0,BAR,MAD,33.0,6.0,89.0,69.24
E2021,327,road,86.0,35.0,14.0,4.0,6.0,22.0,65.0,30.0,22.0,18.0,14.0,9.0,1.0,23.0,95.0,2022-05-19 19:00:00+00:00,40,Final Four,40.0,MAD,BAR,35.0,4.0,95.0,69.68
E2021,329,local,84.0,35.0,23.0,9.0,1.0,21.0,61.0,35.0,13.0,6.0,10.0,16.0,1.0,25.0,98.0,2022-05-21 14:00:00+00:00,41,Final Four,40.0,BAR,OLY,26.0,7.0,98.0,72.72
E2021,329,road,74.0,25.0,18.0,13.0,1.0,25.0,51.0,24.0,27.0,21.0,5.0,14.0,1.0,21.0,87.0,2022-05-21 14:00:00+00:00,41,Final Four,40.0,OLY,BAR,27.0,6.0,87.0,71.88
E2021,330,local,57.0,40.0,14.0,6.0,3.0,16.0,67.0,20.0,17.0,11.0,18.0,6.0,3.0,20.0,54.0,2022-05-21 17:00:00+00:00,41,Final Four,40.0,MAD,IST,47.0,6.0,54.0,62.480000000000004
E2021,330,road,58.0,44.0,7.0,5.0,3.0,20.0,56.0,23.0,9.0,6.0,11.0,12.0,3.0,16.0,70.0,2022-05-21 17:00:00+00:00,41,Final Four,40.0,IST,MAD,33.0,3.0,70.0,60.96
E2022,1,local,68.0,34.0,15.0,10.0,1.0,22.0,68.0,24.0,21.0,11.0,11.0,8.0,7.0,16.0,65.0,2022-10-06 18:00:00+00:00,1,Regular Season,40.0,PAN,MAD,44.0,10.0,65.0,74.24
E2022,1,road,71.0,49.0,13.0,5.0,7.0,16.0,62.0,29.0,9.0,6.0,11.0,19.0,1.0,22.0,83.0,2022-10-06 18:00:00+00:00,1,Regular Season,40.0,MAD,PAN,33.0,3.0,83.0,73.96
E2022,2,local,62.0,31.0,14.0,8.0,2.0,18.0,56.0,23.0,13.0,10.0,7.0,17.0,3.0,18.0,61.0,2022-10-06 18:00:00+00:00,1,Regular Season,40.0,ASV,MIL,33.0,3.0,61.0,71.72
E2022,2,road,69.0,39.0,17.0,7.0,3.0,18.0,60.0,25.0,14.0,11.0,11.0,17.0,2.0,18.0,78.0,2022-10-06 18:00:00+00:00,1,Regular Season,40.0,MIL,ASV,35.0,3.0,78.0,72.16
E2022,3,local,84.0,26.0,21.0,10.0,6.0,16.0,63.0,32.0,17.0,14.0,7.0,7.0,2.0,19.0,101.0,2022-10-06 18:05:00+00:00,1,Regular Season,40.0,TEL,ZAL,31.0,3.0,101.0,70.48
E2022,3,road,83.0,43.0,8.0,3.0,2.0,19.0,67.0,33.0,15.0,12.0,17.0,15.0,6.0,16.0,84.0,2022-10-06 18:05:00+00:00,1,Regular Season,40.0,ZAL,TEL,34.0,3.0,84.0,71.6
E2022,4,local,62.0,32.0,16.0,4.0,5.0,14.0,56.0,24.0,4.0,4.0,10.0,19.0,1.0,18.0,63.0,2022-10-06 18:30:00+00:00,1,Regular Season,40.0,MUN,ULK,32.0,0.0,63.0,66.75999999999999
E2022,4,road,74.0,30.0,20.0,8.0,1.0,18.0,62.0,30.0,10.0,8.0,10.0,8.0,5.0,14.0,90.0,2022-10-06 18:30:00+00:00,1,Regular Season,40.0,ULK,MUN,32.0,2.0,90.0,64.4
E2022,5,local,71.0,40.0,10.0,4.0,2.0,25.0,60.0,24.0,26.0,15.0,8.0,13.0,3.0,18.0,71.0,2022-10-06 18:30:00+00:00,1,Regular Season,40.0,PAM,BAS,36.0,11.0,71.0,76.44
E2022,5,road,81.0,39.0,24.0,6.0,3.0,18.0,70.0,34.0,10.0,5.0,7.0,9.0,2.0,26.0,93.0,2022-10-06 18:30:00+00:00,1,Regular Season,40.0,BAS,PAM,36.0,5.0,93.0,76.4
E2022,6,local,72.0,32.0,12.0,7.0,5.0,17.0,67.0,26.0,14.0,12.0,9.0,4.0,2.0,17.0,79.0,2022-10-07 17:30:00+00:00,1,Regular Season,40.0,IST,RED,41.0,2.0,79.0,68.16
E2022,6,road,59.0,42.0,18.0,1.0,2.0,17.0,53.0,20.0,16.0,13.0,10.0,15.0,5.0,18.0,65.0,2022-10-07 17:30:00+00:00,1,Regular Season,40.0,RED,IST,33.0,3.0,65.0,65.03999999999999
E2022,7,local,100.0,40.0,31.0,5.0,1.0,16.0,67.0,35.0,18.0,15.0,14.0,13.0,4.0,21.0,120.0,2022-10-07 18:00:00+00:00,1,Regular Season,40.0,BER,PAR,32.0,3.0,120.0,73.92
E2022,7,road,84.0,24.0,14.0,8.0,4.0,21.0,62.0,31.0,20.0,15.0,7.0,8.0,1.0,16.0,94.0,2022-10-07 18:00:00+00:00,1,Regular Season,40.0,PAR,BER,31.0,5.0,94.0,71.8
E2022,8,local,70.0,31.0,12.0,5.0,0.0,19.0,61.0,25.0,13.0,11.0,7.0,12.0,0.0,23.0,64.0,2022-10-07 18:30:00+00:00,1,Regular Season,40.0,BAR,OLY,36.0,2.0,64.0,71.72
E2022,8,road,80.0,37.0,17.0,7.0,0.0,23.0,55.0,22.0,25.0,25.0,8.0,14.0,0.0,19.0,98.0,2022-10-07 18:30:00+00:00,1,Regular Season,40.0,OLY,BAR,33.0,0.0,98.0,72.0
E2022,9,local,66.0,36.0,13.0,5.0,3.0,21.0,58.0,24.0,23.0,14.0,16.0,14.0,0.0,17.0,70.0,2022-10-07 18:30:00+00:00,1,Regular Season,40.0,VIR,MCO,34.0,9.0,70.0,66.12
E2022,9,road,83.0,37.0,13.0,7.0,0.0,17.0,65.0,31.0,15.0,14.0,13.0,9.0,3.0,21.0,89.0,2022-10-07 18:30:00+00:00,1,Regular Season,40.0,MCO,VIR,34.0,1.0,89.0,67.6
E2022,10,local,95.0,33.0,24.0,10.0,2.0,23.0,73.0,36.0,22.0,16.0,9.0,7.0,5.0,22.0,110.0,2022-10-13 17:00:00+00:00,2,Regular Season,45.0,MCO,IST,37.0,6.0,110.0,80.68
E2022,10,road,92.0,38.0,20.0,4.0,5.0,22.0,64.0,31.0,24.0,17.0,9.0,16.0,2.0,23.0,100.0,2022-10-13 17:00:00+00:00,2,Regular Season,45.0,IST,MCO,33.0,7.0,100.0,81.56
E2022,11,local,75.0,33.0,16.0,9.0,0.0,25.0,59.0,25.0,26.0,19.0,12.0,15.0,2.0,27.0,73.0,2022-10-13 17:00:00+00:00,2,Regular Season,40.0,RED,PAN,34.0,7.0,73.0,73.44
E2022,11,road,77.0,35.0,15.0,7.0,2.0,26.0,52.0,25.0,28.0,21.0,9.0,17.0,0.0,25.0,86.0,2022-10-13 17:00:00+00:00,2,Regular Season,40.0,PAN,RED,27.0,7.0,86.0,72.32
E2022,12,local,75.0,32.0,22.0,4.0,2.0,20.0,53.0,28.0,16.0,11.0,8.0,15.0,5.0,21.0,84.0,2022-10-13 18:30:00+00:00,2,Regular Season,40.0,BAR,MAD,25.0,5.0,84.0,67.03999999999999
E2022,12,road,73.0,27.0,16.0,8.0,5.0,21.0,57.0,26.0,18.0,16.0,8.0,11.0,2.0,20.0,84.0,2022-10-13 18:30:00+00:00,2,Regular Season,40.0,MAD,BAR,31.0,2.0,84.0,67.92
E2022,13,local,66.0,37.0,14.0,10.0,2.0,21.0,54.0,25.0,16.0,10.0,8.0,19.0,1.0,22.0,73.0,2022-10-13 18:30:00+00:00,2,Regular Season,40.0,VIR,MUN,29.0,6.0,73.0,72.03999999999999
E2022,13,road,63.0,33.0,11.0,13.0,1.0,22.0,60.0,19.0,16.0,13.0,9.0,14.0,2.0,21.0,62.0,2022-10-13 18:30:00+00:00,2,Regular Season,40.0,MUN,VIR,41.0,3.0,62.0,72.04
E2022,14,local,86.0,46.0,20.0,5.0,1.0,22.0,61.0,27.0,29.0,20.0,18.0,12.0,3.0,16.0,106.0,2022-10-14 18:00:00+00:00,2,Regular Season,40.0,ULK,TEL,34.0,9.0,106.0,67.76
E2022,14,road,71.0,37.0,14.0,5.0,3.0,16.0,72.0,29.0,11.0,5.0,18.0,9.0,1.0,22.0,65.0,2022-10-14 18:00:00+00:00,2,Regular Season,40.0,TEL,ULK,43.0,6.0,65.0,67.84
E2022,15,local,90.0,36.0,20.0,9.0,1.0,28.0,63.0,29.0,28.0,25.0,11.0,11.0,1.0,19.0,116.0,2022-10-14 18:00:00+00:00,2,Regular Season,40.0,OLY,ZAL,34.0,3.0,116.0,75.32
E2022,15,road,80.0,32.0,17.0,5.0,1.0,18.0,63.0,28.0,13.0,11.0,10.0,13.0,1.0,28.0,74.0,2022-10-14 18:00:00+00:00,2,Regular Season,40.0,ZAL,OLY,35.0,2.0,74.0,71.72
E2022,16,local,74.0,40.0,17.0,9.0,1.0,18.0,74.0,27.0,11.0,11.0,10.0,13.0,4.0,20.0,75.0,2022-10-14 18:30:00+00:00,2,Regular Season,45.0,MIL,BER,47.0,0.0,75.0,81.84
E2022,16,road,80.0,46.0,21.0,10.0,4.0,19.0,72.0,30.0,14.0,11.0,12.0,18.0,1.0,18.0,98.0,2022-10-14 18:30:00+00:00,2,Regular Season,45.0,BER,MIL,42.0,3.0,98.0,84.16
E2022,17,local,103.0,31.0,20.0,7.0,3.0,26.0,64.0,33.0,27.0,20.0,8.0,12.0,1.0,28.0,111.0,2022-10-14 18:30:00+00:00,2,Regular Season,45.0,BAS,PAR,31.0,7.0,111.0,79.88
E2022,17,road,96.0,37.0,19.0,5.0,1.0,28.0,67.0,31.0,31.0,27.0,15.0,13.0,3.0,26.0,104.0,2022-10-14 18:30:00+00:00,2,Regular Season,45.0,PAR,BAS,36.0,4.0,104.0,78.64
E2022,18,local,76.0,31.0,21.0,4.0,1.0,19.0,64.0,29.0,12.0,11.0,11.0,10.0,3.0,22.0,81.0,2022-10-14 19:00:00+00:00,2,Regular Season,40.0,PAM,ASV,35.0,1.0,81.0,68.28
E2022,18,road,77.0,27.0,13.0,4.0,3.0,22.0,53.0,29.0,15.0,12.0,5.0,14.0,1.0,19.0,85.0,2022-10-14 19:00:00+00:00,2,Regular Season,40.0,ASV,PAM,24.0,3.0,85.0,68.6
E2022,19,local,68.0,38.0,18.0,9.0,3.0,22.0,61.0,24.0,19.0,17.0,13.0,15.0,3.0,20.0,81.0,2022-10-18 17:00:00+00:00,3,Regular Season,40.0,ZAL,VIR,37.0,2.0,81.0,71.36
E2022,19,road,65.0,30.0,20.0,10.0,3.0,20.0,56.0,24.0,18.0,10.0,8.0,16.0,3.0,22.0,67.0,2022-10-18 17:00:00+00:00,3,Regular Season,40.0,VIR,ZAL,32.0,8.0,67.0,71.92
E2022,20,local,91.0,27.0,17.0,6.0,1.0,25.0,57.0,32.0,18.0,17.0,5.0,12.0,1.0,16.0,112.0,2022-10-18 17:00:00+00:00,3,Regular Season,40.0,IST,PAM,25.0,1.0,112.0,71.92
E2022,20,road,92.0,30.0,21.0,5.0,1.0,16.0,65.0,31.0,15.0,14.0,11.0,12.0,1.0,25.0,92.0,2022-10-18 17:00:00+00:00,3,Regular Season,40.0,PAM,IST,34.0,1.0,92.0,72.6
E2022,21,local,84.0,29.0,18.0,13.0,1.0,21.0,60.0,32.0,12.0,8.0,6.0,17.0,1.0,24.0,92.0,2022-10-18 17:45:00+00:00,3,Regular Season,40.0,ULK,ASV,28.0,4.0,92.0,76.28
E2022,21,road,63.0,37.0,16.0,8.0,1.0,24.0,61.0,24.0,18.0,12.0,14.0,18.0,1.0,21.0,66.0,2022-10-18 17:45:00+00:00,3,Regular Season,40.0,ASV,ULK,37.0,6.0,66.0,72.92
E2022,22,local,78.0,43.0,19.0,5.0,4.0,17.0,69.0,29.0,8.0,8.0,15.0,14.0,6.0,23.0,83.0,2022-10-18 18:05:00+00:00,3,Regular Season,40.0,TEL,MCO,40.0,0.0,83.0,71.52
E2022,22,road,70.0,39.0,10.0,7.0,6.0,22.0,64.0,23.0,23.0,17.0,14.0,12.0,4.0,17.0,74.0,2022-10-18 18:05:00+00:00,3,Regular Season,40.0,MCO,TEL,41.0,6.0,74.0,72.12
E2022,23,local,73.0,26.0,7.0,7.0,3.0,20.0,58.0,22.0,24.0,21.0,7.0,5.0,3.0,19.0,70.0,2022-10-18 18:30:00+00:00,3,Regular Season,40.0,MUN,BAR,36.0,3.0,70.0,66.56
E2022,23,road,84.0,38.0,24.0,3.0,3.0,19.0,60.0,32.0,8.0,7.0,8.0,11.0,3.0,20.0,108.0,2022-10-18 18:30:00+00:00,3,Regular Season,40.0,BAR,MUN,28.0,1.0,108.0,66.52000000000001
E2022,24,local,75.0,35.0,14.0,6.0,5.0,17.0,60.0,28.0,9.0,8.0,11.0,15.0,2.0,17.0,85.0,2022-10-18 18:45:00+00:00,3,Regular Season,40.0,PAR,MIL,32.0,1.0,85.0,67.96000000000001
E2022,24,road,80.0,27.0,18.0,5.0,2.0,17.0,57.0,27.0,15.0,14.0,5.0,9.0,5.0,17.0,87.0,2022-10-18 18:45:00+00:00,3,Regular Season,40.0,MIL,PAR,30.0,1.0,87.0,67.6
E2022,25,local,94.0,43.0,25.0,8.0,4.0,19.0,72.0,33.0,17.0,15.0,9.0,7.0,8.0,21.0,116.0,2022-10-19 18:00:00+00:00,3,Regular Season,40.0,BER,PAN,39.0,2.0,116.0,77.48
E2022,25,road,65.0,38.0,16.0,3.0,8.0,21.0,62.0,21.0,24.0,14.0,10.0,14.0,4.0,19.0,63.0,2022-10-19 18:00:00+00:00,3,Regular Season,40.0,PAN,BER,41.0,10.0,63.0,76.56
E2022,26,local,92.0,25.0,14.0,7.0,3.0,17.0,67.0,34.0,7.0,5.0,6.0,5.0,3.0,13.0,102.0,2022-10-19 18:30:00+00:00,3,Regular Season,40.0,BAS,RED,33.0,2.0,102.0,69.08
E2022,26,road,75.0,36.0,20.0,2.0,3.0,13.0,56.0,29.0,12.0,8.0,10.0,15.0,3.0,17.0,83.0,2022-10-19 18:30:00+00:00,3,Regular Season,40.0,RED,BAS,27.0,4.0,83.0,66.28
E2022,27,local,87.0,33.0,23.0,2.0,3.0,16.0,64.0,29.0,17.0,15.0,9.0,11.0,2.0,22.0,92.0,2022-10-19 18:45:00+00:00,3,Regular Season,40.0,MAD,OLY,35.0,2.0,92.0,73.48
E2022,27,road,89.0,38.0,18.0,7.0,2.0,22.0,67.0,35.0,18.0,13.0,11.0,9.0,3.0,17.0,110.0,2022-10-19 18:45:00+00:00,3,Regular Season,40.0,OLY,MAD,32.0,5.0,110.0,72.92
E2022,28,local,73.0,30.0,11.0,8.0,2.0,20.0,59.0,25.0,17.0,14.0,14.0,17.0,3.0,20.0,67.0,2022-10-20 17:00:00+00:00,4,Regular Season,40.0,ZAL,BAR,34.0,3.0,67.0,69.48
E2022,28,road,72.0,29.0,19.0,8.0,3.0,19.0,54.0,28.0,11.0,10.0,9.0,16.0,2.0,20.0,85.0,2022-10-20 17:00:00+00:00,4,Regular Season,40.0,BAR,ZAL,26.0,1.0,85.0,65.84
E2022,29,local,79.0,33.0,21.0,9.0,2.0,17.0,66.0,29.0,12.0,9.0,8.0,8.0,1.0,19.0,93.0,2022-10-20 17:45:00+00:00,4,Regular Season,40.0,ULK,PAM,37.0,3.0,93.0,71.28
E2022,29,road,77.0,38.0,12.0,5.0,1.0,18.0,64.0,29.0,13.0,10.0,9.0,12.0,2.0,17.0,82.0,2022-10-20 17:45:00+00:00,4,Regular Season,40.0,PAM,ULK,35.0,3.0,82.0,72.72
E2022,30,local,88.0,38.0,20.0,10.0,6.0,19.0,63.0,32.0,19.0,16.0,13.0,16.0,0.0,20.0,111.0,2022-10-20 18:05:00+00:00,4,Regular Season,40.0,TEL,ASV,31.0,3.0,111.0,74.36
E2022,30,road,69.0,36.0,10.0,8.0,0.0,20.0,68.0,26.0,12.0,10.0,17.0,17.0,6.0,19.0,57.0,2022-10-20 18:05:00+00:00,4,Regular Season,40.0,ASV,TEL,42.0,2.0,57.0,73.28
E2022,31,local,81.0,33.0,13.0,7.0,2.0,19.0,62.0,28.0,16.0,12.0,10.0,9.0,2.0,22.0,84.0,2022-10-20 18:30:00+00:00,4,Regular Season,40.0,MUN,MIL,34.0,4.0,84.0,68.04
E2022,31,road,83.0,32.0,15.0,6.0,2.0,22.0,58.0,30.0,19.0,15.0,8.0,8.0,2.0,19.0,99.0,2022-10-20 18:30:00+00:00,4,Regular Season,40.0,MIL,MUN,28.0,4.0,99.0,66.36
E2022,32,local,90.0,40.0,14.0,4.0,2.0,21.0,65.0,35.0,15.0,9.0,10.0,13.0,2.0,24.0,96.0,2022-10-20 18:30:00+00:00,4,Regular Season,40.0,PAR,VIR,30.0,6.0,96.0,74.6
E2022,32,road,62.0,29.0,15.0,7.0,2.0,24.0,55.0,18.0,24.0,20.0,7.0,14.0,2.0,21.0,61.0,2022-10-20 18:30:00+00:00,4,Regular Season,40.0,VIR,PAR,37.0,4.0,61.0,72.56
E2022,33,local,78.0,47.0,17.0,4.0,7.0,18.0,72.0,28.0,13.0,11.0,14.0,9.0,7.0,11.0,98.0,2022-10-21 17:30:00+00:00,4,Regular Season,40.0,IST,BER,44.0,2.0,98.0,72.72
E2022,33,road,74.0,37.0,22.0,5.0,7.0,11.0,71.0,31.0,3.0,1.0,7.0,11.0,7.0,18.0,78.0,2022-10-21 17:30:00+00:00,4,Regular Season,40.0,BER,IST,40.0,2.0,78.0,76.32
E2022,34,local,80.0,39.0,15.0,4.0,2.0,21.0,56.0,26.0,20.0,17.0,11.0,19.0,3.0,28.0,78.0,2022-10-21 18:00:00+00:00,4,Regular Season,40.0,PAN,MCO,30.0,3.0,78.0,72.8
E2022,34,road,83.0,30.0,13.0,10.0,3.0,27.0,68.0,30.0,22.0,18.0,12.0,8.0,2.0,22.0,92.0,2022-10-21 18:00:00+00:00,4,Regular Season,40.0,MCO,PAN,38.0,4.0,92.0,73.68
E2022,36,local,92.0,30.0,20.0,4.0,2.0,19.0,67.0,33.0,16.0,15.0,8.0,10.0,2.0,25.0,95.0,2022-10-21 18:30:00+00:00,4,Regular Season,40.0,BAS,OLY,34.0,1.0,95.0,76.04
E2022,36,road,97.0,35.0,23.0,7.0,2.0,25.0,64.0,32.0,26.0,24.0,10.0,10.0,2.0,19.0,124.0,2022-10-21 18:30:00+00:00,4,Regular Season,40.0,OLY,BAS,32.0,2.0,124.0,75.44
E2022,35,local,72.0,38.0,21.0,6.0,3.0,22.0,49.0,25.0,19.0,14.0,6.0,19.0,0.0,20.0,94.0,2022-10-21 18:45:00+00:00,4,Regular Season,40.0,MAD,RED,24.0,5.0,94.0,70.36
E2022,35,road,56.0,26.0,11.0,8.0,0.0,19.0,59.0,19.0,14.0,10.0,8.0,12.0,3.0,22.0,39.0,2022-10-21 18:45:00+00:00,4,Regular Season,40.0,RED,MAD,40.0,4.0,39.0,69.16
E2022,40,local,76.0,28.0,20.0,7.0,3.0,14.0,63.0,31.0,6.0,5.0,8.0,12.0,2.0,17.0,84.0,2022-10-27 16:45:00+00:00,5,Regular Season,40.0,OLY,MCO,32.0,1.0,84.0,69.64
E2022,40,road,81.0,34.0,17.0,9.0,2.0,16.0,58.0,29.0,19.0,13.0,10.0,14.0,3.0,14.0,93.0,2022-10-27 16:45:00+00:00,5,Regular Season,40.0,MCO,OLY,29.0,6.0,93.0,70.36
E2022,37,local,85.0,37.0,19.0,7.0,2.0,15.0,69.0,35.0,8.0,8.0,15.0,14.0,2.0,22.0,93.0,2022-10-27 18:05:00+00:00,5,Regular Season,40.0,TEL,PAN,34.0,0.0,93.0,71.52
E2022,37,road,74.0,31.0,18.0,5.0,2.0,21.0,55.0,26.0,20.0,11.0,13.0,16.0,2.0,15.0,80.0,2022-10-27 18:05:00+00:00,5,Regular Season,40.0,PAN,TEL,29.0,9.0,80.0,66.8
E2022,38,local,87.0,27.0,14.0,8.0,4.0,29.0,55.0,27.0,27.0,24.0,9.0,13.0,5.0,21.0,99.0,2022-10-27 18:30:00+00:00,5,Regular Season,40.0,PAR,ZAL,28.0,3.0,99.0,70.88
E2022,38,road,76.0,27.0,21.0,9.0,5.0,21.0,54.0,28.0,21.0,11.0,9.0,16.0,4.0,29.0,74.0,2022-10-27 18:30:00+00:00,5,Regular Season,40.0,ZAL,PAR,26.0,10.0,74.0,70.24000000000001
E2022,39,local,87.0,38.0,22.0,8.0,4.0,11.0,74.0,35.0,7.0,5.0,14.0,13.0,2.0,16.0,98.0,2022-10-27 18:30:00+00:00,5,Regular Season,40.0,PAM,BER,39.0,2.0,98.0,76.08
E2022,39,road,73.0,37.0,22.0,8.0,2.0,16.0,65.0,30.0,8.0,5.0,13.0,19.0,4.0,11.0,86.0,2022-10-27 18:30:00+00:00,5,Regular Season,40.0,BER,PAM,35.0,3.0,86.0,74.52
E2022,41,local,91.0,38.0,22.0,4.0,2.0,26.0,67.0,31.0,25.0,19.0,17.0,13.0,3.0,25.0,100.0,2022-10-27 18:45:00+00:00,5,Regular Season,40.0,MAD,VIR,36.0,6.0,100.0,74.0
E2022,41,road,95.0,27.0,16.0,9.0,3.0,25.0,56.0,32.0,31.0,25.0,7.0,11.0,2.0,26.0,106.0,2022-10-27 18:45:00+00:00,5,Regular Season,40.0,VIR,MAD,24.0,6.0,106.0,73.64
E2022,42,local,78.0,45.0,18.0,5.0,1.0,24.0,59.0,25.0,23.0,19.0,12.0,15.0,4.0,29.0,85.0,2022-10-28 17:00:00+00:00,5,Regular Season,40.0,RED,MUN,34.0,4.0,85.0,72.12
E2022,42,road,72.0,33.0,10.0,10.0,4.0,29.0,56.0,19.0,35.0,27.0,9.0,11.0,1.0,24.0,77.0,2022-10-28 17:00:00+00:00,5,Regular Season,40.0,MUN,RED,37.0,8.0,77.0,73.4
E2022,43,local,79.0,29.0,15.0,7.0,4.0,19.0,62.0,30.0,12.0,11.0,7.0,10.0,2.0,12.0,96.0,2022-10-28 17:30:00+00:00,5,Regular Season,40.0,IST,ULK,32.0,1.0,96.0,70.28
E2022,43,road,88.0,35.0,17.0,5.0,2.0,12.0,70.0,34.0,8.0,6.0,11.0,11.0,4.0,19.0,87.0,2022-10-28 17:30:00+00:00,5,Regular Season,40.0,ULK,IST,36.0,2.0,87.0,73.52
E2022,45,local,87.0,44.0,17.0,8.0,3.0,19.0,66.0,33.0,17.0,13.0,11.0,15.0,3.0,25.0,98.0,2022-10-28 18:00:00+00:00,5,Regular Season,40.0,ASV,BAS,33.0,4.0,98.0,77.48
E2022,45,road,61.0,29.0,14.0,7.0,3.0,25.0,53.0,19.0,28.0,17.0,6.0,18.0,3.0,19.0,54.0,2022-10-28 18:00:00+00:00,5,Regular Season,40.0,BAS,ASV,34.0,11.0,54.0,77.32
E2022,44,local,74.0,40.0,13.0,8.0,3.0,19.0,62.0,30.0,15.0,11.0,12.0,11.0,1.0,19.0,90.0,2022-10-28 18:30:00+00:00,5,Regular Season,40.0,BAR,MIL,32.0,4.0,90.0,67.6
E2022,44,road,56.0,30.0,12.0,4.0,1.0,19.0,60.0,23.0,8.0,6.0,7.0,13.0,3.0,19.0,48.0,2022-10-28 18:30:00+00:00,5,Regular Season,40.0,MIL,BAR,37.0,2.0,48.0,69.52000000000001
E2022,53,local,116.0,39.0,30.0,6.0,2.0,20.0,69.0,43.0,19.0,15.0,16.0,16.0,4.0,19.0,144.0,2022-11-03 19:15:00+00:00,6,Regular Season,40.0,BAS,TEL,26.0,4.0,144.0,77.36
E2022,53,road,87.0,27.0,16.0,10.0,4.0,19.0,70.0,34.0,11.0,9.0,13.0,13.0,2.0,20.0,90.0,2022-11-03 19:15:00+00:00,6,Regular Season,40.0,TEL,BAS,36.0,2.0,90.0,74.84
E2022,47,local,89.0,29.0,14.0,10.0,3.0,22.0,61.0,29.0,29.0,23.0,12.0,11.0,3.0,23.0,92.0,2022-11-03 19:30:00+00:00,6,Regular Season,40.0,PAN,PAR,32.0,6.0,92.0,72.76
E2022,47,road,91.0,35.0,13.0,9.0,3.0,23.0,59.0,32.0,24.0,18.0,13.0,15.0,3.0,22.0,101.0,2022-11-03 19:30:00+00:00,6,Regular Season,40.0,PAR,PAN,27.0,6.0,101.0,71.56
E2022,48,local,77.0,24.0,18.0,7.0,2.0,17.0,63.0,27.0,9.0,8.0,5.0,11.0,3.0,16.0,78.0,2022-11-03 19:30:00+00:00,6,Regular Season,40.0,MIL,MAD,36.0,1.0,78.0,72.96
E2022,48,road,83.0,40.0,20.0,6.0,3.0,16.0,58.0,29.0,19.0,14.0,8.0,16.0,2.0,17.0,99.0,2022-11-03 19:30:00+00:00,6,Regular Season,40.0,MAD,MIL,29.0,5.0,99.0,74.36
E2022,49,local,81.0,40.0,15.0,3.0,3.0,22.0,70.0,29.0,19.0,14.0,18.0,8.0,3.0,21.0,86.0,2022-11-03 19:30:00+00:00,6,Regular Season,40.0,MUN,IST,41.0,5.0,86.0,68.36
E2022,49,road,78.0,35.0,13.0,3.0,3.0,21.0,60.0,28.0,19.0,16.0,10.0,10.0,3.0,22.0,83.0,2022-11-03 19:30:00+00:00,6,Regular Season,40.0,IST,MUN,32.0,3.0,83.0,68.36
E2022,50,local,88.0,35.0,18.0,4.0,4.0,18.0,69.0,31.0,10.0,10.0,15.0,14.0,4.0,19.0,92.0,2022-11-04 18:00:00+00:00,6,Regular Season,40.0,ZAL,BER,38.0,0.0,92.0,72.4
E2022,50,road,81.0,33.0,28.0,4.0,4.0,19.0,57.0,28.0,16.0,12.0,10.0,14.0,4.0,18.0,100.0,2022-11-04 18:00:00+00:00,6,Regular Season,40.0,BER,ZAL,29.0,4.0,100.0,68.04
E2022,52,local,82.0,34.0,24.0,9.0,1.0,21.0,55.0,31.0,15.0,10.0,9.0,20.0,2.0,18.0,102.0,2022-11-04 19:00:00+00:00,6,Regular Season,40.0,OLY,PAM,24.0,5.0,102.0,72.6
E2022,52,road,83.0,23.0,24.0,12.0,2.0,18.0,61.0,30.0,14.0,12.0,6.0,12.0,1.0,21.0,95.0,2022-11-04 19:00:00+00:00,6,Regular Season,40.0,PAM,OLY,31.0,2.0,95.0,73.16
E2022,51,local,81.0,31.0,18.0,8.0,3.0,21.0,59.0,29.0,18.0,15.0,10.0,12.0,2.0,22.0,93.0,2022-11-04 19:30:00+00:00,6,Regular Season,40.0,BAR,ULK,30.0,3.0,93.0,68.92
E2022,51,road,80.0,31.0,13.0,3.0,2.0,22.0,61.0,29.0,18.0,17.0,11.0,11.0,3.0,21.0,83.0,2022-11-04 19:30:00+00:00,6,Regular Season,40.0,ULK,BAR,32.0,1.0,83.0,68.92
E2022,46,local,85.0,36.0,12.0,7.0,1.0,20.0,66.0,34.0,15.0,10.0,10.0,4.0,1.0,22.0,97.0,2022-11-04 20:00:00+00:00,6,Regular Season,40.0,MCO,RED,32.0,5.0,97.0,66.6
E2022,46,road,77.0,37.0,16.0,1.0,1.0,22.0,59.0,25.0,24.0,16.0,13.0,10.0,1.0,20.0,81.0,2022-11-04 20:00:00+00:00,6,Regular Season,40.0,RED,MCO,34.0,8.0,81.0,66.56
E2022,54,local,79.0,31.0,17.0,6.0,4.0,18.0,56.0,28.0,16.0,14.0,9.0,17.0,2.0,18.0,88.0,2022-11-04 20:00:00+00:00,6,Regular Season,40.0,VIR,ASV,28.0,2.0,88.0,71.03999999999999
E2022,54,road,84.0,24.0,18.0,12.0,2.0,18.0,60.0,31.0,12.0,12.0,4.0,13.0,4.0,18.0,94.0,2022-11-04 20:00:00+00:00,6,Regular Season,40.0,ASV,VIR,29.0,0.0,94.0,74.28
E2022,62,local,59.0,35.0,16.0,7.0,2.0,21.0,49.0,20.0,24.0,14.0,7.0,11.0,1.0,17.0,72.0,2022-11-09 19:30:00+00:00,7,Regular Season,40.0,MIL,VIR,29.0,10.0,72.0,63.56
E2022,62,road,64.0,37.0,14.0,7.0,1.0,16.0,59.0,24.0,12.0,7.0,11.0,13.0,2.0,21.0,63.0,2022-11-09 19:30:00+00:00,7,Regular Season,40.0,VIR,MIL,35.0,5.0,63.0,66.28
E2022,60,local,93.0,35.0,24.0,4.0,1.0,24.0,61.0,33.0,19.0,16.0,12.0,14.0,4.0,22.0,110.0,2022-11-10 17:00:00+00:00,7,Regular Season,40.0,ULK,RED,28.0,3.0,110.0,71.36
E2022,60,road,79.0,26.0,11.0,5.0,4.0,22.0,61.0,30.0,17.0,13.0,9.0,9.0,1.0,25.0,77.0,2022-11-10 17:00:00+00:00,7,Regular Season,40.0,RED,ULK,31.0,4.0,77.0,68.48
E2022,59,local,94.0,35.0,25.0,3.0,5.0,24.0,66.0,34.0,27.0,19.0,11.0,9.0,1.0,26.0,110.0,2022-11-10 18:45:00+00:00,7,Regular Season,40.0,MAD,IST,32.0,8.0,110.0,75.88
E2022,59,road,85.0,31.0,13.0,5.0,1.0,26.0,57.0,28.0,28.0,24.0,7.0,11.0,5.0,25.0,87.0,2022-11-10 18:45:00+00:00,7,Regular Season,40.0,IST,MAD,29.0,4.0,87.0,73.32
E2022,55,local,77.0,36.0,20.0,4.0,7.0,24.0,57.0,30.0,19.0,10.0,5.0,16.0,2.0,20.0,94.0,2022-11-10 19:00:00+00:00,7,Regular Season,40.0,BER,MUN,27.0,9.0,94.0,76.36
E2022,55,road,79.0,33.0,13.0,9.0,2.0,20.0,64.0,25.0,23.0,18.0,10.0,10.0,7.0,24.0,71.0,2022-11-10 19:00:00+00:00,7,Regular Season,40.0,MUN,BER,39.0,5.0,71.0,74.12
E2022,56,local,87.0,29.0,24.0,12.0,2.0,19.0,61.0,34.0,9.0,5.0,8.0,11.0,3.0,18.0,110.0,2022-11-10 19:00:00+00:00,7,Regular Season,40.0,OLY,PAR,27.0,4.0,110.0,67.96
E2022,56,road,58.0,30.0,12.0,6.0,3.0,17.0,54.0,25.0,5.0,3.0,9.0,20.0,2.0,19.0,54.0,2022-11-10 19:00:00+00:00,7,Regular Season,40.0,PAR,OLY,29.0,2.0,54.0,67.2
E2022,58,local,79.0,33.0,16.0,8.0,4.0,24.0,62.0,27.0,26.0,20.0,14.0,12.0,2.0,21.0,88.0,2022-11-10 19:05:00+00:00,7,Regular Season,40.0,TEL,BAR,35.0,6.0,88.0,71.44
E2022,58,road,86.0,36.0,24.0,5.0,2.0,19.0,62.0,29.0,18.0,15.0,13.0,15.0,4.0,24.0,93.0,2022-11-10 19:05:00+00:00,7,Regular Season,40.0,BAR,TEL,33.0,3.0,93.0,71.92
E2022,57,local,76.0,23.0,11.0,8.0,2.0,23.0,65.0,28.0,17.0,13.0,11.0,9.0,7.0,25.0,61.0,2022-11-10 20:00:00+00:00,7,Regular Season,40.0,ASV,ZAL,37.0,4.0,61.0,70.48
E2022,57,road,93.0,33.0,19.0,5.0,7.0,25.0,49.0,32.0,24.0,22.0,5.0,14.0,2.0,23.0,124.0,2022-11-10 20:00:00+00:00,7,Regular Season,40.0,ZAL,ASV,17.0,2.0,124.0,68.56
E2022,61,local,98.0,39.0,18.0,8.0,0.0,27.0,71.0,35.0,29.0,20.0,12.0,7.0,1.0,23.0,114.0,2022-11-11 19:30:00+00:00,7,Regular Season,40.0,PAN,BAS,36.0,9.0,114.0,78.76
E2022,61,road,83.0,39.0,18.0,2.0,1.0,23.0,62.0,29.0,22.0,15.0,9.0,14.0,0.0,27.0,85.0,2022-11-11 19:30:00+00:00,7,Regular Season,40.0,BAS,PAN,33.0,7.0,85.0,76.68
E2022,63,local,89.0,40.0,16.0,7.0,0.0,21.0,58.0,31.0,18.0,13.0,10.0,22.0,0.0,32.0,87.0,2022-11-11 20:00:00+00:00,7,Regular Season,40.0,PAM,MCO,27.0,5.0,87.0,77.92
E2022,63,road,84.0,28.0,15.0,12.0,0.0,32.0,61.0,23.0,38.0,31.0,10.0,9.0,0.0,21.0,96.0,2022-11-11 20:00:00+00:00,7,Regular Season,40.0,MCO,PAM,38.0,7.0,96.0,76.72
E2022,64,local,96.0,28.0,12.0,11.0,4.0,25.0,57.0,32.0,21.0,18.0,7.0,13.0,2.0,19.0,114.0,2022-11-17 17:30:00+00:00,8,Regular Season,40.0,IST,BAR,25.0,3.0,114.0,72.24
E2022,64,road,86.0,32.0,12.0,3.0,2.0,19.0,64.0,30.0,11.0,11.0,11.0,15.0,4.0,26.0,75.0,2022-11-17 17:30:00+00:00,8,Regular Season,40.0,BAR,IST,34.0,0.0,75.0,72.84
E2022,65,local,71.0,38.0,12.0,8.0,3.0,26.0,56.0,22.0,23.0,19.0,11.0,15.0,3.0,26.0,76.0,2022-11-17 18:00:00+00:00,8,Regular Season,40.0,RED,ASV,34.0,4.0,76.0,70.12
E2022,65,road,67.0,30.0,13.0,11.0,3.0,26.0,49.0,18.0,30.0,25.0,6.0,14.0,3.0,27.0,70.0,2022-11-17 18:00:00+00:00,8,Regular Season,40.0,ASV,RED,31.0,5.0,70.0,70.2
E2022,66,local,71.0,32.0,17.0,6.0,2.0,16.0,59.0,25.0,13.0,11.0,12.0,14.0,2.0,24.0,68.0,2022-11-17 19:30:00+00:00,8,Regular Season,40.0,MUN,OLY,34.0,2.0,68.0,66.72
E2022,66,road,82.0,32.0,23.0,9.0,2.0,24.0,55.0,27.0,22.0,21.0,9.0,10.0,2.0,16.0,115.0,2022-11-17 19:30:00+00:00,8,Regular Season,40.0,OLY,MUN,28.0,1.0,115.0,65.68
E2022,67,local,89.0,39.0,23.0,4.0,2.0,20.0,53.0,30.0,20.0,15.0,6.0,15.0,2.0,24.0,108.0,2022-11-17 19:30:00+00:00,8,Regular Season,40.0,VIR,PAM,23.0,5.0,108.0,70.8
E2022,67,road,59.0,34.0,12.0,7.0,2.0,24.0,65.0,18.0,21.0,17.0,16.0,8.0,2.0,20.0,57.0,2022-11-17 19:30:00+00:00,8,Regular Season,40.0,PAM,VIR,47.0,4.0,57.0,66.24
E2022,68,local,90.0,38.0,23.0,10.0,8.0,13.0,63.0,34.0,16.0,15.0,13.0,17.0,3.0,19.0,113.0,2022-11-17 19:45:00+00:00,8,Regular Season,40.0,MAD,BER,29.0,1.0,113.0,74.04
E2022,68,road,72.0,27.0,13.0,8.0,3.0,19.0,64.0,26.0,17.0,11.0,12.0,15.0,8.0,13.0,62.0,2022-11-17 19:45:00+00:00,8,Regular Season,40.0,BER,MAD,38.0,6.0,62.0,74.48
E2022,69,local,107.0,37.0,21.0,7.0,6.0,16.0,67.0,45.0,9.0,5.0,9.0,12.0,2.0,21.0,133.0,2022-11-18 17:45:00+00:00,8,Regular Season,40.0,ULK,PAN,22.0,4.0,133.0,73.96
E2022,69,road,77.0,27.0,16.0,6.0,2.0,21.0,68.0,27.0,20.0,17.0,13.0,10.0,6.0,17.0,72.0,2022-11-18 17:45:00+00:00,8,Regular Season,40.0,PAN,ULK,41.0,3.0,72.0,73.8
E2022,70,local,79.0,31.0,13.0,9.0,2.0,26.0,53.0,25.0,25.0,22.0,8.0,15.0,2.0,23.0,89.0,2022-11-18 18:00:00+00:00,8,Regular Season,40.0,MCO,BAS,28.0,3.0,89.0,71.0
E2022,70,road,74.0,33.0,17.0,10.0,2.0,22.0,59.0,29.0,16.0,8.0,12.0,18.0,2.0,26.0,74.0,2022-11-18 18:00:00+00:00,8,Regular Season,40.0,BAS,MCO,30.0,8.0,74.0,72.04
E2022,71,local,71.0,40.0,10.0,6.0,3.0,24.0,52.0,22.0,23.0,20.0,6.0,17.0,4.0,17.0,83.0,2022-11-18 18:00:00+00:00,8,Regular Season,40.0,ZAL,MIL,30.0,3.0,83.0,73.12
E2022,71,road,62.0,36.0,10.0,9.0,4.0,17.0,67.0,23.0,10.0,8.0,10.0,10.0,3.0,24.0,55.0,2022-11-18 18:00:00+00:00,8,Regular Season,40.0,MIL,ZAL,44.0,2.0,55.0,71.4
E2022,72,local,96.0,33.0,16.0,3.0,3.0,21.0,61.0,34.0,21.0,20.0,11.0,9.0,4.0,16.0,115.0,2022-11-18 19:30:00+00:00,8,Regular Season,40.0,PAR,TEL,27.0,1.0,115.0,68.24
E2022,72,road,88.0,24.0,19.0,5.0,4.0,16.0,65.0,34.0,13.0,10.0,8.0,9.0,3.0,21.0,89.0,2022-11-18 19:30:00+00:00,8,Regular Season,40.0,TEL,PAR,31.0,3.0,89.0,71.72
E2022,73,local,93.0,31.0,18.0,8.0,2.0,24.0,62.0,31.0,26.0,19.0,12.0,10.0,1.0,21.0,106.0,2022-11-22 18:00:00+00:00,9,Regular Season,40.0,MCO,ULK,31.0,7.0,106.0,71.44
E2022,73,road,96.0,33.0,25.0,10.0,1.0,21.0,64.0,33.0,22.0,17.0,11.0,9.0,2.0,24.0,115.0,2022-11-22 18:00:00+00:00,9,Regular Season,40.0,ULK,MCO,31.0,5.0,115.0,71.68
E2022,74,local,84.0,39.0,21.0,8.0,4.0,25.0,64.0,29.0,25.0,13.0,14.0,21.0,2.0,19.0,92.0,2022-11-22 19:00:00+00:00,9,Regular Season,45.0,BER,RED,35.0,12.0,92.0,82.0
E2022,74,road,88.0,38.0,15.0,8.0,2.0,19.0,75.0,34.0,14.0,13.0,14.0,16.0,4.0,25.0,83.0,2022-11-22 19:00:00+00:00,9,Regular Season,45.0,RED,BER,41.0,1.0,83.0,83.16
E2022,75,local,90.0,40.0,15.0,7.0,5.0,23.0,60.0,28.0,24.0,22.0,12.0,17.0,2.0,22.0,105.0,2022-11-22 19:05:00+00:00,9,Regular Season,40.0,TEL,OLY,32.0,2.0,105.0,75.56
E2022,75,road,84.0,26.0,21.0,10.0,2.0,21.0,60.0,29.0,18.0,14.0,5.0,13.0,5.0,24.0,87.0,2022-11-22 19:05:00+00:00,9,Regular Season,40.0,OLY,TEL,31.0,4.0,87.0,75.92
E2022,76,local,51.0,30.0,12.0,7.0,2.0,13.0,65.0,22.0,4.0,2.0,12.0,9.0,3.0,19.0,39.0,2022-11-22 19:30:00+00:00,9,Regular Season,40.0,MIL,IST,43.0,2.0,39.0,63.760000000000005
E2022,76,road,80.0,36.0,14.0,4.0,3.0,19.0,52.0,29.0,13.0,8.0,5.0,13.0,2.0,13.0,100.0,2022-11-22 19:30:00+00:00,9,Regular Season,40.0,IST,MIL,23.0,5.0,100.0,65.72
E2022,77,local,73.0,30.0,17.0,9.0,0.0,21.0,60.0,25.0,15.0,12.0,9.0,13.0,1.0,17.0,81.0,2022-11-22 19:30:00+00:00,9,Regular Season,40.0,PAM,MAD,35.0,3.0,81.0,70.6
E2022,77,road,80.0,38.0,19.0,6.0,1.0,17.0,66.0,31.0,12.0,12.0,13.0,14.0,0.0,21.0,91.0,2022-11-22 19:30:00+00:00,9,Regular Season,40.0,MAD,PAM,35.0,0.0,91.0,72.28
E2022,78,local,79.0,40.0,18.0,4.0,2.0,21.0,64.0,29.0,21.0,13.0,14.0,9.0,5.0,21.0,86.0,2022-11-22 19:45:00+00:00,9,Regular Season,40.0,BAR,PAR,35.0,8.0,86.0,68.24
E2022,78,road,68.0,30.0,10.0,3.0,5.0,21.0,56.0,19.0,26.0,24.0,11.0,8.0,2.0,21.0,67.0,2022-11-22 19:45:00+00:00,9,Regular Season,40.0,PAR,BAR,37.0,2.0,67.0,64.44
E2022,79,local,74.0,34.0,15.0,2.0,2.0,21.0,58.0,25.0,16.0,12.0,8.0,12.0,2.0,22.0,75.0,2022-11-23 19:00:00+00:00,9,Regular Season,40.0,ASV,MUN,33.0,4.0,75.0,69.04
E2022,79,road,75.0,35.0,13.0,6.0,2.0,22.0,60.0,25.0,16.0,15.0,9.0,12.0,2.0,21.0,82.0,2022-11-23 19:00:00+00:00,9,Regular Season,40.0,MUN,ASV,35.0,1.0,82.0,70.04
E2022,80,local,88.0,32.0,19.0,6.0,4.0,25.0,73.0,31.0,19.0,13.0,9.0,7.0,2.0,22.0,95.0,2022-11-23 19:00:00+00:00,9,Regular Season,45.0,PAN,VIR,42.0,6.0,95.0,79.36
E2022,80,road,85.0,40.0,24.0,3.0,2.0,22.0,60.0,28.0,18.0,16.0,7.0,14.0,4.0,25.0,99.0,2022-11-23 19:00:00+00:00,9,Regular Season,45.0,VIR,PAN,32.0,2.0,99.0,74.92
E2022,81,local,93.0,33.0,19.0,11.0,1.0,17.0,65.0,35.0,16.0,13.0,12.0,8.0,1.0,19.0,113.0,2022-11-23 19:30:00+00:00,9,Regular Season,40.0,BAS,ZAL,30.0,3.0,113.0,68.04
E2022,81,road,73.0,33.0,12.0,2.0,1.0,18.0,61.0,25.0,16.0,14.0,14.0,15.0,1.0,17.0,68.0,2022-11-23 19:30:00+00:00,9,Regular Season,40.0,ZAL,BAS,36.0,2.0,68.0,69.04
E2022,82,local,69.0,30.0,15.0,11.0,0.0,21.0,55.0,21.0,24.0,20.0,7.0,11.0,6.0,17.0,74.0,2022-11-24 16:30:00+00:00,10,Regular Season,40.0,RED,TEL,34.0,4.0,74.0,69.56
E2022,82,road,68.0,36.0,14.0,4.0,6.0,17.0,57.0,26.0,12.0,11.0,8.0,14.0,0.0,21.0,78.0,2022-11-24 16:30:00+00:00,10,Regular Season,40.0,TEL,RED,31.0,1.0,78.0,68.28
E2022,83,local,86.0,33.0,25.0,9.0,1.0,19.0,68.0,32.0,16.0,14.0,9.0,9.0,4.0,19.0,103.0,2022-11-24 19:00:00+00:00,10,Regular Season,40.0,OLY,BER,36.0,2.0,103.0,75.04
E2022,83,road,76.0,34.0,17.0,5.0,4.0,17.0,60.0,27.0,15.0,12.0,7.0,17.0,1.0,19.0,80.0,2022-11-24 19:00:00+00:00,10,Regular Season,40.0,BER,OLY,33.0,3.0,80.0,76.6
E2022,84,local,72.0,26.0,18.0,10.0,0.0,17.0,59.0,25.0,16.0,13.0,8.0,16.0,1.0,22.0,67.0,2022-11-24 19:30:00+00:00,10,Regular Season,40.0,MIL,ULK,34.0,3.0,67.0,74.04
E2022,84,road,82.0,33.0,21.0,8.0,1.0,22.0,55.0,31.0,16.0,12.0,6.0,17.0,0.0,18.0,104.0,2022-11-24 19:30:00+00:00,10,Regular Season,40.0,ULK,MIL,24.0,4.0,104.0,73.03999999999999
E2022,85,local,105.0,34.0,19.0,7.0,2.0,22.0,59.0,35.0,28.0,24.0,11.0,13.0,3.0,20.0,125.0,2022-11-24 19:45:00+00:00,10,Regular Season,40.0,MAD,PAR,24.0,4.0,125.0,73.32
E2022,85,road,97.0,24.0,21.0,3.0,3.0,20.0,64.0,32.0,18.0,16.0,9.0,13.0,2.0,22.0,97.0,2022-11-24 19:45:00+00:00,10,Regular Season,40.0,PAR,MAD,32.0,2.0,97.0,75.92
E2022,86,local,80.0,23.0,16.0,12.0,3.0,23.0,54.0,30.0,20.0,13.0,9.0,13.0,2.0,16.0,95.0,2022-11-25 18:00:00+00:00,10,Regular Season,40.0,MCO,MUN,24.0,7.0,95.0,66.8
E2022,86,road,79.0,32.0,12.0,8.0,2.0,16.0,57.0,28.0,12.0,12.0,13.0,19.0,3.0,23.0,75.0,2022-11-25 18:00:00+00:00,10,Regular Season,40.0,MUN,MCO,29.0,0.0,75.0,68.28
E2022,88,local,77.0,35.0,18.0,9.0,4.0,20.0,58.0,27.0,15.0,13.0,7.0,14.0,3.0,21.0,92.0,2022-11-25 19:00:00+00:00,10,Regular Season,40.0,PAN,ASV,31.0,2.0,92.0,71.6
E2022,88,road,58.0,40.0,11.0,4.0,3.0,20.0,66.0,24.0,10.0,7.0,15.0,17.0,4.0,20.0,50.0,2022-11-25 19:00:00+00:00,10,Regular Season,40.0,ASV,PAN,42.0,3.0,50.0,72.4
E2022,87,local,96.0,33.0,26.0,6.0,2.0,23.0,56.0,33.0,21.0,17.0,7.0,13.0,2.0,21.0,123.0,2022-11-25 19:30:00+00:00,10,Regular Season,40.0,BAR,BAS,23.0,4.0,123.0,71.24
E2022,87,road,84.0,26.0,15.0,8.0,2.0,21.0,64.0,29.0,19.0,16.0,10.0,8.0,2.0,23.0,85.0,2022-11-25 19:30:00+00:00,10,Regular Season,40.0,BAS,BAR,35.0,3.0,85.0,70.36
E2022,89,local,80.0,31.0,14.0,5.0,3.0,17.0,64.0,31.0,16.0,11.0,8.0,12.0,3.0,22.0,75.0,2022-11-25 19:30:00+00:00,10,Regular Season,40.0,VIR,IST,33.0,5.0,75.0,75.04
E2022,89,road,85.0,31.0,13.0,8.0,3.0,20.0,56.0,29.0,20.0,18.0,5.0,14.0,3.0,19.0,95.0,2022-11-25 19:30:00+00:00,10,Regular Season,40.0,IST,VIR,27.0,2.0,95.0,73.8
E2022,90,local,76.0,32.0,16.0,10.0,0.0,17.0,63.0,28.0,13.0,10.0,9.0,16.0,2.0,25.0,70.0,2022-11-25 19:45:00+00:00,10,Regular Season,40.0,PAM,ZAL,35.0,3.0,70.0,75.72
E2022,90,road,80.0,37.0,14.0,10.0,2.0,25.0,55.0,24.0,30.0,26.0,10.0,17.0,0.0,17.0,99.0,2022-11-25 19:45:00+00:00,10,Regular Season,40.0,ZAL,PAM,31.0,4.0,99.0,75.2
E2022,91,local,82.0,29.0,18.0,8.0,4.0,16.0,58.0,29.0,11.0,9.0,5.0,9.0,2.0,17.0,98.0,2022-12-01 17:30:00+00:00,11,Regular Season,40.0,IST,OLY,29.0,2.0,98.0,66.84
E2022,91,road,71.0,32.0,19.0,6.0,2.0,17.0,56.0,25.0,14.0,12.0,8.0,13.0,4.0,16.0,81.0,2022-12-01 17:30:00+00:00,11,Regular Season,40.0,OLY,IST,31.0,2.0,81.0,67.16
E2022,92,local,86.0,34.0,16.0,7.0,1.0,25.0,57.0,27.0,25.0,22.0,14.0,16.0,2.0,23.0,95.0,2022-12-01 17:30:00+00:00,11,Regular Season,40.0,BER,BAR,30.0,3.0,95.0,70.0
E2022,92,road,88.0,28.0,16.0,9.0,2.0,23.0,60.0,29.0,23.0,20.0,12.0,13.0,1.0,25.0,93.0,2022-12-01 17:30:00+00:00,11,Regular Season,40.0,BAR,BER,31.0,3.0,93.0,71.12
E2022,93,local,75.0,29.0,12.0,4.0,5.0,19.0,51.0,27.0,15.0,11.0,5.0,21.0,1.0,23.0,71.0,2022-12-01 19:00:00+00:00,11,Regular Season,40.0,ASV,MCO,24.0,4.0,71.0,73.6
E2022,93,road,84.0,37.0,16.0,11.0,1.0,23.0,71.0,32.0,22.0,15.0,17.0,11.0,5.0,19.0,91.0,2022-12-01 19:00:00+00:00,11,Regular Season,40.0,MCO,ASV,39.0,7.0,91.0,74.68
E2022,94,local,78.0,41.0,18.0,8.0,3.0,16.0,64.0,26.0,19.0,13.0,13.0,7.0,3.0,22.0,88.0,2022-12-01 19:30:00+00:00,11,Regular Season,40.0,BAS,MIL,38.0,6.0,88.0,66.36
E2022,94,road,62.0,40.0,18.0,4.0,3.0,22.0,58.0,20.0,21.0,14.0,13.0,13.0,3.0,17.0,71.0,2022-12-01 19:30:00+00:00,11,Regular Season,40.0,MIL,BAS,38.0,7.0,71.0,67.24
E2022,95,local,96.0,23.0,17.0,5.0,5.0,26.0,62.0,33.0,25.0,22.0,6.0,12.0,2.0,20.0,106.0,2022-12-01 19:45:00+00:00,11,Regular Season,45.0,PAR,PAM,29.0,3.0,106.0,79.0
E2022,95,road,100.0,37.0,21.0,7.0,2.0,19.0,69.0,37.0,21.0,19.0,16.0,16.0,5.0,26.0,105.0,2022-12-01 19:45:00+00:00,11,Regular Season,45.0,PAM,PAR,32.0,2.0,105.0,78.24
E2022,97,local,83.0,28.0,20.0,9.0,2.0,15.0,61.0,36.0,3.0,1.0,9.0,14.0,3.0,21.0,92.0,2022-12-02 17:00:00+00:00,11,Regular Season,40.0,RED,VIR,25.0,2.0,92.0,67.32
E2022,97,road,74.0,25.0,19.0,10.0,3.0,21.0,49.0,23.0,23.0,20.0,8.0,16.0,2.0,15.0,90.0,2022-12-02 17:00:00+00:00,11,Regular Season,40.0,VIR,RED,26.0,3.0,90.0,67.12
E2022,96,local,71.0,29.0,17.0,6.0,1.0,20.0,69.0,27.0,16.0,11.0,13.0,7.0,5.0,19.0,66.0,2022-12-02 17:45:00+00:00,11,Regular Season,40.0,ULK,MAD,42.0,5.0,66.0,70.04
E2022,96,road,85.0,37.0,22.0,2.0,5.0,19.0,55.0,32.0,13.0,10.0,6.0,14.0,1.0,21.0,108.0,2022-12-02 17:45:00+00:00,11,Regular Season,40.0,MAD,ULK,23.0,3.0,108.0,68.72
E2022,98,local,67.0,36.0,15.0,5.0,2.0,17.0,69.0,23.0,14.0,13.0,14.0,9.0,7.0,18.0,61.0,2022-12-02 18:00:00+00:00,11,Regular Season,40.0,ZAL,PAN,46.0,1.0,61.0,70.16
E2022,98,road,81.0,39.0,16.0,6.0,7.0,18.0,61.0,31.0,16.0,13.0,7.0,8.0,2.0,17.0,107.0,2022-12-02 18:00:00+00:00,11,Regular Season,40.0,PAN,ZAL,30.0,3.0,107.0,69.04
E2022,99,local,98.0,34.0,13.0,7.0,0.0,23.0,64.0,32.0,27.0,23.0,14.0,12.0,5.0,25.0,97.0,2022-12-02 19:30:00+00:00,11,Regular Season,40.0,MUN,TEL,32.0,4.0,97.0,73.88
E2022,99,road,89.0,24.0,11.0,7.0,5.0,25.0,51.0,28.0,30.0,26.0,6.0,14.0,0.0,23.0,97.0,2022-12-02 19:30:00+00:00,11,Regular Season,40.0,TEL,MUN,23.0,4.0,97.0,72.2
E2022,100,local,75.0,23.0,17.0,13.0,3.0,18.0,64.0,28.0,18.0,13.0,8.0,21.0,0.0,21.0,66.0,2022-12-08 19:00:00+00:00,12,Regular Season,40.0,BER,ULK,36.0,5.0,66.0,84.92
E2022,100,road,104.0,35.0,27.0,10.0,0.0,21.0,58.0,40.0,21.0,14.0,8.0,22.0,3.0,18.0,129.0,2022-12-08 19:00:00+00:00,12,Regular Season,40.0,ULK,BER,18.0,7.0,129.0,81.24
E2022,101,local,90.0,38.0,10.0,9.0,0.0,29.0,66.0,29.0,31.0,25.0,9.0,11.0,1.0,20.0,101.0,2022-12-08 19:00:00+00:00,12,Regular Season,45.0,PAN,MIL,37.0,6.0,101.0,81.64
E2022,101,road,77.0,38.0,22.0,6.0,1.0,20.0,66.0,28.0,13.0,10.0,11.0,18.0,0.0,30.0,75.0,2022-12-08 19:00:00+00:00,12,Regular Season,45.0,MIL,PAN,38.0,3.0,75.0,78.72
E2022,102,local,84.0,34.0,21.0,7.0,3.0,14.0,71.0,32.0,12.0,9.0,15.0,8.0,1.0,18.0,94.0,2022-12-08 19:05:00+00:00,12,Regular Season,40.0,TEL,PAM,39.0,3.0,94.0,69.28
E2022,102,road,68.0,31.0,16.0,0.0,1.0,18.0,48.0,24.0,13.0,10.0,7.0,21.0,3.0,15.0,68.0,2022-12-08 19:05:00+00:00,12,Regular Season,40.0,PAM,TEL,24.0,3.0,68.0,67.72
E2022,103,local,73.0,39.0,13.0,8.0,1.0,18.0,67.0,30.0,8.0,8.0,17.0,16.0,3.0,20.0,76.0,2022-12-08 19:30:00+00:00,12,Regular Season,40.0,PAR,RED,37.0,0.0,76.0,69.52
E2022,103,road,76.0,26.0,15.0,9.0,3.0,20.0,56.0,30.0,16.0,11.0,7.0,14.0,1.0,18.0,85.0,2022-12-08 19:30:00+00:00,12,Regular Season,40.0,RED,PAR,26.0,5.0,85.0,70.03999999999999
E2022,104,local,94.0,44.0,19.0,4.0,4.0,26.0,68.0,26.0,34.0,31.0,11.0,10.0,2.0,31.0,103.0,2022-12-08 20:00:00+00:00,12,Regular Season,45.0,MAD,MCO,42.0,3.0,103.0,81.96000000000001
E2022,104,road,95.0,41.0,13.0,4.0,2.0,31.0,70.0,32.0,37.0,24.0,13.0,8.0,4.0,27.0,96.0,2022-12-08 20:00:00+00:00,12,Regular Season,45.0,MCO,MAD,38.0,13.0,96.0,81.28
E2022,105,local,60.0,29.0,16.0,9.0,2.0,13.0,66.0,25.0,10.0,6.0,10.0,6.0,5.0,16.0,57.0,2022-12-09 18:00:00+00:00,12,Regular Season,40.0,ZAL,IST,41.0,4.0,57.0,66.4
E2022,105,road,86.0,39.0,20.0,5.0,5.0,16.0,57.0,32.0,7.0,5.0,7.0,13.0,2.0,13.0,116.0,2022-12-09 18:00:00+00:00,12,Regular Season,40.0,IST,ZAL,25.0,2.0,116.0,66.08
E2022,107,local,117.0,32.0,33.0,11.0,2.0,24.0,61.0,40.0,25.0,19.0,10.0,14.0,2.0,17.0,159.0,2022-12-09 19:00:00+00:00,12,Regular Season,40.0,OLY,VIR,21.0,6.0,159.0,76.0
E2022,107,road,71.0,24.0,18.0,8.0,2.0,17.0,57.0,27.0,17.0,12.0,9.0,20.0,2.0,24.0,59.0,2022-12-09 19:00:00+00:00,12,Regular Season,40.0,VIR,OLY,30.0,5.0,59.0,75.48
E2022,106,local,74.0,33.0,17.0,6.0,2.0,20.0,56.0,25.0,18.0,16.0,10.0,15.0,0.0,22.0,82.0,2022-12-09 19:30:00+00:00,12,Regular Season,40.0,BAR,ASV,31.0,2.0,82.0,68.92
E2022,106,road,75.0,34.0,6.0,8.0,0.0,22.0,65.0,29.0,16.0,12.0,13.0,11.0,2.0,20.0,72.0,2022-12-09 19:30:00+00:00,12,Regular Season,40.0,ASV,BAR,36.0,4.0,72.0,70.04
E2022,108,local,78.0,39.0,19.0,6.0,2.0,14.0,69.0,34.0,5.0,3.0,9.0,7.0,4.0,16.0,94.0,2022-12-09 19:30:00+00:00,12,Regular Season,40.0,BAS,MUN,35.0,2.0,94.0,69.2
E2022,108,road,53.0,39.0,11.0,4.0,4.0,16.0,61.0,18.0,12.0,11.0,14.0,12.0,2.0,14.0,55.0,2022-12-09 19:30:00+00:00,12,Regular Season,40.0,MUN,BAS,43.0,1.0,55.0,64.28
E2022,109,local,77.0,31.0,12.0,6.0,3.0,27.0,58.0,26.0,21.0,14.0,14.0,12.0,2.0,20.0,83.0,2022-12-13 18:00:00+00:00,13,Regular Season,40.0,RED,ZAL,32.0,7.0,83.0,65.24
E2022,109,road,73.0,29.0,15.0,7.0,2.0,20.0,54.0,26.0,15.0,12.0,9.0,14.0,3.0,27.0,71.0,2022-12-13 18:00:00+00:00,13,Regular Season,40.0,ZAL,RED,28.0,3.0,71.0,65.6
E2022,111,local,94.0,27.0,26.0,13.0,1.0,29.0,53.0,32.0,23.0,19.0,7.0,19.0,1.0,20.0,125.0,2022-12-13 18:00:00+00:00,13,Regular Season,40.0,OLY,ULK,21.0,4.0,125.0,75.12
E2022,111,road,67.0,27.0,10.0,9.0,1.0,20.0,52.0,21.0,21.0,15.0,11.0,25.0,1.0,29.0,42.0,2022-12-13 18:00:00+00:00,13,Regular Season,40.0,ULK,OLY,31.0,6.0,42.0,75.24000000000001
E2022,110,local,91.0,29.0,14.0,7.0,0.0,22.0,53.0,33.0,24.0,14.0,5.0,12.0,1.0,27.0,93.0,2022-12-13 19:00:00+00:00,13,Regular Season,40.0,ASV,PAR,20.0,10.0,93.0,70.56
E2022,110,road,87.0,23.0,18.0,8.0,1.0,27.0,54.0,30.0,31.0,22.0,6.0,9.0,0.0,22.0,100.0,2022-12-13 19:00:00+00:00,13,Regular Season,40.0,PAR,ASV,24.0,9.0,100.0,70.64
E2022,112,local,71.0,25.0,15.0,5.0,3.0,20.0,51.0,25.0,22.0,13.0,5.0,10.0,2.0,18.0,74.0,2022-12-13 19:30:00+00:00,13,Regular Season,40.0,MIL,TEL,26.0,9.0,74.0,65.68
E2022,112,road,77.0,38.0,14.0,7.0,2.0,18.0,63.0,31.0,9.0,8.0,11.0,9.0,3.0,20.0,91.0,2022-12-13 19:30:00+00:00,13,Regular Season,40.0,TEL,MIL,32.0,1.0,91.0,64.96
E2022,113,local,64.0,33.0,12.0,6.0,2.0,17.0,69.0,22.0,11.0,9.0,13.0,10.0,8.0,20.0,47.0,2022-12-13 19:30:00+00:00,13,Regular Season,40.0,MUN,MAD,47.0,2.0,47.0,70.84
E2022,113,road,68.0,43.0,16.0,2.0,8.0,20.0,56.0,22.0,21.0,16.0,13.0,14.0,2.0,19.0,83.0,2022-12-13 19:30:00+00:00,13,Regular Season,40.0,MAD,MUN,34.0,5.0,83.0,66.24
E2022,114,local,94.0,37.0,21.0,8.0,3.0,19.0,67.0,35.0,13.0,12.0,10.0,16.0,1.0,20.0,112.0,2022-12-13 19:45:00+00:00,13,Regular Season,45.0,PAM,PAN,32.0,1.0,112.0,78.72
E2022,114,road,91.0,36.0,17.0,11.0,1.0,19.0,74.0,33.0,18.0,14.0,14.0,12.0,3.0,19.0,96.0,2022-12-13 19:45:00+00:00,13,Regular Season,45.0,PAN,PAM,41.0,4.0,96.0,79.92
E2022,115,local,78.0,31.0,14.0,7.0,7.0,18.0,66.0,32.0,6.0,4.0,8.0,12.0,1.0,20.0,86.0,2022-12-14 17:30:00+00:00,13,Regular Season,40.0,IST,BAS,34.0,2.0,86.0,72.64
E2022,115,road,83.0,34.0,13.0,8.0,1.0,20.0,58.0,29.0,15.0,14.0,7.0,12.0,7.0,18.0,92.0,2022-12-14 17:30:00+00:00,13,Regular Season,40.0,BAS,IST,29.0,1.0,92.0,69.6
E2022,116,local,63.0,32.0,10.0,6.0,1.0,19.0,60.0,25.0,9.0,8.0,7.0,9.0,2.0,17.0,67.0,2022-12-14 18:00:00+00:00,13,Regular Season,40.0,MCO,BAR,35.0,1.0,67.0,65.96000000000001
E2022,116,road,69.0,35.0,19.0,7.0,2.0,17.0,56.0,25.0,7.0,5.0,7.0,12.0,1.0,19.0,84.0,2022-12-14 18:00:00+00:00,13,Regular Season,40.0,BAR,MCO,31.0,2.0,84.0,64.08
E2022,117,local,85.0,30.0,26.0,4.0,6.0,18.0,60.0,32.0,19.0,14.0,5.0,13.0,1.0,23.0,99.0,2022-12-14 19:30:00+00:00,13,Regular Season,40.0,VIR,BER,28.0,5.0,99.0,76.36
E2022,117,road,76.0,40.0,20.0,8.0,1.0,23.0,66.0,27.0,23.0,16.0,16.0,15.0,6.0,19.0,82.0,2022-12-14 19:30:00+00:00,13,Regular Season,40.0,BER,VIR,39.0,7.0,82.0,75.12
E2022,118,local,67.0,33.0,17.0,4.0,1.0,22.0,55.0,22.0,19.0,15.0,8.0,11.0,1.0,20.0,75.0,2022-12-15 18:00:00+00:00,14,Regular Season,40.0,RED,MIL,33.0,4.0,75.0,66.36
E2022,118,road,71.0,35.0,16.0,8.0,1.0,20.0,59.0,25.0,12.0,9.0,10.0,11.0,1.0,23.0,79.0,2022-12-15 18:00:00+00:00,14,Regular Season,40.0,MIL,RED,34.0,3.0,79.0,65.28
E2022,119,local,81.0,41.0,12.0,5.0,4.0,19.0,68.0,26.0,21.0,18.0,15.0,5.0,7.0,16.0,89.0,2022-12-15 18:00:00+00:00,14,Regular Season,40.0,ZAL,MAD,42.0,3.0,89.0,67.24
E2022,119,road,72.0,38.0,18.0,3.0,7.0,16.0,63.0,27.0,15.0,10.0,10.0,11.0,4.0,19.0,79.0,2022-12-15 18:00:00+00:00,14,Regular Season,40.0,MAD,ZAL,36.0,5.0,79.0,70.6
E2022,121,local,97.0,38.0,21.0,7.0,1.0,27.0,67.0,32.0,24.0,17.0,16.0,14.0,1.0,28.0,106.0,2022-12-15 19:30:00+00:00,14,Regular Season,40.0,MUN,PAM,35.0,7.0,106.0,75.56
E2022,121,road,92.0,33.0,20.0,4.0,1.0,28.0,59.0,27.0,30.0,27.0,10.0,15.0,1.0,27.0,100.0,2022-12-15 19:30:00+00:00,14,Regular Season,40.0,PAM,MUN,32.0,3.0,100.0,77.2
E2022,120,local,77.0,21.0,19.0,9.0,0.0,15.0,55.0,29.0,11.0,8.0,5.0,10.0,4.0,15.0,83.0,2022-12-15 20:00:00+00:00,14,Regular Season,40.0,ASV,OLY,26.0,3.0,83.0,64.84
E2022,120,road,75.0,32.0,19.0,0.0,4.0,15.0,58.0,29.0,9.0,7.0,12.0,14.0,0.0,15.0,85.0,2022-12-15 20:00:00+00:00,14,Regular Season,40.0,OLY,ASV,29.0,2.0,85.0,63.96
E2022,122,local,70.0,40.0,16.0,5.0,1.0,21.0,67.0,26.0,15.0,8.0,11.0,11.0,0.0,20.0,74.0,2022-12-16 17:45:00+00:00,14,Regular Season,40.0,ULK,BAS,41.0,7.0,74.0,73.6
E2022,122,road,76.0,44.0,22.0,6.0,0.0,20.0,66.0,28.0,18.0,13.0,12.0,10.0,1.0,22.0,92.0,2022-12-16 17:45:00+00:00,14,Regular Season,40.0,BAS,ULK,38.0,5.0,92.0,71.92
E2022,124,local,74.0,28.0,22.0,6.0,3.0,18.0,53.0,27.0,12.0,7.0,3.0,15.0,1.0,23.0,81.0,2022-12-16 19:30:00+00:00,14,Regular Season,40.0,BAR,PAN,26.0,5.0,81.0,70.28
E2022,124,road,68.0,37.0,13.0,6.0,1.0,23.0,62.0,23.0,22.0,18.0,13.0,13.0,3.0,18.0,71.0,2022-12-16 19:30:00+00:00,14,Regular Season,40.0,PAN,BAR,39.0,4.0,71.0,71.68
E2022,125,local,82.0,26.0,19.0,8.0,2.0,18.0,57.0,31.0,16.0,16.0,4.0,10.0,2.0,16.0,101.0,2022-12-16 19:30:00+00:00,14,Regular Season,40.0,PAR,IST,26.0,0.0,101.0,70.04
E2022,125,road,79.0,35.0,15.0,5.0,2.0,16.0,63.0,27.0,19.0,16.0,13.0,13.0,2.0,19.0,79.0,2022-12-16 19:30:00+00:00,14,Regular Season,40.0,IST,PAR,36.0,3.0,79.0,71.36
E2022,126,local,78.0,31.0,10.0,10.0,2.0,30.0,56.0,23.0,32.0,27.0,7.0,12.0,4.0,18.0,89.0,2022-12-16 19:30:00+00:00,14,Regular Season,40.0,VIR,TEL,33.0,5.0,89.0,75.08
E2022,126,road,73.0,38.0,14.0,3.0,4.0,18.0,66.0,29.0,11.0,10.0,13.0,14.0,2.0,30.0,66.0,2022-12-16 19:30:00+00:00,14,Regular Season,40.0,TEL,VIR,37.0,1.0,66.0,71.84
E2022,123,local,92.0,39.0,25.0,3.0,1.0,20.0,63.0,32.0,26.0,16.0,15.0,12.0,1.0,20.0,106.0,2022-12-16 20:00:00+00:00,14,Regular Season,40.0,MCO,BER,31.0,10.0,106.0,71.44
E2022,123,road,89.0,37.0,18.0,6.0,1.0,20.0,70.0,32.0,16.0,13.0,16.0,10.0,1.0,20.0,99.0,2022-12-16 20:00:00+00:00,14,Regular Season,40.0,BER,MCO,38.0,3.0,99.0,71.04
E2022,127,local,72.0,33.0,19.0,5.0,2.0,21.0,58.0,26.0,20.0,14.0,7.0,10.0,2.0,25.0,77.0,2022-12-22 17:45:00+00:00,15,Regular Season,40.0,ULK,PAR,32.0,6.0,77.0,69.8
E2022,127,road,73.0,38.0,12.0,5.0,2.0,25.0,56.0,23.0,34.0,23.0,9.0,7.0,2.0,21.0,81.0,2022-12-22 17:45:00+00:00,15,Regular Season,40.0,PAR,ULK,33.0,11.0,81.0,68.96000000000001
E2022,128,local,70.0,34.0,9.0,10.0,4.0,21.0,62.0,24.0,19.0,13.0,14.0,14.0,3.0,16.0,71.0,2022-12-22 19:00:00+00:00,15,Regular Season,40.0,BER,TEL,38.0,6.0,71.0,70.36
E2022,128,road,83.0,39.0,15.0,5.0,3.0,16.0,67.0,30.0,14.0,12.0,17.0,14.0,4.0,21.0,83.0,2022-12-22 19:00:00+00:00,15,Regular Season,40.0,TEL,BER,37.0,2.0,83.0,70.16
E2022,129,local,86.0,28.0,26.0,10.0,1.0,26.0,68.0,30.0,19.0,15.0,15.0,7.0,4.0,18.0,106.0,2022-12-22 19:00:00+00:00,15,Regular Season,40.0,OLY,RED,38.0,4.0,106.0,68.36
E2022,129,road,90.0,31.0,23.0,4.0,4.0,18.0,51.0,31.0,20.0,17.0,7.0,16.0,1.0,26.0,104.0,2022-12-22 19:00:00+00:00,15,Regular Season,40.0,RED,OLY,20.0,3.0,104.0,68.8
E2022,130,local,90.0,33.0,31.0,9.0,9.0,17.0,62.0,34.0,16.0,11.0,5.0,14.0,0.0,18.0,124.0,2022-12-22 19:30:00+00:00,15,Regular Season,40.0,BAS,VIR,28.0,5.0,124.0,78.04
E2022,130,road,79.0,38.0,17.0,5.0,0.0,18.0,73.0,29.0,12.0,9.0,15.0,16.0,9.0,18.0,67.0,2022-12-22 19:30:00+00:00,15,Regular Season,40.0,VIR,BAS,44.0,3.0,67.0,79.28
E2022,131,local,92.0,29.0,19.0,10.0,3.0,20.0,69.0,37.0,14.0,12.0,7.0,7.0,2.0,14.0,116.0,2022-12-22 20:00:00+00:00,15,Regular Season,40.0,MAD,ASV,32.0,2.0,116.0,75.16
E2022,131,road,73.0,33.0,14.0,2.0,2.0,14.0,61.0,31.0,8.0,5.0,8.0,16.0,3.0,20.0,66.0,2022-12-22 20:00:00+00:00,15,Regular Season,40.0,ASV,MAD,30.0,3.0,66.0,72.52
E2022,132,local,88.0,33.0,21.0,7.0,5.0,19.0,55.0,28.0,22.0,18.0,6.0,10.0,1.0,10.0,121.0,2022-12-23 17:30:00+00:00,15,Regular Season,40.0,IST,PAN,27.0,4.0,121.0,68.68
E2022,132,road,69.0,28.0,14.0,7.0,1.0,10.0,59.0,26.0,6.0,5.0,5.0,13.0,5.0,20.0,57.0,2022-12-23 17:30:00+00:00,15,Regular Season,40.0,PAN,IST,33.0,1.0,57.0,69.64
E2022,133,local,75.0,42.0,10.0,6.0,2.0,25.0,56.0,23.0,31.0,20.0,10.0,18.0,2.0,21.0,75.0,2022-12-23 18:00:00+00:00,15,Regular Season,40.0,ZAL,MUN,33.0,11.0,75.0,77.64
E2022,133,road,67.0,39.0,14.0,14.0,2.0,21.0,64.0,21.0,17.0,16.0,12.0,17.0,2.0,25.0,69.0,2022-12-23 18:00:00+00:00,15,Regular Season,40.0,MUN,ZAL,43.0,1.0,69.0,76.48
E2022,134,local,84.0,31.0,20.0,6.0,2.0,26.0,63.0,27.0,25.0,22.0,12.0,10.0,1.0,26.0,93.0,2022-12-23 19:30:00+00:00,15,Regular Season,40.0,PAM,BAR,36.0,3.0,93.0,72.0
E2022,134,road,83.0,33.0,19.0,4.0,1.0,26.0,54.0,25.0,29.0,23.0,11.0,14.0,2.0,27.0,88.0,2022-12-23 19:30:00+00:00,15,Regular Season,40.0,BAR,PAM,29.0,6.0,88.0,69.76
E2022,135,local,79.0,38.0,14.0,6.0,2.0,18.0,65.0,28.0,16.0,12.0,17.0,13.0,2.0,25.0,76.0,2022-12-23 19:30:00+00:00,15,Regular Season,40.0,MIL,MCO,37.0,4.0,76.0,68.04
E2022,135,road,71.0,43.0,9.0,7.0,2.0,23.0,66.0,24.0,25.0,18.0,22.0,13.0,2.0,18.0,73.0,2022-12-23 19:30:00+00:00,15,Regular Season,40.0,MCO,MIL,42.0,7.0,73.0,68.0
E2022,140,local,92.0,33.0,16.0,7.0,2.0,26.0,63.0,31.0,24.0,17.0,12.0,11.0,3.0,22.0,101.0,2022-12-29 18:00:00+00:00,16,Regular Season,40.0,BAS,MAD,32.0,7.0,101.0,72.56
E2022,140,road,86.0,36.0,17.0,6.0,3.0,22.0,59.0,27.0,31.0,24.0,13.0,15.0,2.0,26.0,88.0,2022-12-29 18:00:00+00:00,16,Regular Season,40.0,MAD,BAS,32.0,7.0,88.0,74.64
E2022,137,local,80.0,35.0,13.0,9.0,2.0,16.0,69.0,30.0,14.0,11.0,10.0,6.0,2.0,20.0,85.0,2022-12-29 19:05:00+00:00,16,Regular Season,40.0,TEL,IST,39.0,3.0,85.0,71.16
E2022,137,road,72.0,35.0,12.0,3.0,2.0,20.0,52.0,24.0,18.0,14.0,6.0,16.0,2.0,16.0,78.0,2022-12-29 19:05:00+00:00,16,Regular Season,40.0,IST,TEL,28.0,4.0,78.0,69.92
E2022,138,local,90.0,30.0,18.0,5.0,4.0,26.0,57.0,31.0,23.0,17.0,7.0,9.0,1.0,21.0,110.0,2022-12-29 19:30:00+00:00,16,Regular Season,40.0,MIL,PAM,26.0,6.0,110.0,69.12
E2022,138,road,79.0,32.0,15.0,6.0,1.0,21.0,66.0,31.0,9.0,9.0,12.0,13.0,4.0,26.0,76.0,2022-12-29 19:30:00+00:00,16,Regular Season,40.0,PAM,MIL,35.0,0.0,76.0,70.96
E2022,139,local,83.0,36.0,11.0,4.0,5.0,26.0,65.0,30.0,26.0,20.0,11.0,6.0,1.0,25.0,92.0,2022-12-29 19:30:00+00:00,16,Regular Season,40.0,PAR,MUN,35.0,6.0,92.0,71.44
E2022,139,road,77.0,43.0,13.0,2.0,1.0,25.0,61.0,21.0,33.0,28.0,17.0,8.0,5.0,26.0,77.0,2022-12-29 19:30:00+00:00,16,Regular Season,40.0,MUN,PAR,40.0,5.0,77.0,66.52
E2022,136,local,84.0,27.0,18.0,7.0,2.0,26.0,54.0,27.0,28.0,23.0,9.0,6.0,2.0,25.0,99.0,2022-12-29 20:00:00+00:00,16,Regular Season,40.0,MCO,ZAL,27.0,5.0,99.0,63.31999999999999
E2022,136,road,82.0,33.0,11.0,3.0,2.0,24.0,55.0,25.0,26.0,22.0,13.0,13.0,2.0,26.0,80.0,2022-12-29 20:00:00+00:00,16,Regular Season,40.0,ZAL,MCO,30.0,4.0,80.0,66.44
E2022,141,local,94.0,35.0,19.0,4.0,1.0,23.0,71.0,36.0,23.0,19.0,12.0,6.0,0.0,22.0,109.0,2022-12-30 18:00:00+00:00,16,Regular Season,45.0,RED,BAR,35.0,4.0,109.0,75.12
E2022,141,road,99.0,33.0,23.0,5.0,0.0,22.0,63.0,35.0,18.0,12.0,9.0,13.0,1.0,23.0,111.0,2022-12-30 18:00:00+00:00,16,Regular Season,45.0,BAR,RED,28.0,6.0,111.0,74.92
E2022,142,local,79.0,30.0,18.0,4.0,4.0,15.0,65.0,30.0,12.0,8.0,9.0,10.0,1.0,18.0,82.0,2022-12-30 19:00:00+00:00,16,Regular Season,40.0,ASV,BER,35.0,4.0,82.0,71.28
E2022,142,road,91.0,42.0,27.0,6.0,1.0,18.0,72.0,36.0,12.0,11.0,14.0,9.0,4.0,15.0,120.0,2022-12-30 19:00:00+00:00,16,Regular Season,40.0,BER,ASV,36.0,1.0,120.0,72.28
E2022,143,local,71.0,27.0,10.0,3.0,0.0,18.0,60.0,25.0,13.0,10.0,7.0,11.0,1.0,18.0,61.0,2022-12-30 19:00:00+00:00,16,Regular Season,40.0,PAN,OLY,35.0,3.0,61.0,69.72
E2022,143,road,95.0,35.0,28.0,6.0,1.0,18.0,66.0,38.0,11.0,10.0,8.0,10.0,0.0,18.0,126.0,2022-12-30 19:00:00+00:00,16,Regular Season,40.0,OLY,PAN,28.0,1.0,126.0,72.84
E2022,144,local,92.0,21.0,26.0,9.0,0.0,19.0,59.0,34.0,13.0,12.0,5.0,13.0,2.0,17.0,109.0,2022-12-30 19:30:00+00:00,16,Regular Season,40.0,VIR,ULK,25.0,1.0,109.0,72.72
E2022,144,road,88.0,37.0,15.0,6.0,2.0,17.0,66.0,34.0,16.0,12.0,16.0,15.0,0.0,19.0,95.0,2022-12-30 19:30:00+00:00,16,Regular Season,40.0,ULK,VIR,32.0,4.0,95.0,72.04
E2022,145,local,86.0,36.0,13.0,8.0,4.0,18.0,63.0,35.0,10.0,9.0,14.0,13.0,1.0,21.0,101.0,2023-01-05 18:00:00+00:00,17,Regular Season,40.0,ZAL,ULK,28.0,1.0,101.0,66.4
E2022,145,road,66.0,31.0,15.0,4.0,1.0,21.0,61.0,25.0,19.0,9.0,18.0,15.0,4.0,18.0,55.0,2023-01-05 18:00:00+00:00,17,Regular Season,40.0,ULK,ZAL,36.0,10.0,55.0,66.36
E2022,146,local,85.0,40.0,26.0,5.0,3.0,14.0,65.0,33.0,13.0,11.0,9.0,12.0,5.0,18.0,104.0,2023-01-05 18:00:00+00:00,17,Regular Season,40.0,BER,BAS,32.0,2.0,104.0,73.72
E2022,146,road,84.0,33.0,16.0,9.0,5.0,18.0,67.0,27.0,18.0,16.0,9.0,10.0,3.0,14.0,96.0,2023-01-05 18:00:00+00:00,17,Regular Season,40.0,BAS,BER,40.0,2.0,96.0,75.92
E2022,147,local,75.0,33.0,18.0,6.0,1.0,24.0,56.0,23.0,24.0,21.0,15.0,17.0,1.0,15.0,88.0,2023-01-05 19:30:00+00:00,17,Regular Season,40.0,BAR,VIR,33.0,3.0,88.0,68.56
E2022,147,road,83.0,26.0,22.0,12.0,1.0,15.0,54.0,31.0,14.0,12.0,6.0,15.0,1.0,24.0,94.0,2023-01-05 19:30:00+00:00,17,Regular Season,40.0,VIR,BAR,23.0,2.0,94.0,69.16
E2022,148,local,84.0,40.0,14.0,4.0,5.0,20.0,61.0,33.0,16.0,13.0,10.0,10.0,2.0,21.0,103.0,2023-01-05 19:30:00+00:00,17,Regular Season,40.0,MUN,PAN,28.0,3.0,103.0,68.04
E2022,148,road,68.0,31.0,7.0,7.0,2.0,21.0,63.0,24.0,20.0,11.0,12.0,8.0,5.0,20.0,55.0,2023-01-05 19:30:00+00:00,17,Regular Season,40.0,PAN,MUN,39.0,9.0,55.0,67.8
E2022,149,local,100.0,26.0,16.0,4.0,4.0,23.0,52.0,33.0,22.0,19.0,3.0,13.0,0.0,18.0,120.0,2023-01-05 20:00:00+00:00,17,Regular Season,40.0,PAR,MCO,19.0,3.0,120.0,71.68
E2022,149,road,80.0,32.0,18.0,8.0,0.0,18.0,70.0,32.0,16.0,11.0,15.0,11.0,4.0,24.0,74.0,2023-01-05 20:00:00+00:00,17,Regular Season,40.0,MCO,PAR,38.0,5.0,74.0,73.04
E2022,150,local,78.0,27.0,13.0,10.0,1.0,24.0,57.0,28.0,19.0,15.0,9.0,12.0,0.0,14.0,94.0,2023-01-06 17:30:00+00:00,17,Regular Season,40.0,IST,ASV,29.0,4.0,94.0,68.36
E2022,150,road,72.0,30.0,14.0,4.0,0.0,14.0,56.0,28.0,11.0,10.0,9.0,18.0,1.0,24.0,62.0,2023-01-06 17:30:00+00:00,17,Regular Season,40.0,ASV,IST,28.0,1.0,62.0,69.84
E2022,151,local,82.0,29.0,19.0,14.0,3.0,18.0,67.0,31.0,8.0,8.0,10.0,11.0,2.0,19.0,97.0,2023-01-06 19:00:00+00:00,17,Regular Season,40.0,OLY,MIL,36.0,0.0,97.0,71.52
E2022,151,road,66.0,34.0,16.0,11.0,2.0,19.0,53.0,25.0,10.0,9.0,8.0,21.0,3.0,18.0,77.0,2023-01-06 19:00:00+00:00,17,Regular Season,40.0,MIL,OLY,28.0,1.0,77.0,70.4
E2022,152,local,75.0,32.0,10.0,9.0,3.0,22.0,57.0,21.0,30.0,25.0,7.0,12.0,4.0,24.0,70.0,2023-01-06 19:30:00+00:00,17,Regular Season,40.0,PAM,RED,36.0,5.0,70.0,75.2
E2022,152,road,77.0,38.0,17.0,7.0,4.0,24.0,55.0,24.0,27.0,22.0,7.0,14.0,3.0,22.0,92.0,2023-01-06 19:30:00+00:00,17,Regular Season,40.0,RED,PAM,31.0,5.0,92.0,73.88
E2022,153,local,98.0,42.0,29.0,7.0,6.0,20.0,59.0,32.0,21.0,16.0,8.0,12.0,2.0,19.0,137.0,2023-01-06 19:45:00+00:00,17,Regular Season,40.0,MAD,TEL,27.0,5.0,137.0,72.24
E2022,153,road,65.0,35.0,14.0,4.0,2.0,18.0,75.0,27.0,10.0,5.0,15.0,10.0,6.0,21.0,48.0,2023-01-06 19:45:00+00:00,17,Regular Season,40.0,TEL,MAD,48.0,5.0,48.0,74.4
E2022,154,local,64.0,41.0,11.0,7.0,3.0,18.0,56.0,22.0,17.0,11.0,10.0,19.0,3.0,23.0,59.0,2023-01-10 18:00:00+00:00,18,Regular Season,40.0,MCO,OLY,34.0,6.0,59.0,72.48
E2022,154,road,60.0,36.0,16.0,10.0,3.0,23.0,55.0,20.0,21.0,12.0,8.0,15.0,3.0,18.0,68.0,2023-01-10 18:00:00+00:00,18,Regular Season,40.0,OLY,MCO,35.0,9.0,68.0,71.24
E2022,155,local,59.0,27.0,15.0,5.0,0.0,17.0,61.0,24.0,6.0,4.0,6.0,8.0,6.0,18.0,52.0,2023-01-10 18:00:00+00:00,18,Regular Season,40.0,RED,MAD,37.0,2.0,52.0,65.64
E2022,155,road,79.0,44.0,17.0,3.0,6.0,18.0,63.0,31.0,13.0,9.0,14.0,13.0,0.0,17.0,101.0,2023-01-10 18:00:00+00:00,18,Regular Season,40.0,MAD,RED,32.0,4.0,101.0,67.72
E2022,156,local,83.0,38.0,19.0,9.0,0.0,22.0,66.0,30.0,13.0,11.0,16.0,12.0,1.0,20.0,100.0,2023-01-10 19:00:00+00:00,18,Regular Season,40.0,BER,MIL,36.0,2.0,100.0,67.72
E2022,156,road,63.0,34.0,10.0,8.0,1.0,20.0,53.0,21.0,22.0,16.0,12.0,17.0,0.0,22.0,59.0,2023-01-10 19:00:00+00:00,18,Regular Season,40.0,MIL,BER,32.0,6.0,59.0,67.68
E2022,157,local,88.0,45.0,12.0,5.0,4.0,29.0,69.0,28.0,34.0,23.0,26.0,18.0,0.0,26.0,87.0,2023-01-10 19:30:00+00:00,18,Regular Season,45.0,PAN,ULK,41.0,11.0,87.0,75.96000000000001
E2022,157,road,94.0,31.0,21.0,13.0,0.0,25.0,64.0,34.0,20.0,14.0,12.0,16.0,4.0,29.0,99.0,2023-01-10 19:30:00+00:00,18,Regular Season,45.0,ULK,PAN,30.0,6.0,99.0,76.8
E2022,158,local,92.0,36.0,14.0,8.0,6.0,24.0,61.0,28.0,24.0,22.0,9.0,12.0,1.0,18.0,114.0,2023-01-10 19:30:00+00:00,18,Regular Season,40.0,MUN,BAS,33.0,2.0,114.0,74.56
E2022,158,road,79.0,35.0,21.0,7.0,1.0,18.0,65.0,26.0,21.0,18.0,11.0,13.0,6.0,24.0,76.0,2023-01-10 19:30:00+00:00,18,Regular Season,40.0,BAS,MUN,39.0,3.0,76.0,76.24
E2022,159,local,77.0,24.0,24.0,7.0,0.0,23.0,54.0,27.0,22.0,15.0,5.0,10.0,2.0,24.0,85.0,2023-01-10 19:30:00+00:00,18,Regular Season,40.0,VIR,ZAL,27.0,7.0,85.0,68.68
E2022,159,road,87.0,38.0,11.0,7.0,2.0,24.0,58.0,27.0,33.0,28.0,11.0,10.0,0.0,23.0,100.0,2023-01-10 19:30:00+00:00,18,Regular Season,40.0,ZAL,VIR,31.0,5.0,100.0,71.52
E2022,160,local,75.0,34.0,11.0,4.0,2.0,22.0,66.0,29.0,16.0,15.0,12.0,12.0,4.0,22.0,72.0,2023-01-11 19:00:00+00:00,18,Regular Season,40.0,ASV,BAR,37.0,1.0,72.0,73.04
E2022,160,road,82.0,30.0,17.0,8.0,4.0,21.0,56.0,27.0,22.0,21.0,7.0,8.0,2.0,23.0,99.0,2023-01-11 19:00:00+00:00,18,Regular Season,40.0,BAR,ASV,29.0,1.0,99.0,66.68
E2022,161,local,90.0,36.0,17.0,9.0,6.0,21.0,70.0,34.0,18.0,15.0,13.0,8.0,1.0,26.0,105.0,2023-01-11 19:05:00+00:00,18,Regular Season,40.0,TEL,PAR,36.0,3.0,105.0,72.92
E2022,161,road,81.0,33.0,10.0,5.0,1.0,25.0,60.0,27.0,25.0,21.0,11.0,13.0,6.0,22.0,77.0,2023-01-11 19:05:00+00:00,18,Regular Season,40.0,PAR,TEL,33.0,4.0,77.0,73.0
E2022,162,local,81.0,31.0,18.0,6.0,3.0,16.0,56.0,28.0,13.0,10.0,7.0,15.0,0.0,18.0,91.0,2023-01-11 19:30:00+00:00,18,Regular Season,40.0,PAM,IST,28.0,3.0,91.0,69.72
E2022,162,road,71.0,34.0,16.0,11.0,0.0,18.0,65.0,28.0,10.0,7.0,12.0,13.0,3.0,16.0,78.0,2023-01-11 19:30:00+00:00,18,Regular Season,40.0,IST,PAM,37.0,3.0,78.0,70.4
E2022,163,local,79.0,44.0,16.0,6.0,0.0,20.0,65.0,28.0,19.0,14.0,16.0,14.0,0.0,19.0,90.0,2023-01-12 17:45:00+00:00,19,Regular Season,40.0,ULK,MUN,37.0,5.0,90.0,71.36
E2022,163,road,71.0,25.0,17.0,6.0,0.0,19.0,56.0,26.0,18.0,13.0,3.0,10.0,0.0,20.0,73.0,2023-01-12 17:45:00+00:00,19,Regular Season,40.0,MUN,ULK,30.0,5.0,73.0,70.92
E2022,164,local,92.0,29.0,28.0,6.0,1.0,18.0,59.0,35.0,9.0,7.0,8.0,12.0,1.0,23.0,112.0,2023-01-12 18:00:00+00:00,19,Regular Season,40.0,RED,MCO,24.0,2.0,112.0,66.96000000000001
E2022,164,road,68.0,34.0,12.0,6.0,1.0,22.0,63.0,24.0,19.0,13.0,18.0,14.0,1.0,18.0,65.0,2023-01-12 18:00:00+00:00,19,Regular Season,40.0,MCO,RED,39.0,6.0,65.0,67.36
E2022,165,local,77.0,35.0,15.0,6.0,2.0,16.0,65.0,26.0,14.0,11.0,13.0,15.0,5.0,20.0,69.0,2023-01-12 19:00:00+00:00,19,Regular Season,40.0,BER,MAD,39.0,3.0,69.0,73.16
E2022,165,road,84.0,39.0,18.0,9.0,5.0,20.0,63.0,27.0,24.0,19.0,13.0,13.0,2.0,16.0,103.0,2023-01-12 19:00:00+00:00,19,Regular Season,40.0,MAD,BER,36.0,5.0,103.0,73.56
E2022,166,local,83.0,35.0,21.0,6.0,2.0,17.0,60.0,31.0,13.0,12.0,10.0,14.0,1.0,26.0,93.0,2023-01-12 19:30:00+00:00,19,Regular Season,40.0,VIR,OLY,29.0,1.0,93.0,69.72
E2022,166,road,85.0,33.0,19.0,6.0,1.0,24.0,64.0,28.0,25.0,18.0,14.0,8.0,2.0,17.0,98.0,2023-01-12 19:30:00+00:00,19,Regular Season,40.0,OLY,VIR,36.0,7.0,98.0,69.0
E2022,169,local,79.0,25.0,19.0,6.0,6.0,21.0,61.0,28.0,17.0,14.0,5.0,9.0,2.0,20.0,89.0,2023-01-13 19:00:00+00:00,19,Regular Season,40.0,ASV,PAM,33.0,3.0,89.0,72.48
E2022,169,road,83.0,36.0,22.0,7.0,2.0,20.0,58.0,29.0,14.0,12.0,10.0,14.0,6.0,21.0,98.0,2023-01-13 19:00:00+00:00,19,Regular Season,40.0,PAM,ASV,29.0,2.0,98.0,68.16
E2022,170,local,88.0,31.0,12.0,4.0,3.0,21.0,61.0,29.0,22.0,18.0,9.0,6.0,1.0,16.0,100.0,2023-01-13 19:00:00+00:00,19,Regular Season,40.0,PAN,TEL,32.0,4.0,100.0,67.68
E2022,170,road,86.0,38.0,15.0,4.0,1.0,15.0,69.0,34.0,10.0,9.0,14.0,9.0,3.0,22.0,89.0,2023-01-13 19:00:00+00:00,19,Regular Season,40.0,TEL,PAN,35.0,1.0,89.0,68.4
E2022,167,local,61.0,33.0,11.0,5.0,1.0,19.0,57.0,21.0,15.0,11.0,11.0,8.0,1.0,19.0,62.0,2023-01-13 19:30:00+00:00,19,Regular Season,40.0,MIL,ZAL,36.0,4.0,62.0,60.6
E2022,167,road,66.0,37.0,10.0,5.0,1.0,19.0,56.0,23.0,15.0,12.0,12.0,11.0,1.0,19.0,71.0,2023-01-13 19:30:00+00:00,19,Regular Season,40.0,ZAL,MIL,33.0,3.0,71.0,61.6
E2022,168,local,75.0,32.0,19.0,8.0,2.0,14.0,66.0,30.0,10.0,8.0,9.0,8.0,2.0,20.0,82.0,2023-01-13 19:30:00+00:00,19,Regular Season,40.0,BAR,IST,36.0,2.0,82.0,69.4
E2022,168,road,80.0,37.0,16.0,4.0,2.0,20.0,62.0,29.0,10.0,8.0,9.0,10.0,2.0,14.0,98.0,2023-01-13 19:30:00+00:00,19,Regular Season,40.0,IST,BAR,33.0,2.0,98.0,67.4
E2022,171,local,83.0,32.0,17.0,8.0,4.0,20.0,51.0,28.0,19.0,14.0,7.0,13.0,1.0,19.0,103.0,2023-01-13 19:30:00+00:00,19,Regular Season,40.0,PAR,BAS,23.0,5.0,103.0,65.36
E2022,171,road,65.0,29.0,18.0,8.0,1.0,18.0,57.0,24.0,13.0,8.0,11.0,13.0,4.0,20.0,64.0,2023-01-13 19:30:00+00:00,19,Regular Season,40.0,BAS,PAR,33.0,5.0,64.0,64.72
E2022,172,local,98.0,45.0,20.0,2.0,5.0,27.0,73.0,37.0,29.0,17.0,14.0,11.0,2.0,26.0,110.0,2023-01-19 17:45:00+00:00,20,Regular Season,45.0,ULK,MCO,36.0,12.0,110.0,82.76
E2022,172,road,94.0,42.0,17.0,6.0,2.0,25.0,73.0,32.0,29.0,22.0,15.0,10.0,5.0,27.0,96.0,2023-01-19 17:45:00+00:00,20,Regular Season,45.0,MCO,ULK,41.0,7.0,96.0,80.76
E2022,173,local,87.0,41.0,13.0,7.0,2.0,18.0,70.0,33.0,12.0,8.0,16.0,9.0,1.0,19.0,98.0,2023-01-19 19:05:00+00:00,20,Regular Season,40.0,TEL,BER,37.0,4.0,98.0,68.28
E2022,173,road,74.0,42.0,19.0,6.0,1.0,19.0,66.0,23.0,21.0,17.0,18.0,11.0,2.0,18.0,83.0,2023-01-19 19:05:00+00:00,20,Regular Season,40.0,BER,TEL,43.0,4.0,83.0,68.24
E2022,174,local,78.0,25.0,14.0,5.0,1.0,23.0,55.0,27.0,20.0,16.0,8.0,9.0,0.0,21.0,84.0,2023-01-19 19:30:00+00:00,20,Regular Season,40.0,BAS,BAR,28.0,4.0,84.0,64.8
E2022,174,road,85.0,40.0,19.0,5.0,0.0,21.0,64.0,30.0,23.0,17.0,18.0,10.0,1.0,23.0,96.0,2023-01-19 19:30:00+00:00,20,Regular Season,40.0,BAR,BAS,34.0,6.0,96.0,66.12
E2022,175,local,74.0,40.0,22.0,8.0,2.0,20.0,54.0,24.0,22.0,19.0,8.0,16.0,2.0,21.0,94.0,2023-01-19 19:30:00+00:00,20,Regular Season,40.0,VIR,PAN,30.0,3.0,94.0,71.68
E2022,175,road,64.0,28.0,12.0,9.0,2.0,21.0,58.0,22.0,16.0,12.0,6.0,14.0,2.0,21.0,59.0,2023-01-19 19:30:00+00:00,20,Regular Season,40.0,PAN,VIR,36.0,4.0,59.0,73.04
E2022,176,local,89.0,28.0,20.0,7.0,1.0,26.0,53.0,29.0,22.0,19.0,9.0,18.0,2.0,24.0,100.0,2023-01-19 19:45:00+00:00,20,Regular Season,40.0,PAM,PAR,24.0,3.0,100.0,71.68
E2022,176,road,81.0,18.0,15.0,7.0,2.0,24.0,49.0,26.0,21.0,17.0,4.0,15.0,1.0,26.0,78.0,2023-01-19 19:45:00+00:00,20,Regular Season,40.0,PAR,PAM,23.0,4.0,78.0,69.24000000000001
E2022,177,local,81.0,23.0,15.0,5.0,2.0,26.0,52.0,27.0,21.0,18.0,2.0,7.0,1.0,20.0,96.0,2023-01-20 17:30:00+00:00,20,Regular Season,40.0,IST,MUN,25.0,3.0,96.0,66.24000000000001
E2022,177,road,89.0,36.0,20.0,4.0,1.0,20.0,64.0,33.0,13.0,11.0,10.0,9.0,2.0,26.0,100.0,2023-01-20 17:30:00+00:00,20,Regular Season,40.0,MUN,IST,31.0,2.0,100.0,68.72
E2022,178,local,71.0,29.0,14.0,7.0,5.0,18.0,54.0,25.0,13.0,12.0,9.0,12.0,3.0,16.0,83.0,2023-01-20 18:00:00+00:00,20,Regular Season,40.0,ZAL,RED,29.0,1.0,83.0,62.72
E2022,178,road,66.0,35.0,15.0,7.0,3.0,16.0,64.0,28.0,4.0,3.0,16.0,14.0,5.0,18.0,68.0,2023-01-20 18:00:00+00:00,20,Regular Season,40.0,RED,ZAL,36.0,1.0,68.0,63.760000000000005
E2022,179,local,73.0,43.0,15.0,4.0,3.0,17.0,68.0,30.0,11.0,7.0,14.0,12.0,4.0,19.0,78.0,2023-01-20 19:00:00+00:00,20,Regular Season,40.0,OLY,MAD,38.0,4.0,78.0,70.84
E2022,179,road,60.0,36.0,16.0,8.0,4.0,19.0,61.0,23.0,13.0,11.0,11.0,14.0,3.0,17.0,69.0,2023-01-20 19:00:00+00:00,20,Regular Season,40.0,MAD,OLY,38.0,2.0,69.0,69.72
E2022,180,local,73.0,39.0,15.0,3.0,2.0,23.0,56.0,27.0,21.0,15.0,11.0,11.0,1.0,18.0,90.0,2023-01-20 19:30:00+00:00,20,Regular Season,40.0,MIL,ASV,29.0,6.0,90.0,65.24
E2022,180,road,79.0,22.0,16.0,9.0,1.0,18.0,55.0,26.0,18.0,16.0,2.0,6.0,2.0,23.0,83.0,2023-01-20 19:30:00+00:00,20,Regular Season,40.0,ASV,MIL,29.0,2.0,83.0,66.92
E2022,184,local,91.0,35.0,12.0,13.0,5.0,25.0,71.0,32.0,21.0,19.0,14.0,20.0,5.0,21.0,94.0,2023-01-26 18:00:00+00:00,21,Regular Season,45.0,MAD,BAR,39.0,2.0,94.0,86.24
E2022,184,road,86.0,38.0,20.0,11.0,5.0,20.0,64.0,31.0,16.0,12.0,12.0,25.0,5.0,25.0,88.0,2023-01-26 18:00:00+00:00,21,Regular Season,45.0,BAR,MAD,33.0,4.0,88.0,84.04
E2022,181,local,88.0,35.0,17.0,9.0,4.0,24.0,65.0,30.0,20.0,17.0,14.0,15.0,2.0,24.0,98.0,2023-01-26 19:00:00+00:00,21,Regular Season,40.0,BER,PAM,35.0,3.0,98.0,74.8
E2022,181,road,94.0,33.0,21.0,9.0,2.0,23.0,63.0,32.0,27.0,22.0,12.0,11.0,4.0,24.0,107.0,2023-01-26 19:00:00+00:00,21,Regular Season,40.0,PAM,BER,31.0,5.0,107.0,73.88
E2022,182,local,91.0,30.0,21.0,10.0,0.0,20.0,58.0,32.0,20.0,16.0,9.0,13.0,1.0,19.0,109.0,2023-01-26 20:00:00+00:00,21,Regular Season,40.0,ASV,ULK,26.0,4.0,109.0,70.8
E2022,182,road,77.0,25.0,11.0,7.0,1.0,19.0,55.0,29.0,13.0,10.0,7.0,14.0,0.0,21.0,76.0,2023-01-26 20:00:00+00:00,21,Regular Season,40.0,ULK,ASV,26.0,3.0,76.0,67.72
E2022,183,local,89.0,26.0,15.0,10.0,2.0,28.0,51.0,29.0,33.0,21.0,8.0,10.0,4.0,21.0,101.0,2023-01-26 20:00:00+00:00,21,Regular Season,40.0,PAN,ZAL,22.0,12.0,101.0,67.52
E2022,183,road,65.0,39.0,10.0,3.0,4.0,21.0,60.0,24.0,12.0,11.0,18.0,19.0,2.0,28.0,56.0,2023-01-26 20:00:00+00:00,21,Regular Season,40.0,ZAL,PAN,36.0,1.0,56.0,66.28
E2022,185,local,101.0,30.0,22.0,10.0,2.0,22.0,61.0,38.0,23.0,16.0,8.0,13.0,1.0,18.0,125.0,2023-01-26 20:00:00+00:00,21,Regular Season,40.0,MCO,MIL,23.0,7.0,125.0,76.12
E2022,185,road,88.0,27.0,19.0,9.0,1.0,18.0,60.0,29.0,19.0,18.0,8.0,14.0,2.0,22.0,92.0,2023-01-26 20:00:00+00:00,21,Regular Season,40.0,MIL,MCO,31.0,1.0,92.0,74.36
E2022,186,local,78.0,36.0,12.0,3.0,1.0,22.0,52.0,25.0,21.0,19.0,10.0,16.0,2.0,25.0,80.0,2023-01-27 18:00:00+00:00,21,Regular Season,40.0,RED,PAR,27.0,2.0,80.0,67.24000000000001
E2022,186,road,79.0,30.0,13.0,12.0,2.0,25.0,60.0,25.0,23.0,19.0,11.0,7.0,1.0,22.0,92.0,2023-01-27 18:00:00+00:00,21,Regular Season,40.0,PAR,RED,35.0,4.0,92.0,66.12
E2022,187,local,95.0,39.0,26.0,6.0,4.0,27.0,58.0,30.0,37.0,24.0,12.0,14.0,3.0,23.0,116.0,2023-01-27 19:30:00+00:00,21,Regular Season,40.0,OLY,TEL,28.0,13.0,116.0,76.28
E2022,187,road,89.0,37.0,15.0,7.0,3.0,23.0,73.0,32.0,20.0,14.0,16.0,11.0,4.0,28.0,84.0,2023-01-27 19:30:00+00:00,21,Regular Season,40.0,TEL,OLY,41.0,6.0,84.0,76.8
E2022,188,local,114.0,48.0,31.0,4.0,3.0,21.0,80.0,38.0,28.0,22.0,18.0,8.0,3.0,21.0,141.0,2023-01-27 19:30:00+00:00,21,Regular Season,45.0,BAS,IST,42.0,6.0,141.0,82.32
E2022,188,road,111.0,32.0,16.0,5.0,3.0,21.0,74.0,39.0,20.0,17.0,5.0,6.0,3.0,21.0,120.0,2023-01-27 19:30:00+00:00,21,Regular Season,45.0,IST,BAS,35.0,3.0,120.0,83.8
E2022,189,local,91.0,37.0,9.0,8.0,2.0,23.0,65.0,32.0,30.0,22.0,16.0,13.0,1.0,26.0,89.0,2023-01-27 19:45:00+00:00,21,Regular Season,40.0,MUN,VIR,33.0,8.0,89.0,75.2
E2022,189,road,84.0,28.0,16.0,5.0,1.0,26.0,61.0,29.0,21.0,18.0,10.0,13.0,2.0,23.0,87.0,2023-01-27 19:45:00+00:00,21,Regular Season,40.0,VIR,MUN,32.0,3.0,87.0,73.24
E2022,190,local,73.0,35.0,16.0,6.0,1.0,19.0,69.0,27.0,12.0,7.0,19.0,13.0,2.0,24.0,64.0,2023-01-31 17:45:00+00:00,22,Regular Season,40.0,ULK,OLY,42.0,5.0,64.0,68.28
E2022,190,road,93.0,40.0,21.0,5.0,2.0,22.0,58.0,31.0,20.0,14.0,14.0,14.0,1.0,19.0,116.0,2023-01-31 17:45:00+00:00,22,Regular Season,40.0,OLY,ULK,27.0,6.0,116.0,66.8
E2022,192,local,89.0,39.0,16.0,4.0,0.0,21.0,65.0,33.0,15.0,15.0,12.0,13.0,6.0,18.0,100.0,2023-01-31 18:00:00+00:00,22,Regular Season,40.0,MIL,BAS,32.0,0.0,100.0,72.6
E2022,192,road,83.0,26.0,19.0,6.0,6.0,18.0,68.0,32.0,12.0,11.0,8.0,8.0,0.0,21.0,92.0,2023-01-31 18:00:00+00:00,22,Regular Season,40.0,BAS,MIL,36.0,1.0,92.0,73.28
E2022,191,local,83.0,37.0,20.0,5.0,3.0,22.0,57.0,27.0,21.0,18.0,13.0,12.0,2.0,19.0,104.0,2023-01-31 19:30:00+00:00,22,Regular Season,40.0,BAR,TEL,30.0,3.0,104.0,65.24
E2022,191,road,78.0,30.0,13.0,6.0,2.0,18.0,64.0,29.0,15.0,10.0,10.0,8.0,3.0,22.0,74.0,2023-01-31 19:30:00+00:00,22,Regular Season,40.0,TEL,BAR,35.0,5.0,74.0,68.6
E2022,193,local,92.0,27.0,12.0,11.0,3.0,23.0,62.0,33.0,21.0,18.0,10.0,7.0,0.0,16.0,113.0,2023-01-31 19:30:00+00:00,22,Regular Season,40.0,PAR,ASV,29.0,3.0,113.0,68.24
E2022,193,road,71.0,31.0,15.0,3.0,0.0,16.0,56.0,28.0,14.0,11.0,11.0,17.0,3.0,23.0,62.0,2023-01-31 19:30:00+00:00,22,Regular Season,40.0,ASV,PAR,28.0,3.0,62.0,68.16
E2022,194,local,82.0,34.0,19.0,4.0,4.0,18.0,60.0,28.0,18.0,16.0,9.0,10.0,3.0,20.0,94.0,2023-01-31 19:30:00+00:00,22,Regular Season,40.0,PAM,MUN,32.0,2.0,94.0,68.92
E2022,194,road,73.0,30.0,14.0,9.0,3.0,20.0,58.0,26.0,14.0,13.0,6.0,9.0,4.0,19.0,84.0,2023-01-31 19:30:00+00:00,22,Regular Season,40.0,MUN,PAM,32.0,1.0,84.0,67.16
E2022,195,local,84.0,35.0,28.0,7.0,2.0,24.0,61.0,29.0,23.0,18.0,13.0,11.0,0.0,19.0,113.0,2023-01-31 20:00:00+00:00,22,Regular Season,40.0,VIR,RED,32.0,5.0,113.0,69.12
E2022,195,road,72.0,36.0,15.0,7.0,0.0,19.0,60.0,24.0,22.0,18.0,16.0,14.0,2.0,24.0,69.0,2023-01-31 20:00:00+00:00,22,Regular Season,40.0,RED,VIR,36.0,4.0,69.0,67.68
E2022,196,local,80.0,29.0,18.0,7.0,5.0,19.0,54.0,31.0,12.0,11.0,6.0,14.0,3.0,14.0,103.0,2023-02-01 17:30:00+00:00,22,Regular Season,40.0,IST,ZAL,23.0,1.0,103.0,67.28
E2022,196,road,70.0,30.0,13.0,8.0,3.0,14.0,62.0,27.0,12.0,8.0,14.0,14.0,5.0,19.0,61.0,2023-02-01 17:30:00+00:00,22,Regular Season,40.0,ZAL,IST,35.0,4.0,61.0,67.28
E2022,197,local,84.0,33.0,16.0,4.0,3.0,17.0,57.0,29.0,21.0,19.0,9.0,20.0,1.0,25.0,81.0,2023-02-01 19:00:00+00:00,22,Regular Season,40.0,BER,MCO,28.0,2.0,81.0,77.24
E2022,197,road,102.0,32.0,22.0,8.0,1.0,25.0,73.0,36.0,29.0,24.0,13.0,6.0,3.0,17.0,122.0,2023-02-01 19:00:00+00:00,22,Regular Season,40.0,MCO,BER,37.0,5.0,122.0,78.76
E2022,198,local,83.0,43.0,16.0,8.0,0.0,21.0,66.0,30.0,21.0,19.0,12.0,10.0,4.0,20.0,99.0,2023-02-01 19:45:00+00:00,22,Regular Season,40.0,MAD,PAN,36.0,2.0,99.0,73.24
E2022,198,road,68.0,38.0,8.0,7.0,4.0,20.0,69.0,24.0,13.0,10.0,13.0,15.0,0.0,21.0,61.0,2023-02-01 19:45:00+00:00,22,Regular Season,40.0,PAN,MAD,45.0,3.0,61.0,76.72
E2022,199,local,72.0,36.0,21.0,3.0,2.0,20.0,63.0,28.0,10.0,7.0,16.0,10.0,0.0,21.0,85.0,2023-02-02 19:30:00+00:00,23,Regular Season,40.0,BAR,MUN,35.0,3.0,85.0,61.400000000000006
E2022,199,road,70.0,31.0,9.0,5.0,0.0,21.0,59.0,24.0,17.0,16.0,12.0,9.0,2.0,20.0,69.0,2023-02-02 19:30:00+00:00,23,Regular Season,40.0,MUN,BAR,35.0,1.0,69.0,63.480000000000004
E2022,200,local,74.0,33.0,14.0,6.0,2.0,24.0,52.0,25.0,25.0,19.0,10.0,11.0,2.0,21.0,86.0,2023-02-02 19:30:00+00:00,23,Regular Season,40.0,MIL,RED,27.0,6.0,86.0,64.0
E2022,200,road,68.0,34.0,15.0,6.0,2.0,21.0,58.0,23.0,24.0,18.0,13.0,10.0,2.0,24.0,69.0,2023-02-02 19:30:00+00:00,23,Regular Season,40.0,RED,MIL,35.0,6.0,69.0,65.56
E2022,201,local,93.0,22.0,19.0,2.0,1.0,25.0,64.0,33.0,19.0,15.0,7.0,7.0,0.0,22.0,98.0,2023-02-02 19:30:00+00:00,23,Regular Season,40.0,PAM,TEL,31.0,4.0,98.0,72.36
E2022,201,road,94.0,40.0,13.0,4.0,0.0,22.0,60.0,34.0,27.0,20.0,15.0,12.0,1.0,25.0,102.0,2023-02-02 19:30:00+00:00,23,Regular Season,40.0,TEL,PAM,26.0,7.0,102.0,68.88
E2022,202,local,101.0,38.0,17.0,8.0,2.0,23.0,75.0,36.0,24.0,20.0,14.0,8.0,6.0,17.0,115.0,2023-02-03 17:45:00+00:00,23,Regular Season,40.0,ULK,BER,39.0,4.0,115.0,79.56
E2022,202,road,86.0,38.0,27.0,7.0,6.0,17.0,70.0,35.0,13.0,8.0,12.0,16.0,2.0,24.0,99.0,2023-02-03 17:45:00+00:00,23,Regular Season,40.0,BER,ULK,35.0,5.0,99.0,79.72
E2022,203,local,91.0,26.0,15.0,7.0,1.0,24.0,66.0,35.0,24.0,17.0,9.0,9.0,2.0,24.0,91.0,2023-02-03 18:00:00+00:00,23,Regular Season,40.0,MCO,MAD,31.0,7.0,91.0,76.56
E2022,203,road,95.0,36.0,22.0,4.0,2.0,24.0,59.0,32.0,23.0,17.0,13.0,18.0,1.0,25.0,106.0,2023-02-03 18:00:00+00:00,23,Regular Season,40.0,MAD,MCO,27.0,6.0,106.0,74.12
E2022,204,local,74.0,25.0,16.0,5.0,2.0,22.0,57.0,26.0,17.0,15.0,14.0,9.0,1.0,19.0,82.0,2023-02-03 18:00:00+00:00,23,Regular Season,40.0,ZAL,PAR,31.0,2.0,82.0,59.480000000000004
E2022,204,road,88.0,32.0,15.0,4.0,1.0,19.0,56.0,31.0,16.0,13.0,15.0,11.0,2.0,22.0,96.0,2023-02-03 18:00:00+00:00,23,Regular Season,40.0,PAR,ZAL,25.0,3.0,96.0,59.04
E2022,205,local,76.0,36.0,24.0,6.0,4.0,16.0,58.0,29.0,17.0,9.0,11.0,12.0,2.0,19.0,92.0,2023-02-03 19:00:00+00:00,23,Regular Season,40.0,OLY,IST,29.0,8.0,92.0,66.48
E2022,205,road,70.0,28.0,18.0,9.0,2.0,19.0,59.0,26.0,15.0,13.0,9.0,10.0,4.0,16.0,81.0,2023-02-03 19:00:00+00:00,23,Regular Season,40.0,IST,OLY,33.0,2.0,81.0,66.6
E2022,207,local,95.0,39.0,26.0,4.0,2.0,19.0,70.0,35.0,18.0,16.0,11.0,12.0,2.0,20.0,114.0,2023-02-03 19:30:00+00:00,23,Regular Season,40.0,BAS,PAN,35.0,2.0,114.0,78.92
E2022,207,road,90.0,33.0,18.0,5.0,2.0,20.0,67.0,34.0,23.0,16.0,7.0,9.0,2.0,20.0,97.0,2023-02-03 19:30:00+00:00,23,Regular Season,40.0,PAN,BAS,33.0,7.0,97.0,79.12
E2022,206,local,64.0,27.0,13.0,5.0,1.0,22.0,55.0,23.0,15.0,12.0,9.0,15.0,1.0,23.0,58.0,2023-02-03 20:00:00+00:00,23,Regular Season,40.0,ASV,VIR,32.0,3.0,58.0,67.6
E2022,206,road,77.0,32.0,19.0,9.0,1.0,21.0,57.0,27.0,16.0,14.0,11.0,13.0,1.0,22.0,91.0,2023-02-03 20:00:00+00:00,23,Regular Season,40.0,VIR,ASV,30.0,2.0,91.0,66.04
E2022,209,local,60.0,26.0,16.0,8.0,3.0,17.0,63.0,24.0,12.0,6.0,11.0,15.0,1.0,17.0,52.0,2023-02-08 19:00:00+00:00,24,Regular Season,40.0,BER,OLY,39.0,6.0,52.0,72.28
E2022,209,road,93.0,39.0,25.0,10.0,1.0,17.0,59.0,35.0,17.0,13.0,9.0,14.0,3.0,17.0,123.0,2023-02-08 19:00:00+00:00,24,Regular Season,40.0,OLY,BER,24.0,4.0,123.0,71.48
E2022,210,local,86.0,27.0,13.0,4.0,1.0,24.0,52.0,26.0,29.0,23.0,8.0,16.0,1.0,18.0,88.0,2023-02-09 19:05:00+00:00,24,Regular Season,40.0,TEL,RED,26.0,6.0,88.0,72.76
E2022,210,road,89.0,33.0,21.0,13.0,1.0,18.0,68.0,35.0,12.0,10.0,14.0,10.0,1.0,24.0,105.0,2023-02-09 19:05:00+00:00,24,Regular Season,40.0,RED,TEL,33.0,2.0,105.0,69.28
E2022,211,local,71.0,35.0,10.0,4.0,5.0,20.0,64.0,26.0,15.0,12.0,10.0,8.0,3.0,22.0,71.0,2023-02-09 19:30:00+00:00,24,Regular Season,40.0,MUN,PAR,38.0,3.0,71.0,68.6
E2022,211,road,82.0,35.0,13.0,3.0,3.0,22.0,55.0,28.0,27.0,22.0,7.0,8.0,5.0,20.0,93.0,2023-02-09 19:30:00+00:00,24,Regular Season,40.0,PAR,MUN,27.0,5.0,93.0,67.88
E2022,212,local,75.0,28.0,18.0,6.0,2.0,16.0,59.0,27.0,13.0,11.0,5.0,12.0,2.0,22.0,75.0,2023-02-09 19:30:00+00:00,24,Regular Season,40.0,VIR,BAR,32.0,2.0,75.0,71.72
E2022,212,road,92.0,39.0,23.0,7.0,2.0,22.0,63.0,31.0,19.0,15.0,11.0,11.0,2.0,16.0,120.0,2023-02-09 19:30:00+00:00,24,Regular Season,40.0,BAR,VIR,32.0,4.0,120.0,71.36
E2022,214,local,87.0,35.0,20.0,2.0,4.0,27.0,55.0,27.0,35.0,26.0,11.0,13.0,3.0,17.0,105.0,2023-02-10 18:00:00+00:00,24,Regular Season,40.0,MCO,ASV,28.0,9.0,105.0,72.4
E2022,214,road,75.0,32.0,20.0,10.0,3.0,17.0,64.0,31.0,10.0,6.0,11.0,15.0,4.0,29.0,72.0,2023-02-10 18:00:00+00:00,24,Regular Season,40.0,ASV,MCO,33.0,4.0,72.0,72.4
E2022,215,local,79.0,33.0,13.0,3.0,2.0,21.0,56.0,27.0,19.0,17.0,11.0,7.0,3.0,20.0,90.0,2023-02-10 18:00:00+00:00,24,Regular Season,40.0,ZAL,BAS,29.0,2.0,90.0,60.36
E2022,215,road,75.0,34.0,16.0,6.0,3.0,20.0,63.0,27.0,20.0,15.0,16.0,6.0,2.0,21.0,84.0,2023-02-10 18:00:00+00:00,24,Regular Season,40.0,BAS,ZAL,36.0,5.0,84.0,61.8
E2022,216,local,91.0,31.0,19.0,8.0,5.0,33.0,60.0,28.0,33.0,26.0,11.0,13.0,3.0,21.0,111.0,2023-02-10 19:00:00+00:00,24,Regular Season,40.0,PAN,PAM,32.0,7.0,111.0,76.52
E2022,216,road,92.0,32.0,18.0,9.0,3.0,21.0,58.0,32.0,23.0,17.0,8.0,15.0,5.0,33.0,90.0,2023-02-10 19:00:00+00:00,24,Regular Season,40.0,PAM,PAN,26.0,6.0,90.0,75.12
E2022,217,local,90.0,33.0,18.0,9.0,4.0,23.0,63.0,31.0,25.0,21.0,8.0,8.0,4.0,22.0,107.0,2023-02-23 19:05:00+00:00,25,Regular Season,40.0,TEL,MUN,32.0,4.0,107.0,74.0
E2022,217,road,82.0,45.0,16.0,2.0,4.0,22.0,73.0,28.0,20.0,14.0,19.0,12.0,4.0,23.0,81.0,2023-02-23 19:05:00+00:00,25,Regular Season,40.0,MUN,TEL,45.0,6.0,81.0,74.8
E2022,218,local,78.0,40.0,16.0,3.0,2.0,16.0,67.0,33.0,5.0,4.0,14.0,12.0,0.0,15.0,93.0,2023-02-23 19:30:00+00:00,25,Regular Season,40.0,MIL,PAN,34.0,1.0,93.0,67.2
E2022,218,road,76.0,28.0,14.0,7.0,0.0,15.0,61.0,29.0,13.0,10.0,6.0,9.0,2.0,17.0,77.0,2023-02-23 19:30:00+00:00,25,Regular Season,40.0,PAN,MIL,32.0,3.0,77.0,69.72
E2022,220,local,96.0,35.0,23.0,10.0,6.0,17.0,59.0,37.0,21.0,15.0,9.0,12.0,3.0,15.0,129.0,2023-02-23 19:45:00+00:00,25,Regular Season,40.0,MAD,ZAL,22.0,6.0,129.0,71.24
E2022,220,road,69.0,29.0,14.0,7.0,3.0,15.0,65.0,28.0,11.0,6.0,12.0,15.0,6.0,17.0,57.0,2023-02-23 19:45:00+00:00,25,Regular Season,40.0,ZAL,MAD,37.0,5.0,57.0,72.84
E2022,219,local,94.0,34.0,14.0,2.0,2.0,23.0,65.0,33.0,22.0,20.0,14.0,9.0,1.0,22.0,103.0,2023-02-23 20:00:00+00:00,25,Regular Season,40.0,PAR,ULK,32.0,2.0,103.0,69.68
E2022,219,road,97.0,23.0,21.0,6.0,1.0,22.0,56.0,33.0,24.0,17.0,7.0,8.0,2.0,23.0,107.0,2023-02-23 20:00:00+00:00,25,Regular Season,40.0,ULK,PAR,23.0,7.0,107.0,67.56
E2022,221,local,72.0,24.0,12.0,5.0,0.0,18.0,64.0,27.0,14.0,13.0,8.0,14.0,4.0,20.0,55.0,2023-02-24 18:00:00+00:00,25,Regular Season,40.0,RED,BER,37.0,1.0,55.0,76.16
E2022,221,road,87.0,38.0,22.0,7.0,4.0,20.0,58.0,32.0,22.0,18.0,11.0,16.0,0.0,18.0,114.0,2023-02-24 18:00:00+00:00,25,Regular Season,40.0,BER,RED,26.0,4.0,114.0,72.68
E2022,222,local,89.0,23.0,18.0,9.0,2.0,21.0,61.0,34.0,16.0,14.0,4.0,9.0,1.0,24.0,99.0,2023-02-24 19:00:00+00:00,25,Regular Season,40.0,ASV,IST,27.0,2.0,99.0,73.04
E2022,222,road,90.0,31.0,13.0,5.0,1.0,24.0,54.0,32.0,22.0,15.0,8.0,15.0,2.0,22.0,96.0,2023-02-24 19:00:00+00:00,25,Regular Season,40.0,IST,ASV,22.0,7.0,96.0,70.68
E2022,223,local,85.0,23.0,20.0,10.0,0.0,20.0,63.0,28.0,14.0,13.0,5.0,13.0,2.0,24.0,83.0,2023-02-24 19:30:00+00:00,25,Regular Season,40.0,PAM,OLY,35.0,1.0,83.0,77.16
E2022,223,road,92.0,33.0,25.0,9.0,2.0,24.0,54.0,33.0,20.0,13.0,5.0,20.0,0.0,20.0,117.0,2023-02-24 19:30:00+00:00,25,Regular Season,40.0,OLY,PAM,21.0,7.0,117.0,77.8
E2022,224,local,88.0,36.0,18.0,10.0,3.0,24.0,59.0,29.0,24.0,19.0,7.0,16.0,5.0,20.0,103.0,2023-02-24 19:30:00+00:00,25,Regular Season,40.0,VIR,BAS,30.0,5.0,103.0,78.56
E2022,224,road,83.0,36.0,14.0,9.0,5.0,20.0,72.0,30.0,18.0,13.0,14.0,13.0,3.0,24.0,80.0,2023-02-24 19:30:00+00:00,25,Regular Season,40.0,BAS,VIR,42.0,5.0,80.0,78.92
E2022,225,local,80.0,26.0,13.0,8.0,1.0,23.0,51.0,30.0,16.0,12.0,5.0,15.0,1.0,24.0,86.0,2023-02-24 19:45:00+00:00,25,Regular Season,40.0,BAR,MCO,21.0,4.0,86.0,68.03999999999999
E2022,225,road,70.0,24.0,10.0,6.0,1.0,23.0,55.0,25.0,21.0,15.0,8.0,12.0,1.0,23.0,62.0,2023-02-24 19:45:00+00:00,25,Regular Season,40.0,MCO,BAR,30.0,6.0,62.0,68.24
E2022,227,local,93.0,28.0,26.0,6.0,0.0,24.0,59.0,31.0,30.0,21.0,11.0,7.0,2.0,23.0,108.0,2023-03-02 18:00:00+00:00,26,Regular Season,40.0,BAR,ZAL,28.0,9.0,108.0,68.2
E2022,227,road,74.0,24.0,11.0,4.0,2.0,22.0,46.0,28.0,20.0,16.0,4.0,14.0,0.0,24.0,77.0,2023-03-02 18:00:00+00:00,26,Regular Season,40.0,ZAL,BAR,18.0,4.0,77.0,64.8
E2022,229,local,87.0,40.0,13.0,4.0,5.0,16.0,68.0,32.0,14.0,12.0,15.0,11.0,2.0,24.0,90.0,2023-03-02 18:00:00+00:00,26,Regular Season,40.0,MUN,RED,36.0,2.0,90.0,70.16
E2022,229,road,80.0,33.0,21.0,5.0,2.0,24.0,64.0,25.0,26.0,20.0,13.0,6.0,5.0,16.0,93.0,2023-03-02 18:00:00+00:00,26,Regular Season,40.0,RED,MUN,39.0,6.0,93.0,68.44
E2022,228,local,82.0,31.0,11.0,3.0,2.0,26.0,53.0,23.0,28.0,24.0,5.0,11.0,0.0,21.0,89.0,2023-03-02 19:00:00+00:00,26,Regular Season,40.0,PAN,IST,30.0,4.0,89.0,71.32
E2022,228,road,87.0,36.0,17.0,7.0,0.0,21.0,64.0,33.0,16.0,12.0,8.0,7.0,2.0,27.0,97.0,2023-03-02 19:00:00+00:00,26,Regular Season,40.0,IST,PAN,31.0,4.0,97.0,70.04
E2022,226,local,86.0,43.0,14.0,5.0,2.0,20.0,68.0,31.0,21.0,19.0,17.0,10.0,2.0,17.0,102.0,2023-03-02 20:00:00+00:00,26,Regular Season,40.0,MCO,TEL,37.0,2.0,102.0,70.24
E2022,226,road,67.0,32.0,10.0,9.0,2.0,16.0,61.0,24.0,12.0,11.0,11.0,15.0,2.0,20.0,61.0,2023-03-02 20:00:00+00:00,26,Regular Season,40.0,TEL,MCO,37.0,1.0,61.0,70.28
E2022,233,local,88.0,26.0,18.0,10.0,3.0,24.0,56.0,29.0,24.0,18.0,4.0,15.0,2.0,24.0,95.0,2023-03-02 20:00:00+00:00,26,Regular Season,40.0,PAR,BER,27.0,6.0,95.0,77.56
E2022,233,road,74.0,34.0,17.0,9.0,2.0,24.0,57.0,27.0,18.0,12.0,10.0,23.0,3.0,24.0,74.0,2023-03-02 20:00:00+00:00,26,Regular Season,40.0,BER,PAR,30.0,6.0,74.0,77.92
E2022,230,local,104.0,43.0,27.0,8.0,6.0,20.0,74.0,39.0,8.0,6.0,14.0,13.0,2.0,17.0,139.0,2023-03-03 17:45:00+00:00,26,Regular Season,40.0,ULK,VIR,35.0,2.0,139.0,76.52
E2022,230,road,72.0,30.0,21.0,6.0,2.0,17.0,61.0,25.0,14.0,12.0,9.0,17.0,6.0,20.0,67.0,2023-03-03 17:45:00+00:00,26,Regular Season,40.0,VIR,ULK,36.0,2.0,67.0,75.16
E2022,231,local,71.0,38.0,10.0,7.0,3.0,20.0,70.0,27.0,17.0,13.0,17.0,8.0,4.0,19.0,71.0,2023-03-03 19:00:00+00:00,26,Regular Season,40.0,ASV,MAD,43.0,4.0,71.0,68.48
E2022,231,road,75.0,35.0,12.0,3.0,4.0,18.0,56.0,28.0,16.0,12.0,8.0,12.0,3.0,21.0,79.0,2023-03-03 19:00:00+00:00,26,Regular Season,40.0,MAD,ASV,28.0,4.0,79.0,67.03999999999999
E2022,232,local,83.0,29.0,20.0,10.0,2.0,15.0,60.0,30.0,13.0,11.0,8.0,11.0,3.0,18.0,95.0,2023-03-03 19:30:00+00:00,26,Regular Season,40.0,MIL,OLY,30.0,2.0,95.0,68.72
E2022,232,road,62.0,24.0,17.0,2.0,3.0,18.0,46.0,22.0,11.0,10.0,3.0,19.0,2.0,16.0,64.0,2023-03-03 19:30:00+00:00,26,Regular Season,40.0,OLY,MIL,24.0,1.0,64.0,66.84
E2022,234,local,114.0,43.0,23.0,6.0,5.0,21.0,65.0,39.0,27.0,23.0,12.0,12.0,1.0,22.0,147.0,2023-03-03 19:30:00+00:00,26,Regular Season,40.0,BAS,PAM,26.0,4.0,147.0,76.88
E2022,234,road,75.0,21.0,12.0,5.0,1.0,22.0,63.0,26.0,19.0,14.0,6.0,13.0,5.0,22.0,54.0,2023-03-03 19:30:00+00:00,26,Regular Season,40.0,PAM,BAS,37.0,5.0,54.0,78.36
E2022,235,local,63.0,45.0,13.0,3.0,4.0,20.0,65.0,21.0,18.0,13.0,15.0,13.0,4.0,25.0,57.0,2023-03-07 19:00:00+00:00,27,Regular Season,40.0,BER,ZAL,44.0,5.0,57.0,70.92
E2022,235,road,66.0,39.0,13.0,6.0,4.0,25.0,58.0,23.0,28.0,17.0,9.0,10.0,4.0,20.0,73.0,2023-03-07 19:00:00+00:00,27,Regular Season,40.0,ZAL,BER,35.0,11.0,73.0,71.32
E2022,236,local,77.0,38.0,14.0,4.0,1.0,22.0,63.0,27.0,18.0,12.0,15.0,9.0,1.0,22.0,82.0,2023-03-07 19:00:00+00:00,27,Regular Season,40.0,OLY,BAR,36.0,6.0,82.0,64.92
E2022,236,road,70.0,37.0,16.0,5.0,1.0,22.0,55.0,22.0,23.0,17.0,14.0,12.0,1.0,22.0,77.0,2023-03-07 19:00:00+00:00,27,Regular Season,40.0,BAR,OLY,33.0,6.0,77.0,63.120000000000005
E2022,238,local,84.0,29.0,13.0,6.0,1.0,21.0,66.0,30.0,18.0,16.0,7.0,7.0,3.0,20.0,86.0,2023-03-07 19:30:00+00:00,27,Regular Season,40.0,PAM,MIL,36.0,2.0,86.0,73.92
E2022,238,road,88.0,32.0,17.0,3.0,3.0,20.0,54.0,30.0,17.0,13.0,5.0,14.0,1.0,21.0,99.0,2023-03-07 19:30:00+00:00,27,Regular Season,40.0,MIL,PAM,24.0,4.0,99.0,70.48
E2022,239,local,79.0,26.0,24.0,6.0,2.0,22.0,50.0,27.0,22.0,17.0,7.0,21.0,0.0,23.0,87.0,2023-03-07 19:30:00+00:00,27,Regular Season,40.0,VIR,PAR,23.0,5.0,87.0,73.68
E2022,239,road,88.0,28.0,17.0,14.0,0.0,23.0,65.0,35.0,15.0,12.0,12.0,12.0,2.0,22.0,101.0,2023-03-07 19:30:00+00:00,27,Regular Season,40.0,PAR,VIR,30.0,3.0,101.0,71.6
E2022,240,local,81.0,34.0,19.0,5.0,6.0,19.0,54.0,31.0,13.0,9.0,6.0,17.0,1.0,19.0,100.0,2023-03-07 19:45:00+00:00,27,Regular Season,40.0,MAD,BAS,23.0,4.0,100.0,70.72
E2022,240,road,85.0,30.0,16.0,9.0,1.0,19.0,69.0,30.0,11.0,9.0,10.0,6.0,6.0,19.0,88.0,2023-03-07 19:45:00+00:00,27,Regular Season,40.0,BAS,MAD,39.0,2.0,88.0,69.84
E2022,237,local,76.0,43.0,13.0,10.0,1.0,21.0,73.0,28.0,12.0,9.0,20.0,11.0,5.0,25.0,75.0,2023-03-07 20:00:00+00:00,27,Regular Season,40.0,MUN,ASV,45.0,3.0,75.0,69.28
E2022,237,road,72.0,32.0,20.0,4.0,5.0,25.0,51.0,25.0,22.0,14.0,8.0,15.0,1.0,21.0,87.0,2023-03-07 20:00:00+00:00,27,Regular Season,40.0,ASV,MUN,26.0,8.0,87.0,67.68
E2022,243,local,78.0,40.0,10.0,6.0,2.0,26.0,61.0,25.0,25.0,20.0,14.0,13.0,1.0,23.0,84.0,2023-03-08 17:30:00+00:00,27,Regular Season,40.0,TEL,ULK,36.0,5.0,84.0,71.0
E2022,243,road,74.0,41.0,16.0,7.0,1.0,23.0,70.0,29.0,18.0,9.0,17.0,10.0,2.0,27.0,73.0,2023-03-08 17:30:00+00:00,27,Regular Season,40.0,ULK,TEL,41.0,9.0,73.0,70.92
E2022,242,local,94.0,25.0,25.0,4.0,1.0,20.0,57.0,34.0,22.0,15.0,8.0,11.0,3.0,18.0,107.0,2023-03-08 19:30:00+00:00,27,Regular Season,40.0,RED,IST,23.0,7.0,107.0,69.68
E2022,242,road,75.0,24.0,16.0,3.0,3.0,18.0,53.0,30.0,7.0,4.0,5.0,15.0,1.0,21.0,76.0,2023-03-08 19:30:00+00:00,27,Regular Season,40.0,IST,RED,23.0,3.0,76.0,66.08
E2022,241,local,84.0,30.0,12.0,8.0,2.0,21.0,63.0,33.0,11.0,7.0,14.0,10.0,1.0,16.0,96.0,2023-03-08 20:00:00+00:00,27,Regular Season,40.0,MCO,PAN,30.0,4.0,96.0,63.84
E2022,241,road,70.0,26.0,13.0,3.0,1.0,16.0,48.0,26.0,12.0,7.0,9.0,18.0,1.0,21.0,62.0,2023-03-08 20:00:00+00:00,27,Regular Season,40.0,PAN,MCO,22.0,5.0,62.0,62.28
E2022,250,local,74.0,32.0,18.0,11.0,4.0,19.0,70.0,27.0,16.0,14.0,16.0,12.0,3.0,18.0,80.0,2023-03-09 17:00:00+00:00,28,Regular Season,40.0,BER,VIR,43.0,2.0,80.0,73.04
E2022,250,road,96.0,35.0,27.0,5.0,3.0,18.0,62.0,36.0,12.0,10.0,9.0,16.0,4.0,19.0,117.0,2023-03-09 17:00:00+00:00,28,Regular Season,40.0,VIR,BER,26.0,2.0,117.0,74.28
E2022,244,local,85.0,36.0,9.0,7.0,3.0,22.0,59.0,30.0,22.0,16.0,9.0,12.0,4.0,24.0,87.0,2023-03-09 18:00:00+00:00,28,Regular Season,40.0,ZAL,ASV,29.0,6.0,87.0,71.68
E2022,244,road,67.0,26.0,16.0,5.0,4.0,24.0,51.0,19.0,29.0,21.0,7.0,12.0,3.0,22.0,65.0,2023-03-09 18:00:00+00:00,28,Regular Season,40.0,ASV,ZAL,32.0,8.0,65.0,68.75999999999999
E2022,245,local,102.0,32.0,27.0,5.0,4.0,17.0,58.0,38.0,8.0,7.0,5.0,12.0,0.0,19.0,135.0,2023-03-09 19:00:00+00:00,28,Regular Season,40.0,OLY,MUN,20.0,1.0,135.0,68.52000000000001
E2022,245,road,74.0,21.0,17.0,6.0,0.0,19.0,54.0,24.0,18.0,14.0,6.0,13.0,4.0,17.0,69.0,2023-03-09 19:00:00+00:00,28,Regular Season,40.0,MUN,OLY,30.0,4.0,69.0,68.92
E2022,246,local,76.0,29.0,18.0,8.0,2.0,19.0,58.0,28.0,15.0,11.0,10.0,12.0,2.0,24.0,80.0,2023-03-09 19:30:00+00:00,28,Regular Season,40.0,MIL,PAR,30.0,4.0,80.0,66.6
E2022,246,road,62.0,28.0,8.0,5.0,2.0,24.0,47.0,20.0,22.0,18.0,6.0,18.0,2.0,19.0,59.0,2023-03-09 19:30:00+00:00,28,Regular Season,40.0,PAR,MIL,27.0,4.0,59.0,68.68
E2022,247,local,95.0,33.0,23.0,7.0,4.0,23.0,58.0,32.0,26.0,24.0,8.0,13.0,1.0,20.0,123.0,2023-03-09 19:45:00+00:00,28,Regular Season,40.0,MAD,PAM,26.0,2.0,123.0,74.44
E2022,247,road,91.0,25.0,19.0,5.0,1.0,20.0,64.0,31.0,17.0,14.0,7.0,11.0,4.0,23.0,87.0,2023-03-09 19:45:00+00:00,28,Regular Season,40.0,PAM,MAD,33.0,3.0,87.0,75.48
E2022,248,local,64.0,38.0,11.0,4.0,1.0,22.0,57.0,20.0,23.0,20.0,12.0,14.0,3.0,16.0,67.0,2023-03-10 17:30:00+00:00,28,Regular Season,40.0,IST,TEL,37.0,3.0,67.0,69.12
E2022,248,road,86.0,34.0,21.0,10.0,3.0,16.0,65.0,32.0,13.0,7.0,9.0,7.0,1.0,23.0,100.0,2023-03-10 17:30:00+00:00,28,Regular Season,40.0,TEL,IST,33.0,6.0,100.0,68.72
E2022,249,local,81.0,29.0,19.0,3.0,3.0,20.0,56.0,28.0,19.0,16.0,5.0,7.0,0.0,15.0,102.0,2023-03-10 17:45:00+00:00,28,Regular Season,40.0,ULK,BAR,28.0,3.0,102.0,66.36
E2022,249,road,73.0,30.0,18.0,4.0,0.0,15.0,61.0,28.0,10.0,8.0,6.0,11.0,3.0,20.0,71.0,2023-03-10 17:45:00+00:00,28,Regular Season,40.0,BAR,ULK,33.0,2.0,71.0,70.4
E2022,251,local,75.0,33.0,18.0,5.0,2.0,24.0,57.0,26.0,17.0,16.0,7.0,11.0,2.0,19.0,93.0,2023-03-10 19:00:00+00:00,28,Regular Season,40.0,PAN,RED,31.0,1.0,93.0,68.48
E2022,251,road,66.0,35.0,12.0,6.0,2.0,18.0,58.0,22.0,18.0,13.0,12.0,15.0,2.0,24.0,57.0,2023-03-10 19:00:00+00:00,28,Regular Season,40.0,RED,PAN,36.0,5.0,57.0,68.92
E2022,252,local,93.0,25.0,26.0,7.0,4.0,18.0,58.0,34.0,13.0,9.0,6.0,17.0,3.0,27.0,98.0,2023-03-10 19:30:00+00:00,28,Regular Season,40.0,BAS,MCO,24.0,4.0,98.0,74.72
E2022,252,road,102.0,37.0,20.0,7.0,3.0,27.0,75.0,39.0,22.0,19.0,17.0,9.0,4.0,18.0,126.0,2023-03-10 19:30:00+00:00,28,Regular Season,40.0,MCO,BAS,36.0,3.0,126.0,76.68
E2022,213,local,90.0,29.0,17.0,5.0,1.0,22.0,62.0,29.0,20.0,18.0,10.0,10.0,3.0,22.0,94.0,2023-03-14 17:30:00+00:00,24,Regular Season,40.0,IST,MAD,33.0,2.0,94.0,70.8
E2022,213,road,89.0,34.0,22.0,5.0,3.0,22.0,60.0,30.0,18.0,18.0,10.0,12.0,1.0,23.0,109.0,2023-03-14 17:30:00+00:00,24,Regular Season,40.0,MAD,IST,30.0,0.0,109.0,69.92
E2022,253,local,84.0,27.0,17.0,6.0,3.0,21.0,63.0,30.0,15.0,13.0,10.0,11.0,3.0,24.0,85.0,2023-03-16 17:30:00+00:00,29,Regular Season,40.0,IST,PAR,33.0,2.0,85.0,70.6
E2022,253,road,97.0,27.0,11.0,8.0,3.0,24.0,53.0,30.0,28.0,28.0,5.0,10.0,3.0,21.0,113.0,2023-03-16 17:30:00+00:00,29,Regular Season,40.0,PAR,IST,23.0,0.0,113.0,70.32
E2022,254,local,81.0,39.0,18.0,10.0,4.0,23.0,61.0,29.0,21.0,18.0,16.0,16.0,2.0,18.0,104.0,2023-03-16 18:00:00+00:00,29,Regular Season,40.0,MCO,VIR,32.0,3.0,104.0,70.24
E2022,254,road,68.0,24.0,21.0,10.0,2.0,18.0,52.0,23.0,11.0,11.0,5.0,18.0,4.0,24.0,68.0,2023-03-16 18:00:00+00:00,29,Regular Season,40.0,VIR,MCO,29.0,0.0,68.0,69.84
E2022,255,local,72.0,32.0,19.0,3.0,4.0,15.0,52.0,25.0,15.0,9.0,13.0,20.0,2.0,17.0,73.0,2023-03-16 18:00:00+00:00,29,Regular Season,40.0,ZAL,OLY,27.0,6.0,73.0,65.6
E2022,255,road,74.0,25.0,23.0,14.0,2.0,17.0,55.0,27.0,17.0,13.0,9.0,12.0,4.0,15.0,92.0,2023-03-16 18:00:00+00:00,29,Regular Season,40.0,OLY,ZAL,28.0,4.0,92.0,65.48
E2022,256,local,93.0,47.0,12.0,6.0,1.0,22.0,68.0,33.0,21.0,17.0,16.0,15.0,4.0,23.0,100.0,2023-03-16 19:05:00+00:00,29,Regular Season,40.0,TEL,BAS,35.0,4.0,100.0,76.24
E2022,256,road,79.0,30.0,19.0,11.0,4.0,23.0,68.0,28.0,21.0,18.0,10.0,9.0,1.0,22.0,91.0,2023-03-16 19:05:00+00:00,29,Regular Season,40.0,BAS,TEL,40.0,3.0,91.0,76.24
E2022,261,local,82.0,39.0,14.0,9.0,4.0,23.0,63.0,29.0,21.0,13.0,15.0,14.0,4.0,19.0,92.0,2023-03-16 19:30:00+00:00,29,Regular Season,40.0,PAM,ULK,34.0,8.0,92.0,71.24
E2022,261,road,80.0,30.0,16.0,8.0,4.0,18.0,61.0,30.0,15.0,9.0,9.0,16.0,4.0,23.0,76.0,2023-03-16 19:30:00+00:00,29,Regular Season,40.0,ULK,PAM,31.0,6.0,76.0,74.6
E2022,257,local,91.0,34.0,16.0,6.0,3.0,28.0,62.0,29.0,32.0,26.0,13.0,9.0,2.0,21.0,107.0,2023-03-16 19:45:00+00:00,29,Regular Season,40.0,MAD,MIL,33.0,6.0,107.0,72.08
E2022,257,road,87.0,30.0,19.0,3.0,2.0,20.0,59.0,30.0,23.0,19.0,9.0,12.0,3.0,28.0,85.0,2023-03-16 19:45:00+00:00,29,Regular Season,40.0,MIL,MAD,29.0,4.0,85.0,72.12
E2022,259,local,82.0,32.0,18.0,6.0,3.0,20.0,61.0,29.0,19.0,16.0,10.0,12.0,1.0,22.0,91.0,2023-03-16 20:00:00+00:00,29,Regular Season,40.0,ASV,PAN,32.0,3.0,91.0,71.36
E2022,259,road,86.0,31.0,17.0,5.0,1.0,21.0,62.0,30.0,19.0,18.0,11.0,13.0,3.0,21.0,91.0,2023-03-16 20:00:00+00:00,29,Regular Season,40.0,PAN,ASV,32.0,1.0,91.0,72.36
E2022,258,local,85.0,31.0,21.0,8.0,3.0,19.0,57.0,30.0,17.0,15.0,7.0,11.0,0.0,18.0,109.0,2023-03-17 19:30:00+00:00,29,Regular Season,40.0,BAR,RED,27.0,2.0,109.0,68.48
E2022,258,road,79.0,29.0,18.0,5.0,0.0,18.0,60.0,27.0,17.0,15.0,10.0,12.0,3.0,20.0,79.0,2023-03-17 19:30:00+00:00,29,Regular Season,40.0,RED,BAR,33.0,2.0,79.0,69.48
E2022,260,local,75.0,33.0,16.0,5.0,1.0,20.0,63.0,27.0,20.0,14.0,12.0,11.0,5.0,20.0,72.0,2023-03-17 19:30:00+00:00,29,Regular Season,40.0,MUN,BER,36.0,6.0,72.0,70.8
E2022,260,road,76.0,34.0,19.0,2.0,5.0,20.0,57.0,28.0,17.0,15.0,9.0,13.0,1.0,20.0,91.0,2023-03-17 19:30:00+00:00,29,Regular Season,40.0,BER,MUN,29.0,2.0,91.0,68.48
E2022,208,local,75.0,36.0,10.0,8.0,0.0,18.0,77.0,29.0,9.0,7.0,17.0,5.0,2.0,16.0,74.0,2023-03-21 17:15:00+00:00,24,Regular Season,40.0,ULK,MIL,48.0,2.0,74.0,68.96
E2022,208,road,82.0,38.0,13.0,4.0,2.0,16.0,55.0,29.0,14.0,12.0,6.0,13.0,0.0,18.0,96.0,2023-03-21 17:15:00+00:00,24,Regular Season,40.0,MIL,ULK,26.0,2.0,96.0,68.16
E2022,262,local,74.0,37.0,20.0,9.0,3.0,18.0,70.0,27.0,19.0,11.0,13.0,8.0,2.0,20.0,80.0,2023-03-23 18:00:00+00:00,30,Regular Season,40.0,RED,BAS,43.0,8.0,80.0,73.36
E2022,262,road,63.0,45.0,18.0,5.0,2.0,20.0,58.0,25.0,9.0,7.0,9.0,19.0,3.0,18.0,78.0,2023-03-23 18:00:00+00:00,30,Regular Season,40.0,BAS,RED,33.0,2.0,78.0,71.96000000000001
E2022,265,local,74.0,18.0,15.0,8.0,3.0,24.0,57.0,24.0,26.0,18.0,5.0,5.0,0.0,22.0,74.0,2023-03-23 18:30:00+00:00,30,Regular Season,40.0,PAN,BAR,33.0,8.0,74.0,68.44
E2022,265,road,88.0,42.0,19.0,3.0,0.0,22.0,51.0,30.0,20.0,16.0,10.0,18.0,3.0,24.0,104.0,2023-03-23 18:30:00+00:00,30,Regular Season,40.0,BAR,PAN,21.0,4.0,104.0,67.8
E2022,263,local,95.0,28.0,26.0,6.0,3.0,16.0,61.0,35.0,15.0,13.0,6.0,12.0,2.0,20.0,112.0,2023-03-23 19:00:00+00:00,30,Regular Season,40.0,BER,IST,26.0,2.0,112.0,73.6
E2022,263,road,93.0,33.0,13.0,7.0,2.0,20.0,68.0,34.0,19.0,17.0,12.0,9.0,3.0,16.0,104.0,2023-03-23 19:00:00+00:00,30,Regular Season,40.0,IST,BER,34.0,2.0,104.0,73.36
E2022,264,local,67.0,35.0,12.0,4.0,1.0,21.0,61.0,22.0,18.0,15.0,16.0,17.0,5.0,16.0,60.0,2023-03-23 19:00:00+00:00,30,Regular Season,40.0,ASV,TEL,39.0,3.0,60.0,69.92
E2022,264,road,85.0,31.0,15.0,9.0,5.0,16.0,57.0,30.0,22.0,19.0,9.0,11.0,1.0,21.0,98.0,2023-03-23 19:00:00+00:00,30,Regular Season,40.0,TEL,ASV,27.0,3.0,98.0,68.68
E2022,266,local,87.0,24.0,19.0,5.0,2.0,21.0,54.0,30.0,23.0,18.0,6.0,7.0,1.0,19.0,102.0,2023-03-24 17:45:00+00:00,30,Regular Season,40.0,ULK,ZAL,24.0,5.0,102.0,65.12
E2022,266,road,79.0,33.0,21.0,1.0,1.0,19.0,59.0,29.0,16.0,12.0,12.0,11.0,2.0,21.0,86.0,2023-03-24 17:45:00+00:00,30,Regular Season,40.0,ZAL,ULK,30.0,4.0,86.0,65.04
E2022,267,local,90.0,35.0,19.0,5.0,5.0,20.0,62.0,33.0,22.0,17.0,15.0,7.0,1.0,19.0,113.0,2023-03-24 18:00:00+00:00,30,Regular Season,40.0,MCO,PAM,29.0,5.0,113.0,63.68000000000001
E2022,267,road,79.0,33.0,13.0,4.0,1.0,19.0,64.0,25.0,17.0,17.0,14.0,12.0,5.0,21.0,72.0,2023-03-24 18:00:00+00:00,30,Regular Season,40.0,PAM,MCO,39.0,0.0,72.0,69.48
E2022,270,local,79.0,32.0,19.0,7.0,1.0,17.0,64.0,24.0,18.0,18.0,8.0,10.0,5.0,25.0,75.0,2023-03-24 18:00:00+00:00,30,Regular Season,40.0,VIR,MAD,40.0,0.0,75.0,73.92
E2022,270,road,96.0,40.0,18.0,7.0,5.0,24.0,62.0,33.0,26.0,15.0,9.0,10.0,1.0,18.0,121.0,2023-03-24 18:00:00+00:00,30,Regular Season,40.0,MAD,VIR,29.0,11.0,121.0,74.44
E2022,269,local,90.0,31.0,22.0,8.0,0.0,21.0,64.0,31.0,18.0,16.0,9.0,10.0,4.0,19.0,104.0,2023-03-24 19:00:00+00:00,30,Regular Season,40.0,PAR,OLY,33.0,2.0,104.0,72.92
E2022,269,road,75.0,32.0,21.0,5.0,4.0,19.0,57.0,30.0,18.0,12.0,9.0,15.0,0.0,21.0,87.0,2023-03-24 19:00:00+00:00,30,Regular Season,40.0,OLY,PAR,27.0,6.0,87.0,70.92
E2022,268,local,99.0,37.0,17.0,3.0,2.0,24.0,52.0,33.0,28.0,21.0,8.0,13.0,2.0,21.0,120.0,2023-03-24 20:00:00+00:00,30,Regular Season,40.0,MIL,MUN,19.0,7.0,120.0,69.32
E2022,268,road,74.0,25.0,11.0,7.0,2.0,21.0,64.0,27.0,18.0,12.0,11.0,10.0,2.0,24.0,61.0,2023-03-24 20:00:00+00:00,30,Regular Season,40.0,MUN,MIL,37.0,6.0,61.0,70.92
E2022,273,local,111.0,32.0,38.0,8.0,2.0,16.0,69.0,41.0,15.0,14.0,10.0,6.0,2.0,17.0,153.0,2023-03-28 16:00:00+00:00,31,Regular Season,40.0,TEL,VIR,28.0,1.0,153.0,71.6
E2022,273,road,80.0,27.0,20.0,6.0,2.0,17.0,56.0,28.0,18.0,15.0,7.0,16.0,2.0,16.0,87.0,2023-03-28 16:00:00+00:00,31,Regular Season,40.0,VIR,TEL,28.0,3.0,87.0,72.92
E2022,271,local,89.0,32.0,19.0,10.0,3.0,21.0,62.0,30.0,15.0,15.0,12.0,9.0,4.0,15.0,114.0,2023-03-28 17:30:00+00:00,31,Regular Season,40.0,IST,MIL,32.0,0.0,114.0,65.6
E2022,271,road,69.0,24.0,22.0,3.0,4.0,15.0,51.0,25.0,9.0,8.0,5.0,17.0,3.0,21.0,69.0,2023-03-28 17:30:00+00:00,31,Regular Season,40.0,MIL,IST,26.0,1.0,69.0,66.96000000000001
E2022,272,local,86.0,27.0,21.0,8.0,3.0,25.0,53.0,29.0,25.0,15.0,6.0,12.0,1.0,21.0,102.0,2023-03-28 17:30:00+00:00,31,Regular Season,40.0,PAN,MUN,24.0,10.0,102.0,70.0
E2022,272,road,76.0,36.0,17.0,6.0,1.0,21.0,59.0,25.0,16.0,15.0,12.0,17.0,3.0,25.0,77.0,2023-03-28 17:30:00+00:00,31,Regular Season,40.0,MUN,PAN,34.0,1.0,77.0,71.04
E2022,274,local,80.0,24.0,5.0,6.0,2.0,23.0,66.0,30.0,17.0,14.0,9.0,3.0,2.0,22.0,74.0,2023-03-28 18:30:00+00:00,31,Regular Season,40.0,PAR,BAR,36.0,3.0,74.0,67.48
E2022,274,road,89.0,34.0,25.0,1.0,2.0,22.0,49.0,29.0,23.0,20.0,8.0,14.0,2.0,24.0,110.0,2023-03-28 18:30:00+00:00,31,Regular Season,40.0,BAR,PAR,20.0,3.0,110.0,65.12
E2022,275,local,93.0,37.0,21.0,10.0,5.0,26.0,63.0,31.0,30.0,24.0,13.0,10.0,3.0,16.0,125.0,2023-03-28 18:30:00+00:00,31,Regular Season,40.0,BAS,BER,32.0,6.0,125.0,73.2
E2022,275,road,87.0,36.0,21.0,6.0,3.0,16.0,71.0,33.0,11.0,9.0,15.0,14.0,5.0,26.0,84.0,2023-03-28 18:30:00+00:00,31,Regular Season,40.0,BER,BAS,38.0,2.0,84.0,74.84
E2022,277,local,79.0,25.0,18.0,12.0,3.0,19.0,57.0,30.0,12.0,8.0,8.0,12.0,3.0,24.0,86.0,2023-03-29 16:00:00+00:00,31,Regular Season,40.0,ZAL,MCO,27.0,4.0,86.0,66.28
E2022,277,road,70.0,37.0,11.0,7.0,3.0,24.0,56.0,25.0,24.0,17.0,15.0,13.0,3.0,19.0,79.0,2023-03-29 16:00:00+00:00,31,Regular Season,40.0,MCO,ZAL,31.0,7.0,79.0,64.56
E2022,276,local,92.0,30.0,20.0,11.0,2.0,26.0,58.0,33.0,24.0,16.0,10.0,11.0,0.0,21.0,116.0,2023-03-29 17:00:00+00:00,31,Regular Season,40.0,RED,PAM,25.0,8.0,116.0,69.56
E2022,276,road,73.0,27.0,17.0,6.0,0.0,21.0,52.0,24.0,15.0,14.0,7.0,19.0,2.0,26.0,68.0,2023-03-29 17:00:00+00:00,31,Regular Season,40.0,PAM,RED,28.0,1.0,68.0,70.6
E2022,278,local,81.0,40.0,20.0,10.0,1.0,19.0,60.0,31.0,16.0,13.0,8.0,11.0,1.0,19.0,108.0,2023-03-29 18:00:00+00:00,31,Regular Season,40.0,OLY,ASV,29.0,3.0,108.0,70.04
E2022,278,road,55.0,26.0,8.0,6.0,1.0,19.0,54.0,20.0,14.0,8.0,5.0,16.0,1.0,19.0,39.0,2023-03-29 18:00:00+00:00,31,Regular Season,40.0,ASV,OLY,34.0,6.0,39.0,71.16
E2022,279,local,90.0,32.0,27.0,4.0,4.0,23.0,54.0,31.0,18.0,16.0,3.0,11.0,0.0,22.0,122.0,2023-03-29 18:45:00+00:00,31,Regular Season,40.0,MAD,ULK,23.0,2.0,122.0,69.92
E2022,279,road,75.0,30.0,12.0,3.0,0.0,21.0,67.0,28.0,14.0,11.0,11.0,7.0,4.0,23.0,65.0,2023-03-29 18:45:00+00:00,31,Regular Season,40.0,ULK,MAD,39.0,3.0,65.0,69.16
E2022,280,local,86.0,33.0,28.0,7.0,2.0,17.0,60.0,34.0,13.0,9.0,4.0,10.0,3.0,16.0,114.0,2023-03-30 17:30:00+00:00,32,Regular Season,40.0,IST,VIR,26.0,4.0,114.0,71.72
E2022,280,road,67.0,31.0,15.0,6.0,3.0,16.0,61.0,25.0,9.0,7.0,7.0,14.0,2.0,17.0,67.0,2023-03-30 17:30:00+00:00,32,Regular Season,40.0,VIR,IST,36.0,2.0,67.0,71.96
E2022,281,local,85.0,37.0,21.0,6.0,0.0,17.0,61.0,33.0,13.0,11.0,3.0,7.0,2.0,24.0,103.0,2023-03-30 18:05:00+00:00,32,Regular Season,40.0,TEL,MIL,28.0,2.0,103.0,70.72
E2022,281,road,66.0,27.0,13.0,3.0,2.0,24.0,52.0,20.0,28.0,18.0,3.0,7.0,0.0,17.0,69.0,2023-03-30 18:05:00+00:00,32,Regular Season,40.0,MIL,TEL,32.0,10.0,69.0,68.32
E2022,282,local,72.0,37.0,19.0,7.0,5.0,20.0,63.0,28.0,17.0,12.0,14.0,7.0,5.0,15.0,93.0,2023-03-30 18:30:00+00:00,32,Regular Season,40.0,BAR,BER,35.0,5.0,93.0,63.480000000000004
E2022,282,road,56.0,37.0,15.0,3.0,5.0,15.0,56.0,21.0,5.0,5.0,12.0,17.0,5.0,20.0,54.0,2023-03-30 18:30:00+00:00,32,Regular Season,40.0,BER,BAR,35.0,0.0,54.0,63.2
E2022,283,local,95.0,33.0,21.0,8.0,0.0,21.0,59.0,35.0,14.0,11.0,10.0,13.0,2.0,16.0,120.0,2023-03-31 17:00:00+00:00,32,Regular Season,40.0,ZAL,PAM,24.0,3.0,120.0,68.16
E2022,283,road,74.0,25.0,20.0,5.0,2.0,15.0,59.0,29.0,9.0,6.0,10.0,14.0,0.0,21.0,73.0,2023-03-31 17:00:00+00:00,32,Regular Season,40.0,PAM,ZAL,30.0,3.0,73.0,66.96000000000001
E2022,287,local,81.0,29.0,19.0,3.0,2.0,25.0,51.0,23.0,29.0,25.0,7.0,11.0,1.0,28.0,87.0,2023-03-31 17:00:00+00:00,32,Regular Season,40.0,MUN,MCO,28.0,4.0,87.0,67.75999999999999
E2022,287,road,84.0,33.0,16.0,6.0,1.0,28.0,55.0,25.0,36.0,27.0,11.0,9.0,2.0,26.0,92.0,2023-03-31 17:00:00+00:00,32,Regular Season,40.0,MCO,MUN,30.0,9.0,92.0,68.84
E2022,285,local,81.0,29.0,23.0,6.0,2.0,27.0,52.0,27.0,34.0,24.0,9.0,12.0,0.0,19.0,102.0,2023-03-31 18:30:00+00:00,32,Regular Season,40.0,OLY,PAN,25.0,10.0,102.0,69.96000000000001
E2022,285,road,73.0,29.0,17.0,7.0,0.0,19.0,53.0,23.0,23.0,19.0,10.0,14.0,2.0,27.0,68.0,2023-03-31 18:30:00+00:00,32,Regular Season,40.0,PAN,OLY,30.0,4.0,68.0,67.12
E2022,286,local,92.0,44.0,13.0,7.0,6.0,26.0,60.0,26.0,28.0,28.0,16.0,13.0,2.0,21.0,118.0,2023-03-31 18:30:00+00:00,32,Regular Season,40.0,BAS,ULK,34.0,0.0,118.0,69.32
E2022,286,road,69.0,28.0,12.0,8.0,2.0,21.0,62.0,25.0,22.0,15.0,11.0,11.0,6.0,26.0,53.0,2023-03-31 18:30:00+00:00,32,Regular Season,40.0,ULK,BAS,37.0,7.0,53.0,71.68
E2022,288,local,104.0,32.0,19.0,8.0,1.0,24.0,64.0,36.0,31.0,25.0,10.0,9.0,3.0,27.0,115.0,2023-03-31 18:30:00+00:00,32,Regular Season,40.0,PAR,MAD,28.0,6.0,115.0,76.64
E2022,288,road,90.0,29.0,22.0,3.0,3.0,26.0,54.0,25.0,36.0,31.0,9.0,14.0,1.0,24.0,100.0,2023-03-31 18:30:00+00:00,32,Regular Season,40.0,MAD,PAR,29.0,5.0,100.0,74.84
E2022,284,local,60.0,32.0,12.0,9.0,4.0,19.0,55.0,19.0,20.0,18.0,9.0,17.0,1.0,15.0,65.0,2023-03-31 19:00:00+00:00,32,Regular Season,40.0,ASV,RED,36.0,2.0,65.0,71.8
E2022,284,road,76.0,38.0,17.0,11.0,1.0,15.0,65.0,30.0,7.0,6.0,11.0,15.0,4.0,19.0,84.0,2023-03-31 19:00:00+00:00,32,Regular Season,40.0,RED,ASV,35.0,1.0,84.0,72.08
E2022,289,local,87.0,31.0,18.0,13.0,2.0,17.0,59.0,30.0,20.0,17.0,8.0,15.0,2.0,15.0,104.0,2023-04-06 17:00:00+00:00,33,Regular Season,40.0,RED,OLY,29.0,3.0,104.0,74.8
E2022,289,road,79.0,37.0,18.0,7.0,2.0,14.0,64.0,29.0,14.0,10.0,15.0,19.0,2.0,17.0,80.0,2023-04-06 17:00:00+00:00,33,Regular Season,40.0,OLY,RED,35.0,4.0,80.0,74.16
E2022,295,local,68.0,38.0,11.0,9.0,0.0,18.0,63.0,29.0,8.0,5.0,11.0,12.0,5.0,16.0,74.0,2023-04-06 17:00:00+00:00,33,Regular Season,40.0,ZAL,TEL,34.0,3.0,74.0,67.52
E2022,295,road,67.0,33.0,20.0,7.0,5.0,16.0,61.0,25.0,11.0,8.0,11.0,12.0,0.0,18.0,79.0,2023-04-06 17:00:00+00:00,33,Regular Season,40.0,TEL,ZAL,36.0,3.0,79.0,66.84
E2022,290,local,103.0,30.0,20.0,1.0,2.0,18.0,64.0,42.0,11.0,9.0,12.0,8.0,3.0,19.0,120.0,2023-04-06 17:45:00+00:00,33,Regular Season,40.0,ULK,IST,22.0,2.0,120.0,64.84
E2022,290,road,86.0,19.0,13.0,7.0,3.0,19.0,60.0,33.0,17.0,13.0,8.0,8.0,2.0,19.0,87.0,2023-04-06 17:45:00+00:00,33,Regular Season,40.0,IST,ULK,27.0,4.0,87.0,67.48
E2022,292,local,79.0,31.0,20.0,11.0,2.0,14.0,66.0,33.0,9.0,7.0,14.0,10.0,2.0,18.0,92.0,2023-04-06 18:30:00+00:00,33,Regular Season,40.0,PAM,VIR,33.0,2.0,92.0,65.96
E2022,292,road,68.0,27.0,17.0,6.0,2.0,18.0,48.0,24.0,13.0,12.0,6.0,20.0,2.0,14.0,77.0,2023-04-06 18:30:00+00:00,33,Regular Season,40.0,VIR,PAM,24.0,1.0,77.0,67.72
E2022,293,local,79.0,33.0,19.0,7.0,8.0,18.0,56.0,27.0,16.0,11.0,4.0,10.0,1.0,16.0,103.0,2023-04-06 18:45:00+00:00,33,Regular Season,40.0,MAD,MUN,29.0,5.0,103.0,69.03999999999999
E2022,293,road,67.0,34.0,13.0,5.0,1.0,16.0,65.0,26.0,5.0,4.0,11.0,12.0,8.0,18.0,58.0,2023-04-06 18:45:00+00:00,33,Regular Season,40.0,MUN,MAD,39.0,1.0,58.0,68.2
E2022,291,local,120.0,30.0,33.0,9.0,0.0,21.0,70.0,42.0,28.0,19.0,13.0,9.0,1.0,24.0,142.0,2023-04-06 19:00:00+00:00,33,Regular Season,40.0,BAS,ASV,28.0,9.0,142.0,78.32
E2022,291,road,100.0,25.0,13.0,7.0,1.0,23.0,52.0,31.0,32.0,27.0,5.0,16.0,0.0,22.0,105.0,2023-04-06 19:00:00+00:00,33,Regular Season,40.0,ASV,BAS,21.0,5.0,105.0,77.08
E2022,296,local,84.0,32.0,10.0,5.0,3.0,26.0,57.0,28.0,29.0,23.0,8.0,12.0,2.0,24.0,87.0,2023-04-07 18:00:00+00:00,33,Regular Season,40.0,PAN,BER,29.0,6.0,87.0,73.76
E2022,296,road,88.0,34.0,19.0,8.0,2.0,22.0,64.0,29.0,23.0,21.0,10.0,12.0,3.0,26.0,95.0,2023-04-07 18:00:00+00:00,33,Regular Season,40.0,BER,PAN,35.0,2.0,95.0,76.12
E2022,297,local,84.0,25.0,21.0,11.0,3.0,26.0,52.0,28.0,21.0,17.0,3.0,9.0,1.0,21.0,111.0,2023-04-07 18:30:00+00:00,33,Regular Season,40.0,MIL,BAR,24.0,4.0,111.0,67.24000000000001
E2022,297,road,76.0,41.0,18.0,5.0,1.0,21.0,66.0,24.0,20.0,17.0,18.0,13.0,3.0,26.0,75.0,2023-04-07 18:30:00+00:00,33,Regular Season,40.0,BAR,MIL,42.0,3.0,75.0,69.8
E2022,294,local,84.0,26.0,13.0,7.0,2.0,22.0,61.0,33.0,15.0,13.0,5.0,13.0,1.0,25.0,85.0,2023-04-07 19:00:00+00:00,33,Regular Season,40.0,MCO,PAR,28.0,2.0,85.0,75.6
E2022,294,road,88.0,27.0,13.0,5.0,1.0,24.0,54.0,27.0,27.0,23.0,7.0,14.0,2.0,23.0,88.0,2023-04-07 19:00:00+00:00,33,Regular Season,40.0,PAR,MCO,27.0,4.0,88.0,72.88
E2022,298,local,91.0,29.0,16.0,9.0,1.0,22.0,61.0,34.0,18.0,15.0,8.0,15.0,3.0,26.0,94.0,2023-04-13 17:00:00+00:00,34,Regular Season,45.0,RED,ULK,27.0,3.0,94.0,75.92
E2022,298,road,89.0,38.0,25.0,9.0,3.0,25.0,71.0,31.0,23.0,17.0,18.0,15.0,1.0,22.0,105.0,2023-04-13 17:00:00+00:00,34,Regular Season,45.0,ULK,RED,40.0,6.0,105.0,78.12
E2022,299,local,88.0,39.0,23.0,6.0,4.0,15.0,69.0,36.0,9.0,7.0,12.0,8.0,1.0,19.0,112.0,2023-04-13 17:00:00+00:00,34,Regular Season,40.0,BER,ASV,33.0,2.0,112.0,68.96
E2022,299,road,71.0,32.0,14.0,7.0,1.0,19.0,64.0,29.0,11.0,8.0,10.0,10.0,4.0,15.0,77.0,2023-04-13 17:00:00+00:00,34,Regular Season,40.0,ASV,BER,35.0,3.0,77.0,68.84
E2022,300,local,86.0,44.0,21.0,6.0,3.0,28.0,55.0,28.0,25.0,18.0,10.0,16.0,2.0,20.0,116.0,2023-04-13 18:00:00+00:00,34,Regular Season,40.0,OLY,BAS,27.0,7.0,116.0,72.0
E2022,300,road,78.0,31.0,16.0,5.0,2.0,20.0,72.0,29.0,16.0,10.0,11.0,7.0,3.0,28.0,65.0,2023-04-13 18:00:00+00:00,34,Regular Season,40.0,BAS,OLY,43.0,6.0,65.0,75.04
E2022,301,local,100.0,49.0,19.0,5.0,4.0,23.0,79.0,35.0,23.0,22.0,16.0,13.0,2.0,28.0,112.0,2023-04-13 18:05:00+00:00,34,Regular Season,45.0,TEL,MAD,44.0,1.0,112.0,86.12
E2022,301,road,96.0,37.0,24.0,7.0,2.0,27.0,64.0,29.0,36.0,26.0,8.0,14.0,4.0,23.0,107.0,2023-04-13 18:05:00+00:00,34,Regular Season,45.0,MAD,TEL,35.0,10.0,107.0,85.84
E2022,302,local,89.0,25.0,23.0,8.0,2.0,26.0,58.0,31.0,28.0,18.0,2.0,7.0,2.0,18.0,109.0,2023-04-13 18:45:00+00:00,34,Regular Season,40.0,VIR,MIL,27.0,10.0,109.0,75.32
E2022,302,road,84.0,31.0,20.0,2.0,2.0,18.0,58.0,31.0,12.0,11.0,4.0,13.0,2.0,26.0,88.0,2023-04-13 18:45:00+00:00,34,Regular Season,40.0,MIL,VIR,27.0,1.0,88.0,72.28
E2022,303,local,87.0,39.0,19.0,6.0,4.0,19.0,66.0,33.0,19.0,14.0,10.0,6.0,4.0,14.0,112.0,2023-04-14 17:30:00+00:00,34,Regular Season,40.0,IST,MCO,33.0,5.0,112.0,70.36
E2022,303,road,72.0,39.0,15.0,4.0,4.0,14.0,73.0,29.0,13.0,11.0,15.0,7.0,4.0,20.0,71.0,2023-04-14 17:30:00+00:00,34,Regular Season,40.0,MCO,IST,44.0,2.0,71.0,70.72
E2022,304,local,85.0,43.0,24.0,5.0,5.0,21.0,62.0,32.0,11.0,8.0,14.0,21.0,1.0,18.0,110.0,2023-04-14 18:30:00+00:00,34,Regular Season,40.0,BAR,PAM,30.0,3.0,110.0,73.84
E2022,304,road,71.0,23.0,18.0,12.0,1.0,18.0,64.0,29.0,7.0,6.0,6.0,13.0,5.0,21.0,68.0,2023-04-14 18:30:00+00:00,34,Regular Season,40.0,PAM,BAR,35.0,1.0,68.0,74.08
E2022,305,local,83.0,27.0,18.0,7.0,3.0,22.0,58.0,31.0,15.0,11.0,9.0,9.0,2.0,17.0,101.0,2023-04-14 18:30:00+00:00,34,Regular Season,40.0,PAR,PAN,27.0,4.0,101.0,64.6
E2022,305,road,81.0,33.0,13.0,7.0,2.0,17.0,59.0,30.0,15.0,11.0,14.0,16.0,3.0,22.0,79.0,2023-04-14 18:30:00+00:00,34,Regular Season,40.0,PAN,PAR,29.0,4.0,79.0,67.6
E2022,306,local,80.0,28.0,13.0,4.0,2.0,22.0,57.0,27.0,20.0,18.0,9.0,10.0,2.0,22.0,83.0,2023-04-14 18:30:00+00:00,34,Regular Season,40.0,MUN,ZAL,30.0,2.0,83.0,66.8
E2022,306,road,83.0,31.0,14.0,5.0,2.0,22.0,54.0,26.0,26.0,23.0,9.0,8.0,2.0,22.0,94.0,2023-04-14 18:30:00+00:00,34,Regular Season,40.0,ZAL,MUN,28.0,3.0,94.0,64.44
E2022,308,local,67.0,32.0,18.0,5.0,3.0,28.0,56.0,21.0,28.0,21.0,6.0,13.0,0.0,19.0,79.0,2023-04-25 18:15:00+00:00,35,Playoffs,40.0,MCO,TEL,35.0,7.0,79.0,75.32
E2022,308,road,79.0,38.0,17.0,6.0,0.0,19.0,62.0,30.0,17.0,12.0,9.0,14.0,3.0,28.0,77.0,2023-04-25 18:15:00+00:00,35,Playoffs,40.0,TEL,MCO,32.0,5.0,77.0,74.48
E2022,309,local,87.0,35.0,16.0,5.0,3.0,22.0,64.0,31.0,25.0,18.0,13.0,7.0,2.0,27.0,92.0,2023-04-25 18:45:00+00:00,35,Playoffs,40.0,MAD,PAR,33.0,7.0,92.0,69.0
E2022,309,road,89.0,30.0,13.0,2.0,2.0,28.0,55.0,26.0,27.0,24.0,8.0,10.0,3.0,23.0,96.0,2023-04-25 18:45:00+00:00,35,Playoffs,40.0,PAR,MAD,29.0,3.0,96.0,68.88
E2022,310,local,91.0,37.0,17.0,7.0,1.0,23.0,58.0,28.0,21.0,21.0,13.0,12.0,1.0,24.0,109.0,2023-04-26 18:00:00+00:00,35,Playoffs,40.0,BAR,ZAL,30.0,0.0,109.0,66.24
E2022,310,road,69.0,28.0,6.0,6.0,1.0,24.0,57.0,24.0,21.0,19.0,11.0,13.0,1.0,23.0,62.0,2023-04-26 18:00:00+00:00,35,Playoffs,40.0,ZAL,BAR,33.0,2.0,62.0,68.24
E2022,307,local,79.0,28.0,18.0,7.0,1.0,17.0,60.0,28.0,9.0,7.0,6.0,7.0,1.0,16.0,92.0,2023-04-26 18:45:00+00:00,35,Playoffs,40.0,OLY,ULK,32.0,2.0,92.0,64.96000000000001
E2022,307,road,68.0,34.0,18.0,5.0,1.0,16.0,55.0,25.0,11.0,9.0,9.0,14.0,1.0,17.0,78.0,2023-04-26 18:45:00+00:00,35,Playoffs,40.0,ULK,OLY,30.0,2.0,78.0,64.84
E2022,312,local,86.0,32.0,15.0,6.0,2.0,24.0,64.0,29.0,24.0,17.0,10.0,10.0,2.0,20.0,91.0,2023-04-27 18:15:00+00:00,36,Playoffs,40.0,MCO,TEL,35.0,7.0,91.0,74.56
E2022,312,road,74.0,40.0,14.0,6.0,2.0,19.0,62.0,26.0,19.0,14.0,16.0,17.0,2.0,29.0,66.0,2023-04-27 18:15:00+00:00,36,Playoffs,40.0,TEL,MCO,36.0,5.0,66.0,71.36
E2022,313,local,80.0,28.0,16.0,7.0,1.0,23.0,57.0,27.0,21.0,18.0,8.0,13.0,2.0,37.0,70.0,2023-04-27 18:45:00+00:00,36,Playoffs,40.0,MAD,PAR,30.0,3.0,70.0,71.24
E2022,313,road,95.0,29.0,15.0,7.0,2.0,27.0,56.0,29.0,28.0,25.0,7.0,11.0,1.0,34.0,99.0,2023-04-27 18:45:00+00:00,36,Playoffs,40.0,PAR,MAD,27.0,3.0,99.0,72.32
E2022,314,local,89.0,25.0,21.0,4.0,2.0,23.0,58.0,30.0,20.0,19.0,7.0,7.0,1.0,21.0,106.0,2023-04-28 18:00:00+00:00,36,Playoffs,40.0,BAR,ZAL,28.0,1.0,106.0,66.8
E2022,314,road,81.0,26.0,13.0,3.0,1.0,21.0,53.0,29.0,16.0,15.0,5.0,12.0,2.0,23.0,83.0,2023-04-28 18:00:00+00:00,36,Playoffs,40.0,ZAL,BAR,24.0,1.0,83.0,67.03999999999999
E2022,311,local,78.0,30.0,16.0,6.0,4.0,24.0,48.0,25.0,25.0,21.0,5.0,14.0,0.0,25.0,92.0,2023-04-28 18:30:00+00:00,36,Playoffs,40.0,OLY,ULK,23.0,4.0,92.0,68.0
E2022,311,road,82.0,34.0,21.0,6.0,0.0,25.0,65.0,29.0,22.0,17.0,15.0,7.0,4.0,24.0,92.0,2023-04-28 18:30:00+00:00,36,Playoffs,40.0,ULK,OLY,36.0,5.0,92.0,66.68
E2022,316,local,78.0,39.0,15.0,2.0,2.0,26.0,60.0,27.0,26.0,18.0,9.0,10.0,1.0,25.0,85.0,2023-05-02 18:05:00+00:00,37,Playoffs,40.0,TEL,MCO,33.0,8.0,85.0,72.44
E2022,316,road,83.0,39.0,17.0,7.0,1.0,24.0,65.0,27.0,26.0,21.0,12.0,5.0,2.0,27.0,94.0,2023-05-02 18:05:00+00:00,37,Playoffs,40.0,MCO,TEL,38.0,5.0,94.0,69.44
E2022,317,local,80.0,34.0,13.0,5.0,1.0,21.0,66.0,28.0,18.0,14.0,10.0,7.0,3.0,17.0,85.0,2023-05-02 18:30:00+00:00,37,Playoffs,40.0,PAR,MAD,38.0,4.0,85.0,70.92
E2022,317,road,82.0,40.0,18.0,3.0,3.0,17.0,61.0,29.0,21.0,16.0,10.0,12.0,1.0,21.0,92.0,2023-05-02 18:30:00+00:00,37,Playoffs,40.0,MAD,PAR,32.0,5.0,92.0,72.24
E2022,318,local,66.0,34.0,10.0,9.0,0.0,22.0,62.0,26.0,11.0,10.0,12.0,14.0,1.0,22.0,67.0,2023-05-03 17:00:00+00:00,37,Playoffs,40.0,ZAL,BAR,36.0,1.0,67.0,68.84
E2022,318,road,77.0,26.0,18.0,8.0,1.0,22.0,49.0,25.0,17.0,16.0,2.0,14.0,0.0,22.0,91.0,2023-05-03 17:00:00+00:00,37,Playoffs,40.0,BAR,ZAL,24.0,1.0,91.0,68.48
E2022,315,local,71.0,34.0,17.0,8.0,1.0,16.0,61.0,25.0,15.0,14.0,8.0,10.0,3.0,18.0,79.0,2023-05-03 17:45:00+00:00,37,Playoffs,40.0,ULK,OLY,36.0,1.0,79.0,69.6
E2022,315,road,72.0,39.0,16.0,6.0,3.0,18.0,62.0,27.0,16.0,12.0,11.0,12.0,1.0,16.0,86.0,2023-05-03 17:45:00+00:00,37,Playoffs,40.0,OLY,ULK,35.0,4.0,86.0,70.04
E2022,320,local,104.0,46.0,22.0,9.0,1.0,22.0,70.0,36.0,26.0,19.0,15.0,10.0,1.0,24.0,128.0,2023-05-04 18:05:00+00:00,38,Playoffs,40.0,TEL,MCO,34.0,7.0,128.0,76.44
E2022,320,road,69.0,35.0,15.0,7.0,1.0,24.0,64.0,23.0,27.0,20.0,13.0,13.0,1.0,23.0,66.0,2023-05-04 18:05:00+00:00,38,Playoffs,40.0,MCO,TEL,41.0,7.0,66.0,75.88
E2022,321,local,78.0,31.0,12.0,7.0,1.0,22.0,67.0,31.0,19.0,10.0,11.0,7.0,2.0,23.0,74.0,2023-05-04 18:30:00+00:00,38,Playoffs,40.0,PAR,MAD,36.0,9.0,74.0,71.36
E2022,321,road,85.0,36.0,18.0,3.0,2.0,22.0,57.0,30.0,19.0,17.0,7.0,12.0,1.0,22.0,102.0,2023-05-04 18:30:00+00:00,38,Playoffs,40.0,MAD,PAR,27.0,2.0,102.0,70.36
E2022,319,local,73.0,30.0,16.0,5.0,1.0,22.0,52.0,26.0,19.0,12.0,7.0,13.0,2.0,16.0,83.0,2023-05-05 17:45:00+00:00,38,Playoffs,40.0,ULK,OLY,26.0,7.0,83.0,66.36
E2022,319,road,69.0,32.0,11.0,6.0,2.0,16.0,63.0,27.0,10.0,8.0,11.0,14.0,1.0,22.0,61.0,2023-05-05 17:45:00+00:00,38,Playoffs,40.0,OLY,ULK,36.0,2.0,61.0,70.4
E2022,323,local,84.0,39.0,16.0,4.0,5.0,23.0,60.0,29.0,26.0,22.0,11.0,12.0,0.0,22.0,102.0,2023-05-09 18:30:00+00:00,39,Playoffs,40.0,OLY,ULK,31.0,4.0,102.0,72.44
E2022,323,road,72.0,30.0,12.0,4.0,0.0,21.0,62.0,24.0,18.0,16.0,10.0,8.0,5.0,24.0,62.0,2023-05-09 18:30:00+00:00,39,Playoffs,40.0,ULK,OLY,38.0,2.0,62.0,67.92
E2022,324,local,97.0,38.0,14.0,10.0,5.0,25.0,68.0,32.0,32.0,26.0,15.0,10.0,0.0,27.0,110.0,2023-05-10 18:00:00+00:00,39,Playoffs,40.0,MCO,TEL,36.0,6.0,110.0,77.08
E2022,324,road,86.0,28.0,13.0,6.0,0.0,26.0,52.0,26.0,28.0,20.0,6.0,15.0,5.0,26.0,79.0,2023-05-10 18:00:00+00:00,39,Playoffs,40.0,TEL,MCO,26.0,8.0,79.0,73.32
E2022,325,local,98.0,36.0,15.0,5.0,3.0,23.0,63.0,33.0,25.0,22.0,9.0,8.0,6.0,28.0,105.0,2023-05-10 19:00:00+00:00,39,Playoffs,40.0,MAD,PAR,30.0,3.0,105.0,73.0
E2022,325,road,94.0,28.0,16.0,4.0,6.0,28.0,61.0,27.0,30.0,25.0,8.0,6.0,3.0,23.0,105.0,2023-05-10 19:00:00+00:00,39,Playoffs,40.0,PAR,MAD,34.0,5.0,105.0,72.2
E2022,327,local,76.0,37.0,23.0,7.0,1.0,24.0,48.0,25.0,33.0,19.0,9.0,12.0,1.0,21.0,97.0,2023-05-19 15:00:00+00:00,40,Final Four,40.0,OLY,MCO,23.0,14.0,97.0,65.52
E2022,327,road,62.0,33.0,10.0,5.0,1.0,21.0,55.0,20.0,24.0,17.0,10.0,12.0,1.0,24.0,53.0,2023-05-19 15:00:00+00:00,40,Final Four,40.0,MCO,OLY,35.0,7.0,53.0,67.56
E2022,328,local,66.0,43.0,13.0,8.0,3.0,21.0,69.0,24.0,11.0,4.0,14.0,14.0,6.0,23.0,59.0,2023-05-19 18:00:00+00:00,40,Final Four,40.0,BAR,MAD,45.0,7.0,59.0,73.84
E2022,328,road,78.0,45.0,17.0,6.0,6.0,23.0,67.0,28.0,19.0,15.0,13.0,11.0,3.0,21.0,97.0,2023-05-19 18:00:00+00:00,40,Final Four,40.0,MAD,BAR,39.0,4.0,97.0,73.36
E2022,329,local,78.0,37.0,17.0,8.0,3.0,20.0,59.0,31.0,18.0,13.0,9.0,14.0,2.0,18.0,96.0,2023-05-21 14:00:00+00:00,41,Final Four,40.0,MCO,BAR,28.0,5.0,96.0,71.92
E2022,329,road,66.0,29.0,21.0,10.0,2.0,18.0,61.0,26.0,8.0,6.0,8.0,13.0,3.0,20.0,73.0,2023-05-21 14:00:00+00:00,41,Final Four,40.0,BAR,MCO,35.0,2.0,73.0,69.52
E2022,330,local,78.0,30.0,21.0,1.0,1.0,18.0,62.0,28.0,15.0,10.0,10.0,6.0,0.0,17.0,87.0,2023-05-21 17:00:00+00:00,41,Final Four,40.0,OLY,MAD,34.0,5.0,87.0,64.6
E2022,330,road,79.0,37.0,19.0,6.0,0.0,17.0,62.0,29.0,11.0,9.0,13.0,10.0,1.0,18.0,94.0,2023-05-21 17:00:00+00:00,41,Final Four,40.0,MAD,OLY,33.0,2.0,94.0,63.84
E2023,1,local,94.0,40.0,19.0,10.0,2.0,14.0,71.0,33.0,13.0,11.0,17.0,10.0,3.0,21.0,105.0,2023-10-05 17:00:00+00:00,1,Regular Season,40.0,RED,ASV,38.0,2.0,105.0,69.72
E2023,1,road,73.0,31.0,17.0,5.0,3.0,21.0,54.0,26.0,21.0,12.0,9.0,16.0,2.0,14.0,81.0,2023-10-05 17:00:00+00:00,1,Regular Season,40.0,ASV,RED,28.0,9.0,81.0,70.24000000000001
E2023,4,local,96.0,34.0,31.0,11.0,2.0,18.0,69.0,36.0,20.0,15.0,15.0,12.0,2.0,19.0,121.0,2023-10-05 18:05:00+00:00,1,Regular Season,40.0,TEL,PAR,33.0,5.0,121.0,74.8
E2023,4,road,81.0,26.0,18.0,7.0,2.0,19.0,56.0,31.0,18.0,14.0,7.0,16.0,2.0,18.0,88.0,2023-10-05 18:05:00+00:00,1,Regular Season,40.0,PAR,TEL,25.0,4.0,88.0,72.92
E2023,2,local,91.0,35.0,21.0,5.0,3.0,15.0,62.0,38.0,12.0,9.0,9.0,13.0,1.0,15.0,114.0,2023-10-05 18:30:00+00:00,1,Regular Season,40.0,BAR,IST,24.0,3.0,114.0,71.28
E2023,2,road,74.0,25.0,24.0,9.0,1.0,15.0,67.0,31.0,6.0,3.0,9.0,10.0,3.0,15.0,81.0,2023-10-05 18:30:00+00:00,1,Regular Season,40.0,IST,BAR,36.0,3.0,81.0,70.64
E2023,3,local,80.0,49.0,12.0,5.0,3.0,17.0,67.0,32.0,10.0,7.0,20.0,16.0,3.0,21.0,88.0,2023-10-05 18:30:00+00:00,1,Regular Season,40.0,MUN,BER,35.0,3.0,88.0,67.4
E2023,3,road,68.0,17.0,14.0,10.0,3.0,21.0,54.0,23.0,19.0,15.0,3.0,9.0,3.0,17.0,69.0,2023-10-05 18:30:00+00:00,1,Regular Season,40.0,BER,MUN,31.0,4.0,69.0,68.36
E2023,5,local,79.0,32.0,21.0,8.0,1.0,19.0,64.0,31.0,11.0,9.0,10.0,14.0,3.0,18.0,90.0,2023-10-05 18:30:00+00:00,1,Regular Season,40.0,VIR,ZAL,33.0,2.0,90.0,72.84
E2023,5,road,82.0,30.0,11.0,6.0,3.0,17.0,58.0,29.0,18.0,13.0,8.0,15.0,1.0,19.0,80.0,2023-10-05 18:30:00+00:00,1,Regular Season,40.0,ZAL,VIR,29.0,5.0,80.0,72.92
E2023,6,local,85.0,27.0,15.0,5.0,1.0,16.0,65.0,32.0,11.0,7.0,4.0,12.0,3.0,23.0,74.0,2023-10-06 17:45:00+00:00,1,Regular Season,45.0,ULK,MIL,33.0,4.0,74.0,77.84
E2023,6,road,82.0,41.0,18.0,9.0,3.0,22.0,62.0,29.0,18.0,13.0,10.0,19.0,1.0,16.0,101.0,2023-10-06 17:45:00+00:00,1,Regular Season,45.0,MIL,ULK,33.0,5.0,101.0,78.92
E2023,7,local,78.0,32.0,15.0,8.0,2.0,19.0,56.0,26.0,19.0,16.0,7.0,19.0,2.0,17.0,83.0,2023-10-06 18:15:00+00:00,1,Regular Season,45.0,PAN,OLY,30.0,3.0,83.0,76.36
E2023,7,road,88.0,30.0,20.0,13.0,2.0,17.0,67.0,34.0,6.0,5.0,8.0,14.0,2.0,20.0,100.0,2023-10-06 18:15:00+00:00,1,Regular Season,45.0,OLY,PAN,33.0,1.0,100.0,75.64
E2023,8,local,77.0,52.0,18.0,4.0,3.0,22.0,78.0,29.0,16.0,14.0,21.0,12.0,4.0,15.0,94.0,2023-10-06 18:30:00+00:00,1,Regular Season,40.0,BAS,MAD,49.0,2.0,94.0,76.04
E2023,8,road,79.0,37.0,19.0,7.0,4.0,15.0,68.0,28.0,12.0,8.0,9.0,9.0,3.0,23.0,82.0,2023-10-06 18:30:00+00:00,1,Regular Season,40.0,MAD,BAS,40.0,4.0,82.0,73.28
E2023,9,local,70.0,38.0,14.0,5.0,4.0,20.0,54.0,22.0,19.0,15.0,14.0,20.0,2.0,22.0,71.0,2023-10-06 18:30:00+00:00,1,Regular Season,40.0,PAM,MCO,32.0,4.0,71.0,68.36
E2023,9,road,65.0,29.0,13.0,12.0,2.0,22.0,57.0,23.0,15.0,11.0,11.0,16.0,4.0,20.0,65.0,2023-10-06 18:30:00+00:00,1,Regular Season,40.0,MCO,PAM,34.0,4.0,65.0,68.6
E2023,11,local,80.0,32.0,19.0,7.0,2.0,15.0,69.0,30.0,15.0,10.0,13.0,10.0,3.0,20.0,78.0,2023-10-12 17:30:00+00:00,2,Regular Season,40.0,IST,MAD,39.0,5.0,78.0,72.6
E2023,11,road,103.0,38.0,22.0,3.0,3.0,20.0,63.0,33.0,28.0,25.0,10.0,10.0,2.0,16.0,128.0,2023-10-12 17:30:00+00:00,2,Regular Season,40.0,MAD,IST,30.0,3.0,128.0,75.32
E2023,10,local,86.0,31.0,19.0,12.0,2.0,17.0,67.0,31.0,17.0,16.0,10.0,16.0,2.0,19.0,93.0,2023-10-12 18:00:00+00:00,2,Regular Season,40.0,BER,BAS,36.0,1.0,93.0,80.48
E2023,10,road,91.0,39.0,19.0,8.0,2.0,19.0,68.0,33.0,19.0,13.0,14.0,20.0,2.0,17.0,98.0,2023-10-12 18:00:00+00:00,2,Regular Season,40.0,BAS,BER,35.0,6.0,98.0,82.36
E2023,14,local,62.0,35.0,9.0,4.0,0.0,19.0,66.0,23.0,12.0,12.0,14.0,14.0,6.0,17.0,49.0,2023-10-12 18:00:00+00:00,2,Regular Season,40.0,ASV,PAR,43.0,0.0,49.0,71.28
E2023,14,road,88.0,36.0,18.0,11.0,6.0,16.0,60.0,32.0,21.0,20.0,8.0,10.0,0.0,19.0,117.0,2023-10-12 18:00:00+00:00,2,Regular Season,40.0,PAR,ASV,28.0,1.0,117.0,71.24
E2023,13,local,78.0,32.0,12.0,6.0,2.0,20.0,52.0,26.0,19.0,17.0,6.0,14.0,3.0,16.0,89.0,2023-10-12 18:15:00+00:00,2,Regular Season,40.0,PAN,MUN,26.0,2.0,89.0,68.36
E2023,13,road,71.0,34.0,11.0,7.0,3.0,16.0,71.0,29.0,7.0,7.0,14.0,10.0,2.0,20.0,68.0,2023-10-12 18:15:00+00:00,2,Regular Season,40.0,MUN,PAN,42.0,0.0,68.0,70.08
E2023,15,local,59.0,35.0,9.0,4.0,1.0,27.0,64.0,21.0,25.0,13.0,17.0,8.0,1.0,19.0,52.0,2023-10-13 17:00:00+00:00,2,Regular Season,40.0,MCO,VIR,43.0,12.0,52.0,66.0
E2023,15,road,83.0,46.0,18.0,4.0,1.0,19.0,61.0,29.0,13.0,9.0,15.0,14.0,1.0,27.0,93.0,2023-10-13 17:00:00+00:00,2,Regular Season,40.0,VIR,MCO,32.0,4.0,93.0,65.72
E2023,18,local,79.0,34.0,17.0,5.0,5.0,21.0,62.0,32.0,14.0,8.0,10.0,8.0,1.0,22.0,94.0,2023-10-13 17:00:00+00:00,2,Regular Season,40.0,ZAL,RED,30.0,6.0,94.0,66.16
E2023,18,road,74.0,41.0,13.0,3.0,1.0,22.0,69.0,26.0,20.0,16.0,20.0,10.0,5.0,21.0,71.0,2023-10-13 17:00:00+00:00,2,Regular Season,40.0,RED,ZAL,43.0,4.0,71.0,67.8
E2023,16,local,68.0,26.0,17.0,11.0,2.0,15.0,63.0,28.0,7.0,5.0,10.0,12.0,3.0,16.0,71.0,2023-10-13 18:15:00+00:00,2,Regular Season,40.0,OLY,BAR,35.0,2.0,71.0,68.08
E2023,16,road,77.0,32.0,20.0,7.0,3.0,16.0,49.0,27.0,10.0,8.0,7.0,18.0,2.0,15.0,96.0,2023-10-13 18:15:00+00:00,2,Regular Season,40.0,BAR,OLY,22.0,2.0,96.0,64.4
E2023,17,local,77.0,42.0,17.0,4.0,2.0,26.0,62.0,28.0,24.0,17.0,14.0,12.0,6.0,21.0,88.0,2023-10-13 18:30:00+00:00,2,Regular Season,40.0,PAM,ULK,34.0,7.0,88.0,70.56
E2023,17,road,74.0,32.0,13.0,6.0,6.0,21.0,65.0,26.0,19.0,11.0,12.0,9.0,2.0,27.0,67.0,2023-10-13 18:30:00+00:00,2,Regular Season,40.0,ULK,PAM,39.0,8.0,67.0,70.36
E2023,22,local,83.0,33.0,11.0,3.0,2.0,23.0,62.0,31.0,24.0,17.0,9.0,6.0,3.0,20.0,88.0,2023-10-17 16:30:00+00:00,3,Regular Season,40.0,PAR,BAR,31.0,7.0,88.0,69.56
E2023,22,road,92.0,42.0,24.0,4.0,3.0,20.0,71.0,30.0,20.0,19.0,16.0,7.0,2.0,23.0,111.0,2023-10-17 16:30:00+00:00,3,Regular Season,40.0,BAR,PAR,41.0,1.0,111.0,70.8
E2023,21,local,83.0,34.0,20.0,6.0,1.0,17.0,61.0,30.0,12.0,11.0,11.0,13.0,1.0,22.0,93.0,2023-10-17 17:15:00+00:00,3,Regular Season,40.0,ULK,PAN,31.0,1.0,93.0,68.28
E2023,21,road,69.0,28.0,11.0,5.0,1.0,22.0,55.0,26.0,19.0,10.0,10.0,13.0,1.0,17.0,67.0,2023-10-17 17:15:00+00:00,3,Regular Season,40.0,PAN,ULK,29.0,9.0,67.0,66.36
E2023,19,local,89.0,34.0,20.0,7.0,2.0,19.0,54.0,31.0,22.0,18.0,7.0,16.0,3.0,20.0,105.0,2023-10-17 17:30:00+00:00,3,Regular Season,40.0,IST,ASV,23.0,4.0,105.0,72.68
E2023,19,road,84.0,24.0,15.0,6.0,3.0,20.0,62.0,28.0,21.0,18.0,7.0,13.0,2.0,19.0,81.0,2023-10-17 17:30:00+00:00,3,Regular Season,40.0,ASV,IST,34.0,3.0,81.0,77.24
E2023,24,local,68.0,33.0,15.0,7.0,2.0,18.0,64.0,24.0,17.0,11.0,12.0,14.0,5.0,20.0,58.0,2023-10-17 18:30:00+00:00,3,Regular Season,40.0,BAS,MUN,40.0,6.0,58.0,73.48
E2023,24,road,76.0,43.0,17.0,7.0,5.0,20.0,64.0,28.0,15.0,12.0,14.0,13.0,2.0,18.0,96.0,2023-10-17 18:30:00+00:00,3,Regular Season,40.0,MUN,BAS,36.0,3.0,96.0,69.6
E2023,20,local,65.0,29.0,14.0,7.0,0.0,16.0,51.0,24.0,11.0,9.0,7.0,14.0,2.0,21.0,65.0,2023-10-17 18:45:00+00:00,3,Regular Season,40.0,MIL,OLY,27.0,2.0,65.0,62.84
E2023,20,road,53.0,31.0,12.0,6.0,2.0,20.0,53.0,19.0,12.0,10.0,11.0,15.0,0.0,18.0,55.0,2023-10-17 18:45:00+00:00,3,Regular Season,40.0,OLY,MIL,34.0,2.0,55.0,62.28
E2023,23,local,93.0,35.0,26.0,6.0,6.0,19.0,59.0,34.0,19.0,13.0,7.0,13.0,1.0,18.0,122.0,2023-10-17 18:45:00+00:00,3,Regular Season,40.0,MAD,ZAL,25.0,6.0,122.0,73.36
E2023,23,road,79.0,32.0,14.0,5.0,1.0,18.0,72.0,31.0,8.0,7.0,11.0,10.0,6.0,19.0,72.0,2023-10-17 18:45:00+00:00,3,Regular Season,40.0,ZAL,MAD,41.0,1.0,72.0,74.52
E2023,25,local,76.0,30.0,19.0,9.0,1.0,21.0,67.0,27.0,13.0,12.0,16.0,10.0,2.0,20.0,83.0,2023-10-18 18:00:00+00:00,3,Regular Season,40.0,RED,MCO,40.0,1.0,83.0,66.72
E2023,25,road,82.0,35.0,23.0,5.0,2.0,20.0,58.0,31.0,13.0,10.0,12.0,14.0,1.0,21.0,101.0,2023-10-18 18:00:00+00:00,3,Regular Season,40.0,MCO,RED,27.0,3.0,101.0,65.72
E2023,26,local,75.0,35.0,20.0,8.0,3.0,19.0,57.0,27.0,17.0,14.0,11.0,16.0,3.0,19.0,89.0,2023-10-18 18:30:00+00:00,3,Regular Season,40.0,PAM,TEL,30.0,3.0,89.0,69.48
E2023,26,road,66.0,27.0,18.0,2.0,3.0,18.0,56.0,23.0,17.0,12.0,8.0,15.0,3.0,19.0,59.0,2023-10-18 18:30:00+00:00,3,Regular Season,40.0,TEL,PAM,33.0,5.0,59.0,70.48
E2023,27,local,87.0,29.0,21.0,9.0,2.0,17.0,64.0,32.0,17.0,13.0,8.0,10.0,1.0,16.0,102.0,2023-10-18 18:30:00+00:00,3,Regular Season,40.0,VIR,BER,32.0,4.0,102.0,73.48
E2023,27,road,76.0,32.0,12.0,6.0,1.0,16.0,56.0,29.0,13.0,9.0,7.0,17.0,2.0,17.0,76.0,2023-10-18 18:30:00+00:00,3,Regular Season,40.0,BER,VIR,27.0,4.0,76.0,71.72
E2023,28,local,101.0,37.0,22.0,8.0,1.0,19.0,72.0,37.0,16.0,11.0,15.0,8.0,2.0,18.0,120.0,2023-10-19 17:45:00+00:00,4,Regular Season,40.0,ULK,ASV,35.0,5.0,120.0,72.04
E2023,28,road,86.0,31.0,20.0,4.0,2.0,18.0,62.0,30.0,21.0,17.0,11.0,12.0,1.0,20.0,92.0,2023-10-19 17:45:00+00:00,4,Regular Season,40.0,ASV,ULK,32.0,4.0,92.0,72.24
E2023,29,local,98.0,38.0,17.0,10.0,1.0,31.0,68.0,27.0,36.0,33.0,18.0,13.0,3.0,22.0,113.0,2023-10-19 18:15:00+00:00,4,Regular Season,45.0,OLY,PAR,41.0,3.0,113.0,78.84
E2023,29,road,94.0,31.0,17.0,8.0,3.0,22.0,60.0,31.0,27.0,22.0,10.0,18.0,1.0,32.0,90.0,2023-10-19 18:15:00+00:00,4,Regular Season,45.0,PAR,OLY,29.0,5.0,90.0,79.88
E2023,31,local,82.0,33.0,17.0,6.0,3.0,24.0,70.0,27.0,23.0,17.0,12.0,5.0,1.0,20.0,90.0,2023-10-19 18:30:00+00:00,4,Regular Season,40.0,BAS,ZAL,43.0,6.0,90.0,73.12
E2023,31,road,99.0,39.0,21.0,1.0,1.0,20.0,60.0,32.0,23.0,21.0,6.0,10.0,3.0,24.0,114.0,2023-10-19 18:30:00+00:00,4,Regular Season,40.0,ZAL,BAS,28.0,2.0,114.0,74.12
E2023,30,local,88.0,28.0,21.0,5.0,1.0,20.0,60.0,34.0,12.0,10.0,7.0,15.0,1.0,23.0,96.0,2023-10-19 18:45:00+00:00,4,Regular Season,40.0,MAD,MIL,26.0,2.0,96.0,73.28
E2023,30,road,71.0,31.0,10.0,6.0,1.0,21.0,60.0,27.0,18.0,13.0,14.0,18.0,1.0,20.0,63.0,2023-10-19 18:45:00+00:00,4,Regular Season,40.0,MIL,MAD,33.0,5.0,63.0,71.92
E2023,33,local,86.0,33.0,24.0,7.0,2.0,14.0,59.0,34.0,12.0,9.0,7.0,14.0,1.0,16.0,107.0,2023-10-20 17:00:00+00:00,4,Regular Season,40.0,MCO,BER,25.0,3.0,107.0,71.28
E2023,33,road,75.0,31.0,16.0,6.0,1.0,15.0,64.0,26.0,14.0,12.0,12.0,14.0,2.0,14.0,74.0,2023-10-20 17:00:00+00:00,4,Regular Season,40.0,BER,MCO,38.0,2.0,74.0,72.16
E2023,32,local,77.0,34.0,23.0,5.0,2.0,22.0,61.0,29.0,21.0,14.0,9.0,9.0,2.0,15.0,98.0,2023-10-20 17:30:00+00:00,4,Regular Season,40.0,IST,PAM,32.0,7.0,98.0,70.24
E2023,32,road,73.0,34.0,18.0,4.0,2.0,15.0,61.0,29.0,12.0,7.0,7.0,9.0,2.0,22.0,76.0,2023-10-20 17:30:00+00:00,4,Regular Season,40.0,PAM,IST,32.0,5.0,76.0,68.28
E2023,35,local,81.0,39.0,18.0,13.0,6.0,28.0,61.0,25.0,33.0,21.0,13.0,18.0,3.0,18.0,98.0,2023-10-20 18:15:00+00:00,4,Regular Season,45.0,PAN,TEL,36.0,12.0,98.0,80.52
E2023,35,road,86.0,42.0,24.0,13.0,3.0,18.0,68.0,31.0,18.0,13.0,12.0,20.0,6.0,29.0,89.0,2023-10-20 18:15:00+00:00,4,Regular Season,45.0,TEL,PAN,37.0,5.0,89.0,83.92
E2023,34,local,98.0,42.0,22.0,7.0,3.0,22.0,67.0,34.0,21.0,17.0,11.0,5.0,1.0,18.0,133.0,2023-10-20 18:30:00+00:00,4,Regular Season,40.0,BAR,MUN,33.0,4.0,133.0,70.24
E2023,34,road,59.0,37.0,12.0,5.0,1.0,18.0,62.0,21.0,14.0,10.0,12.0,12.0,3.0,22.0,50.0,2023-10-20 18:30:00+00:00,4,Regular Season,40.0,MUN,BAR,41.0,4.0,50.0,68.16
E2023,36,local,85.0,35.0,23.0,3.0,4.0,21.0,57.0,31.0,16.0,11.0,6.0,19.0,0.0,25.0,96.0,2023-10-20 18:30:00+00:00,4,Regular Season,40.0,VIR,RED,26.0,5.0,96.0,77.04
E2023,36,road,79.0,35.0,17.0,11.0,0.0,25.0,68.0,28.0,21.0,15.0,13.0,12.0,4.0,21.0,84.0,2023-10-20 18:30:00+00:00,4,Regular Season,40.0,RED,VIR,40.0,6.0,84.0,76.24
E2023,39,local,88.0,32.0,17.0,8.0,2.0,21.0,62.0,34.0,16.0,11.0,9.0,14.0,4.0,18.0,99.0,2023-10-26 16:30:00+00:00,5,Regular Season,40.0,PAR,RED,28.0,5.0,99.0,74.04
E2023,39,road,86.0,28.0,22.0,9.0,4.0,18.0,56.0,29.0,23.0,15.0,8.0,15.0,2.0,21.0,94.0,2023-10-26 16:30:00+00:00,5,Regular Season,40.0,RED,PAR,27.0,8.0,94.0,73.12
E2023,37,local,85.0,34.0,18.0,7.0,3.0,20.0,57.0,27.0,21.0,19.0,11.0,11.0,1.0,17.0,106.0,2023-10-26 18:00:00+00:00,5,Regular Season,40.0,BER,MIL,30.0,2.0,106.0,66.24
E2023,37,road,82.0,31.0,17.0,4.0,1.0,17.0,62.0,30.0,15.0,10.0,11.0,12.0,3.0,20.0,80.0,2023-10-26 18:00:00+00:00,5,Regular Season,40.0,MIL,BER,32.0,5.0,80.0,69.6
E2023,40,local,65.0,48.0,17.0,5.0,1.0,21.0,66.0,24.0,24.0,15.0,19.0,15.0,2.0,25.0,64.0,2023-10-26 18:45:00+00:00,5,Regular Season,40.0,MAD,BAR,42.0,9.0,64.0,72.56
E2023,40,road,64.0,43.0,12.0,8.0,2.0,24.0,65.0,25.0,16.0,9.0,14.0,14.0,1.0,22.0,69.0,2023-10-26 18:45:00+00:00,5,Regular Season,40.0,BAR,MAD,40.0,7.0,69.0,72.04
E2023,38,local,75.0,39.0,21.0,7.0,1.0,17.0,60.0,30.0,10.0,7.0,9.0,10.0,3.0,15.0,99.0,2023-10-26 19:00:00+00:00,5,Regular Season,40.0,OLY,IST,30.0,3.0,99.0,65.4
E2023,38,road,57.0,35.0,14.0,5.0,3.0,15.0,64.0,23.0,4.0,3.0,12.0,10.0,1.0,17.0,59.0,2023-10-26 19:00:00+00:00,5,Regular Season,40.0,IST,OLY,41.0,1.0,59.0,63.760000000000005
E2023,41,local,107.0,35.0,23.0,8.0,1.0,19.0,71.0,43.0,13.0,9.0,14.0,9.0,1.0,19.0,132.0,2023-10-26 19:00:00+00:00,5,Regular Season,40.0,MCO,TEL,28.0,4.0,132.0,71.72
E2023,41,road,79.0,35.0,18.0,4.0,1.0,19.0,69.0,29.0,19.0,14.0,22.0,13.0,1.0,19.0,78.0,2023-10-26 19:00:00+00:00,5,Regular Season,40.0,TEL,MCO,40.0,5.0,78.0,68.36
E2023,45,local,72.0,27.0,15.0,7.0,1.0,19.0,59.0,27.0,13.0,11.0,6.0,14.0,2.0,17.0,74.0,2023-10-27 17:00:00+00:00,5,Regular Season,40.0,ZAL,PAM,32.0,2.0,74.0,72.72
E2023,45,road,87.0,31.0,15.0,5.0,2.0,16.0,60.0,32.0,16.0,15.0,4.0,13.0,1.0,19.0,94.0,2023-10-27 17:00:00+00:00,5,Regular Season,40.0,PAM,ZAL,28.0,1.0,94.0,76.04
E2023,42,local,84.0,27.0,21.0,6.0,1.0,21.0,58.0,31.0,16.0,13.0,8.0,15.0,6.0,14.0,95.0,2023-10-27 18:00:00+00:00,5,Regular Season,40.0,ASV,VIR,27.0,3.0,95.0,72.04
E2023,42,road,87.0,27.0,22.0,8.0,6.0,14.0,60.0,33.0,10.0,10.0,7.0,13.0,1.0,21.0,102.0,2023-10-27 18:00:00+00:00,5,Regular Season,40.0,VIR,ASV,27.0,0.0,102.0,70.4
E2023,44,local,95.0,42.0,15.0,5.0,4.0,21.0,69.0,34.0,21.0,18.0,15.0,13.0,2.0,18.0,111.0,2023-10-27 18:15:00+00:00,5,Regular Season,40.0,PAN,BAS,35.0,3.0,111.0,76.24
E2023,44,road,81.0,32.0,16.0,7.0,2.0,18.0,69.0,33.0,12.0,8.0,10.0,12.0,4.0,21.0,79.0,2023-10-27 18:15:00+00:00,5,Regular Season,40.0,BAS,PAN,36.0,4.0,79.0,76.28
E2023,43,local,67.0,39.0,12.0,5.0,4.0,21.0,70.0,26.0,12.0,9.0,13.0,9.0,4.0,22.0,66.0,2023-10-27 18:30:00+00:00,5,Regular Season,40.0,MUN,ULK,44.0,3.0,66.0,71.28
E2023,43,road,76.0,48.0,10.0,5.0,4.0,21.0,71.0,27.0,18.0,15.0,17.0,11.0,4.0,21.0,81.0,2023-10-27 18:30:00+00:00,5,Regular Season,40.0,ULK,MUN,44.0,3.0,81.0,72.92
E2023,12,local,90.0,27.0,25.0,7.0,1.0,20.0,64.0,34.0,15.0,10.0,10.0,18.0,2.0,23.0,92.0,2023-10-31 19:30:00+00:00,2,Regular Season,40.0,MIL,TEL,30.0,5.0,92.0,78.6
E2023,12,road,98.0,34.0,22.0,10.0,2.0,23.0,65.0,36.0,26.0,20.0,14.0,14.0,1.0,20.0,119.0,2023-10-31 19:30:00+00:00,2,Regular Season,40.0,TEL,MIL,29.0,6.0,119.0,76.44
E2023,47,local,74.0,37.0,17.0,11.0,2.0,20.0,64.0,26.0,21.0,15.0,12.0,11.0,1.0,17.0,88.0,2023-11-02 17:30:00+00:00,6,Regular Season,40.0,RED,MUN,38.0,6.0,88.0,72.24
E2023,47,road,68.0,40.0,20.0,8.0,1.0,17.0,63.0,25.0,9.0,7.0,13.0,17.0,2.0,20.0,75.0,2023-11-02 17:30:00+00:00,6,Regular Season,40.0,MUN,RED,38.0,2.0,75.0,70.96
E2023,50,local,79.0,25.0,22.0,6.0,3.0,19.0,57.0,30.0,14.0,12.0,6.0,9.0,2.0,22.0,92.0,2023-11-02 17:45:00+00:00,6,Regular Season,40.0,ULK,OLY,27.0,2.0,92.0,66.16
E2023,50,road,77.0,29.0,22.0,2.0,2.0,22.0,54.0,28.0,20.0,14.0,7.0,11.0,3.0,19.0,89.0,2023-11-02 17:45:00+00:00,6,Regular Season,40.0,OLY,ULK,26.0,6.0,89.0,66.8
E2023,49,local,88.0,29.0,15.0,4.0,2.0,18.0,62.0,32.0,14.0,13.0,12.0,11.0,1.0,22.0,91.0,2023-11-02 18:00:00+00:00,6,Regular Season,40.0,ZAL,ASV,30.0,1.0,91.0,67.16
E2023,49,road,91.0,26.0,24.0,7.0,1.0,22.0,57.0,34.0,18.0,16.0,7.0,9.0,2.0,18.0,117.0,2023-11-02 18:00:00+00:00,6,Regular Season,40.0,ASV,ZAL,23.0,2.0,117.0,66.92
E2023,46,local,66.0,32.0,18.0,7.0,0.0,21.0,53.0,22.0,17.0,12.0,9.0,14.0,2.0,21.0,71.0,2023-11-02 19:30:00+00:00,6,Regular Season,40.0,MIL,MCO,31.0,5.0,71.0,65.48
E2023,46,road,72.0,33.0,11.0,7.0,2.0,21.0,57.0,27.0,15.0,11.0,9.0,12.0,0.0,22.0,78.0,2023-11-02 19:30:00+00:00,6,Regular Season,40.0,MCO,MIL,30.0,4.0,78.0,66.6
E2023,53,local,79.0,36.0,18.0,10.0,3.0,17.0,66.0,30.0,14.0,12.0,12.0,15.0,5.0,20.0,85.0,2023-11-02 19:30:00+00:00,6,Regular Season,40.0,PAM,BER,36.0,2.0,85.0,75.16
E2023,53,road,71.0,33.0,13.0,9.0,5.0,20.0,56.0,22.0,20.0,18.0,10.0,18.0,3.0,17.0,77.0,2023-11-02 19:30:00+00:00,6,Regular Season,40.0,BER,PAM,34.0,2.0,77.0,72.8
E2023,51,local,80.0,42.0,10.0,9.0,2.0,19.0,66.0,31.0,20.0,14.0,13.0,14.0,1.0,18.0,88.0,2023-11-03 19:30:00+00:00,6,Regular Season,40.0,BAR,PAN,35.0,6.0,88.0,75.8
E2023,51,road,72.0,29.0,15.0,4.0,1.0,18.0,60.0,25.0,17.0,14.0,7.0,12.0,2.0,19.0,68.0,2023-11-03 19:30:00+00:00,6,Regular Season,40.0,PAN,BAR,35.0,3.0,68.0,72.48
E2023,52,local,84.0,38.0,18.0,7.0,2.0,24.0,66.0,27.0,28.0,22.0,16.0,10.0,7.0,20.0,91.0,2023-11-03 19:30:00+00:00,6,Regular Season,40.0,BAS,PAR,39.0,6.0,91.0,72.32
E2023,52,road,83.0,26.0,17.0,6.0,7.0,20.0,54.0,29.0,17.0,16.0,2.0,13.0,2.0,24.0,94.0,2023-11-03 19:30:00+00:00,6,Regular Season,40.0,PAR,BAS,25.0,1.0,94.0,72.48
E2023,54,local,93.0,32.0,22.0,10.0,2.0,23.0,66.0,33.0,26.0,20.0,17.0,8.0,2.0,23.0,110.0,2023-11-03 19:30:00+00:00,6,Regular Season,40.0,VIR,IST,33.0,6.0,110.0,68.44
E2023,54,road,81.0,25.0,11.0,4.0,2.0,23.0,49.0,28.0,22.0,18.0,7.0,14.0,2.0,23.0,82.0,2023-11-03 19:30:00+00:00,6,Regular Season,40.0,IST,VIR,21.0,4.0,82.0,65.68
E2023,60,local,74.0,26.0,20.0,5.0,4.0,12.0,56.0,27.0,10.0,8.0,5.0,13.0,2.0,17.0,78.0,2023-11-09 17:15:00+00:00,7,Regular Season,40.0,OLY,BAS,29.0,2.0,78.0,68.4
E2023,60,road,75.0,34.0,18.0,6.0,2.0,17.0,61.0,28.0,12.0,10.0,10.0,14.0,4.0,12.0,87.0,2023-11-09 17:15:00+00:00,7,Regular Season,40.0,BAS,OLY,33.0,2.0,87.0,70.28
E2023,55,local,86.0,38.0,13.0,7.0,4.0,22.0,66.0,31.0,17.0,14.0,9.0,11.0,2.0,17.0,102.0,2023-11-09 17:30:00+00:00,7,Regular Season,45.0,IST,ZAL,35.0,3.0,102.0,75.48
E2023,55,road,82.0,34.0,18.0,7.0,2.0,17.0,72.0,33.0,5.0,4.0,9.0,11.0,4.0,22.0,83.0,2023-11-09 17:30:00+00:00,7,Regular Season,45.0,ZAL,IST,39.0,1.0,83.0,76.2
E2023,57,local,93.0,24.0,20.0,12.0,2.0,23.0,60.0,30.0,25.0,23.0,9.0,17.0,1.0,21.0,103.0,2023-11-09 19:05:00+00:00,7,Regular Season,40.0,TEL,MUN,30.0,2.0,103.0,79.0
E2023,57,road,90.0,29.0,14.0,5.0,1.0,21.0,59.0,36.0,14.0,9.0,8.0,23.0,2.0,23.0,84.0,2023-11-09 19:05:00+00:00,7,Regular Season,40.0,MUN,TEL,23.0,5.0,84.0,80.16
E2023,56,local,83.0,40.0,17.0,12.0,5.0,19.0,65.0,31.0,13.0,9.0,11.0,12.0,1.0,16.0,109.0,2023-11-09 19:30:00+00:00,7,Regular Season,40.0,MIL,PAM,34.0,4.0,109.0,71.72
E2023,56,road,52.0,37.0,14.0,7.0,1.0,16.0,56.0,16.0,16.0,13.0,11.0,19.0,5.0,19.0,41.0,2023-11-09 19:30:00+00:00,7,Regular Season,40.0,PAM,MIL,40.0,3.0,41.0,71.03999999999999
E2023,58,local,85.0,30.0,20.0,7.0,1.0,18.0,62.0,30.0,18.0,17.0,10.0,8.0,2.0,21.0,97.0,2023-11-09 19:30:00+00:00,7,Regular Season,40.0,PAR,ULK,32.0,1.0,97.0,67.92
E2023,58,road,84.0,34.0,18.0,3.0,2.0,21.0,61.0,29.0,16.0,15.0,12.0,12.0,1.0,18.0,98.0,2023-11-09 19:30:00+00:00,7,Regular Season,40.0,ULK,PAR,32.0,1.0,98.0,68.04
E2023,59,local,100.0,37.0,28.0,7.0,3.0,27.0,63.0,30.0,34.0,29.0,8.0,8.0,1.0,21.0,134.0,2023-11-09 19:45:00+00:00,7,Regular Season,40.0,MAD,VIR,33.0,5.0,134.0,77.96000000000001
E2023,59,road,74.0,29.0,17.0,4.0,1.0,20.0,57.0,26.0,21.0,16.0,5.0,19.0,3.0,28.0,59.0,2023-11-09 19:45:00+00:00,7,Regular Season,40.0,VIR,MAD,31.0,5.0,59.0,80.24
E2023,61,local,85.0,34.0,20.0,7.0,1.0,17.0,70.0,32.0,12.0,9.0,15.0,14.0,3.0,21.0,85.0,2023-11-10 19:00:00+00:00,7,Regular Season,40.0,BER,PAN,38.0,3.0,85.0,74.28
E2023,61,road,99.0,33.0,27.0,8.0,3.0,21.0,62.0,36.0,17.0,14.0,7.0,12.0,1.0,17.0,132.0,2023-11-10 19:00:00+00:00,7,Regular Season,40.0,PAN,BER,26.0,3.0,132.0,74.48
E2023,63,local,86.0,27.0,21.0,4.0,5.0,17.0,59.0,33.0,20.0,13.0,4.0,9.0,1.0,17.0,100.0,2023-11-10 19:30:00+00:00,7,Regular Season,40.0,BAR,RED,26.0,7.0,100.0,72.8
E2023,63,road,81.0,44.0,23.0,5.0,1.0,17.0,74.0,30.0,14.0,12.0,18.0,11.0,5.0,18.0,91.0,2023-11-10 19:30:00+00:00,7,Regular Season,40.0,RED,BAR,44.0,2.0,91.0,73.16
E2023,62,local,80.0,35.0,18.0,10.0,1.0,13.0,69.0,28.0,14.0,12.0,13.0,7.0,3.0,15.0,89.0,2023-11-10 20:00:00+00:00,7,Regular Season,40.0,MCO,ASV,41.0,2.0,89.0,69.16
E2023,62,road,70.0,43.0,15.0,4.0,3.0,15.0,62.0,27.0,10.0,7.0,14.0,17.0,1.0,14.0,80.0,2023-11-10 20:00:00+00:00,7,Regular Season,40.0,ASV,MCO,35.0,3.0,80.0,69.4
E2023,64,local,82.0,37.0,11.0,4.0,0.0,22.0,62.0,26.0,26.0,23.0,14.0,10.0,3.0,16.0,88.0,2023-11-14 18:00:00+00:00,8,Regular Season,40.0,MCO,IST,36.0,3.0,88.0,69.44
E2023,64,road,89.0,27.0,24.0,7.0,3.0,16.0,64.0,35.0,7.0,6.0,5.0,7.0,0.0,22.0,107.0,2023-11-14 18:00:00+00:00,8,Regular Season,40.0,IST,MCO,29.0,1.0,107.0,69.08
E2023,66,local,74.0,36.0,17.0,5.0,8.0,20.0,63.0,26.0,22.0,16.0,12.0,7.0,3.0,21.0,86.0,2023-11-14 19:05:00+00:00,8,Regular Season,40.0,TEL,OLY,37.0,6.0,86.0,67.68
E2023,66,road,79.0,42.0,21.0,3.0,3.0,21.0,65.0,29.0,21.0,14.0,18.0,12.0,8.0,21.0,85.0,2023-11-14 19:05:00+00:00,8,Regular Season,40.0,OLY,TEL,36.0,7.0,85.0,68.24
E2023,67,local,73.0,28.0,15.0,3.0,1.0,15.0,62.0,32.0,8.0,5.0,10.0,12.0,5.0,22.0,63.0,2023-11-14 19:30:00+00:00,8,Regular Season,40.0,PAM,MAD,30.0,3.0,63.0,67.52
E2023,67,road,76.0,31.0,15.0,6.0,5.0,21.0,54.0,26.0,15.0,14.0,8.0,15.0,1.0,15.0,94.0,2023-11-14 19:30:00+00:00,8,Regular Season,40.0,MAD,PAM,28.0,1.0,94.0,67.6
E2023,68,local,86.0,29.0,20.0,6.0,2.0,17.0,63.0,33.0,11.0,9.0,7.0,7.0,2.0,15.0,104.0,2023-11-14 19:30:00+00:00,8,Regular Season,40.0,VIR,MIL,30.0,2.0,104.0,67.84
E2023,68,road,79.0,34.0,18.0,4.0,2.0,15.0,60.0,29.0,16.0,9.0,11.0,13.0,2.0,17.0,82.0,2023-11-14 19:30:00+00:00,8,Regular Season,40.0,MIL,VIR,31.0,7.0,82.0,69.04
E2023,65,local,87.0,41.0,18.0,8.0,0.0,17.0,64.0,33.0,9.0,8.0,12.0,10.0,6.0,15.0,108.0,2023-11-14 19:45:00+00:00,8,Regular Season,40.0,RED,ULK,31.0,1.0,108.0,65.96
E2023,65,road,56.0,25.0,13.0,2.0,6.0,15.0,57.0,23.0,4.0,2.0,6.0,12.0,0.0,17.0,52.0,2023-11-14 19:45:00+00:00,8,Regular Season,40.0,ULK,RED,34.0,2.0,52.0,64.75999999999999
E2023,69,local,68.0,39.0,15.0,11.0,2.0,16.0,69.0,24.0,14.0,13.0,14.0,17.0,1.0,24.0,63.0,2023-11-15 19:00:00+00:00,8,Regular Season,40.0,BER,ASV,45.0,1.0,63.0,78.16
E2023,69,road,73.0,41.0,12.0,8.0,1.0,23.0,62.0,25.0,24.0,16.0,12.0,16.0,2.0,16.0,79.0,2023-11-15 19:00:00+00:00,8,Regular Season,40.0,ASV,BER,37.0,8.0,79.0,76.56
E2023,71,local,73.0,25.0,14.0,8.0,4.0,29.0,48.0,24.0,31.0,18.0,10.0,16.0,3.0,18.0,79.0,2023-11-15 19:15:00+00:00,8,Regular Season,40.0,PAN,ZAL,24.0,13.0,79.0,67.64
E2023,71,road,71.0,34.0,16.0,5.0,3.0,18.0,51.0,25.0,14.0,11.0,11.0,23.0,4.0,29.0,62.0,2023-11-15 19:15:00+00:00,8,Regular Season,40.0,ZAL,PAN,26.0,3.0,62.0,69.16
E2023,70,local,94.0,39.0,16.0,7.0,1.0,23.0,67.0,34.0,16.0,13.0,13.0,9.0,4.0,25.0,106.0,2023-11-15 19:30:00+00:00,8,Regular Season,40.0,MUN,PAR,33.0,3.0,106.0,70.04
E2023,70,road,85.0,25.0,15.0,3.0,4.0,25.0,58.0,29.0,23.0,19.0,3.0,8.0,1.0,23.0,92.0,2023-11-15 19:30:00+00:00,8,Regular Season,40.0,PAR,MUN,29.0,4.0,92.0,73.12
E2023,72,local,94.0,40.0,19.0,8.0,2.0,14.0,63.0,33.0,14.0,14.0,6.0,14.0,3.0,17.0,113.0,2023-11-15 19:30:00+00:00,8,Regular Season,40.0,BAS,BAR,30.0,0.0,113.0,77.16
E2023,72,road,71.0,35.0,16.0,5.0,3.0,17.0,71.0,26.0,13.0,8.0,12.0,13.0,2.0,15.0,67.0,2023-11-15 19:30:00+00:00,8,Regular Season,40.0,BAR,BAS,45.0,5.0,67.0,77.72
E2023,74,local,78.0,45.0,12.0,10.0,3.0,22.0,76.0,29.0,17.0,15.0,22.0,12.0,3.0,27.0,79.0,2023-11-16 19:05:00+00:00,9,Regular Season,40.0,TEL,ULK,47.0,2.0,79.0,73.48
E2023,74,road,73.0,33.0,14.0,3.0,3.0,27.0,55.0,22.0,24.0,18.0,8.0,16.0,3.0,22.0,73.0,2023-11-16 19:05:00+00:00,9,Regular Season,40.0,ULK,TEL,33.0,6.0,73.0,73.56
E2023,75,local,88.0,39.0,26.0,3.0,5.0,24.0,60.0,30.0,24.0,15.0,12.0,11.0,2.0,18.0,115.0,2023-11-16 19:15:00+00:00,9,Regular Season,40.0,OLY,RED,30.0,9.0,115.0,69.56
E2023,75,road,83.0,31.0,14.0,7.0,2.0,18.0,66.0,30.0,11.0,8.0,11.0,10.0,5.0,25.0,76.0,2023-11-16 19:15:00+00:00,9,Regular Season,40.0,RED,OLY,36.0,3.0,76.0,69.84
E2023,73,local,92.0,32.0,21.0,1.0,0.0,19.0,55.0,33.0,17.0,13.0,5.0,10.0,1.0,23.0,105.0,2023-11-16 19:30:00+00:00,9,Regular Season,40.0,MIL,IST,22.0,4.0,105.0,67.48
E2023,73,road,76.0,24.0,16.0,6.0,1.0,23.0,56.0,27.0,21.0,15.0,5.0,8.0,0.0,19.0,84.0,2023-11-16 19:30:00+00:00,9,Regular Season,40.0,IST,MIL,29.0,6.0,84.0,68.24
E2023,76,local,91.0,39.0,27.0,3.0,8.0,21.0,55.0,30.0,20.0,19.0,5.0,12.0,0.0,18.0,133.0,2023-11-16 19:45:00+00:00,9,Regular Season,40.0,MAD,MCO,25.0,1.0,133.0,70.8
E2023,76,road,73.0,33.0,17.0,8.0,0.0,18.0,73.0,27.0,11.0,11.0,11.0,8.0,8.0,21.0,66.0,2023-11-16 19:45:00+00:00,9,Regular Season,40.0,MCO,MAD,46.0,0.0,66.0,74.84
E2023,81,local,74.0,32.0,14.0,5.0,1.0,11.0,60.0,27.0,13.0,7.0,6.0,9.0,4.0,12.0,73.0,2023-11-17 18:00:00+00:00,9,Regular Season,40.0,ZAL,MUN,33.0,6.0,73.0,68.72
E2023,81,road,73.0,39.0,17.0,5.0,4.0,12.0,68.0,31.0,4.0,3.0,11.0,10.0,1.0,11.0,90.0,2023-11-17 18:00:00+00:00,9,Regular Season,40.0,MUN,ZAL,37.0,1.0,90.0,68.76
E2023,78,local,81.0,37.0,18.0,3.0,0.0,19.0,66.0,31.0,15.0,10.0,9.0,7.0,2.0,16.0,93.0,2023-11-17 19:00:00+00:00,9,Regular Season,40.0,ASV,BAS,35.0,5.0,93.0,70.6
E2023,78,road,88.0,35.0,23.0,2.0,2.0,16.0,61.0,28.0,18.0,16.0,6.0,8.0,0.0,20.0,103.0,2023-11-17 19:00:00+00:00,9,Regular Season,40.0,BAS,ASV,33.0,2.0,103.0,70.92
E2023,79,local,90.0,37.0,17.0,8.0,2.0,24.0,62.0,29.0,27.0,25.0,11.0,8.0,6.0,17.0,112.0,2023-11-17 19:15:00+00:00,9,Regular Season,40.0,PAN,VIR,33.0,2.0,112.0,70.88
E2023,79,road,76.0,33.0,14.0,3.0,6.0,17.0,65.0,29.0,16.0,10.0,11.0,11.0,2.0,25.0,69.0,2023-11-17 19:15:00+00:00,9,Regular Season,40.0,VIR,PAN,36.0,6.0,69.0,72.04
E2023,77,local,74.0,43.0,17.0,5.0,4.0,23.0,66.0,26.0,21.0,17.0,15.0,8.0,0.0,22.0,92.0,2023-11-17 19:30:00+00:00,9,Regular Season,40.0,BAR,PAM,40.0,4.0,92.0,68.24
E2023,77,road,70.0,39.0,8.0,4.0,0.0,22.0,64.0,27.0,17.0,10.0,15.0,12.0,4.0,23.0,60.0,2023-11-17 19:30:00+00:00,9,Regular Season,40.0,PAM,BAR,37.0,7.0,60.0,68.48
E2023,80,local,89.0,29.0,19.0,6.0,3.0,19.0,58.0,30.0,19.0,18.0,8.0,13.0,0.0,17.0,106.0,2023-11-17 19:45:00+00:00,9,Regular Season,40.0,PAR,BER,28.0,1.0,106.0,71.36
E2023,80,road,74.0,29.0,19.0,5.0,0.0,17.0,57.0,24.0,21.0,18.0,11.0,17.0,3.0,19.0,69.0,2023-11-17 19:45:00+00:00,9,Regular Season,40.0,BER,PAR,33.0,3.0,69.0,72.24
E2023,82,local,100.0,37.0,22.0,10.0,1.0,26.0,78.0,33.0,26.0,21.0,8.0,7.0,4.0,21.0,114.0,2023-11-23 19:00:00+00:00,10,Regular Season,50.0,ASV,MUN,45.0,5.0,114.0,88.44
E2023,82,road,101.0,49.0,18.0,5.0,4.0,21.0,78.0,37.0,17.0,12.0,13.0,15.0,1.0,26.0,110.0,2023-11-23 19:00:00+00:00,10,Regular Season,50.0,MUN,ASV,41.0,5.0,110.0,87.48
E2023,83,local,90.0,33.0,22.0,7.0,4.0,26.0,61.0,33.0,26.0,16.0,12.0,19.0,1.0,22.0,102.0,2023-11-23 19:05:00+00:00,10,Regular Season,40.0,TEL,BAR,28.0,10.0,102.0,79.44
E2023,83,road,92.0,37.0,15.0,7.0,1.0,20.0,65.0,33.0,23.0,17.0,16.0,17.0,4.0,26.0,87.0,2023-11-23 19:05:00+00:00,10,Regular Season,40.0,BAR,TEL,32.0,6.0,87.0,76.12
E2023,84,local,90.0,32.0,19.0,7.0,2.0,21.0,62.0,32.0,21.0,14.0,9.0,10.0,2.0,22.0,100.0,2023-11-23 19:15:00+00:00,10,Regular Season,40.0,PAN,PAM,30.0,7.0,100.0,72.24
E2023,84,road,73.0,34.0,21.0,6.0,2.0,22.0,58.0,25.0,21.0,18.0,12.0,13.0,2.0,21.0,86.0,2023-11-23 19:15:00+00:00,10,Regular Season,40.0,PAM,PAN,33.0,3.0,86.0,68.24
E2023,86,local,87.0,34.0,21.0,4.0,2.0,18.0,61.0,31.0,21.0,16.0,8.0,11.0,1.0,20.0,99.0,2023-11-23 19:30:00+00:00,10,Regular Season,40.0,VIR,ULK,30.0,5.0,99.0,73.24
E2023,86,road,79.0,32.0,19.0,6.0,1.0,20.0,68.0,31.0,13.0,12.0,10.0,9.0,2.0,18.0,90.0,2023-11-23 19:30:00+00:00,10,Regular Season,40.0,ULK,VIR,37.0,1.0,90.0,72.72
E2023,85,local,99.0,36.0,32.0,9.0,4.0,11.0,62.0,37.0,13.0,9.0,10.0,14.0,4.0,12.0,132.0,2023-11-23 19:45:00+00:00,10,Regular Season,40.0,MAD,BER,25.0,4.0,132.0,71.72
E2023,85,road,75.0,32.0,13.0,10.0,4.0,12.0,71.0,31.0,9.0,6.0,16.0,13.0,4.0,11.0,75.0,2023-11-23 19:45:00+00:00,10,Regular Season,40.0,BER,MAD,40.0,3.0,75.0,71.96
E2023,87,local,100.0,16.0,18.0,16.0,1.0,23.0,54.0,31.0,30.0,26.0,6.0,11.0,1.0,21.0,114.0,2023-11-24 17:30:00+00:00,10,Regular Season,40.0,IST,PAR,23.0,4.0,114.0,72.2
E2023,87,road,94.0,31.0,24.0,6.0,1.0,20.0,53.0,32.0,25.0,19.0,12.0,20.0,1.0,23.0,105.0,2023-11-24 17:30:00+00:00,10,Regular Season,40.0,PAR,IST,21.0,6.0,105.0,72.0
E2023,89,local,89.0,27.0,23.0,7.0,2.0,22.0,53.0,29.0,24.0,16.0,5.0,6.0,3.0,21.0,108.0,2023-11-24 19:15:00+00:00,10,Regular Season,40.0,OLY,ZAL,24.0,8.0,108.0,64.56
E2023,89,road,72.0,27.0,13.0,5.0,3.0,21.0,55.0,26.0,12.0,12.0,5.0,10.0,2.0,22.0,78.0,2023-11-24 19:15:00+00:00,10,Regular Season,40.0,ZAL,OLY,29.0,0.0,78.0,65.28
E2023,88,local,71.0,27.0,17.0,5.0,3.0,16.0,60.0,25.0,16.0,14.0,8.0,11.0,1.0,16.0,74.0,2023-11-24 19:30:00+00:00,10,Regular Season,40.0,RED,MIL,35.0,2.0,74.0,70.04
E2023,88,road,93.0,33.0,11.0,7.0,1.0,16.0,58.0,32.0,14.0,12.0,6.0,11.0,3.0,16.0,103.0,2023-11-24 19:30:00+00:00,10,Regular Season,40.0,MIL,RED,26.0,2.0,103.0,69.16
E2023,90,local,75.0,36.0,16.0,3.0,3.0,17.0,60.0,27.0,12.0,10.0,8.0,12.0,5.0,16.0,82.0,2023-11-24 19:30:00+00:00,10,Regular Season,40.0,BAS,MCO,33.0,2.0,82.0,69.28
E2023,90,road,77.0,39.0,12.0,5.0,5.0,16.0,71.0,29.0,11.0,9.0,14.0,6.0,3.0,17.0,84.0,2023-11-24 19:30:00+00:00,10,Regular Season,40.0,MCO,BAS,42.0,2.0,84.0,67.84
E2023,48,local,70.0,41.0,11.0,4.0,1.0,18.0,69.0,27.0,18.0,12.0,16.0,15.0,4.0,16.0,62.0,2023-11-28 19:15:00+00:00,6,Regular Season,40.0,TEL,MAD,42.0,6.0,62.0,75.92
E2023,48,road,99.0,37.0,29.0,8.0,4.0,16.0,75.0,39.0,10.0,10.0,10.0,7.0,1.0,18.0,131.0,2023-11-28 19:15:00+00:00,6,Regular Season,40.0,MAD,TEL,36.0,0.0,131.0,76.4
E2023,93,local,100.0,37.0,14.0,8.0,1.0,22.0,76.0,33.0,27.0,22.0,15.0,11.0,1.0,23.0,99.0,2023-11-30 17:45:00+00:00,11,Regular Season,45.0,ULK,MAD,43.0,5.0,99.0,83.88
E2023,93,road,99.0,44.0,15.0,4.0,1.0,23.0,72.0,37.0,24.0,20.0,14.0,14.0,1.0,22.0,110.0,2023-11-30 17:45:00+00:00,11,Regular Season,45.0,MAD,ULK,35.0,4.0,110.0,82.56
E2023,91,local,85.0,36.0,15.0,7.0,2.0,23.0,59.0,28.0,27.0,21.0,13.0,8.0,0.0,19.0,104.0,2023-11-30 18:00:00+00:00,11,Regular Season,40.0,MCO,OLY,31.0,6.0,104.0,65.88
E2023,91,road,77.0,24.0,18.0,4.0,0.0,18.0,54.0,27.0,18.0,12.0,6.0,13.0,2.0,23.0,70.0,2023-11-30 18:00:00+00:00,11,Regular Season,40.0,OLY,MCO,27.0,6.0,70.0,68.92
E2023,94,local,102.0,36.0,27.0,12.0,3.0,18.0,67.0,35.0,19.0,17.0,11.0,16.0,6.0,22.0,120.0,2023-11-30 19:05:00+00:00,11,Regular Season,40.0,TEL,BER,32.0,2.0,120.0,80.36
E2023,94,road,81.0,34.0,18.0,6.0,6.0,21.0,67.0,30.0,15.0,11.0,13.0,20.0,3.0,18.0,84.0,2023-11-30 19:05:00+00:00,11,Regular Season,40.0,BER,TEL,37.0,4.0,84.0,80.6
E2023,92,local,90.0,43.0,16.0,8.0,8.0,22.0,70.0,33.0,17.0,17.0,17.0,13.0,4.0,23.0,110.0,2023-11-30 19:30:00+00:00,11,Regular Season,40.0,MUN,VIR,37.0,0.0,110.0,73.48
E2023,92,road,76.0,33.0,19.0,4.0,4.0,22.0,64.0,28.0,21.0,14.0,13.0,13.0,8.0,23.0,71.0,2023-11-30 19:30:00+00:00,11,Regular Season,40.0,VIR,MUN,36.0,7.0,71.0,73.24
E2023,96,local,70.0,28.0,12.0,7.0,5.0,22.0,53.0,24.0,19.0,14.0,12.0,11.0,1.0,19.0,79.0,2023-11-30 19:30:00+00:00,11,Regular Season,40.0,MIL,ZAL,29.0,5.0,79.0,60.36
E2023,96,road,83.0,30.0,16.0,6.0,1.0,19.0,58.0,33.0,9.0,6.0,11.0,12.0,5.0,22.0,88.0,2023-11-30 19:30:00+00:00,11,Regular Season,40.0,ZAL,MIL,25.0,3.0,88.0,62.96
E2023,95,local,92.0,37.0,15.0,9.0,2.0,17.0,69.0,36.0,18.0,14.0,9.0,14.0,5.0,23.0,93.0,2023-11-30 19:45:00+00:00,11,Regular Season,45.0,PAR,PAN,33.0,4.0,93.0,81.92
E2023,95,road,87.0,37.0,20.0,11.0,5.0,22.0,69.0,31.0,26.0,20.0,11.0,12.0,2.0,18.0,106.0,2023-11-30 19:45:00+00:00,11,Regular Season,45.0,PAN,PAR,38.0,6.0,106.0,81.44
E2023,97,local,97.0,43.0,21.0,8.0,3.0,22.0,69.0,36.0,20.0,15.0,13.0,14.0,2.0,21.0,119.0,2023-12-01 19:00:00+00:00,11,Regular Season,40.0,RED,IST,33.0,5.0,119.0,78.8
E2023,97,road,83.0,26.0,16.0,8.0,2.0,19.0,64.0,29.0,16.0,14.0,6.0,14.0,3.0,22.0,78.0,2023-12-01 19:00:00+00:00,11,Regular Season,40.0,IST,RED,35.0,2.0,78.0,79.04
E2023,98,local,101.0,24.0,26.0,4.0,3.0,17.0,55.0,37.0,12.0,10.0,3.0,15.0,1.0,20.0,119.0,2023-12-01 19:30:00+00:00,11,Regular Season,40.0,BAR,ASV,18.0,2.0,119.0,72.28
E2023,98,road,92.0,27.0,23.0,11.0,1.0,20.0,66.0,35.0,11.0,9.0,11.0,11.0,3.0,17.0,110.0,2023-12-01 19:30:00+00:00,11,Regular Season,40.0,ASV,BAR,31.0,2.0,110.0,70.84
E2023,99,local,84.0,33.0,16.0,11.0,0.0,20.0,69.0,28.0,31.0,23.0,14.0,8.0,4.0,26.0,77.0,2023-12-01 19:30:00+00:00,11,Regular Season,40.0,PAM,BAS,41.0,8.0,77.0,76.64
E2023,99,road,98.0,40.0,25.0,5.0,4.0,25.0,61.0,34.0,28.0,19.0,10.0,16.0,0.0,21.0,124.0,2023-12-01 19:30:00+00:00,11,Regular Season,40.0,BAS,PAM,27.0,9.0,124.0,79.32
E2023,101,local,71.0,40.0,17.0,6.0,4.0,17.0,71.0,26.0,16.0,14.0,19.0,9.0,3.0,16.0,80.0,2023-12-05 17:30:00+00:00,12,Regular Season,40.0,IST,PAN,45.0,2.0,80.0,68.04
E2023,101,road,68.0,32.0,14.0,6.0,3.0,16.0,52.0,25.0,11.0,10.0,6.0,16.0,4.0,18.0,73.0,2023-12-05 17:30:00+00:00,12,Regular Season,40.0,PAN,IST,27.0,1.0,73.0,66.84
E2023,100,local,64.0,36.0,9.0,11.0,2.0,22.0,65.0,22.0,17.0,13.0,16.0,13.0,4.0,17.0,63.0,2023-12-05 19:00:00+00:00,12,Regular Season,40.0,BER,ZAL,43.0,4.0,63.0,69.48
E2023,100,road,62.0,34.0,12.0,7.0,4.0,17.0,45.0,20.0,16.0,14.0,5.0,23.0,2.0,22.0,62.0,2023-12-05 19:00:00+00:00,12,Regular Season,40.0,ZAL,BER,25.0,2.0,62.0,70.03999999999999
E2023,103,local,71.0,35.0,15.0,6.0,0.0,22.0,65.0,23.0,22.0,16.0,17.0,6.0,5.0,21.0,69.0,2023-12-05 19:15:00+00:00,12,Regular Season,40.0,OLY,MAD,42.0,6.0,69.0,63.68000000000001
E2023,103,road,77.0,34.0,17.0,6.0,5.0,21.0,52.0,26.0,16.0,15.0,8.0,13.0,0.0,22.0,98.0,2023-12-05 19:15:00+00:00,12,Regular Season,40.0,MAD,OLY,26.0,1.0,98.0,64.03999999999999
E2023,102,local,91.0,44.0,13.0,3.0,4.0,17.0,66.0,35.0,10.0,9.0,11.0,16.0,1.0,18.0,105.0,2023-12-05 19:30:00+00:00,12,Regular Season,45.0,MUN,MIL,31.0,1.0,105.0,75.4
E2023,102,road,84.0,22.0,15.0,9.0,1.0,18.0,69.0,31.0,8.0,8.0,2.0,7.0,4.0,17.0,83.0,2023-12-05 19:30:00+00:00,12,Regular Season,45.0,MIL,MUN,38.0,0.0,83.0,77.52
E2023,104,local,89.0,36.0,16.0,3.0,2.0,28.0,58.0,29.0,29.0,23.0,9.0,16.0,0.0,24.0,99.0,2023-12-05 19:30:00+00:00,12,Regular Season,45.0,PAR,MCO,29.0,6.0,99.0,77.76
E2023,104,road,85.0,36.0,17.0,6.0,0.0,24.0,70.0,31.0,19.0,14.0,14.0,12.0,2.0,29.0,81.0,2023-12-05 19:30:00+00:00,12,Regular Season,45.0,MCO,PAR,39.0,5.0,81.0,76.36
E2023,105,local,91.0,32.0,19.0,9.0,1.0,23.0,69.0,32.0,23.0,20.0,11.0,8.0,3.0,20.0,104.0,2023-12-06 19:15:00+00:00,12,Regular Season,40.0,ASV,TEL,37.0,3.0,104.0,76.12
E2023,105,road,94.0,43.0,19.0,4.0,3.0,20.0,73.0,36.0,19.0,14.0,15.0,10.0,1.0,23.0,107.0,2023-12-06 19:15:00+00:00,12,Regular Season,40.0,TEL,ASV,37.0,5.0,107.0,76.36
E2023,106,local,80.0,36.0,14.0,7.0,2.0,15.0,68.0,31.0,11.0,8.0,17.0,15.0,0.0,18.0,81.0,2023-12-06 19:30:00+00:00,12,Regular Season,40.0,BAS,ULK,37.0,3.0,81.0,70.84
E2023,106,road,79.0,30.0,19.0,6.0,0.0,18.0,60.0,31.0,11.0,8.0,9.0,13.0,2.0,15.0,90.0,2023-12-06 19:30:00+00:00,12,Regular Season,40.0,ULK,BAS,29.0,3.0,90.0,68.84
E2023,107,local,85.0,30.0,19.0,12.0,1.0,24.0,65.0,29.0,23.0,18.0,7.0,8.0,1.0,27.0,94.0,2023-12-06 19:30:00+00:00,12,Regular Season,40.0,PAM,RED,36.0,5.0,94.0,76.12
E2023,107,road,81.0,37.0,19.0,4.0,1.0,27.0,50.0,25.0,31.0,24.0,5.0,16.0,1.0,24.0,96.0,2023-12-06 19:30:00+00:00,12,Regular Season,40.0,RED,PAM,25.0,7.0,96.0,74.64
E2023,108,local,80.0,38.0,17.0,9.0,2.0,23.0,65.0,28.0,20.0,13.0,14.0,13.0,2.0,18.0,92.0,2023-12-06 19:30:00+00:00,12,Regular Season,40.0,VIR,BAR,37.0,7.0,92.0,72.8
E2023,108,road,75.0,33.0,20.0,5.0,2.0,17.0,58.0,30.0,12.0,8.0,7.0,17.0,2.0,23.0,78.0,2023-12-06 19:30:00+00:00,12,Regular Season,40.0,BAR,VIR,28.0,4.0,78.0,73.28
E2023,109,local,89.0,29.0,14.0,4.0,0.0,17.0,61.0,34.0,10.0,9.0,12.0,19.0,1.0,20.0,85.0,2023-12-07 19:00:00+00:00,13,Regular Season,40.0,BER,IST,27.0,1.0,85.0,72.4
E2023,109,road,97.0,27.0,22.0,8.0,1.0,20.0,60.0,32.0,24.0,22.0,11.0,14.0,0.0,17.0,114.0,2023-12-07 19:00:00+00:00,13,Regular Season,40.0,IST,BER,28.0,2.0,114.0,73.56
E2023,110,local,78.0,28.0,12.0,7.0,2.0,19.0,68.0,30.0,14.0,11.0,12.0,9.0,5.0,13.0,78.0,2023-12-07 19:15:00+00:00,13,Regular Season,40.0,PAN,MAD,38.0,3.0,78.0,71.16
E2023,110,road,90.0,36.0,21.0,6.0,5.0,13.0,62.0,36.0,6.0,5.0,8.0,14.0,2.0,20.0,108.0,2023-12-07 19:15:00+00:00,13,Regular Season,40.0,MAD,PAN,26.0,1.0,108.0,70.64
E2023,111,local,82.0,25.0,13.0,4.0,4.0,22.0,52.0,29.0,16.0,14.0,6.0,10.0,0.0,23.0,92.0,2023-12-07 19:30:00+00:00,13,Regular Season,40.0,PAR,MIL,23.0,2.0,92.0,63.04
E2023,111,road,69.0,29.0,16.0,4.0,0.0,23.0,54.0,22.0,19.0,16.0,11.0,12.0,4.0,22.0,68.0,2023-12-07 19:30:00+00:00,13,Regular Season,40.0,MIL,PAR,32.0,3.0,68.0,63.36
E2023,117,local,79.0,44.0,16.0,6.0,2.0,16.0,73.0,32.0,7.0,4.0,18.0,12.0,3.0,23.0,81.0,2023-12-08 18:00:00+00:00,13,Regular Season,40.0,ZAL,MCO,41.0,3.0,81.0,70.08
E2023,117,road,83.0,34.0,16.0,9.0,3.0,23.0,59.0,26.0,33.0,26.0,10.0,8.0,2.0,16.0,102.0,2023-12-08 18:00:00+00:00,13,Regular Season,40.0,MCO,ZAL,33.0,7.0,102.0,71.52
E2023,112,local,77.0,36.0,15.0,7.0,3.0,24.0,59.0,26.0,21.0,15.0,11.0,11.0,1.0,16.0,95.0,2023-12-08 19:15:00+00:00,13,Regular Season,40.0,OLY,MUN,33.0,6.0,95.0,68.24
E2023,112,road,69.0,34.0,18.0,5.0,1.0,16.0,61.0,24.0,11.0,9.0,13.0,12.0,3.0,25.0,64.0,2023-12-08 19:15:00+00:00,13,Regular Season,40.0,MUN,OLY,37.0,2.0,64.0,64.84
E2023,113,local,89.0,34.0,20.0,7.0,1.0,20.0,63.0,34.0,18.0,14.0,12.0,9.0,4.0,19.0,106.0,2023-12-08 19:30:00+00:00,13,Regular Season,40.0,BAR,ULK,29.0,4.0,106.0,67.92
E2023,113,road,81.0,27.0,13.0,3.0,4.0,19.0,63.0,31.0,10.0,9.0,10.0,10.0,1.0,20.0,83.0,2023-12-08 19:30:00+00:00,13,Regular Season,40.0,ULK,BAR,32.0,1.0,83.0,67.4
E2023,115,local,87.0,35.0,20.0,4.0,1.0,21.0,60.0,29.0,20.0,12.0,12.0,10.0,2.0,20.0,97.0,2023-12-08 19:30:00+00:00,13,Regular Season,40.0,BAS,RED,31.0,8.0,97.0,66.8
E2023,115,road,85.0,43.0,23.0,3.0,2.0,18.0,74.0,30.0,16.0,13.0,20.0,8.0,1.0,21.0,97.0,2023-12-08 19:30:00+00:00,13,Regular Season,40.0,RED,BAS,44.0,3.0,97.0,69.04
E2023,116,local,100.0,38.0,22.0,6.0,0.0,24.0,65.0,35.0,24.0,20.0,9.0,12.0,2.0,24.0,118.0,2023-12-08 19:30:00+00:00,13,Regular Season,40.0,VIR,TEL,30.0,4.0,118.0,78.56
E2023,116,road,90.0,37.0,19.0,10.0,2.0,24.0,70.0,32.0,27.0,20.0,14.0,10.0,0.0,25.0,102.0,2023-12-08 19:30:00+00:00,13,Regular Season,40.0,TEL,VIR,38.0,7.0,102.0,77.88
E2023,114,local,55.0,40.0,15.0,9.0,5.0,21.0,60.0,21.0,15.0,9.0,12.0,18.0,5.0,16.0,61.0,2023-12-08 20:00:00+00:00,13,Regular Season,40.0,ASV,PAM,39.0,6.0,61.0,72.6
E2023,114,road,78.0,36.0,18.0,7.0,5.0,16.0,61.0,27.0,18.0,14.0,9.0,15.0,5.0,21.0,81.0,2023-12-08 20:00:00+00:00,13,Regular Season,40.0,PAM,ASV,34.0,4.0,81.0,74.92
E2023,121,local,85.0,28.0,15.0,4.0,1.0,18.0,54.0,28.0,23.0,17.0,9.0,13.0,2.0,23.0,81.0,2023-12-14 18:00:00+00:00,14,Regular Season,40.0,ZAL,PAR,26.0,6.0,81.0,68.12
E2023,121,road,93.0,30.0,14.0,5.0,2.0,23.0,60.0,31.0,25.0,23.0,10.0,9.0,1.0,18.0,108.0,2023-12-14 18:00:00+00:00,14,Regular Season,40.0,PAR,ZAL,29.0,2.0,108.0,70.0
E2023,124,local,85.0,38.0,23.0,10.0,3.0,17.0,70.0,31.0,14.0,10.0,16.0,11.0,4.0,19.0,99.0,2023-12-14 18:00:00+00:00,14,Regular Season,40.0,RED,BER,39.0,4.0,99.0,71.16
E2023,124,road,71.0,35.0,21.0,5.0,4.0,19.0,57.0,26.0,18.0,13.0,12.0,19.0,3.0,17.0,80.0,2023-12-14 18:00:00+00:00,14,Regular Season,40.0,BER,RED,31.0,5.0,80.0,71.92
E2023,122,local,95.0,40.0,23.0,5.0,7.0,14.0,70.0,36.0,17.0,11.0,14.0,16.0,2.0,19.0,107.0,2023-12-14 19:05:00+00:00,14,Regular Season,40.0,TEL,IST,34.0,6.0,107.0,79.48
E2023,122,road,86.0,40.0,20.0,13.0,2.0,19.0,80.0,32.0,14.0,11.0,18.0,12.0,7.0,14.0,96.0,2023-12-14 19:05:00+00:00,14,Regular Season,40.0,IST,TEL,48.0,3.0,96.0,80.16
E2023,120,local,81.0,37.0,19.0,5.0,3.0,22.0,63.0,26.0,25.0,18.0,10.0,9.0,2.0,18.0,94.0,2023-12-14 19:30:00+00:00,14,Regular Season,40.0,BAS,VIR,37.0,7.0,94.0,73.0
E2023,120,road,91.0,34.0,26.0,4.0,2.0,18.0,63.0,32.0,16.0,14.0,5.0,7.0,3.0,22.0,110.0,2023-12-14 19:30:00+00:00,14,Regular Season,40.0,VIR,BAS,31.0,2.0,110.0,72.04
E2023,119,local,88.0,42.0,14.0,9.0,3.0,24.0,68.0,31.0,23.0,19.0,16.0,15.0,7.0,20.0,97.0,2023-12-14 19:45:00+00:00,14,Regular Season,40.0,MAD,MUN,37.0,4.0,97.0,77.12
E2023,119,road,73.0,29.0,9.0,7.0,7.0,18.0,62.0,28.0,13.0,12.0,8.0,14.0,3.0,25.0,66.0,2023-12-14 19:45:00+00:00,14,Regular Season,40.0,MUN,MAD,34.0,1.0,66.0,73.72
E2023,118,local,81.0,37.0,17.0,9.0,1.0,18.0,66.0,31.0,18.0,15.0,15.0,14.0,5.0,25.0,81.0,2023-12-14 20:00:00+00:00,14,Regular Season,40.0,ASV,PAN,35.0,3.0,81.0,72.92
E2023,118,road,89.0,35.0,23.0,7.0,5.0,25.0,60.0,28.0,29.0,18.0,13.0,14.0,1.0,18.0,108.0,2023-12-14 20:00:00+00:00,14,Regular Season,40.0,PAN,ASV,32.0,11.0,108.0,73.76
E2023,123,local,86.0,47.0,21.0,4.0,1.0,19.0,66.0,30.0,18.0,17.0,17.0,9.0,2.0,26.0,104.0,2023-12-15 17:45:00+00:00,14,Regular Season,40.0,ULK,MCO,36.0,1.0,104.0,65.92
E2023,123,road,74.0,28.0,12.0,5.0,2.0,26.0,62.0,26.0,21.0,17.0,9.0,5.0,1.0,20.0,81.0,2023-12-15 17:45:00+00:00,14,Regular Season,40.0,MCO,ULK,36.0,4.0,81.0,67.24
E2023,126,local,56.0,30.0,15.0,10.0,1.0,20.0,55.0,19.0,16.0,9.0,10.0,15.0,2.0,12.0,60.0,2023-12-15 19:15:00+00:00,14,Regular Season,40.0,OLY,PAM,36.0,7.0,60.0,67.03999999999999
E2023,126,road,63.0,38.0,11.0,8.0,2.0,12.0,57.0,26.0,6.0,6.0,11.0,17.0,1.0,20.0,65.0,2023-12-15 19:15:00+00:00,14,Regular Season,40.0,PAM,OLY,31.0,0.0,65.0,65.64
E2023,125,local,86.0,31.0,20.0,7.0,0.0,22.0,61.0,31.0,23.0,17.0,8.0,9.0,1.0,24.0,96.0,2023-12-15 19:30:00+00:00,14,Regular Season,40.0,BAR,MIL,30.0,6.0,96.0,72.12
E2023,125,road,90.0,34.0,12.0,4.0,1.0,22.0,65.0,31.0,19.0,17.0,11.0,11.0,0.0,22.0,94.0,2023-12-15 19:30:00+00:00,14,Regular Season,40.0,MIL,BAR,34.0,2.0,94.0,73.36
E2023,128,local,58.0,36.0,15.0,8.0,0.0,19.0,61.0,20.0,16.0,13.0,13.0,15.0,2.0,13.0,62.0,2023-12-19 18:00:00+00:00,15,Regular Season,40.0,RED,MAD,41.0,3.0,62.0,70.04
E2023,128,road,72.0,35.0,22.0,12.0,2.0,12.0,59.0,28.0,5.0,5.0,6.0,17.0,0.0,19.0,88.0,2023-12-19 18:00:00+00:00,15,Regular Season,40.0,MAD,RED,31.0,0.0,88.0,72.2
E2023,127,local,74.0,33.0,18.0,9.0,0.0,18.0,64.0,30.0,9.0,5.0,10.0,14.0,5.0,21.0,74.0,2023-12-19 19:00:00+00:00,15,Regular Season,40.0,BER,BAR,34.0,4.0,74.0,71.96
E2023,127,road,70.0,36.0,19.0,8.0,5.0,21.0,60.0,26.0,19.0,12.0,13.0,15.0,0.0,20.0,83.0,2023-12-19 19:00:00+00:00,15,Regular Season,40.0,BAR,BER,34.0,7.0,83.0,70.36
E2023,129,local,89.0,50.0,27.0,9.0,3.0,20.0,74.0,30.0,24.0,21.0,16.0,12.0,3.0,21.0,115.0,2023-12-19 19:05:00+00:00,15,Regular Season,40.0,TEL,BAS,44.0,3.0,115.0,80.56
E2023,129,road,81.0,35.0,21.0,7.0,3.0,19.0,63.0,25.0,27.0,21.0,7.0,14.0,3.0,20.0,85.0,2023-12-19 19:05:00+00:00,15,Regular Season,40.0,BAS,TEL,38.0,6.0,85.0,81.88
E2023,131,local,69.0,36.0,16.0,5.0,0.0,20.0,63.0,24.0,16.0,13.0,12.0,9.0,4.0,19.0,72.0,2023-12-19 19:30:00+00:00,15,Regular Season,40.0,VIR,OLY,39.0,3.0,72.0,67.04
E2023,131,road,67.0,38.0,20.0,5.0,4.0,19.0,59.0,24.0,16.0,12.0,10.0,11.0,0.0,20.0,83.0,2023-12-19 19:30:00+00:00,15,Regular Season,40.0,OLY,VIR,35.0,4.0,83.0,67.04
E2023,130,local,67.0,42.0,16.0,5.0,2.0,22.0,61.0,25.0,18.0,10.0,17.0,16.0,2.0,21.0,71.0,2023-12-19 20:00:00+00:00,15,Regular Season,40.0,PAM,PAR,36.0,8.0,71.0,67.92
E2023,130,road,72.0,32.0,14.0,12.0,2.0,21.0,57.0,25.0,16.0,13.0,8.0,13.0,2.0,22.0,81.0,2023-12-19 20:00:00+00:00,15,Regular Season,40.0,PAR,PAM,32.0,3.0,81.0,69.04
E2023,135,local,80.0,30.0,18.0,9.0,3.0,21.0,59.0,28.0,17.0,14.0,7.0,14.0,0.0,22.0,91.0,2023-12-20 17:30:00+00:00,15,Regular Season,40.0,ULK,ZAL,31.0,3.0,91.0,73.48
E2023,135,road,78.0,29.0,20.0,6.0,0.0,22.0,53.0,27.0,19.0,15.0,4.0,14.0,3.0,21.0,87.0,2023-12-20 17:30:00+00:00,15,Regular Season,40.0,ZAL,ULK,26.0,4.0,87.0,71.36
E2023,132,local,90.0,37.0,18.0,5.0,0.0,22.0,59.0,30.0,25.0,21.0,10.0,15.0,2.0,21.0,101.0,2023-12-20 18:00:00+00:00,15,Regular Season,40.0,MCO,PAN,29.0,4.0,101.0,75.0
E2023,132,road,91.0,29.0,18.0,9.0,2.0,20.0,68.0,35.0,16.0,12.0,10.0,8.0,0.0,22.0,102.0,2023-12-20 18:00:00+00:00,15,Regular Season,40.0,PAN,MCO,33.0,4.0,102.0,73.04
E2023,133,local,84.0,33.0,27.0,14.0,0.0,18.0,62.0,34.0,9.0,5.0,5.0,12.0,2.0,20.0,110.0,2023-12-20 19:30:00+00:00,15,Regular Season,40.0,MIL,ASV,28.0,4.0,110.0,72.96
E2023,133,road,61.0,30.0,11.0,3.0,2.0,20.0,48.0,18.0,24.0,15.0,7.0,18.0,0.0,18.0,52.0,2023-12-20 19:30:00+00:00,15,Regular Season,40.0,ASV,MIL,30.0,9.0,52.0,69.56
E2023,134,local,86.0,31.0,24.0,12.0,2.0,17.0,70.0,31.0,11.0,10.0,10.0,6.0,10.0,14.0,102.0,2023-12-20 19:30:00+00:00,15,Regular Season,40.0,MUN,IST,39.0,1.0,102.0,70.84
E2023,134,road,71.0,38.0,14.0,5.0,10.0,14.0,60.0,29.0,13.0,10.0,9.0,18.0,2.0,17.0,81.0,2023-12-20 19:30:00+00:00,15,Regular Season,40.0,IST,MUN,31.0,3.0,81.0,74.72
E2023,136,local,92.0,33.0,19.0,6.0,3.0,22.0,57.0,28.0,27.0,23.0,11.0,17.0,1.0,20.0,104.0,2023-12-21 19:05:00+00:00,16,Regular Season,40.0,TEL,RED,29.0,4.0,104.0,74.88
E2023,136,road,98.0,34.0,24.0,8.0,1.0,19.0,71.0,36.0,14.0,11.0,13.0,14.0,3.0,23.0,106.0,2023-12-21 19:05:00+00:00,16,Regular Season,40.0,RED,TEL,35.0,3.0,106.0,78.16
E2023,138,local,79.0,29.0,10.0,6.0,1.0,21.0,47.0,28.0,20.0,17.0,7.0,21.0,0.0,17.0,86.0,2023-12-21 19:30:00+00:00,16,Regular Season,40.0,PAM,VIR,19.0,3.0,86.0,69.8
E2023,138,road,71.0,21.0,21.0,16.0,0.0,17.0,50.0,25.0,18.0,12.0,6.0,19.0,1.0,21.0,74.0,2023-12-21 19:30:00+00:00,16,Regular Season,40.0,VIR,PAM,25.0,6.0,74.0,70.92
E2023,137,local,91.0,31.0,25.0,10.0,2.0,18.0,65.0,35.0,15.0,10.0,8.0,12.0,0.0,14.0,116.0,2023-12-21 19:45:00+00:00,16,Regular Season,40.0,MAD,PAR,30.0,5.0,116.0,75.6
E2023,137,road,75.0,35.0,16.0,6.0,0.0,14.0,64.0,31.0,5.0,5.0,10.0,16.0,2.0,20.0,75.0,2023-12-21 19:45:00+00:00,16,Regular Season,40.0,PAR,MAD,33.0,0.0,75.0,72.2
E2023,140,local,80.0,34.0,16.0,4.0,4.0,19.0,70.0,32.0,12.0,10.0,11.0,9.0,2.0,18.0,88.0,2023-12-22 17:15:00+00:00,16,Regular Season,40.0,IST,BAS,38.0,2.0,88.0,73.28
E2023,140,road,87.0,35.0,18.0,2.0,2.0,17.0,62.0,30.0,18.0,14.0,10.0,10.0,4.0,19.0,92.0,2023-12-22 17:15:00+00:00,16,Regular Season,40.0,BAS,IST,32.0,4.0,92.0,69.92
E2023,144,local,80.0,29.0,17.0,4.0,0.0,21.0,54.0,28.0,20.0,16.0,5.0,13.0,2.0,21.0,85.0,2023-12-22 18:00:00+00:00,16,Regular Season,40.0,ZAL,BAR,26.0,4.0,85.0,70.8
E2023,144,road,85.0,33.0,25.0,3.0,2.0,21.0,62.0,30.0,19.0,13.0,11.0,11.0,0.0,22.0,98.0,2023-12-22 18:00:00+00:00,16,Regular Season,40.0,BAR,ZAL,32.0,6.0,98.0,70.36
E2023,143,local,73.0,31.0,18.0,6.0,0.0,24.0,62.0,26.0,20.0,17.0,13.0,14.0,8.0,15.0,76.0,2023-12-22 18:45:00+00:00,16,Regular Season,40.0,ASV,OLY,36.0,3.0,76.0,71.8
E2023,143,road,85.0,30.0,24.0,7.0,8.0,15.0,56.0,31.0,12.0,12.0,7.0,14.0,0.0,24.0,106.0,2023-12-22 18:45:00+00:00,16,Regular Season,40.0,OLY,ASV,25.0,0.0,106.0,68.28
E2023,139,local,82.0,24.0,15.0,10.0,1.0,18.0,64.0,31.0,20.0,13.0,7.0,9.0,3.0,17.0,81.0,2023-12-22 19:15:00+00:00,16,Regular Season,40.0,BER,ULK,33.0,7.0,81.0,74.8
E2023,139,road,91.0,39.0,25.0,3.0,3.0,17.0,64.0,34.0,12.0,11.0,11.0,16.0,1.0,18.0,112.0,2023-12-22 19:15:00+00:00,16,Regular Season,40.0,ULK,BER,30.0,1.0,112.0,74.28
E2023,142,local,80.0,35.0,18.0,4.0,1.0,17.0,62.0,29.0,9.0,8.0,12.0,18.0,1.0,28.0,74.0,2023-12-22 19:30:00+00:00,16,Regular Season,40.0,MUN,MCO,33.0,1.0,74.0,71.96
E2023,142,road,91.0,30.0,12.0,5.0,1.0,28.0,60.0,31.0,31.0,24.0,8.0,8.0,1.0,17.0,105.0,2023-12-22 19:30:00+00:00,16,Regular Season,40.0,MCO,MUN,29.0,7.0,105.0,73.64
E2023,141,local,68.0,32.0,14.0,8.0,5.0,17.0,62.0,26.0,9.0,8.0,8.0,12.0,2.0,19.0,74.0,2023-12-22 19:45:00+00:00,16,Regular Season,40.0,MIL,PAN,36.0,1.0,74.0,69.96
E2023,141,road,76.0,37.0,17.0,7.0,2.0,19.0,59.0,27.0,17.0,15.0,9.0,13.0,5.0,17.0,89.0,2023-12-22 19:45:00+00:00,16,Regular Season,40.0,PAN,MIL,32.0,2.0,89.0,70.48
E2023,145,local,84.0,30.0,17.0,3.0,0.0,16.0,63.0,33.0,17.0,14.0,8.0,9.0,0.0,15.0,93.0,2023-12-28 17:30:00+00:00,17,Regular Season,40.0,IST,ULK,30.0,3.0,93.0,71.48
E2023,145,road,89.0,33.0,22.0,6.0,0.0,15.0,63.0,35.0,10.0,7.0,8.0,13.0,0.0,17.0,104.0,2023-12-28 17:30:00+00:00,17,Regular Season,40.0,ULK,IST,28.0,3.0,104.0,72.4
E2023,153,local,75.0,32.0,13.0,8.0,0.0,21.0,60.0,28.0,17.0,11.0,13.0,14.0,2.0,21.0,74.0,2023-12-28 17:30:00+00:00,17,Regular Season,40.0,PAR,VIR,32.0,6.0,74.0,68.48
E2023,153,road,77.0,28.0,20.0,8.0,2.0,20.0,54.0,26.0,17.0,15.0,7.0,14.0,0.0,21.0,90.0,2023-12-28 17:30:00+00:00,17,Regular Season,40.0,VIR,PAR,28.0,2.0,90.0,68.48
E2023,149,local,70.0,34.0,10.0,7.0,3.0,16.0,66.0,26.0,13.0,11.0,13.0,15.0,5.0,18.0,60.0,2023-12-28 18:00:00+00:00,17,Regular Season,40.0,ZAL,TEL,40.0,2.0,60.0,73.72
E2023,149,road,78.0,39.0,21.0,8.0,5.0,18.0,65.0,29.0,15.0,12.0,13.0,15.0,3.0,16.0,96.0,2023-12-28 18:00:00+00:00,17,Regular Season,40.0,TEL,ZAL,36.0,3.0,96.0,73.6
E2023,148,local,76.0,32.0,16.0,4.0,0.0,16.0,63.0,31.0,13.0,8.0,6.0,10.0,3.0,23.0,71.0,2023-12-28 19:00:00+00:00,17,Regular Season,40.0,ASV,MAD,32.0,5.0,71.0,72.72
E2023,148,road,77.0,35.0,19.0,6.0,3.0,23.0,61.0,29.0,23.0,14.0,9.0,9.0,0.0,16.0,97.0,2023-12-28 19:00:00+00:00,17,Regular Season,40.0,MAD,ASV,32.0,9.0,97.0,71.12
E2023,150,local,82.0,40.0,13.0,8.0,0.0,23.0,65.0,31.0,18.0,15.0,15.0,11.0,3.0,15.0,100.0,2023-12-28 19:15:00+00:00,17,Regular Season,40.0,PAN,RED,34.0,3.0,100.0,68.92
E2023,150,road,65.0,30.0,12.0,7.0,3.0,15.0,59.0,26.0,10.0,9.0,8.0,14.0,0.0,23.0,61.0,2023-12-28 19:15:00+00:00,17,Regular Season,40.0,RED,PAN,33.0,1.0,61.0,69.4
E2023,146,local,76.0,38.0,21.0,11.0,4.0,18.0,63.0,28.0,17.0,12.0,9.0,15.0,0.0,24.0,89.0,2023-12-28 19:30:00+00:00,17,Regular Season,40.0,MIL,BAS,35.0,5.0,89.0,76.48
E2023,146,road,67.0,32.0,19.0,9.0,0.0,24.0,53.0,22.0,26.0,20.0,5.0,16.0,4.0,18.0,76.0,2023-12-28 19:30:00+00:00,17,Regular Season,40.0,BAS,MIL,31.0,6.0,76.0,75.44
E2023,147,local,85.0,37.0,21.0,6.0,2.0,23.0,68.0,29.0,25.0,17.0,13.0,6.0,3.0,19.0,99.0,2023-12-28 19:30:00+00:00,17,Regular Season,40.0,MUN,PAM,39.0,8.0,99.0,72.0
E2023,147,road,84.0,31.0,19.0,3.0,3.0,19.0,61.0,32.0,18.0,12.0,5.0,9.0,2.0,23.0,90.0,2023-12-28 19:30:00+00:00,17,Regular Season,40.0,PAM,MUN,29.0,6.0,90.0,72.92
E2023,151,local,67.0,23.0,20.0,4.0,1.0,12.0,63.0,26.0,5.0,4.0,7.0,14.0,5.0,20.0,50.0,2023-12-29 19:00:00+00:00,17,Regular Season,40.0,BER,OLY,37.0,1.0,50.0,72.2
E2023,151,road,94.0,34.0,30.0,9.0,5.0,20.0,54.0,33.0,22.0,18.0,6.0,11.0,1.0,12.0,143.0,2023-12-29 19:00:00+00:00,17,Regular Season,40.0,OLY,BER,21.0,4.0,143.0,68.68
E2023,152,local,91.0,35.0,17.0,8.0,1.0,17.0,66.0,32.0,17.0,12.0,10.0,6.0,2.0,20.0,102.0,2023-12-29 20:00:00+00:00,17,Regular Season,40.0,MCO,BAR,34.0,5.0,102.0,69.48
E2023,152,road,71.0,37.0,13.0,1.0,2.0,19.0,59.0,24.0,20.0,15.0,12.0,14.0,0.0,17.0,72.0,2023-12-29 20:00:00+00:00,17,Regular Season,40.0,BAR,MCO,35.0,5.0,72.0,69.8
E2023,154,local,76.0,32.0,20.0,6.0,1.0,23.0,58.0,26.0,17.0,11.0,8.0,15.0,2.0,28.0,75.0,2024-01-02 17:45:00+00:00,18,Regular Season,40.0,ULK,RED,32.0,6.0,75.0,72.48
E2023,154,road,85.0,36.0,20.0,6.0,2.0,28.0,56.0,27.0,30.0,23.0,10.0,10.0,1.0,23.0,107.0,2024-01-02 17:45:00+00:00,18,Regular Season,40.0,RED,ULK,29.0,7.0,107.0,69.2
E2023,158,local,77.0,35.0,17.0,10.0,5.0,21.0,63.0,26.0,18.0,15.0,14.0,16.0,4.0,21.0,84.0,2024-01-02 18:00:00+00:00,18,Regular Season,40.0,ZAL,BER,37.0,3.0,84.0,72.92
E2023,158,road,71.0,38.0,17.0,10.0,4.0,21.0,60.0,25.0,22.0,13.0,16.0,20.0,5.0,21.0,71.0,2024-01-02 18:00:00+00:00,18,Regular Season,40.0,BER,ZAL,35.0,9.0,71.0,73.68
E2023,155,local,93.0,39.0,19.0,6.0,3.0,18.0,66.0,35.0,18.0,12.0,12.0,12.0,3.0,23.0,103.0,2024-01-02 19:05:00+00:00,18,Regular Season,40.0,TEL,MCO,31.0,6.0,103.0,73.92
E2023,155,road,83.0,26.0,15.0,5.0,3.0,23.0,61.0,28.0,24.0,18.0,5.0,11.0,3.0,18.0,84.0,2024-01-02 19:05:00+00:00,18,Regular Season,40.0,MCO,TEL,33.0,6.0,84.0,77.56
E2023,156,local,79.0,37.0,22.0,3.0,4.0,16.0,57.0,29.0,12.0,11.0,14.0,17.0,5.0,17.0,93.0,2024-01-02 19:15:00+00:00,18,Regular Season,40.0,OLY,MIL,28.0,1.0,93.0,65.28
E2023,156,road,74.0,16.0,21.0,11.0,5.0,17.0,56.0,29.0,7.0,7.0,4.0,10.0,4.0,16.0,87.0,2024-01-02 19:15:00+00:00,18,Regular Season,40.0,MIL,OLY,27.0,0.0,87.0,65.08
E2023,157,local,90.0,39.0,16.0,7.0,2.0,17.0,70.0,36.0,11.0,6.0,9.0,9.0,1.0,18.0,104.0,2024-01-02 19:45:00+00:00,18,Regular Season,40.0,PAR,ASV,34.0,5.0,104.0,74.84
E2023,157,road,77.0,36.0,20.0,4.0,1.0,17.0,66.0,29.0,15.0,10.0,8.0,11.0,2.0,17.0,83.0,2024-01-02 19:45:00+00:00,18,Regular Season,40.0,ASV,PAR,37.0,5.0,83.0,75.6
E2023,161,local,93.0,41.0,23.0,3.0,3.0,19.0,71.0,34.0,17.0,14.0,12.0,7.0,10.0,15.0,110.0,2024-01-03 18:30:00+00:00,18,Regular Season,40.0,PAM,IST,37.0,3.0,110.0,73.48
E2023,161,road,88.0,38.0,21.0,4.0,10.0,15.0,73.0,32.0,10.0,9.0,13.0,9.0,3.0,19.0,103.0,2024-01-03 18:30:00+00:00,18,Regular Season,40.0,IST,PAM,41.0,1.0,103.0,73.4
E2023,160,local,75.0,35.0,16.0,2.0,4.0,21.0,53.0,25.0,25.0,17.0,6.0,15.0,2.0,23.0,77.0,2024-01-03 19:30:00+00:00,18,Regular Season,40.0,BAS,PAN,28.0,8.0,77.0,73.0
E2023,160,road,73.0,39.0,14.0,10.0,2.0,22.0,67.0,26.0,20.0,12.0,11.0,13.0,4.0,22.0,72.0,2024-01-03 19:30:00+00:00,18,Regular Season,40.0,PAN,BAS,41.0,8.0,72.0,77.8
E2023,162,local,85.0,34.0,18.0,7.0,1.0,21.0,65.0,29.0,22.0,15.0,12.0,7.0,2.0,19.0,95.0,2024-01-03 19:30:00+00:00,18,Regular Season,40.0,VIR,MUN,36.0,7.0,95.0,69.68
E2023,162,road,83.0,35.0,17.0,5.0,2.0,19.0,60.0,30.0,13.0,10.0,9.0,13.0,1.0,21.0,93.0,2024-01-03 19:30:00+00:00,18,Regular Season,40.0,MUN,VIR,30.0,3.0,93.0,69.72
E2023,159,local,83.0,39.0,20.0,6.0,3.0,14.0,72.0,34.0,9.0,6.0,14.0,8.0,3.0,17.0,96.0,2024-01-03 20:00:00+00:00,18,Regular Season,40.0,BAR,MAD,38.0,3.0,96.0,69.96
E2023,159,road,78.0,32.0,18.0,5.0,3.0,17.0,66.0,28.0,10.0,9.0,9.0,11.0,3.0,14.0,86.0,2024-01-03 20:00:00+00:00,18,Regular Season,40.0,MAD,BAR,38.0,1.0,86.0,72.4
E2023,165,local,109.0,35.0,27.0,8.0,2.0,18.0,63.0,41.0,17.0,15.0,6.0,8.0,1.0,19.0,147.0,2024-01-04 17:45:00+00:00,19,Regular Season,40.0,ULK,TEL,22.0,2.0,147.0,72.48
E2023,165,road,74.0,26.0,16.0,4.0,1.0,19.0,65.0,27.0,16.0,11.0,11.0,12.0,2.0,18.0,65.0,2024-01-04 17:45:00+00:00,19,Regular Season,40.0,TEL,ULK,38.0,5.0,65.0,73.04
E2023,163,local,88.0,31.0,21.0,11.0,1.0,21.0,58.0,31.0,22.0,15.0,14.0,12.0,4.0,23.0,100.0,2024-01-04 19:00:00+00:00,19,Regular Season,40.0,RED,PAR,27.0,7.0,100.0,65.68
E2023,163,road,72.0,33.0,11.0,9.0,4.0,23.0,61.0,27.0,12.0,12.0,16.0,16.0,1.0,21.0,80.0,2024-01-04 19:00:00+00:00,19,Regular Season,40.0,PAR,RED,34.0,0.0,80.0,66.28
E2023,164,local,93.0,35.0,24.0,4.0,2.0,24.0,56.0,32.0,24.0,22.0,12.0,20.0,1.0,20.0,115.0,2024-01-04 19:00:00+00:00,19,Regular Season,40.0,ASV,ZAL,24.0,2.0,115.0,74.56
E2023,164,road,79.0,24.0,12.0,9.0,1.0,20.0,61.0,28.0,15.0,11.0,10.0,15.0,2.0,24.0,67.0,2024-01-04 19:00:00+00:00,19,Regular Season,40.0,ZAL,ASV,33.0,4.0,67.0,72.6
E2023,166,local,75.0,30.0,18.0,1.0,2.0,20.0,55.0,25.0,18.0,16.0,5.0,7.0,4.0,18.0,85.0,2024-01-04 19:15:00+00:00,19,Regular Season,40.0,OLY,MCO,30.0,2.0,85.0,64.92
E2023,166,road,73.0,38.0,18.0,4.0,4.0,18.0,72.0,31.0,7.0,5.0,14.0,4.0,2.0,20.0,86.0,2024-01-04 19:15:00+00:00,19,Regular Season,40.0,MCO,OLY,41.0,2.0,86.0,65.08
E2023,167,local,68.0,31.0,9.0,4.0,4.0,19.0,51.0,22.0,21.0,14.0,7.0,17.0,2.0,16.0,64.0,2024-01-05 18:00:00+00:00,19,Regular Season,40.0,BER,VIR,29.0,7.0,64.0,70.24000000000001
E2023,167,road,83.0,39.0,17.0,8.0,2.0,16.0,68.0,31.0,14.0,9.0,14.0,11.0,4.0,19.0,89.0,2024-01-05 18:00:00+00:00,19,Regular Season,40.0,VIR,BER,37.0,5.0,89.0,71.16
E2023,168,local,76.0,30.0,16.0,5.0,4.0,15.0,58.0,30.0,6.0,6.0,6.0,14.0,0.0,25.0,79.0,2024-01-05 19:30:00+00:00,19,Regular Season,40.0,MIL,MUN,28.0,0.0,79.0,68.64
E2023,168,road,62.0,33.0,12.0,7.0,0.0,25.0,57.0,21.0,19.0,15.0,12.0,14.0,4.0,16.0,65.0,2024-01-05 19:30:00+00:00,19,Regular Season,40.0,MUN,MIL,36.0,4.0,65.0,67.36
E2023,169,local,89.0,34.0,24.0,6.0,4.0,20.0,55.0,31.0,19.0,16.0,9.0,20.0,2.0,16.0,112.0,2024-01-05 19:30:00+00:00,19,Regular Season,40.0,BAR,BAS,24.0,3.0,112.0,74.36
E2023,169,road,85.0,25.0,19.0,12.0,2.0,16.0,67.0,33.0,11.0,7.0,11.0,14.0,4.0,20.0,83.0,2024-01-05 19:30:00+00:00,19,Regular Season,40.0,BAS,BAR,34.0,4.0,83.0,74.84
E2023,171,local,81.0,39.0,19.0,5.0,4.0,17.0,63.0,31.0,15.0,12.0,11.0,16.0,1.0,24.0,89.0,2024-01-05 19:30:00+00:00,19,Regular Season,40.0,PAM,PAN,32.0,3.0,89.0,74.6
E2023,171,road,82.0,32.0,15.0,7.0,1.0,24.0,63.0,26.0,29.0,19.0,12.0,11.0,4.0,17.0,82.0,2024-01-05 19:30:00+00:00,19,Regular Season,40.0,PAN,PAM,37.0,10.0,82.0,74.76
E2023,170,local,130.0,49.0,27.0,9.0,6.0,26.0,93.0,44.0,39.0,30.0,11.0,11.0,2.0,24.0,152.0,2024-01-05 19:45:00+00:00,19,Regular Season,60.0,MAD,IST,49.0,9.0,152.0,110.16
E2023,170,road,126.0,56.0,17.0,6.0,2.0,22.0,103.0,46.0,24.0,19.0,17.0,15.0,6.0,26.0,120.0,2024-01-05 19:45:00+00:00,19,Regular Season,60.0,IST,MAD,57.0,5.0,120.0,111.56
E2023,172,local,91.0,33.0,19.0,4.0,4.0,20.0,59.0,33.0,15.0,11.0,8.0,11.0,3.0,23.0,104.0,2024-01-09 17:30:00+00:00,20,Regular Season,40.0,ULK,PAR,26.0,4.0,104.0,68.6
E2023,172,road,76.0,26.0,12.0,7.0,3.0,22.0,57.0,24.0,23.0,19.0,8.0,13.0,4.0,20.0,72.0,2024-01-09 17:30:00+00:00,20,Regular Season,40.0,PAR,ULK,33.0,4.0,72.0,72.12
E2023,173,local,93.0,31.0,19.0,7.0,2.0,21.0,76.0,37.0,11.0,8.0,11.0,6.0,4.0,22.0,99.0,2024-01-09 18:00:00+00:00,20,Regular Season,40.0,MCO,BAS,39.0,3.0,99.0,75.84
E2023,173,road,83.0,37.0,20.0,4.0,4.0,21.0,58.0,31.0,19.0,11.0,11.0,19.0,2.0,21.0,92.0,2024-01-09 18:00:00+00:00,20,Regular Season,40.0,BAS,MCO,27.0,8.0,92.0,74.36
E2023,178,local,71.0,28.0,15.0,9.0,2.0,11.0,63.0,30.0,1.0,1.0,7.0,18.0,4.0,20.0,61.0,2024-01-09 19:00:00+00:00,20,Regular Season,40.0,MUN,MAD,33.0,0.0,61.0,74.44
E2023,178,road,92.0,32.0,19.0,10.0,4.0,20.0,61.0,32.0,15.0,15.0,8.0,14.0,2.0,11.0,121.0,2024-01-09 19:00:00+00:00,20,Regular Season,40.0,MAD,MUN,29.0,0.0,121.0,73.6
E2023,174,local,83.0,28.0,23.0,5.0,1.0,20.0,51.0,28.0,17.0,14.0,3.0,11.0,2.0,16.0,105.0,2024-01-09 19:15:00+00:00,20,Regular Season,40.0,PAN,IST,23.0,3.0,105.0,66.48
E2023,174,road,76.0,33.0,18.0,3.0,2.0,15.0,65.0,27.0,11.0,8.0,14.0,9.0,1.0,21.0,75.0,2024-01-09 19:15:00+00:00,20,Regular Season,40.0,IST,PAN,38.0,3.0,75.0,64.84
E2023,175,local,100.0,38.0,21.0,5.0,2.0,25.0,65.0,36.0,25.0,20.0,14.0,14.0,5.0,20.0,118.0,2024-01-09 19:30:00+00:00,20,Regular Season,40.0,ASV,RED,29.0,5.0,118.0,76.0
E2023,175,road,91.0,26.0,18.0,7.0,5.0,20.0,67.0,34.0,13.0,11.0,9.0,14.0,2.0,25.0,91.0,2024-01-09 19:30:00+00:00,20,Regular Season,40.0,RED,ASV,33.0,2.0,91.0,77.72
E2023,176,local,79.0,29.0,15.0,8.0,3.0,21.0,56.0,27.0,23.0,20.0,10.0,16.0,1.0,20.0,86.0,2024-01-09 19:30:00+00:00,20,Regular Season,40.0,PAM,ZAL,29.0,3.0,86.0,72.12
E2023,176,road,84.0,30.0,12.0,7.0,1.0,20.0,55.0,26.0,26.0,23.0,12.0,16.0,3.0,22.0,81.0,2024-01-09 19:30:00+00:00,20,Regular Season,40.0,ZAL,PAM,29.0,3.0,81.0,70.44
E2023,177,local,82.0,31.0,15.0,6.0,3.0,16.0,63.0,31.0,12.0,8.0,10.0,6.0,0.0,16.0,95.0,2024-01-09 19:30:00+00:00,20,Regular Season,40.0,MIL,BER,32.0,4.0,95.0,64.28
E2023,177,road,76.0,36.0,16.0,2.0,0.0,16.0,62.0,30.0,7.0,5.0,11.0,11.0,3.0,16.0,82.0,2024-01-09 19:30:00+00:00,20,Regular Season,40.0,BER,MIL,32.0,2.0,82.0,65.08
E2023,179,local,86.0,33.0,20.0,5.0,2.0,18.0,54.0,28.0,22.0,19.0,11.0,13.0,0.0,19.0,103.0,2024-01-10 19:30:00+00:00,20,Regular Season,40.0,BAR,OLY,26.0,3.0,103.0,65.68
E2023,179,road,78.0,23.0,14.0,6.0,0.0,17.0,59.0,29.0,16.0,12.0,9.0,12.0,2.0,18.0,72.0,2024-01-10 19:30:00+00:00,20,Regular Season,40.0,OLY,BAR,30.0,4.0,72.0,69.04
E2023,180,local,95.0,38.0,17.0,7.0,3.0,21.0,69.0,32.0,20.0,18.0,10.0,9.0,1.0,20.0,112.0,2024-01-10 20:00:00+00:00,20,Regular Season,40.0,TEL,VIR,37.0,2.0,112.0,76.8
E2023,180,road,78.0,32.0,19.0,7.0,1.0,20.0,64.0,30.0,15.0,7.0,7.0,14.0,3.0,21.0,77.0,2024-01-10 20:00:00+00:00,20,Regular Season,40.0,VIR,TEL,34.0,8.0,77.0,77.6
E2023,181,local,98.0,33.0,16.0,7.0,3.0,25.0,64.0,32.0,24.0,21.0,9.0,14.0,2.0,19.0,112.0,2024-01-11 17:45:00+00:00,21,Regular Season,45.0,ULK,MUN,32.0,3.0,112.0,79.56
E2023,181,road,91.0,36.0,20.0,6.0,2.0,19.0,66.0,30.0,21.0,19.0,13.0,17.0,3.0,25.0,91.0,2024-01-11 17:45:00+00:00,21,Regular Season,45.0,MUN,ULK,36.0,2.0,91.0,79.24
E2023,182,local,88.0,29.0,15.0,11.0,3.0,14.0,54.0,33.0,13.0,11.0,4.0,15.0,0.0,15.0,107.0,2024-01-11 19:15:00+00:00,21,Regular Season,40.0,PAN,MCO,21.0,2.0,107.0,70.72
E2023,182,road,63.0,33.0,15.0,12.0,0.0,15.0,66.0,26.0,10.0,3.0,17.0,16.0,3.0,16.0,56.0,2024-01-11 19:15:00+00:00,21,Regular Season,40.0,MCO,PAN,40.0,7.0,56.0,69.4
E2023,183,local,62.0,31.0,14.0,7.0,4.0,24.0,55.0,22.0,16.0,12.0,8.0,15.0,5.0,21.0,64.0,2024-01-11 19:30:00+00:00,21,Regular Season,40.0,MIL,RED,33.0,4.0,64.0,69.03999999999999
E2023,183,road,76.0,37.0,17.0,13.0,5.0,20.0,59.0,27.0,20.0,15.0,11.0,15.0,4.0,25.0,87.0,2024-01-11 19:30:00+00:00,21,Regular Season,40.0,RED,MIL,32.0,5.0,87.0,71.8
E2023,184,local,96.0,47.0,18.0,5.0,8.0,25.0,73.0,31.0,26.0,21.0,14.0,13.0,1.0,18.0,120.0,2024-01-11 19:45:00+00:00,21,Regular Season,45.0,MAD,PAM,42.0,5.0,120.0,83.44
E2023,184,road,86.0,40.0,20.0,5.0,1.0,18.0,78.0,34.0,10.0,9.0,11.0,11.0,8.0,25.0,81.0,2024-01-11 19:45:00+00:00,21,Regular Season,45.0,PAM,MAD,44.0,1.0,81.0,82.4
E2023,185,local,99.0,33.0,15.0,12.0,2.0,21.0,66.0,35.0,25.0,20.0,13.0,8.0,3.0,20.0,115.0,2024-01-12 17:30:00+00:00,21,Regular Season,40.0,IST,VIR,31.0,5.0,115.0,72.0
E2023,185,road,75.0,28.0,15.0,6.0,3.0,20.0,53.0,25.0,20.0,18.0,7.0,18.0,2.0,22.0,75.0,2024-01-12 17:30:00+00:00,21,Regular Season,40.0,VIR,IST,28.0,2.0,75.0,72.8
E2023,187,local,91.0,37.0,17.0,7.0,3.0,20.0,63.0,33.0,18.0,15.0,11.0,14.0,0.0,22.0,106.0,2024-01-12 19:30:00+00:00,21,Regular Season,40.0,BAR,ZAL,30.0,3.0,106.0,73.92
E2023,187,road,73.0,33.0,15.0,6.0,0.0,22.0,62.0,23.0,22.0,18.0,14.0,15.0,3.0,21.0,67.0,2024-01-12 19:30:00+00:00,21,Regular Season,40.0,ZAL,BAR,39.0,4.0,67.0,72.68
E2023,188,local,80.0,26.0,23.0,10.0,1.0,14.0,62.0,30.0,8.0,6.0,5.0,9.0,3.0,14.0,94.0,2024-01-12 19:30:00+00:00,21,Regular Season,40.0,BAS,OLY,32.0,2.0,94.0,69.52
E2023,188,road,69.0,38.0,19.0,4.0,3.0,14.0,59.0,28.0,6.0,3.0,11.0,17.0,1.0,14.0,81.0,2024-01-12 19:30:00+00:00,21,Regular Season,40.0,OLY,BAS,31.0,3.0,81.0,67.64
E2023,189,local,88.0,44.0,17.0,1.0,5.0,23.0,65.0,33.0,17.0,12.0,14.0,12.0,4.0,23.0,102.0,2024-01-12 19:30:00+00:00,21,Regular Season,40.0,PAR,TEL,32.0,5.0,102.0,70.48
E2023,189,road,79.0,33.0,17.0,4.0,4.0,23.0,67.0,28.0,20.0,15.0,12.0,10.0,5.0,24.0,77.0,2024-01-12 19:30:00+00:00,21,Regular Season,40.0,TEL,PAR,39.0,5.0,77.0,73.8
E2023,186,local,63.0,31.0,11.0,8.0,2.0,17.0,65.0,25.0,18.0,11.0,14.0,13.0,1.0,16.0,55.0,2024-01-12 20:00:00+00:00,21,Regular Season,40.0,ASV,BER,40.0,7.0,55.0,71.92
E2023,186,road,88.0,46.0,23.0,8.0,1.0,16.0,67.0,34.0,18.0,12.0,16.0,13.0,2.0,17.0,111.0,2024-01-12 20:00:00+00:00,21,Regular Season,40.0,BER,ASV,33.0,6.0,111.0,71.92
E2023,193,local,98.0,40.0,27.0,4.0,7.0,15.0,70.0,40.0,8.0,7.0,7.0,9.0,1.0,16.0,134.0,2024-01-18 17:30:00+00:00,22,Regular Season,40.0,IST,BAR,30.0,1.0,134.0,75.52
E2023,193,road,74.0,31.0,19.0,6.0,1.0,16.0,70.0,30.0,14.0,8.0,10.0,8.0,7.0,15.0,71.0,2024-01-18 17:30:00+00:00,22,Regular Season,40.0,BAR,IST,40.0,6.0,71.0,74.16
E2023,191,local,90.0,23.0,14.0,9.0,5.0,22.0,56.0,32.0,20.0,14.0,6.0,11.0,4.0,16.0,102.0,2024-01-18 18:00:00+00:00,22,Regular Season,40.0,RED,BAS,24.0,6.0,102.0,69.8
E2023,191,road,91.0,36.0,21.0,7.0,4.0,16.0,61.0,30.0,17.0,14.0,15.0,16.0,5.0,22.0,98.0,2024-01-18 18:00:00+00:00,22,Regular Season,40.0,BAS,RED,31.0,3.0,98.0,69.48
E2023,190,local,65.0,42.0,13.0,4.0,3.0,18.0,65.0,23.0,17.0,16.0,13.0,14.0,6.0,15.0,67.0,2024-01-18 19:00:00+00:00,22,Regular Season,40.0,BER,MUN,42.0,1.0,67.0,73.48
E2023,190,road,82.0,44.0,20.0,8.0,6.0,15.0,73.0,32.0,9.0,5.0,15.0,10.0,3.0,18.0,99.0,2024-01-18 19:00:00+00:00,22,Regular Season,40.0,MUN,BER,41.0,4.0,99.0,71.96
E2023,194,local,89.0,40.0,22.0,9.0,2.0,18.0,68.0,32.0,19.0,12.0,15.0,9.0,2.0,19.0,107.0,2024-01-18 19:15:00+00:00,22,Regular Season,40.0,OLY,TEL,36.0,7.0,107.0,70.36
E2023,194,road,72.0,33.0,13.0,5.0,2.0,19.0,57.0,25.0,18.0,14.0,9.0,13.0,2.0,20.0,73.0,2024-01-18 19:15:00+00:00,22,Regular Season,40.0,TEL,OLY,32.0,4.0,73.0,68.92
E2023,192,local,73.0,38.0,16.0,8.0,5.0,16.0,67.0,28.0,8.0,6.0,9.0,15.0,1.0,16.0,83.0,2024-01-18 19:30:00+00:00,22,Regular Season,40.0,VIR,ASV,39.0,2.0,83.0,76.52
E2023,192,road,63.0,39.0,18.0,12.0,1.0,16.0,61.0,25.0,15.0,9.0,9.0,15.0,5.0,16.0,71.0,2024-01-18 19:30:00+00:00,22,Regular Season,40.0,ASV,VIR,36.0,6.0,71.0,73.6
E2023,198,local,98.0,34.0,25.0,7.0,1.0,16.0,58.0,35.0,20.0,18.0,7.0,10.0,1.0,22.0,123.0,2024-01-19 18:00:00+00:00,22,Regular Season,40.0,ZAL,ULK,23.0,2.0,123.0,69.8
E2023,198,road,75.0,33.0,13.0,4.0,1.0,22.0,64.0,22.0,25.0,22.0,17.0,11.0,1.0,17.0,74.0,2024-01-19 18:00:00+00:00,22,Regular Season,40.0,ULK,ZAL,42.0,3.0,74.0,69.0
E2023,195,local,98.0,35.0,25.0,12.0,4.0,18.0,65.0,36.0,17.0,13.0,8.0,13.0,1.0,20.0,125.0,2024-01-19 19:00:00+00:00,22,Regular Season,40.0,MCO,MAD,29.0,4.0,125.0,77.48
E2023,195,road,74.0,36.0,10.0,8.0,1.0,20.0,64.0,26.0,18.0,13.0,12.0,19.0,4.0,18.0,65.0,2024-01-19 19:00:00+00:00,22,Regular Season,40.0,MAD,MCO,38.0,5.0,65.0,78.92
E2023,196,local,84.0,30.0,17.0,8.0,2.0,29.0,48.0,27.0,30.0,25.0,6.0,18.0,1.0,19.0,106.0,2024-01-19 19:15:00+00:00,22,Regular Season,40.0,PAN,PAR,21.0,5.0,106.0,73.2
E2023,196,road,71.0,27.0,16.0,11.0,1.0,18.0,60.0,26.0,18.0,15.0,12.0,17.0,2.0,29.0,59.0,2024-01-19 19:15:00+00:00,22,Regular Season,40.0,PAR,PAN,34.0,3.0,59.0,72.92
E2023,197,local,84.0,36.0,17.0,8.0,1.0,16.0,65.0,30.0,13.0,13.0,9.0,8.0,2.0,17.0,100.0,2024-01-19 19:30:00+00:00,22,Regular Season,40.0,PAM,MIL,35.0,0.0,100.0,69.72
E2023,197,road,72.0,31.0,15.0,6.0,2.0,17.0,62.0,27.0,13.0,11.0,6.0,9.0,1.0,16.0,80.0,2024-01-19 19:30:00+00:00,22,Regular Season,40.0,MIL,PAM,35.0,2.0,80.0,70.72
E2023,201,local,88.0,34.0,17.0,4.0,3.0,22.0,60.0,33.0,19.0,15.0,6.0,11.0,0.0,29.0,97.0,2024-01-25 17:45:00+00:00,23,Regular Season,40.0,ULK,VIR,27.0,4.0,97.0,73.36
E2023,201,road,75.0,32.0,14.0,5.0,0.0,29.0,59.0,25.0,27.0,17.0,10.0,10.0,3.0,22.0,76.0,2024-01-25 17:45:00+00:00,23,Regular Season,40.0,VIR,ULK,34.0,10.0,76.0,70.88
E2023,199,local,89.0,42.0,19.0,3.0,2.0,24.0,63.0,29.0,23.0,21.0,13.0,9.0,3.0,23.0,108.0,2024-01-25 19:00:00+00:00,23,Regular Season,40.0,BER,RED,34.0,2.0,108.0,69.12
E2023,199,road,80.0,35.0,9.0,7.0,3.0,22.0,69.0,28.0,22.0,17.0,14.0,9.0,2.0,24.0,75.0,2024-01-25 19:00:00+00:00,23,Regular Season,40.0,RED,BER,41.0,5.0,75.0,73.68
E2023,202,local,90.0,32.0,19.0,7.0,4.0,21.0,63.0,32.0,19.0,16.0,11.0,11.0,3.0,23.0,102.0,2024-01-25 19:05:00+00:00,23,Regular Season,40.0,TEL,PAN,31.0,3.0,102.0,71.36
E2023,202,road,75.0,40.0,15.0,4.0,3.0,23.0,65.0,27.0,16.0,12.0,20.0,15.0,4.0,21.0,78.0,2024-01-25 19:05:00+00:00,23,Regular Season,40.0,PAN,TEL,38.0,4.0,78.0,67.04
E2023,200,local,64.0,26.0,9.0,7.0,1.0,20.0,59.0,24.0,13.0,7.0,7.0,14.0,2.0,20.0,50.0,2024-01-25 19:30:00+00:00,23,Regular Season,40.0,MUN,ASV,35.0,6.0,50.0,71.72
E2023,200,road,76.0,40.0,13.0,7.0,2.0,20.0,57.0,27.0,19.0,18.0,11.0,15.0,1.0,20.0,91.0,2024-01-25 19:30:00+00:00,23,Regular Season,40.0,ASV,MUN,30.0,1.0,91.0,69.36
E2023,203,local,90.0,39.0,24.0,4.0,4.0,20.0,65.0,33.0,13.0,12.0,10.0,10.0,3.0,24.0,111.0,2024-01-25 19:45:00+00:00,23,Regular Season,40.0,MAD,OLY,32.0,1.0,111.0,70.72
E2023,203,road,85.0,36.0,21.0,7.0,3.0,22.0,70.0,31.0,22.0,14.0,14.0,7.0,4.0,20.0,96.0,2024-01-25 19:45:00+00:00,23,Regular Season,40.0,OLY,MAD,39.0,8.0,96.0,72.68
E2023,204,local,78.0,32.0,12.0,7.0,4.0,17.0,62.0,28.0,15.0,11.0,8.0,12.0,3.0,19.0,78.0,2024-01-26 17:30:00+00:00,23,Regular Season,40.0,IST,MCO,34.0,4.0,78.0,72.6
E2023,204,road,80.0,36.0,15.0,5.0,3.0,19.0,66.0,30.0,14.0,11.0,11.0,10.0,4.0,18.0,87.0,2024-01-26 17:30:00+00:00,23,Regular Season,40.0,MCO,IST,36.0,3.0,87.0,71.16
E2023,205,local,74.0,47.0,14.0,4.0,3.0,23.0,63.0,24.0,28.0,21.0,14.0,14.0,2.0,19.0,84.0,2024-01-26 19:30:00+00:00,23,Regular Season,40.0,MIL,BAR,39.0,7.0,84.0,75.32
E2023,205,road,70.0,41.0,19.0,5.0,2.0,19.0,67.0,25.0,20.0,15.0,14.0,11.0,3.0,25.0,70.0,2024-01-26 19:30:00+00:00,23,Regular Season,40.0,BAR,MIL,42.0,5.0,70.0,72.8
E2023,206,local,81.0,26.0,9.0,9.0,1.0,23.0,49.0,29.0,23.0,19.0,5.0,14.0,1.0,20.0,90.0,2024-01-26 19:30:00+00:00,23,Regular Season,40.0,PAR,ZAL,20.0,4.0,90.0,68.12
E2023,206,road,72.0,27.0,13.0,9.0,1.0,20.0,56.0,26.0,16.0,12.0,9.0,15.0,1.0,23.0,69.0,2024-01-26 19:30:00+00:00,23,Regular Season,40.0,ZAL,PAR,30.0,4.0,69.0,69.03999999999999
E2023,207,local,62.0,35.0,14.0,5.0,3.0,21.0,61.0,20.0,18.0,17.0,10.0,13.0,4.0,13.0,68.0,2024-01-26 19:30:00+00:00,23,Regular Season,40.0,BAS,PAM,41.0,1.0,68.0,71.92
E2023,207,road,77.0,37.0,17.0,7.0,4.0,12.0,63.0,30.0,9.0,8.0,8.0,13.0,3.0,21.0,83.0,2024-01-26 19:30:00+00:00,23,Regular Season,40.0,PAM,BAS,33.0,1.0,83.0,71.96
E2023,208,local,82.0,36.0,21.0,2.0,2.0,17.0,61.0,30.0,13.0,11.0,10.0,10.0,1.0,25.0,91.0,2024-01-30 19:00:00+00:00,24,Regular Season,40.0,RED,PAM,31.0,2.0,91.0,66.72
E2023,208,road,64.0,32.0,11.0,5.0,1.0,25.0,56.0,20.0,27.0,21.0,12.0,9.0,2.0,17.0,68.0,2024-01-30 19:00:00+00:00,24,Regular Season,40.0,PAM,RED,36.0,6.0,68.0,64.88
E2023,209,local,112.0,35.0,23.0,4.0,3.0,24.0,64.0,39.0,25.0,21.0,9.0,12.0,0.0,21.0,139.0,2024-01-30 19:00:00+00:00,24,Regular Season,45.0,MUN,BAS,25.0,4.0,139.0,78.0
E2023,209,road,109.0,27.0,22.0,6.0,0.0,21.0,75.0,39.0,17.0,14.0,10.0,8.0,3.0,24.0,111.0,2024-01-30 19:00:00+00:00,24,Regular Season,45.0,BAS,MUN,36.0,3.0,111.0,80.48
E2023,210,local,73.0,38.0,13.0,4.0,2.0,23.0,63.0,24.0,26.0,21.0,20.0,10.0,7.0,20.0,72.0,2024-01-30 19:00:00+00:00,24,Regular Season,40.0,ASV,ULK,39.0,5.0,72.0,64.44
E2023,210,road,83.0,31.0,20.0,4.0,7.0,20.0,58.0,29.0,17.0,15.0,12.0,11.0,2.0,23.0,98.0,2024-01-30 19:00:00+00:00,24,Regular Season,40.0,ULK,ASV,29.0,2.0,98.0,64.48
E2023,211,local,101.0,36.0,21.0,13.0,6.0,9.0,75.0,41.0,5.0,5.0,13.0,15.0,2.0,18.0,117.0,2024-01-30 19:15:00+00:00,24,Regular Season,40.0,OLY,BER,34.0,0.0,117.0,79.2
E2023,211,road,87.0,27.0,17.0,6.0,2.0,18.0,59.0,29.0,19.0,17.0,8.0,17.0,6.0,10.0,92.0,2024-01-30 19:15:00+00:00,24,Regular Season,40.0,BER,OLY,30.0,2.0,92.0,76.36
E2023,212,local,106.0,30.0,26.0,9.0,4.0,23.0,56.0,34.0,36.0,29.0,5.0,13.0,1.0,16.0,139.0,2024-01-30 19:30:00+00:00,24,Regular Season,40.0,MAD,TEL,22.0,7.0,139.0,79.84
E2023,212,road,101.0,33.0,20.0,6.0,1.0,15.0,77.0,34.0,21.0,21.0,16.0,11.0,4.0,25.0,93.0,2024-01-30 19:30:00+00:00,24,Regular Season,40.0,TEL,MAD,43.0,0.0,93.0,81.24
E2023,213,local,85.0,37.0,15.0,7.0,1.0,21.0,70.0,32.0,18.0,15.0,17.0,6.0,6.0,22.0,91.0,2024-01-31 18:00:00+00:00,24,Regular Season,40.0,MCO,PAR,38.0,3.0,91.0,66.92
E2023,213,road,70.0,30.0,13.0,1.0,6.0,21.0,50.0,22.0,18.0,17.0,7.0,16.0,1.0,21.0,74.0,2024-01-31 18:00:00+00:00,24,Regular Season,40.0,PAR,MCO,28.0,1.0,74.0,66.92
E2023,216,local,96.0,40.0,27.0,10.0,1.0,17.0,69.0,36.0,18.0,14.0,16.0,8.0,2.0,19.0,125.0,2024-01-31 18:00:00+00:00,24,Regular Season,40.0,ZAL,IST,33.0,4.0,125.0,68.92
E2023,216,road,70.0,26.0,13.0,4.0,2.0,19.0,55.0,22.0,20.0,16.0,10.0,13.0,1.0,17.0,66.0,2024-01-31 18:00:00+00:00,24,Regular Season,40.0,IST,ZAL,33.0,4.0,66.0,66.8
E2023,215,local,79.0,40.0,20.0,9.0,3.0,21.0,65.0,31.0,15.0,10.0,12.0,11.0,1.0,17.0,104.0,2024-01-31 19:15:00+00:00,24,Regular Season,40.0,PAN,MIL,34.0,5.0,104.0,70.6
E2023,215,road,62.0,35.0,9.0,6.0,1.0,17.0,60.0,23.0,17.0,12.0,11.0,13.0,3.0,21.0,51.0,2024-01-31 19:15:00+00:00,24,Regular Season,40.0,MIL,PAN,37.0,5.0,51.0,69.48
E2023,214,local,84.0,46.0,18.0,6.0,2.0,16.0,70.0,34.0,12.0,9.0,15.0,9.0,6.0,14.0,104.0,2024-01-31 19:30:00+00:00,24,Regular Season,40.0,BAR,VIR,36.0,3.0,104.0,69.28
E2023,214,road,57.0,32.0,11.0,4.0,6.0,13.0,65.0,24.0,8.0,5.0,11.0,12.0,2.0,16.0,49.0,2024-01-31 19:30:00+00:00,24,Regular Season,40.0,VIR,BAR,41.0,3.0,49.0,69.52
E2023,217,local,66.0,28.0,16.0,7.0,3.0,22.0,60.0,25.0,11.0,10.0,7.0,16.0,2.0,19.0,69.0,2024-02-01 19:00:00+00:00,25,Regular Season,40.0,BER,PAM,35.0,1.0,69.0,73.84
E2023,217,road,81.0,41.0,17.0,9.0,2.0,18.0,56.0,27.0,22.0,14.0,13.0,19.0,3.0,23.0,86.0,2024-02-01 19:00:00+00:00,25,Regular Season,40.0,PAM,BER,29.0,8.0,86.0,71.68
E2023,218,local,72.0,34.0,12.0,3.0,5.0,18.0,61.0,28.0,11.0,9.0,8.0,10.0,4.0,16.0,79.0,2024-02-01 19:30:00+00:00,25,Regular Season,40.0,MUN,OLY,33.0,2.0,79.0,67.84
E2023,218,road,76.0,31.0,17.0,4.0,4.0,16.0,62.0,30.0,11.0,10.0,6.0,5.0,5.0,18.0,87.0,2024-02-01 19:30:00+00:00,25,Regular Season,40.0,OLY,MUN,32.0,1.0,87.0,65.84
E2023,220,local,92.0,39.0,22.0,2.0,3.0,13.0,68.0,36.0,10.0,8.0,9.0,11.0,3.0,16.0,107.0,2024-02-01 19:30:00+00:00,25,Regular Season,40.0,BAS,TEL,32.0,2.0,107.0,74.4
E2023,220,road,82.0,39.0,13.0,8.0,3.0,16.0,73.0,30.0,20.0,15.0,16.0,7.0,3.0,14.0,89.0,2024-02-01 19:30:00+00:00,25,Regular Season,40.0,TEL,BAS,43.0,5.0,89.0,72.8
E2023,219,local,86.0,30.0,20.0,7.0,4.0,18.0,65.0,30.0,19.0,18.0,11.0,6.0,2.0,15.0,106.0,2024-02-01 19:45:00+00:00,25,Regular Season,40.0,MAD,ASV,35.0,1.0,106.0,68.36
E2023,219,road,79.0,33.0,16.0,2.0,2.0,15.0,60.0,30.0,14.0,12.0,12.0,13.0,4.0,18.0,80.0,2024-02-01 19:45:00+00:00,25,Regular Season,40.0,ASV,MAD,30.0,2.0,80.0,67.16
E2023,221,local,79.0,38.0,14.0,6.0,2.0,17.0,67.0,30.0,9.0,8.0,11.0,10.0,1.0,13.0,94.0,2024-02-02 17:30:00+00:00,25,Regular Season,40.0,IST,MIL,37.0,1.0,94.0,69.96
E2023,221,road,73.0,32.0,21.0,6.0,1.0,13.0,61.0,27.0,9.0,8.0,6.0,12.0,2.0,17.0,80.0,2024-02-02 17:30:00+00:00,25,Regular Season,40.0,MIL,IST,34.0,1.0,80.0,70.96
E2023,225,local,80.0,33.0,14.0,11.0,2.0,13.0,65.0,34.0,6.0,4.0,10.0,9.0,2.0,22.0,87.0,2024-02-02 18:00:00+00:00,25,Regular Season,40.0,ZAL,PAN,31.0,2.0,87.0,66.64
E2023,225,road,68.0,27.0,12.0,5.0,2.0,22.0,49.0,23.0,19.0,13.0,5.0,15.0,2.0,13.0,74.0,2024-02-02 18:00:00+00:00,25,Regular Season,40.0,PAN,ZAL,26.0,6.0,74.0,67.36
E2023,223,local,76.0,36.0,16.0,3.0,3.0,20.0,68.0,28.0,18.0,14.0,16.0,12.0,3.0,16.0,79.0,2024-02-02 19:00:00+00:00,25,Regular Season,40.0,RED,BAR,40.0,4.0,79.0,71.92
E2023,223,road,85.0,33.0,21.0,9.0,3.0,16.0,64.0,34.0,12.0,8.0,9.0,11.0,3.0,20.0,99.0,2024-02-02 19:00:00+00:00,25,Regular Season,40.0,BAR,RED,30.0,4.0,99.0,71.28
E2023,222,local,76.0,28.0,16.0,11.0,0.0,26.0,64.0,31.0,14.0,10.0,9.0,9.0,2.0,21.0,88.0,2024-02-02 19:30:00+00:00,25,Regular Season,40.0,MCO,ULK,33.0,4.0,88.0,70.16
E2023,222,road,69.0,40.0,14.0,3.0,2.0,19.0,59.0,25.0,11.0,9.0,14.0,20.0,0.0,28.0,63.0,2024-02-02 19:30:00+00:00,25,Regular Season,40.0,ULK,MCO,34.0,2.0,63.0,69.84
E2023,224,local,88.0,29.0,19.0,7.0,2.0,24.0,57.0,31.0,20.0,15.0,7.0,14.0,2.0,24.0,98.0,2024-02-02 19:30:00+00:00,25,Regular Season,40.0,VIR,PAR,26.0,5.0,98.0,72.8
E2023,224,road,84.0,25.0,8.0,6.0,2.0,24.0,57.0,32.0,16.0,11.0,4.0,12.0,2.0,25.0,80.0,2024-02-02 19:30:00+00:00,25,Regular Season,40.0,PAR,VIR,25.0,5.0,80.0,72.04
E2023,227,local,105.0,38.0,20.0,4.0,1.0,20.0,71.0,38.0,21.0,18.0,12.0,3.0,4.0,20.0,125.0,2024-02-08 17:30:00+00:00,26,Regular Season,40.0,IST,TEL,33.0,3.0,125.0,71.24
E2023,227,road,91.0,30.0,19.0,2.0,4.0,20.0,67.0,32.0,21.0,17.0,11.0,6.0,1.0,20.0,100.0,2024-02-08 17:30:00+00:00,26,Regular Season,40.0,TEL,IST,35.0,4.0,100.0,71.24
E2023,226,local,81.0,40.0,15.0,6.0,0.0,22.0,68.0,28.0,18.0,13.0,15.0,11.0,3.0,22.0,83.0,2024-02-08 19:30:00+00:00,26,Regular Season,40.0,MIL,MAD,40.0,5.0,83.0,71.92
E2023,226,road,76.0,31.0,21.0,4.0,3.0,21.0,52.0,23.0,24.0,19.0,5.0,14.0,0.0,24.0,84.0,2024-02-08 19:30:00+00:00,26,Regular Season,40.0,MAD,MIL,29.0,5.0,84.0,71.56
E2023,228,local,65.0,30.0,17.0,9.0,0.0,23.0,53.0,23.0,18.0,14.0,4.0,15.0,2.0,25.0,68.0,2024-02-08 19:30:00+00:00,26,Regular Season,40.0,PAM,OLY,30.0,4.0,68.0,71.92
E2023,228,road,78.0,36.0,18.0,9.0,2.0,23.0,58.0,25.0,27.0,23.0,10.0,12.0,0.0,24.0,93.0,2024-02-08 19:30:00+00:00,26,Regular Season,40.0,OLY,PAM,33.0,4.0,93.0,71.88
E2023,229,local,78.0,33.0,14.0,4.0,1.0,16.0,66.0,30.0,12.0,8.0,12.0,6.0,1.0,23.0,76.0,2024-02-08 19:30:00+00:00,26,Regular Season,40.0,PAR,MUN,36.0,4.0,76.0,65.28
E2023,229,road,79.0,33.0,17.0,1.0,1.0,23.0,54.0,26.0,20.0,15.0,8.0,7.0,1.0,17.0,96.0,2024-02-08 19:30:00+00:00,26,Regular Season,40.0,MUN,PAR,28.0,5.0,96.0,61.8
E2023,230,local,94.0,36.0,29.0,4.0,2.0,19.0,65.0,32.0,18.0,16.0,10.0,5.0,1.0,17.0,126.0,2024-02-08 19:30:00+00:00,26,Regular Season,40.0,BAS,ASV,33.0,2.0,126.0,67.92
E2023,230,road,80.0,38.0,16.0,3.0,1.0,17.0,69.0,33.0,15.0,12.0,13.0,7.0,2.0,19.0,88.0,2024-02-08 19:30:00+00:00,26,Regular Season,40.0,ASV,BAS,36.0,3.0,88.0,69.6
E2023,231,local,91.0,33.0,22.0,4.0,3.0,22.0,58.0,33.0,24.0,18.0,8.0,12.0,2.0,24.0,106.0,2024-02-09 19:00:00+00:00,26,Regular Season,40.0,RED,ZAL,25.0,6.0,106.0,72.56
E2023,231,road,93.0,25.0,19.0,7.0,2.0,23.0,63.0,30.0,24.0,20.0,7.0,8.0,3.0,22.0,99.0,2024-02-09 19:00:00+00:00,26,Regular Season,40.0,ZAL,RED,33.0,4.0,99.0,74.56
E2023,233,local,74.0,38.0,9.0,6.0,3.0,25.0,63.0,28.0,18.0,16.0,13.0,11.0,1.0,20.0,86.0,2024-02-09 19:15:00+00:00,26,Regular Season,40.0,PAN,ULK,35.0,2.0,86.0,68.92
E2023,233,road,63.0,29.0,17.0,6.0,1.0,20.0,53.0,23.0,16.0,12.0,7.0,13.0,3.0,26.0,60.0,2024-02-09 19:15:00+00:00,26,Regular Season,40.0,ULK,PAN,30.0,4.0,60.0,66.03999999999999
E2023,232,local,93.0,38.0,23.0,13.0,5.0,18.0,69.0,39.0,11.0,8.0,10.0,19.0,3.0,21.0,114.0,2024-02-09 19:30:00+00:00,26,Regular Season,40.0,BAR,BER,30.0,3.0,114.0,82.84
E2023,232,road,77.0,31.0,13.0,13.0,3.0,21.0,64.0,28.0,17.0,13.0,11.0,19.0,5.0,18.0,76.0,2024-02-09 19:30:00+00:00,26,Regular Season,40.0,BER,BAR,36.0,4.0,76.0,79.48
E2023,234,local,78.0,30.0,19.0,7.0,5.0,23.0,58.0,27.0,23.0,15.0,4.0,11.0,1.0,29.0,82.0,2024-02-09 19:30:00+00:00,26,Regular Season,40.0,VIR,MCO,31.0,8.0,82.0,75.12
E2023,234,road,81.0,38.0,6.0,4.0,1.0,28.0,57.0,26.0,30.0,22.0,8.0,12.0,5.0,23.0,79.0,2024-02-09 19:30:00+00:00,26,Regular Season,40.0,MCO,VIR,31.0,8.0,79.0,74.2
E2023,235,local,71.0,29.0,18.0,6.0,1.0,15.0,69.0,28.0,7.0,5.0,11.0,15.0,3.0,18.0,61.0,2024-02-29 19:00:00+00:00,27,Regular Season,40.0,BER,TEL,41.0,2.0,61.0,76.08
E2023,235,road,106.0,37.0,29.0,11.0,3.0,18.0,65.0,42.0,21.0,13.0,7.0,9.0,1.0,15.0,148.0,2024-02-29 19:00:00+00:00,27,Regular Season,40.0,TEL,BER,23.0,8.0,148.0,76.24
E2023,236,local,100.0,27.0,15.0,5.0,0.0,21.0,61.0,37.0,17.0,14.0,8.0,10.0,2.0,18.0,111.0,2024-02-29 19:30:00+00:00,27,Regular Season,40.0,PAR,IST,24.0,3.0,111.0,70.48
E2023,236,road,90.0,26.0,17.0,5.0,2.0,18.0,65.0,38.0,7.0,6.0,9.0,11.0,0.0,21.0,98.0,2024-02-29 19:30:00+00:00,27,Regular Season,40.0,IST,PAR,27.0,1.0,98.0,70.08
E2023,238,local,87.0,33.0,23.0,10.0,5.0,22.0,66.0,30.0,21.0,18.0,11.0,8.0,1.0,21.0,111.0,2024-02-29 19:30:00+00:00,27,Regular Season,40.0,VIR,PAM,36.0,3.0,111.0,72.24
E2023,238,road,74.0,32.0,14.0,3.0,1.0,21.0,55.0,25.0,22.0,18.0,9.0,15.0,5.0,23.0,68.0,2024-02-29 19:30:00+00:00,27,Regular Season,40.0,PAM,VIR,30.0,4.0,68.0,70.68
E2023,237,local,86.0,34.0,14.0,7.0,4.0,18.0,58.0,29.0,20.0,19.0,10.0,19.0,3.0,18.0,93.0,2024-02-29 19:45:00+00:00,27,Regular Season,40.0,MAD,PAN,29.0,1.0,93.0,75.8
E2023,237,road,97.0,26.0,22.0,9.0,3.0,18.0,67.0,37.0,13.0,13.0,6.0,10.0,4.0,18.0,113.0,2024-02-29 19:45:00+00:00,27,Regular Season,40.0,PAN,MAD,30.0,0.0,113.0,76.72
E2023,242,local,111.0,22.0,32.0,9.0,5.0,15.0,68.0,42.0,12.0,8.0,5.0,6.0,2.0,16.0,140.0,2024-03-01 17:45:00+00:00,27,Regular Season,40.0,ULK,BAS,26.0,4.0,140.0,74.28
E2023,242,road,96.0,29.0,20.0,4.0,2.0,16.0,58.0,35.0,12.0,12.0,5.0,16.0,5.0,15.0,108.0,2024-03-01 17:45:00+00:00,27,Regular Season,40.0,BAS,ULK,23.0,0.0,108.0,74.28
E2023,239,local,76.0,31.0,12.0,6.0,1.0,16.0,63.0,28.0,14.0,13.0,14.0,12.0,3.0,20.0,71.0,2024-03-01 18:00:00+00:00,27,Regular Season,40.0,ZAL,OLY,35.0,1.0,71.0,67.16
E2023,239,road,95.0,26.0,23.0,7.0,3.0,20.0,54.0,34.0,23.0,18.0,6.0,8.0,1.0,16.0,124.0,2024-03-01 18:00:00+00:00,27,Regular Season,40.0,OLY,ZAL,20.0,5.0,124.0,66.12
E2023,243,local,81.0,30.0,18.0,8.0,1.0,22.0,57.0,30.0,16.0,12.0,4.0,9.0,2.0,22.0,96.0,2024-03-01 19:00:00+00:00,27,Regular Season,40.0,ASV,MIL,27.0,4.0,96.0,69.04
E2023,243,road,77.0,36.0,12.0,4.0,2.0,22.0,66.0,27.0,16.0,13.0,12.0,10.0,1.0,22.0,78.0,2024-03-01 19:00:00+00:00,27,Regular Season,40.0,MIL,ASV,39.0,3.0,78.0,71.04
E2023,240,local,67.0,38.0,15.0,6.0,0.0,22.0,66.0,23.0,22.0,17.0,14.0,10.0,3.0,21.0,66.0,2024-03-01 19:30:00+00:00,27,Regular Season,40.0,BAR,MCO,43.0,5.0,66.0,71.68
E2023,240,road,77.0,45.0,17.0,6.0,3.0,21.0,66.0,30.0,17.0,11.0,13.0,11.0,0.0,22.0,94.0,2024-03-01 19:30:00+00:00,27,Regular Season,40.0,MCO,BAR,36.0,6.0,94.0,71.48
E2023,241,local,74.0,36.0,18.0,7.0,2.0,19.0,59.0,26.0,14.0,13.0,6.0,8.0,2.0,16.0,96.0,2024-03-01 19:30:00+00:00,27,Regular Season,40.0,MUN,RED,33.0,1.0,96.0,67.16
E2023,241,road,66.0,37.0,9.0,5.0,2.0,16.0,66.0,25.0,10.0,8.0,12.0,9.0,2.0,19.0,62.0,2024-03-01 19:30:00+00:00,27,Regular Season,40.0,RED,MUN,41.0,2.0,62.0,67.4
E2023,244,local,109.0,27.0,20.0,8.0,3.0,20.0,63.0,37.0,20.0,18.0,7.0,9.0,0.0,19.0,131.0,2024-03-07 17:30:00+00:00,28,Regular Season,40.0,IST,MUN,26.0,2.0,131.0,73.8
E2023,244,road,86.0,27.0,17.0,7.0,0.0,19.0,56.0,28.0,21.0,19.0,7.0,17.0,3.0,20.0,86.0,2024-03-07 17:30:00+00:00,28,Regular Season,40.0,MUN,IST,28.0,2.0,86.0,75.24
E2023,245,local,98.0,36.0,21.0,5.0,2.0,28.0,66.0,32.0,32.0,26.0,14.0,5.0,3.0,19.0,123.0,2024-03-07 18:00:00+00:00,28,Regular Season,40.0,MCO,RED,34.0,6.0,123.0,71.08
E2023,245,road,80.0,30.0,20.0,2.0,3.0,19.0,57.0,31.0,20.0,13.0,8.0,11.0,2.0,29.0,79.0,2024-03-07 18:00:00+00:00,28,Regular Season,40.0,RED,MCO,26.0,7.0,79.0,68.8
E2023,246,local,83.0,39.0,21.0,10.0,5.0,20.0,69.0,32.0,15.0,12.0,14.0,12.0,2.0,18.0,106.0,2024-03-07 19:05:00+00:00,28,Regular Season,40.0,TEL,ZAL,37.0,3.0,106.0,73.6
E2023,246,road,76.0,27.0,16.0,8.0,2.0,17.0,56.0,27.0,16.0,13.0,4.0,16.0,5.0,20.0,73.0,2024-03-07 19:05:00+00:00,28,Regular Season,40.0,ZAL,TEL,29.0,3.0,73.0,75.03999999999999
E2023,249,local,78.0,25.0,17.0,12.0,2.0,18.0,67.0,31.0,13.0,10.0,8.0,12.0,4.0,17.0,80.0,2024-03-07 19:30:00+00:00,28,Regular Season,40.0,PAM,BAR,36.0,3.0,80.0,76.72
E2023,249,road,88.0,37.0,26.0,6.0,4.0,17.0,65.0,37.0,6.0,4.0,11.0,19.0,2.0,19.0,108.0,2024-03-07 19:30:00+00:00,28,Regular Season,40.0,BAR,PAM,28.0,2.0,108.0,75.64
E2023,248,local,79.0,30.0,14.0,6.0,3.0,25.0,61.0,27.0,28.0,23.0,9.0,12.0,1.0,21.0,84.0,2024-03-07 19:45:00+00:00,28,Regular Season,40.0,MAD,ULK,34.0,5.0,84.0,76.32
E2023,248,road,89.0,45.0,16.0,5.0,1.0,20.0,71.0,32.0,18.0,17.0,17.0,13.0,3.0,26.0,94.0,2024-03-07 19:45:00+00:00,28,Regular Season,40.0,ULK,MAD,39.0,1.0,94.0,74.92
E2023,247,local,74.0,38.0,15.0,7.0,4.0,25.0,51.0,25.0,29.0,16.0,8.0,15.0,2.0,21.0,86.0,2024-03-07 20:00:00+00:00,28,Regular Season,40.0,OLY,VIR,26.0,13.0,86.0,70.75999999999999
E2023,247,road,69.0,32.0,17.0,11.0,2.0,21.0,63.0,25.0,15.0,12.0,7.0,11.0,4.0,25.0,71.0,2024-03-07 20:00:00+00:00,28,Regular Season,40.0,VIR,OLY,38.0,3.0,71.0,73.6
E2023,251,local,85.0,39.0,20.0,7.0,5.0,18.0,63.0,30.0,19.0,14.0,16.0,13.0,2.0,13.0,108.0,2024-03-08 19:15:00+00:00,28,Regular Season,40.0,PAN,ASV,33.0,5.0,108.0,68.36
E2023,251,road,67.0,26.0,13.0,7.0,2.0,13.0,59.0,29.0,7.0,5.0,8.0,14.0,5.0,18.0,59.0,2024-03-08 19:15:00+00:00,28,Regular Season,40.0,ASV,PAN,30.0,2.0,59.0,68.08
E2023,250,local,85.0,22.0,20.0,9.0,2.0,16.0,46.0,28.0,15.0,13.0,6.0,19.0,0.0,20.0,95.0,2024-03-08 19:30:00+00:00,28,Regular Season,40.0,MIL,PAR,18.0,2.0,95.0,65.6
E2023,250,road,83.0,22.0,14.0,12.0,0.0,20.0,59.0,31.0,13.0,11.0,10.0,13.0,2.0,17.0,89.0,2024-03-08 19:30:00+00:00,28,Regular Season,40.0,PAR,MIL,28.0,2.0,89.0,67.72
E2023,252,local,88.0,35.0,23.0,5.0,4.0,18.0,62.0,34.0,16.0,13.0,8.0,11.0,4.0,19.0,108.0,2024-03-08 19:30:00+00:00,28,Regular Season,40.0,BAS,BER,28.0,3.0,108.0,72.04
E2023,252,road,71.0,34.0,23.0,9.0,4.0,19.0,67.0,26.0,13.0,12.0,13.0,11.0,4.0,18.0,85.0,2024-03-08 19:30:00+00:00,28,Regular Season,40.0,BER,BAS,41.0,1.0,85.0,70.72
E2023,255,local,71.0,29.0,14.0,11.0,3.0,17.0,59.0,26.0,20.0,13.0,6.0,7.0,3.0,21.0,74.0,2024-03-14 17:45:00+00:00,29,Regular Season,40.0,OLY,PAN,33.0,7.0,74.0,68.8
E2023,255,road,65.0,40.0,9.0,5.0,3.0,20.0,54.0,21.0,18.0,14.0,9.0,18.0,3.0,18.0,66.0,2024-03-14 17:45:00+00:00,29,Regular Season,40.0,PAN,OLY,33.0,4.0,66.0,70.92
E2023,258,local,118.0,32.0,25.0,6.0,3.0,19.0,69.0,40.0,16.0,14.0,10.0,10.0,2.0,24.0,136.0,2024-03-14 17:45:00+00:00,29,Regular Season,40.0,ULK,PAM,29.0,2.0,136.0,76.04
E2023,258,road,88.0,25.0,20.0,6.0,2.0,24.0,57.0,32.0,19.0,16.0,4.0,13.0,3.0,19.0,102.0,2024-03-14 17:45:00+00:00,29,Regular Season,40.0,PAM,ULK,25.0,3.0,102.0,74.36
E2023,257,local,80.0,31.0,20.0,6.0,2.0,19.0,59.0,28.0,21.0,16.0,11.0,14.0,4.0,24.0,80.0,2024-03-14 18:00:00+00:00,29,Regular Season,40.0,RED,TEL,31.0,5.0,80.0,71.24
E2023,257,road,84.0,38.0,16.0,6.0,4.0,24.0,62.0,27.0,29.0,23.0,17.0,11.0,2.0,19.0,99.0,2024-03-14 18:00:00+00:00,29,Regular Season,40.0,TEL,RED,35.0,6.0,99.0,68.76
E2023,253,local,82.0,33.0,18.0,8.0,2.0,24.0,54.0,28.0,27.0,19.0,7.0,21.0,4.0,22.0,86.0,2024-03-14 19:00:00+00:00,29,Regular Season,40.0,BER,MCO,26.0,8.0,86.0,79.88
E2023,253,road,90.0,39.0,19.0,11.0,4.0,22.0,74.0,34.0,21.0,12.0,16.0,12.0,2.0,25.0,97.0,2024-03-14 19:00:00+00:00,29,Regular Season,40.0,MCO,BER,40.0,9.0,97.0,79.24
E2023,254,local,94.0,29.0,26.0,5.0,0.0,18.0,57.0,37.0,12.0,8.0,5.0,14.0,0.0,21.0,113.0,2024-03-14 19:30:00+00:00,29,Regular Season,40.0,BAR,PAR,20.0,4.0,113.0,71.28
E2023,254,road,76.0,26.0,12.0,8.0,0.0,21.0,58.0,27.0,20.0,16.0,9.0,11.0,0.0,18.0,79.0,2024-03-14 19:30:00+00:00,29,Regular Season,40.0,PAR,BAR,31.0,4.0,79.0,68.8
E2023,256,local,88.0,40.0,15.0,3.0,4.0,15.0,60.0,31.0,20.0,14.0,8.0,14.0,5.0,18.0,93.0,2024-03-14 19:30:00+00:00,29,Regular Season,40.0,BAS,MIL,29.0,6.0,93.0,74.8
E2023,256,road,73.0,33.0,17.0,10.0,5.0,18.0,69.0,25.0,15.0,12.0,11.0,8.0,4.0,15.0,82.0,2024-03-14 19:30:00+00:00,29,Regular Season,40.0,MIL,BAS,44.0,3.0,82.0,72.6
E2023,261,local,84.0,39.0,22.0,1.0,5.0,14.0,63.0,34.0,9.0,8.0,10.0,15.0,2.0,18.0,100.0,2024-03-15 19:00:00+00:00,29,Regular Season,40.0,ASV,IST,29.0,1.0,100.0,71.96
E2023,261,road,80.0,24.0,16.0,10.0,2.0,18.0,64.0,29.0,15.0,13.0,7.0,7.0,5.0,14.0,87.0,2024-03-15 19:00:00+00:00,29,Regular Season,40.0,IST,ASV,35.0,2.0,87.0,70.6
E2023,259,local,74.0,28.0,15.0,4.0,1.0,19.0,67.0,32.0,7.0,6.0,10.0,5.0,0.0,19.0,81.0,2024-03-15 19:30:00+00:00,29,Regular Season,40.0,VIR,MAD,35.0,1.0,81.0,65.08
E2023,259,road,89.0,39.0,19.0,4.0,0.0,18.0,63.0,32.0,14.0,14.0,13.0,9.0,1.0,20.0,108.0,2024-03-15 19:30:00+00:00,29,Regular Season,40.0,MAD,VIR,31.0,0.0,108.0,65.16
E2023,260,local,64.0,34.0,13.0,8.0,5.0,18.0,55.0,24.0,10.0,10.0,8.0,16.0,1.0,17.0,77.0,2024-03-15 19:30:00+00:00,29,Regular Season,40.0,MUN,ZAL,31.0,0.0,77.0,67.4
E2023,260,road,58.0,32.0,10.0,6.0,1.0,17.0,61.0,24.0,4.0,1.0,11.0,15.0,5.0,18.0,46.0,2024-03-15 19:30:00+00:00,29,Regular Season,40.0,ZAL,MUN,37.0,3.0,46.0,66.75999999999999
E2023,263,local,85.0,26.0,19.0,7.0,5.0,16.0,55.0,31.0,12.0,9.0,8.0,12.0,0.0,17.0,102.0,2024-03-19 17:30:00+00:00,30,Regular Season,40.0,IST,OLY,24.0,3.0,102.0,64.28
E2023,263,road,72.0,26.0,20.0,8.0,0.0,17.0,50.0,25.0,14.0,12.0,8.0,13.0,5.0,16.0,82.0,2024-03-19 17:30:00+00:00,30,Regular Season,40.0,OLY,IST,25.0,2.0,82.0,61.16
E2023,266,local,96.0,30.0,19.0,5.0,1.0,25.0,58.0,30.0,27.0,24.0,8.0,10.0,4.0,23.0,108.0,2024-03-19 18:00:00+00:00,30,Regular Season,40.0,ZAL,VIR,28.0,3.0,108.0,71.88
E2023,266,road,81.0,30.0,18.0,7.0,4.0,23.0,59.0,27.0,18.0,17.0,9.0,13.0,1.0,25.0,91.0,2024-03-19 18:00:00+00:00,30,Regular Season,40.0,VIR,ZAL,32.0,1.0,91.0,70.92
E2023,262,local,79.0,25.0,17.0,7.0,4.0,17.0,65.0,29.0,9.0,8.0,6.0,10.0,3.0,24.0,75.0,2024-03-19 19:00:00+00:00,30,Regular Season,40.0,BER,MAD,36.0,1.0,75.0,72.96
E2023,262,road,86.0,44.0,15.0,6.0,3.0,24.0,64.0,30.0,25.0,20.0,15.0,13.0,4.0,17.0,105.0,2024-03-19 19:00:00+00:00,30,Regular Season,40.0,MAD,BER,34.0,5.0,105.0,73.0
E2023,264,local,98.0,33.0,18.0,8.0,3.0,21.0,67.0,34.0,23.0,19.0,12.0,7.0,1.0,17.0,119.0,2024-03-19 19:05:00+00:00,30,Regular Season,40.0,TEL,ASV,33.0,4.0,119.0,72.12
E2023,264,road,90.0,31.0,21.0,4.0,1.0,17.0,61.0,33.0,18.0,15.0,8.0,12.0,3.0,21.0,97.0,2024-03-19 19:05:00+00:00,30,Regular Season,40.0,ASV,TEL,28.0,3.0,97.0,72.92
E2023,265,local,87.0,31.0,18.0,3.0,4.0,15.0,63.0,32.0,17.0,14.0,9.0,9.0,0.0,19.0,96.0,2024-03-19 19:30:00+00:00,30,Regular Season,40.0,PAR,BAS,31.0,3.0,96.0,70.48
E2023,265,road,83.0,32.0,14.0,4.0,0.0,19.0,60.0,31.0,18.0,15.0,9.0,11.0,4.0,15.0,90.0,2024-03-19 19:30:00+00:00,30,Regular Season,40.0,BAS,PAR,29.0,3.0,90.0,69.92
E2023,269,local,88.0,33.0,12.0,9.0,2.0,24.0,57.0,27.0,24.0,21.0,9.0,13.0,1.0,20.0,101.0,2024-03-20 17:45:00+00:00,30,Regular Season,40.0,ULK,BAR,30.0,3.0,101.0,71.56
E2023,269,road,74.0,35.0,10.0,7.0,1.0,20.0,66.0,29.0,12.0,8.0,16.0,16.0,2.0,24.0,64.0,2024-03-20 17:45:00+00:00,30,Regular Season,40.0,BAR,ULK,37.0,4.0,64.0,71.28
E2023,267,local,80.0,31.0,10.0,5.0,0.0,22.0,58.0,25.0,27.0,21.0,8.0,10.0,4.0,18.0,77.0,2024-03-20 18:00:00+00:00,30,Regular Season,40.0,MCO,MIL,33.0,6.0,77.0,71.88
E2023,267,road,98.0,37.0,21.0,6.0,4.0,18.0,67.0,38.0,15.0,11.0,10.0,7.0,0.0,22.0,122.0,2024-03-20 18:00:00+00:00,30,Regular Season,40.0,MIL,MCO,29.0,4.0,122.0,70.6
E2023,268,local,76.0,30.0,23.0,7.0,5.0,19.0,61.0,30.0,13.0,10.0,7.0,10.0,2.0,23.0,91.0,2024-03-20 19:00:00+00:00,30,Regular Season,40.0,RED,PAN,31.0,3.0,91.0,69.72
E2023,268,road,89.0,36.0,25.0,5.0,2.0,23.0,64.0,32.0,18.0,13.0,11.0,10.0,5.0,19.0,109.0,2024-03-20 19:00:00+00:00,30,Regular Season,40.0,PAN,RED,32.0,5.0,109.0,70.92
E2023,270,local,70.0,36.0,12.0,3.0,0.0,25.0,56.0,22.0,28.0,22.0,11.0,13.0,0.0,24.0,69.0,2024-03-20 19:30:00+00:00,30,Regular Season,40.0,PAM,MUN,34.0,6.0,69.0,70.32
E2023,270,road,68.0,33.0,12.0,8.0,0.0,24.0,52.0,23.0,23.0,16.0,7.0,14.0,0.0,26.0,69.0,2024-03-20 19:30:00+00:00,30,Regular Season,40.0,MUN,PAM,29.0,7.0,69.0,69.12
E2023,271,local,85.0,32.0,17.0,7.0,7.0,15.0,68.0,35.0,6.0,5.0,8.0,7.0,1.0,19.0,102.0,2024-03-21 17:30:00+00:00,31,Regular Season,40.0,IST,BER,33.0,1.0,102.0,69.64
E2023,271,road,84.0,41.0,20.0,5.0,1.0,19.0,67.0,31.0,16.0,10.0,16.0,12.0,7.0,15.0,94.0,2024-03-21 17:30:00+00:00,31,Regular Season,40.0,BER,IST,36.0,6.0,94.0,70.04
E2023,274,local,94.0,38.0,17.0,10.0,2.0,16.0,72.0,35.0,16.0,15.0,15.0,10.0,3.0,22.0,104.0,2024-03-21 18:00:00+00:00,31,Regular Season,40.0,ZAL,BAS,37.0,1.0,104.0,74.04
E2023,274,road,76.0,31.0,15.0,3.0,3.0,22.0,63.0,30.0,18.0,12.0,9.0,13.0,2.0,16.0,80.0,2024-03-21 18:00:00+00:00,31,Regular Season,40.0,BAS,ZAL,33.0,6.0,80.0,74.92
E2023,272,local,80.0,35.0,24.0,7.0,7.0,15.0,61.0,31.0,9.0,8.0,7.0,12.0,2.0,18.0,105.0,2024-03-21 19:15:00+00:00,31,Regular Season,40.0,OLY,ASV,30.0,1.0,105.0,69.96
E2023,272,road,64.0,32.0,16.0,7.0,2.0,18.0,60.0,26.0,10.0,7.0,9.0,14.0,7.0,15.0,66.0,2024-03-21 19:15:00+00:00,31,Regular Season,40.0,ASV,OLY,34.0,3.0,66.0,69.4
E2023,273,local,76.0,35.0,9.0,3.0,0.0,21.0,66.0,28.0,16.0,13.0,10.0,7.0,1.0,20.0,75.0,2024-03-21 19:30:00+00:00,31,Regular Season,40.0,PAR,MAD,38.0,3.0,75.0,70.04
E2023,273,road,88.0,40.0,23.0,2.0,1.0,20.0,68.0,32.0,18.0,15.0,12.0,4.0,0.0,21.0,110.0,2024-03-21 19:30:00+00:00,31,Regular Season,40.0,MAD,PAR,36.0,3.0,110.0,67.92
E2023,275,local,79.0,32.0,18.0,6.0,4.0,24.0,57.0,30.0,20.0,12.0,11.0,15.0,1.0,20.0,92.0,2024-03-22 18:00:00+00:00,31,Regular Season,40.0,MCO,PAM,27.0,8.0,92.0,69.8
E2023,275,road,78.0,27.0,20.0,10.0,1.0,20.0,52.0,26.0,26.0,16.0,8.0,14.0,4.0,24.0,78.0,2024-03-22 18:00:00+00:00,31,Regular Season,40.0,PAM,MCO,26.0,10.0,78.0,69.44
E2023,277,local,94.0,39.0,30.0,5.0,7.0,26.0,61.0,32.0,25.0,20.0,9.0,15.0,3.0,22.0,127.0,2024-03-22 18:00:00+00:00,31,Regular Season,40.0,RED,VIR,29.0,5.0,127.0,78.0
E2023,277,road,79.0,36.0,18.0,6.0,3.0,21.0,74.0,27.0,16.0,15.0,16.0,11.0,7.0,26.0,71.0,2024-03-22 18:00:00+00:00,31,Regular Season,40.0,VIR,RED,47.0,1.0,71.0,76.04
E2023,279,local,89.0,30.0,18.0,8.0,2.0,23.0,58.0,33.0,20.0,16.0,9.0,14.0,1.0,22.0,104.0,2024-03-22 19:15:00+00:00,31,Regular Season,40.0,PAN,BAR,25.0,4.0,104.0,71.8
E2023,279,road,81.0,31.0,23.0,5.0,1.0,22.0,64.0,32.0,17.0,11.0,16.0,15.0,2.0,23.0,85.0,2024-03-22 19:15:00+00:00,31,Regular Season,40.0,BAR,PAN,32.0,6.0,85.0,70.48
E2023,276,local,77.0,30.0,15.0,5.0,2.0,21.0,55.0,26.0,18.0,16.0,8.0,15.0,1.0,16.0,87.0,2024-03-22 19:30:00+00:00,31,Regular Season,40.0,MIL,ULK,29.0,2.0,87.0,69.92
E2023,276,road,76.0,28.0,17.0,8.0,1.0,16.0,57.0,29.0,9.0,7.0,7.0,15.0,2.0,21.0,78.0,2024-03-22 19:30:00+00:00,31,Regular Season,40.0,ULK,MIL,28.0,2.0,78.0,68.96000000000001
E2023,278,local,74.0,32.0,13.0,4.0,1.0,17.0,64.0,29.0,13.0,7.0,9.0,16.0,3.0,25.0,56.0,2024-03-22 19:30:00+00:00,31,Regular Season,40.0,MUN,TEL,35.0,6.0,56.0,76.72
E2023,278,road,89.0,36.0,16.0,10.0,3.0,25.0,62.0,31.0,24.0,20.0,10.0,10.0,1.0,17.0,116.0,2024-03-22 19:30:00+00:00,31,Regular Season,40.0,TEL,MUN,31.0,4.0,116.0,72.56
E2023,283,local,95.0,35.0,18.0,10.0,6.0,19.0,68.0,37.0,19.0,15.0,12.0,9.0,0.0,17.0,122.0,2024-03-27 19:30:00+00:00,32,Regular Season,40.0,TEL,PAM,31.0,4.0,122.0,73.36
E2023,283,road,80.0,38.0,19.0,6.0,0.0,17.0,68.0,29.0,14.0,10.0,16.0,14.0,6.0,19.0,78.0,2024-03-27 19:30:00+00:00,32,Regular Season,40.0,PAM,TEL,39.0,4.0,78.0,72.16
E2023,285,local,87.0,36.0,16.0,6.0,1.0,21.0,66.0,34.0,14.0,9.0,12.0,8.0,2.0,20.0,100.0,2024-03-28 18:00:00+00:00,32,Regular Season,40.0,ZAL,MIL,32.0,5.0,100.0,68.16
E2023,285,road,73.0,29.0,12.0,5.0,2.0,20.0,53.0,23.0,20.0,18.0,7.0,12.0,1.0,21.0,75.0,2024-03-28 18:00:00+00:00,32,Regular Season,40.0,MIL,ZAL,30.0,2.0,75.0,66.8
E2023,280,local,79.0,35.0,21.0,4.0,4.0,21.0,64.0,29.0,15.0,12.0,11.0,15.0,2.0,19.0,90.0,2024-03-28 19:30:00+00:00,32,Regular Season,40.0,MUN,BAR,35.0,3.0,90.0,74.6
E2023,280,road,87.0,32.0,18.0,12.0,2.0,18.0,64.0,34.0,17.0,12.0,8.0,9.0,4.0,21.0,100.0,2024-03-28 19:30:00+00:00,32,Regular Season,40.0,BAR,MUN,30.0,5.0,100.0,72.48
E2023,282,local,76.0,35.0,13.0,5.0,1.0,22.0,59.0,27.0,26.0,17.0,14.0,13.0,3.0,19.0,76.0,2024-03-28 19:30:00+00:00,32,Regular Season,40.0,BAS,IST,32.0,9.0,76.0,69.44
E2023,282,road,97.0,31.0,18.0,10.0,3.0,19.0,66.0,34.0,18.0,16.0,12.0,7.0,1.0,22.0,114.0,2024-03-28 19:30:00+00:00,32,Regular Season,40.0,IST,BAS,32.0,2.0,114.0,68.92
E2023,284,local,69.0,39.0,16.0,4.0,2.0,20.0,62.0,26.0,15.0,12.0,18.0,17.0,2.0,23.0,69.0,2024-03-28 19:30:00+00:00,32,Regular Season,40.0,PAR,OLY,36.0,3.0,69.0,67.6
E2023,284,road,74.0,26.0,11.0,10.0,2.0,23.0,51.0,25.0,22.0,18.0,5.0,12.0,2.0,20.0,82.0,2024-03-28 19:30:00+00:00,32,Regular Season,40.0,OLY,PAR,26.0,4.0,82.0,67.68
E2023,281,local,77.0,33.0,24.0,6.0,1.0,16.0,66.0,29.0,9.0,7.0,9.0,16.0,3.0,25.0,74.0,2024-03-28 20:00:00+00:00,32,Regular Season,40.0,ASV,MCO,37.0,2.0,74.0,76.96
E2023,281,road,87.0,36.0,16.0,7.0,3.0,24.0,61.0,33.0,26.0,18.0,8.0,11.0,1.0,16.0,109.0,2024-03-28 20:00:00+00:00,32,Regular Season,40.0,MCO,ASV,28.0,8.0,109.0,75.44
E2023,286,local,103.0,28.0,27.0,13.0,4.0,23.0,61.0,35.0,24.0,18.0,5.0,10.0,0.0,17.0,139.0,2024-03-29 17:45:00+00:00,32,Regular Season,40.0,ULK,BER,26.0,6.0,139.0,76.56
E2023,286,road,68.0,29.0,11.0,4.0,0.0,16.0,60.0,29.0,3.0,3.0,7.0,22.0,3.0,25.0,47.0,2024-03-29 17:45:00+00:00,32,Regular Season,40.0,BER,ULK,31.0,0.0,47.0,76.32
E2023,287,local,101.0,35.0,21.0,5.0,3.0,30.0,57.0,29.0,38.0,31.0,9.0,13.0,2.0,20.0,125.0,2024-03-29 19:30:00+00:00,32,Regular Season,40.0,MAD,RED,28.0,7.0,125.0,77.72
E2023,287,road,94.0,30.0,18.0,5.0,2.0,20.0,66.0,33.0,20.0,17.0,7.0,9.0,3.0,31.0,90.0,2024-03-29 19:30:00+00:00,32,Regular Season,40.0,RED,MAD,33.0,3.0,90.0,76.8
E2023,288,local,79.0,29.0,21.0,5.0,2.0,17.0,56.0,30.0,10.0,7.0,8.0,13.0,1.0,20.0,90.0,2024-03-29 19:30:00+00:00,32,Regular Season,40.0,VIR,PAN,26.0,3.0,90.0,65.4
E2023,288,road,81.0,33.0,13.0,5.0,1.0,19.0,64.0,31.0,15.0,8.0,14.0,8.0,2.0,18.0,84.0,2024-03-29 19:30:00+00:00,32,Regular Season,40.0,PAN,VIR,33.0,7.0,84.0,64.6
E2023,290,local,69.0,40.0,13.0,8.0,2.0,27.0,58.0,24.0,26.0,18.0,13.0,12.0,3.0,17.0,85.0,2024-04-04 17:00:00+00:00,33,Regular Season,40.0,MCO,ZAL,34.0,8.0,85.0,68.44
E2023,290,road,66.0,33.0,14.0,3.0,3.0,17.0,59.0,22.0,16.0,15.0,10.0,14.0,2.0,27.0,55.0,2024-04-04 17:00:00+00:00,33,Regular Season,40.0,ZAL,MCO,37.0,1.0,55.0,70.04
E2023,291,local,86.0,38.0,22.0,4.0,2.0,23.0,65.0,32.0,14.0,11.0,16.0,14.0,3.0,24.0,98.0,2024-04-04 17:00:00+00:00,33,Regular Season,40.0,RED,OLY,33.0,3.0,98.0,69.16
E2023,291,road,89.0,27.0,27.0,9.0,3.0,23.0,60.0,31.0,22.0,14.0,9.0,9.0,2.0,23.0,107.0,2024-04-04 17:00:00+00:00,33,Regular Season,40.0,OLY,RED,29.0,8.0,107.0,69.68
E2023,289,local,83.0,28.0,17.0,8.0,1.0,19.0,62.0,30.0,15.0,14.0,9.0,18.0,5.0,19.0,81.0,2024-04-04 18:30:00+00:00,33,Regular Season,40.0,BER,PAR,32.0,1.0,81.0,77.6
E2023,289,road,94.0,28.0,16.0,11.0,5.0,19.0,63.0,37.0,14.0,13.0,7.0,13.0,1.0,19.0,113.0,2024-04-04 18:30:00+00:00,33,Regular Season,40.0,PAR,BER,26.0,1.0,113.0,75.16
E2023,292,local,92.0,40.0,23.0,5.0,1.0,18.0,63.0,30.0,24.0,21.0,12.0,14.0,2.0,16.0,111.0,2024-04-04 18:30:00+00:00,33,Regular Season,40.0,BAR,TEL,33.0,3.0,111.0,75.56
E2023,292,road,89.0,35.0,22.0,6.0,2.0,16.0,76.0,37.0,9.0,6.0,14.0,12.0,1.0,18.0,97.0,2024-04-04 18:30:00+00:00,33,Regular Season,40.0,TEL,BAR,39.0,3.0,97.0,77.96
E2023,293,local,69.0,28.0,10.0,9.0,2.0,18.0,67.0,24.0,19.0,15.0,10.0,11.0,2.0,22.0,54.0,2024-04-04 18:45:00+00:00,33,Regular Season,40.0,PAM,ASV,43.0,4.0,54.0,76.36
E2023,293,road,98.0,43.0,24.0,7.0,2.0,22.0,60.0,34.0,27.0,21.0,9.0,14.0,2.0,18.0,130.0,2024-04-04 18:45:00+00:00,33,Regular Season,40.0,ASV,PAM,26.0,6.0,130.0,76.88
E2023,296,local,80.0,38.0,12.0,4.0,1.0,21.0,61.0,24.0,23.0,18.0,15.0,15.0,3.0,25.0,71.0,2024-04-05 17:45:00+00:00,33,Regular Season,40.0,ULK,IST,37.0,5.0,71.0,71.12
E2023,296,road,82.0,32.0,19.0,6.0,3.0,25.0,59.0,27.0,26.0,20.0,11.0,11.0,1.0,21.0,96.0,2024-04-05 17:45:00+00:00,33,Regular Season,40.0,IST,ULK,32.0,6.0,96.0,70.44
E2023,294,local,90.0,32.0,18.0,9.0,0.0,25.0,56.0,30.0,28.0,22.0,4.0,10.0,1.0,24.0,107.0,2024-04-05 18:30:00+00:00,33,Regular Season,40.0,MIL,VIR,26.0,6.0,107.0,74.32
E2023,294,road,75.0,33.0,16.0,5.0,1.0,23.0,59.0,23.0,25.0,21.0,9.0,14.0,0.0,25.0,74.0,2024-04-05 18:30:00+00:00,33,Regular Season,40.0,VIR,MIL,36.0,4.0,74.0,75.0
E2023,295,local,75.0,30.0,19.0,8.0,2.0,14.0,60.0,27.0,8.0,7.0,6.0,11.0,2.0,21.0,80.0,2024-04-05 18:30:00+00:00,33,Regular Season,40.0,MUN,PAN,33.0,1.0,80.0,68.52000000000001
E2023,295,road,82.0,34.0,16.0,4.0,2.0,21.0,57.0,29.0,20.0,16.0,6.0,12.0,2.0,14.0,99.0,2024-04-05 18:30:00+00:00,33,Regular Season,40.0,PAN,MUN,28.0,4.0,99.0,71.8
E2023,297,local,91.0,36.0,23.0,11.0,5.0,20.0,70.0,33.0,16.0,13.0,9.0,14.0,2.0,25.0,105.0,2024-04-05 18:30:00+00:00,33,Regular Season,40.0,MAD,BAS,37.0,3.0,105.0,82.04
E2023,297,road,95.0,41.0,22.0,5.0,2.0,24.0,69.0,32.0,25.0,19.0,12.0,14.0,5.0,20.0,107.0,2024-04-05 18:30:00+00:00,33,Regular Season,40.0,BAS,MAD,37.0,6.0,107.0,82.0
E2023,299,local,89.0,22.0,20.0,6.0,0.0,24.0,51.0,33.0,22.0,16.0,4.0,11.0,1.0,17.0,108.0,2024-04-11 17:00:00+00:00,34,Regular Season,40.0,MCO,MUN,18.0,6.0,108.0,67.68
E2023,299,road,85.0,22.0,21.0,6.0,1.0,17.0,58.0,31.0,11.0,11.0,7.0,12.0,0.0,24.0,89.0,2024-04-11 17:00:00+00:00,34,Regular Season,40.0,MUN,MCO,27.0,0.0,89.0,67.84
E2023,302,local,62.0,30.0,14.0,11.0,1.0,13.0,67.0,25.0,2.0,2.0,9.0,8.0,3.0,16.0,62.0,2024-04-11 17:00:00+00:00,34,Regular Season,40.0,ZAL,MAD,42.0,0.0,62.0,66.88
E2023,302,road,64.0,44.0,15.0,1.0,3.0,16.0,58.0,24.0,8.0,7.0,11.0,16.0,1.0,13.0,78.0,2024-04-11 17:00:00+00:00,34,Regular Season,40.0,MAD,ZAL,34.0,1.0,78.0,66.52000000000001
E2023,298,local,100.0,42.0,23.0,14.0,4.0,19.0,76.0,36.0,18.0,16.0,14.0,8.0,3.0,17.0,132.0,2024-04-11 17:30:00+00:00,34,Regular Season,40.0,IST,RED,40.0,2.0,132.0,77.92
E2023,298,road,55.0,37.0,13.0,2.0,3.0,17.0,59.0,22.0,13.0,8.0,12.0,22.0,4.0,21.0,38.0,2024-04-11 17:30:00+00:00,34,Regular Season,40.0,RED,IST,37.0,5.0,38.0,74.72
E2023,300,local,92.0,40.0,23.0,7.0,0.0,15.0,69.0,35.0,18.0,15.0,13.0,17.0,2.0,17.0,104.0,2024-04-11 18:05:00+00:00,34,Regular Season,40.0,TEL,MIL,34.0,3.0,104.0,80.92
E2023,300,road,86.0,35.0,14.0,12.0,2.0,17.0,70.0,31.0,16.0,13.0,12.0,17.0,0.0,16.0,91.0,2024-04-11 18:05:00+00:00,34,Regular Season,40.0,MIL,TEL,39.0,3.0,91.0,82.04
E2023,301,local,84.0,32.0,19.0,9.0,8.0,21.0,61.0,29.0,18.0,13.0,9.0,10.0,2.0,16.0,108.0,2024-04-11 18:15:00+00:00,34,Regular Season,40.0,PAN,BER,32.0,5.0,108.0,69.92
E2023,301,road,75.0,37.0,19.0,2.0,2.0,16.0,64.0,29.0,10.0,8.0,11.0,16.0,8.0,21.0,69.0,2024-04-11 18:15:00+00:00,34,Regular Season,40.0,BER,PAN,35.0,2.0,69.0,73.4
E2023,305,local,84.0,29.0,15.0,8.0,3.0,23.0,59.0,30.0,24.0,17.0,4.0,11.0,1.0,20.0,94.0,2024-04-12 18:15:00+00:00,34,Regular Season,45.0,OLY,ULK,29.0,7.0,94.0,76.56
E2023,305,road,81.0,38.0,14.0,7.0,1.0,20.0,62.0,29.0,21.0,14.0,11.0,15.0,3.0,24.0,79.0,2024-04-12 18:15:00+00:00,34,Regular Season,45.0,ULK,OLY,33.0,7.0,79.0,75.24
E2023,303,local,91.0,33.0,24.0,6.0,5.0,17.0,67.0,35.0,17.0,12.0,9.0,10.0,2.0,21.0,106.0,2024-04-12 18:30:00+00:00,34,Regular Season,40.0,VIR,BAS,32.0,5.0,106.0,75.48
E2023,303,road,95.0,37.0,17.0,7.0,2.0,21.0,69.0,35.0,22.0,18.0,13.0,10.0,5.0,17.0,109.0,2024-04-12 18:30:00+00:00,34,Regular Season,40.0,BAS,VIR,34.0,4.0,109.0,75.68
E2023,306,local,79.0,34.0,21.0,10.0,0.0,21.0,65.0,28.0,18.0,15.0,9.0,10.0,1.0,16.0,98.0,2024-04-12 18:30:00+00:00,34,Regular Season,40.0,PAR,PAM,37.0,3.0,98.0,73.92
E2023,306,road,66.0,39.0,13.0,4.0,1.0,16.0,59.0,25.0,13.0,11.0,9.0,21.0,0.0,21.0,61.0,2024-04-12 18:30:00+00:00,34,Regular Season,40.0,PAM,PAR,34.0,2.0,61.0,76.72
E2023,304,local,76.0,32.0,23.0,8.0,1.0,16.0,63.0,30.0,12.0,9.0,6.0,9.0,5.0,20.0,86.0,2024-04-12 19:00:00+00:00,34,Regular Season,40.0,ASV,BAR,33.0,3.0,86.0,71.28
E2023,304,road,72.0,44.0,16.0,5.0,5.0,20.0,62.0,26.0,25.0,13.0,16.0,15.0,1.0,16.0,82.0,2024-04-12 19:00:00+00:00,34,Regular Season,40.0,BAR,ASV,36.0,12.0,82.0,72.0
E2023,307,local,113.0,38.0,24.0,7.0,3.0,13.0,76.0,43.0,10.0,8.0,16.0,8.0,3.0,16.0,136.0,2024-04-16 17:00:00+00:00,35,Play-In,40.0,TEL,BAS,33.0,2.0,136.0,72.4
E2023,307,road,85.0,27.0,22.0,7.0,3.0,16.0,63.0,34.0,11.0,6.0,9.0,12.0,3.0,14.0,97.0,2024-04-16 17:00:00+00:00,35,Play-In,40.0,BAS,TEL,29.0,5.0,97.0,70.84
E2023,308,local,64.0,40.0,8.0,9.0,5.0,20.0,66.0,21.0,17.0,13.0,15.0,10.0,7.0,12.0,68.0,2024-04-16 18:00:00+00:00,35,Play-In,40.0,IST,VIR,45.0,4.0,68.0,68.48
E2023,308,road,67.0,43.0,21.0,8.0,7.0,11.0,62.0,25.0,10.0,6.0,14.0,16.0,5.0,21.0,74.0,2024-04-16 18:00:00+00:00,35,Play-In,40.0,VIR,IST,37.0,4.0,74.0,68.4
E2023,309,local,89.0,37.0,22.0,9.0,2.0,20.0,70.0,31.0,13.0,11.0,15.0,11.0,5.0,19.0,103.0,2024-04-19 18:30:00+00:00,36,Play-In,40.0,BAS,VIR,39.0,2.0,103.0,71.72
E2023,309,road,77.0,35.0,11.0,7.0,5.0,19.0,60.0,30.0,14.0,9.0,10.0,16.0,2.0,20.0,81.0,2024-04-19 18:30:00+00:00,36,Play-In,40.0,VIR,BAS,30.0,5.0,81.0,72.16
E2023,313,local,87.0,33.0,24.0,3.0,3.0,23.0,56.0,31.0,26.0,16.0,6.0,12.0,2.0,22.0,102.0,2024-04-23 17:30:00+00:00,37,Playoffs,40.0,PAN,TEL,25.0,10.0,102.0,73.44
E2023,313,road,91.0,37.0,15.0,8.0,2.0,22.0,70.0,31.0,27.0,21.0,15.0,6.0,3.0,23.0,98.0,2024-04-23 17:30:00+00:00,37,Playoffs,40.0,TEL,PAN,39.0,6.0,98.0,72.88
E2023,310,local,90.0,37.0,21.0,9.0,3.0,16.0,67.0,34.0,12.0,8.0,7.0,7.0,1.0,16.0,115.0,2024-04-23 19:00:00+00:00,37,Playoffs,40.0,MAD,BAS,33.0,4.0,115.0,72.28
E2023,310,road,74.0,39.0,18.0,3.0,1.0,16.0,67.0,28.0,11.0,6.0,12.0,12.0,3.0,16.0,76.0,2024-04-23 19:00:00+00:00,37,Playoffs,40.0,BAS,MAD,39.0,5.0,76.0,71.84
E2023,312,local,91.0,30.0,17.0,5.0,3.0,27.0,67.0,29.0,30.0,25.0,11.0,6.0,0.0,27.0,97.0,2024-04-24 17:00:00+00:00,37,Playoffs,45.0,MCO,ULK,38.0,5.0,97.0,75.2
E2023,312,road,95.0,41.0,17.0,3.0,0.0,26.0,61.0,30.0,29.0,21.0,13.0,13.0,3.0,27.0,100.0,2024-04-24 17:00:00+00:00,37,Playoffs,45.0,ULK,MCO,31.0,8.0,100.0,73.76
E2023,311,local,75.0,33.0,19.0,8.0,1.0,25.0,60.0,25.0,24.0,18.0,12.0,17.0,0.0,24.0,79.0,2024-04-24 19:00:00+00:00,37,Playoffs,40.0,BAR,OLY,35.0,6.0,79.0,75.56
E2023,311,road,77.0,31.0,20.0,11.0,0.0,24.0,52.0,27.0,27.0,18.0,6.0,19.0,1.0,26.0,83.0,2024-04-24 19:00:00+00:00,37,Playoffs,40.0,OLY,BAR,25.0,9.0,83.0,76.88
E2023,317,local,95.0,33.0,18.0,5.0,2.0,21.0,62.0,35.0,20.0,14.0,12.0,10.0,3.0,15.0,113.0,2024-04-25 18:15:00+00:00,38,Playoffs,40.0,PAN,TEL,27.0,6.0,113.0,68.8
E2023,317,road,79.0,27.0,22.0,4.0,3.0,15.0,63.0,32.0,8.0,6.0,10.0,11.0,2.0,22.0,82.0,2024-04-25 18:15:00+00:00,38,Playoffs,40.0,TEL,PAN,31.0,2.0,82.0,67.52
E2023,314,local,101.0,36.0,24.0,8.0,6.0,19.0,68.0,39.0,12.0,9.0,12.0,10.0,0.0,18.0,134.0,2024-04-25 19:00:00+00:00,38,Playoffs,40.0,MAD,BAS,29.0,3.0,134.0,71.28
E2023,314,road,90.0,27.0,19.0,6.0,0.0,15.0,63.0,31.0,13.0,12.0,9.0,13.0,6.0,19.0,86.0,2024-04-25 19:00:00+00:00,38,Playoffs,40.0,BAS,MAD,32.0,1.0,86.0,72.72
E2023,316,local,93.0,34.0,16.0,7.0,1.0,25.0,55.0,30.0,27.0,22.0,7.0,13.0,1.0,22.0,110.0,2024-04-26 17:00:00+00:00,38,Playoffs,40.0,MCO,ULK,25.0,5.0,110.0,72.88
E2023,316,road,88.0,25.0,18.0,6.0,1.0,22.0,64.0,31.0,13.0,10.0,5.0,12.0,1.0,25.0,86.0,2024-04-26 17:00:00+00:00,38,Playoffs,40.0,ULK,MCO,33.0,3.0,86.0,76.72
E2023,315,local,77.0,30.0,21.0,7.0,0.0,17.0,68.0,31.0,10.0,6.0,15.0,10.0,3.0,18.0,80.0,2024-04-26 19:00:00+00:00,38,Playoffs,40.0,BAR,OLY,37.0,4.0,80.0,67.4
E2023,315,road,69.0,32.0,19.0,6.0,3.0,18.0,50.0,26.0,13.0,9.0,9.0,19.0,0.0,19.0,81.0,2024-04-26 19:00:00+00:00,38,Playoffs,40.0,OLY,BAR,24.0,4.0,81.0,65.72
E2023,321,local,85.0,31.0,23.0,6.0,2.0,19.0,64.0,33.0,17.0,13.0,11.0,8.0,1.0,24.0,98.0,2024-04-30 17:00:00+00:00,39,Playoffs,40.0,TEL,PAN,31.0,4.0,98.0,68.48
E2023,321,road,83.0,32.0,18.0,5.0,1.0,23.0,59.0,29.0,20.0,12.0,11.0,11.0,2.0,19.0,92.0,2024-04-30 17:00:00+00:00,39,Playoffs,40.0,PAN,TEL,30.0,8.0,92.0,67.8
E2023,319,local,80.0,40.0,18.0,9.0,3.0,20.0,73.0,31.0,15.0,11.0,12.0,9.0,2.0,18.0,95.0,2024-04-30 18:30:00+00:00,39,Playoffs,45.0,OLY,BAR,42.0,4.0,95.0,76.6
E2023,319,road,82.0,42.0,26.0,4.0,2.0,18.0,73.0,32.0,8.0,7.0,14.0,12.0,3.0,20.0,97.0,2024-04-30 18:30:00+00:00,39,Playoffs,45.0,BAR,OLY,41.0,1.0,97.0,74.52
E2023,320,local,89.0,32.0,22.0,8.0,2.0,17.0,64.0,34.0,13.0,10.0,8.0,8.0,1.0,20.0,108.0,2024-05-01 17:45:00+00:00,39,Playoffs,40.0,ULK,MCO,30.0,3.0,108.0,69.72
E2023,320,road,78.0,31.0,20.0,5.0,1.0,20.0,62.0,29.0,21.0,16.0,9.0,10.0,2.0,17.0,88.0,2024-05-01 17:45:00+00:00,39,Playoffs,40.0,MCO,ULK,33.0,5.0,88.0,72.24
E2023,318,local,98.0,35.0,19.0,5.0,1.0,15.0,71.0,35.0,14.0,12.0,13.0,14.0,5.0,20.0,96.0,2024-05-01 18:30:00+00:00,39,Playoffs,40.0,BAS,MAD,36.0,2.0,96.0,78.16
E2023,318,road,102.0,36.0,28.0,8.0,5.0,20.0,77.0,42.0,7.0,5.0,12.0,9.0,1.0,15.0,137.0,2024-05-01 18:30:00+00:00,39,Playoffs,40.0,MAD,BAS,35.0,2.0,137.0,77.08
E2023,323,local,92.0,47.0,19.0,6.0,0.0,19.0,65.0,36.0,11.0,8.0,11.0,13.0,1.0,18.0,119.0,2024-05-02 16:45:00+00:00,40,Playoffs,40.0,OLY,BAR,29.0,3.0,119.0,71.84
E2023,323,road,58.0,31.0,12.0,8.0,1.0,18.0,65.0,23.0,17.0,7.0,12.0,12.0,0.0,19.0,45.0,2024-05-02 16:45:00+00:00,40,Playoffs,40.0,BAR,OLY,42.0,10.0,45.0,72.48
E2023,325,local,88.0,34.0,16.0,5.0,3.0,20.0,74.0,34.0,16.0,11.0,15.0,4.0,6.0,22.0,89.0,2024-05-02 18:45:00+00:00,40,Playoffs,40.0,TEL,PAN,40.0,5.0,89.0,70.04
E2023,325,road,95.0,31.0,20.0,2.0,6.0,22.0,59.0,34.0,22.0,18.0,6.0,7.0,3.0,20.0,117.0,2024-05-02 18:45:00+00:00,40,Playoffs,40.0,PAN,TEL,25.0,4.0,117.0,69.68
E2023,324,local,62.0,42.0,13.0,3.0,1.0,19.0,63.0,23.0,7.0,5.0,17.0,13.0,4.0,16.0,65.0,2024-05-03 17:45:00+00:00,40,Playoffs,40.0,ULK,MCO,40.0,2.0,65.0,62.08
E2023,324,road,65.0,34.0,12.0,6.0,4.0,16.0,61.0,25.0,11.0,7.0,9.0,8.0,1.0,19.0,69.0,2024-05-03 17:45:00+00:00,40,Playoffs,40.0,MCO,ULK,36.0,4.0,69.0,64.84
E2023,329,local,81.0,41.0,15.0,7.0,3.0,23.0,60.0,24.0,35.0,21.0,19.0,12.0,4.0,17.0,87.0,2024-05-07 18:15:00+00:00,41,Playoffs,40.0,PAN,TEL,36.0,14.0,87.0,68.4
E2023,329,road,72.0,33.0,17.0,5.0,4.0,17.0,63.0,27.0,10.0,8.0,13.0,12.0,3.0,24.0,71.0,2024-05-07 18:15:00+00:00,41,Playoffs,40.0,TEL,PAN,36.0,2.0,71.0,66.4
E2023,328,local,79.0,29.0,15.0,8.0,1.0,17.0,64.0,30.0,17.0,14.0,11.0,10.0,2.0,18.0,82.0,2024-05-08 17:00:00+00:00,41,Playoffs,45.0,MCO,ULK,34.0,3.0,82.0,70.48
E2023,328,road,80.0,32.0,17.0,7.0,2.0,18.0,62.0,29.0,9.0,7.0,13.0,14.0,1.0,17.0,89.0,2024-05-08 17:00:00+00:00,41,Playoffs,45.0,ULK,MCO,33.0,2.0,89.0,66.96
E2023,327,local,59.0,37.0,17.0,12.0,2.0,19.0,64.0,22.0,13.0,11.0,12.0,13.0,3.0,27.0,59.0,2024-05-08 19:00:00+00:00,41,Playoffs,40.0,BAR,OLY,42.0,2.0,59.0,70.72
E2023,327,road,63.0,43.0,15.0,7.0,3.0,27.0,55.0,22.0,24.0,13.0,12.0,16.0,2.0,19.0,77.0,2024-05-08 19:00:00+00:00,41,Playoffs,40.0,OLY,BAR,33.0,11.0,77.0,69.56
E2023,331,local,73.0,37.0,13.0,8.0,3.0,21.0,50.0,26.0,22.0,14.0,8.0,17.0,0.0,15.0,91.0,2024-05-24 16:00:00+00:00,42,Final Four,40.0,PAN,ULK,24.0,8.0,91.0,68.68
E2023,331,road,57.0,29.0,14.0,6.0,0.0,15.0,59.0,20.0,9.0,8.0,9.0,15.0,3.0,21.0,42.0,2024-05-24 16:00:00+00:00,42,Final Four,40.0,ULK,PAN,39.0,1.0,42.0,68.96000000000001
E2023,330,local,87.0,31.0,19.0,8.0,7.0,22.0,55.0,31.0,19.0,13.0,8.0,14.0,1.0,22.0,107.0,2024-05-24 19:00:00+00:00,42,Final Four,40.0,MAD,OLY,24.0,6.0,107.0,69.36
E2023,330,road,76.0,31.0,15.0,9.0,1.0,22.0,62.0,26.0,15.0,10.0,14.0,15.0,7.0,22.0,69.0,2024-05-24 19:00:00+00:00,42,Final Four,40.0,OLY,MAD,36.0,5.0,69.0,69.6
E2023,332,local,87.0,40.0,19.0,8.0,1.0,17.0,60.0,30.0,17.0,12.0,13.0,21.0,3.0,18.0,95.0,2024-05-26 15:00:00+00:00,43,Final Four,40.0,OLY,ULK,30.0,5.0,95.0,75.48
E2023,332,road,84.0,30.0,24.0,11.0,3.0,18.0,64.0,31.0,17.0,10.0,11.0,11.0,1.0,17.0,101.0,2024-05-26 15:00:00+00:00,43,Final Four,40.0,ULK,OLY,33.0,7.0,101.0,71.48
E2023,333,local,80.0,31.0,17.0,6.0,1.0,20.0,65.0,27.0,18.0,15.0,10.0,7.0,0.0,25.0,82.0,2024-05-26 18:00:00+00:00,43,Final Four,40.0,MAD,PAN,38.0,3.0,82.0,69.92
E2023,333,road,95.0,37.0,13.0,3.0,0.0,24.0,57.0,30.0,30.0,23.0,8.0,9.0,1.0,20.0,108.0,2024-05-26 18:00:00+00:00,43,Final Four,40.0,PAN,MAD,27.0,7.0,108.0,71.2
E2024,1,local,77.0,40.0,19.0,2.0,1.0,11.0,66.0,30.0,10.0,8.0,12.0,11.0,1.0,16.0,84.0,2024-10-03 16:45:00+00:00,1,Regular Season,40.0,BER,PAN,36.0,2.0,84.0,69.4
E2024,1,road,87.0,28.0,21.0,7.0,1.0,16.0,64.0,32.0,12.0,12.0,4.0,4.0,1.0,11.0,112.0,2024-10-03 16:45:00+00:00,1,Regular Season,40.0,PAN,BER,32.0,0.0,112.0,69.28
E2024,2,local,93.0,36.0,15.0,8.0,1.0,18.0,66.0,34.0,21.0,17.0,15.0,8.0,1.0,20.0,106.0,2024-10-03 17:00:00+00:00,1,Regular Season,40.0,MCO,MIL,32.0,4.0,106.0,68.24
E2024,2,road,80.0,23.0,11.0,5.0,1.0,20.0,50.0,27.0,21.0,16.0,6.0,13.0,1.0,19.0,79.0,2024-10-03 17:00:00+00:00,1,Regular Season,40.0,MIL,MCO,23.0,5.0,79.0,66.24000000000001
E2024,3,local,74.0,38.0,8.0,9.0,3.0,17.0,64.0,29.0,9.0,6.0,13.0,13.0,0.0,20.0,78.0,2024-10-03 17:00:00+00:00,1,Regular Season,40.0,ZAL,BAR,35.0,3.0,78.0,67.96
E2024,3,road,67.0,31.0,19.0,7.0,0.0,20.0,57.0,24.0,19.0,14.0,11.0,10.0,3.0,17.0,76.0,2024-10-03 17:00:00+00:00,1,Regular Season,40.0,BAR,ZAL,33.0,5.0,76.0,64.36
E2024,4,local,88.0,30.0,14.0,4.0,6.0,16.0,56.0,30.0,21.0,19.0,6.0,10.0,0.0,14.0,106.0,2024-10-03 18:30:00+00:00,1,Regular Season,40.0,BAS,PAR,26.0,2.0,106.0,69.24
E2024,4,road,82.0,27.0,20.0,6.0,0.0,14.0,64.0,32.0,10.0,7.0,7.0,10.0,6.0,16.0,82.0,2024-10-03 18:30:00+00:00,1,Regular Season,40.0,PAR,BAS,32.0,3.0,82.0,71.4
E2024,5,local,97.0,30.0,22.0,8.0,1.0,24.0,63.0,31.0,24.0,20.0,10.0,16.0,3.0,18.0,109.0,2024-10-03 18:45:00+00:00,1,Regular Season,40.0,MUN,MAD,32.0,4.0,109.0,79.56
E2024,5,road,89.0,29.0,18.0,8.0,3.0,18.0,57.0,33.0,20.0,14.0,7.0,17.0,1.0,26.0,91.0,2024-10-03 18:45:00+00:00,1,Regular Season,40.0,MAD,MUN,24.0,6.0,91.0,75.8
E2024,6,local,89.0,31.0,20.0,10.0,4.0,18.0,65.0,35.0,15.0,12.0,8.0,11.0,3.0,16.0,109.0,2024-10-03 19:00:00+00:00,1,Regular Season,40.0,TEL,ASV,30.0,3.0,109.0,74.6
E2024,6,road,82.0,27.0,23.0,6.0,3.0,16.0,61.0,33.0,9.0,8.0,6.0,17.0,4.0,18.0,89.0,2024-10-03 19:00:00+00:00,1,Regular Season,40.0,ASV,TEL,28.0,1.0,89.0,75.96
E2024,7,local,82.0,44.0,18.0,4.0,3.0,21.0,61.0,29.0,22.0,17.0,14.0,12.0,0.0,20.0,103.0,2024-10-04 17:30:00+00:00,1,Regular Season,40.0,ULK,OLY,32.0,5.0,103.0,68.68
E2024,7,road,71.0,24.0,15.0,3.0,0.0,20.0,60.0,24.0,21.0,19.0,6.0,7.0,3.0,22.0,63.0,2024-10-04 17:30:00+00:00,1,Regular Season,40.0,OLY,ULK,36.0,2.0,63.0,70.24
E2024,8,local,77.0,29.0,11.0,8.0,1.0,20.0,65.0,27.0,21.0,17.0,13.0,4.0,3.0,18.0,79.0,2024-10-04 19:00:00+00:00,1,Regular Season,40.0,PRS,RED,38.0,4.0,79.0,65.24
E2024,8,road,80.0,43.0,19.0,2.0,3.0,18.0,59.0,29.0,16.0,12.0,15.0,14.0,1.0,20.0,96.0,2024-10-04 19:00:00+00:00,1,Regular Season,40.0,RED,PRS,30.0,4.0,96.0,65.04
E2024,9,local,67.0,33.0,14.0,4.0,4.0,23.0,53.0,21.0,23.0,20.0,7.0,18.0,6.0,22.0,64.0,2024-10-04 19:00:00+00:00,1,Regular Season,40.0,VIR,IST,32.0,3.0,64.0,74.12
E2024,9,road,76.0,36.0,13.0,7.0,6.0,22.0,64.0,29.0,16.0,11.0,10.0,13.0,4.0,23.0,80.0,2024-10-04 19:00:00+00:00,1,Regular Season,40.0,IST,VIR,35.0,5.0,80.0,74.04
E2024,10,local,85.0,41.0,13.0,3.0,1.0,23.0,67.0,33.0,20.0,9.0,14.0,7.0,1.0,19.0,94.0,2024-10-09 17:00:00+00:00,2,Regular Season,40.0,MCO,TEL,34.0,11.0,94.0,68.8
E2024,10,road,79.0,32.0,18.0,5.0,1.0,19.0,65.0,31.0,15.0,12.0,7.0,7.0,1.0,23.0,86.0,2024-10-09 17:00:00+00:00,2,Regular Season,40.0,TEL,MCO,34.0,3.0,86.0,71.6
E2024,11,local,78.0,26.0,17.0,8.0,3.0,18.0,59.0,29.0,12.0,10.0,6.0,9.0,3.0,21.0,85.0,2024-10-09 18:00:00+00:00,2,Regular Season,40.0,RED,BAS,30.0,2.0,85.0,67.28
E2024,11,road,71.0,36.0,13.0,6.0,3.0,21.0,56.0,27.0,17.0,14.0,11.0,15.0,3.0,18.0,82.0,2024-10-09 18:00:00+00:00,2,Regular Season,40.0,BAS,RED,29.0,3.0,82.0,67.48
E2024,12,local,78.0,36.0,17.0,6.0,7.0,20.0,67.0,27.0,19.0,18.0,13.0,7.0,4.0,16.0,96.0,2024-10-10 17:30:00+00:00,2,Regular Season,40.0,IST,ULK,40.0,1.0,96.0,69.36
E2024,12,road,83.0,41.0,20.0,3.0,4.0,15.0,67.0,27.0,15.0,14.0,16.0,10.0,7.0,21.0,87.0,2024-10-10 17:30:00+00:00,2,Regular Season,40.0,ULK,IST,40.0,1.0,87.0,67.6
E2024,13,local,87.0,44.0,16.0,6.0,3.0,22.0,69.0,32.0,23.0,15.0,21.0,9.0,4.0,22.0,98.0,2024-10-10 18:00:00+00:00,2,Regular Season,40.0,ASV,VIR,37.0,8.0,98.0,67.12
E2024,13,road,85.0,27.0,24.0,4.0,4.0,21.0,58.0,31.0,21.0,15.0,8.0,8.0,3.0,22.0,99.0,2024-10-10 18:00:00+00:00,2,Regular Season,40.0,VIR,ASV,27.0,6.0,99.0,67.24
E2024,14,local,94.0,46.0,18.0,12.0,4.0,17.0,72.0,38.0,14.0,10.0,17.0,13.0,1.0,16.0,123.0,2024-10-10 18:15:00+00:00,2,Regular Season,40.0,PAN,MUN,34.0,4.0,123.0,74.16
E2024,14,road,79.0,27.0,19.0,8.0,1.0,16.0,65.0,28.0,15.0,14.0,9.0,14.0,4.0,17.0,77.0,2024-10-10 18:15:00+00:00,2,Regular Season,40.0,MUN,PAN,37.0,1.0,77.0,76.6
E2024,15,local,93.0,34.0,19.0,4.0,3.0,21.0,63.0,33.0,21.0,17.0,10.0,13.0,2.0,18.0,107.0,2024-10-10 18:45:00+00:00,2,Regular Season,40.0,MAD,PAR,30.0,4.0,107.0,75.24
E2024,15,road,86.0,26.0,21.0,7.0,2.0,18.0,59.0,29.0,20.0,15.0,6.0,11.0,3.0,21.0,90.0,2024-10-10 18:45:00+00:00,2,Regular Season,40.0,PAR,MAD,30.0,5.0,90.0,72.8
E2024,18,local,74.0,45.0,18.0,5.0,3.0,32.0,47.0,21.0,43.0,28.0,15.0,19.0,1.0,23.0,93.0,2024-10-11 18:15:00+00:00,2,Regular Season,40.0,OLY,ZAL,26.0,15.0,93.0,69.92
E2024,18,road,68.0,40.0,14.0,7.0,1.0,22.0,70.0,22.0,25.0,16.0,18.0,11.0,3.0,32.0,49.0,2024-10-11 18:15:00+00:00,2,Regular Season,40.0,ZAL,OLY,48.0,9.0,49.0,74.0
E2024,16,local,79.0,41.0,11.0,5.0,1.0,23.0,57.0,26.0,24.0,18.0,9.0,16.0,1.0,23.0,83.0,2024-10-11 18:30:00+00:00,2,Regular Season,40.0,MIL,PRS,31.0,6.0,83.0,74.56
E2024,16,road,74.0,31.0,12.0,6.0,1.0,23.0,64.0,27.0,23.0,14.0,9.0,7.0,1.0,24.0,69.0,2024-10-11 18:30:00+00:00,2,Regular Season,40.0,PRS,MIL,37.0,9.0,69.0,72.12
E2024,17,local,88.0,32.0,27.0,14.0,6.0,13.0,69.0,36.0,7.0,5.0,7.0,10.0,3.0,18.0,114.0,2024-10-11 18:30:00+00:00,2,Regular Season,40.0,BAR,BER,33.0,2.0,114.0,75.08
E2024,17,road,73.0,37.0,14.0,4.0,3.0,18.0,65.0,31.0,15.0,8.0,12.0,16.0,6.0,13.0,73.0,2024-10-11 18:30:00+00:00,2,Regular Season,40.0,BER,BAR,34.0,7.0,73.0,75.6
E2024,19,local,84.0,46.0,20.0,5.0,5.0,20.0,69.0,30.0,21.0,17.0,17.0,14.0,2.0,25.0,96.0,2024-10-15 17:30:00+00:00,3,Regular Season,40.0,BER,ASV,39.0,4.0,96.0,75.24
E2024,19,road,79.0,34.0,11.0,6.0,2.0,25.0,57.0,23.0,30.0,24.0,9.0,11.0,5.0,20.0,81.0,2024-10-15 17:30:00+00:00,3,Regular Season,40.0,ASV,BER,34.0,6.0,81.0,72.2
E2024,20,local,57.0,32.0,13.0,4.0,2.0,19.0,55.0,19.0,15.0,12.0,11.0,18.0,3.0,21.0,46.0,2024-10-15 17:45:00+00:00,3,Regular Season,40.0,ULK,RED,36.0,3.0,46.0,68.6
E2024,20,road,76.0,33.0,19.0,8.0,3.0,21.0,57.0,27.0,17.0,12.0,9.0,11.0,2.0,19.0,93.0,2024-10-15 17:45:00+00:00,3,Regular Season,40.0,RED,ULK,30.0,5.0,93.0,66.48
E2024,27,local,93.0,29.0,20.0,4.0,1.0,24.0,63.0,35.0,19.0,13.0,11.0,14.0,2.0,15.0,106.0,2024-10-15 18:05:00+00:00,3,Regular Season,40.0,TEL,IST,28.0,6.0,106.0,74.36
E2024,27,road,91.0,29.0,22.0,7.0,2.0,15.0,62.0,36.0,18.0,13.0,9.0,12.0,1.0,25.0,97.0,2024-10-15 18:05:00+00:00,3,Regular Season,40.0,IST,TEL,26.0,5.0,97.0,72.92
E2024,21,local,89.0,31.0,20.0,7.0,4.0,18.0,57.0,30.0,21.0,17.0,4.0,11.0,3.0,19.0,105.0,2024-10-15 18:15:00+00:00,3,Regular Season,40.0,OLY,MIL,27.0,4.0,105.0,73.24
E2024,21,road,68.0,39.0,20.0,5.0,3.0,19.0,65.0,25.0,14.0,10.0,14.0,16.0,4.0,18.0,72.0,2024-10-15 18:15:00+00:00,3,Regular Season,40.0,MIL,OLY,40.0,4.0,72.0,73.16
E2024,22,local,76.0,36.0,18.0,4.0,1.0,13.0,67.0,28.0,11.0,10.0,11.0,12.0,5.0,13.0,78.0,2024-10-15 18:30:00+00:00,3,Regular Season,40.0,BAS,MAD,39.0,1.0,78.0,72.84
E2024,22,road,72.0,36.0,25.0,3.0,5.0,13.0,68.0,30.0,5.0,4.0,12.0,12.0,1.0,14.0,88.0,2024-10-15 18:30:00+00:00,3,Regular Season,40.0,MAD,BAS,38.0,1.0,88.0,70.2
E2024,23,local,84.0,38.0,15.0,9.0,2.0,21.0,70.0,30.0,25.0,17.0,17.0,8.0,4.0,23.0,86.0,2024-10-15 18:30:00+00:00,3,Regular Season,40.0,PRS,PAN,40.0,8.0,86.0,72.0
E2024,23,road,80.0,42.0,15.0,6.0,4.0,23.0,59.0,26.0,26.0,20.0,14.0,15.0,2.0,21.0,93.0,2024-10-15 18:30:00+00:00,3,Regular Season,40.0,PAN,PRS,33.0,6.0,93.0,71.44
E2024,24,local,68.0,32.0,12.0,8.0,3.0,23.0,59.0,23.0,20.0,16.0,9.0,13.0,0.0,27.0,66.0,2024-10-15 18:30:00+00:00,3,Regular Season,40.0,VIR,ZAL,36.0,4.0,66.0,71.8
E2024,24,road,71.0,37.0,14.0,11.0,0.0,26.0,56.0,25.0,26.0,14.0,12.0,16.0,3.0,23.0,74.0,2024-10-15 18:30:00+00:00,3,Regular Season,40.0,ZAL,VIR,31.0,12.0,74.0,71.44
E2024,26,local,86.0,30.0,16.0,8.0,4.0,21.0,51.0,27.0,27.0,21.0,9.0,17.0,1.0,21.0,96.0,2024-10-15 18:45:00+00:00,3,Regular Season,40.0,PAR,MUN,24.0,6.0,96.0,70.88
E2024,26,road,78.0,27.0,12.0,10.0,1.0,21.0,60.0,28.0,13.0,12.0,11.0,17.0,4.0,21.0,74.0,2024-10-15 18:45:00+00:00,3,Regular Season,40.0,MUN,PAR,32.0,1.0,74.0,71.72
E2024,25,local,86.0,39.0,21.0,4.0,3.0,19.0,63.0,33.0,14.0,9.0,14.0,16.0,1.0,19.0,101.0,2024-10-16 18:30:00+00:00,3,Regular Season,40.0,BAR,MCO,30.0,5.0,101.0,71.16
E2024,25,road,71.0,32.0,17.0,10.0,1.0,19.0,60.0,26.0,20.0,14.0,11.0,14.0,3.0,20.0,73.0,2024-10-16 18:30:00+00:00,3,Regular Season,40.0,MCO,BAR,34.0,6.0,73.0,71.8
E2024,28,local,71.0,43.0,19.0,5.0,2.0,18.0,64.0,27.0,16.0,11.0,15.0,14.0,3.0,21.0,78.0,2024-10-17 17:30:00+00:00,4,Regular Season,40.0,BER,ULK,37.0,5.0,78.0,70.04
E2024,28,road,78.0,33.0,14.0,8.0,3.0,21.0,59.0,24.0,23.0,17.0,11.0,10.0,2.0,18.0,86.0,2024-10-17 17:30:00+00:00,4,Regular Season,40.0,ULK,BER,35.0,6.0,86.0,68.12
E2024,32,local,79.0,43.0,18.0,3.0,0.0,26.0,57.0,24.0,32.0,25.0,19.0,15.0,6.0,21.0,87.0,2024-10-17 18:05:00+00:00,4,Regular Season,40.0,TEL,PAR,33.0,7.0,87.0,67.08
E2024,32,road,91.0,26.0,23.0,7.0,6.0,21.0,67.0,35.0,13.0,10.0,10.0,5.0,0.0,26.0,108.0,2024-10-17 18:05:00+00:00,4,Regular Season,40.0,PAR,TEL,32.0,3.0,108.0,67.72
E2024,29,local,82.0,33.0,17.0,7.0,0.0,19.0,64.0,31.0,19.0,15.0,12.0,9.0,1.0,25.0,86.0,2024-10-17 18:30:00+00:00,4,Regular Season,40.0,MIL,ZAL,33.0,4.0,86.0,69.36
E2024,29,road,85.0,32.0,18.0,3.0,1.0,25.0,54.0,26.0,26.0,21.0,8.0,11.0,0.0,19.0,101.0,2024-10-17 18:30:00+00:00,4,Regular Season,40.0,ZAL,MIL,28.0,5.0,101.0,68.44
E2024,30,local,109.0,31.0,17.0,3.0,1.0,22.0,63.0,37.0,22.0,21.0,8.0,12.0,1.0,24.0,119.0,2024-10-17 18:45:00+00:00,4,Regular Season,40.0,MUN,PRS,26.0,1.0,119.0,76.68
E2024,30,road,107.0,29.0,21.0,7.0,1.0,24.0,71.0,39.0,24.0,16.0,12.0,10.0,1.0,22.0,116.0,2024-10-17 18:45:00+00:00,4,Regular Season,40.0,PRS,MUN,32.0,8.0,116.0,79.56
E2024,31,local,90.0,34.0,16.0,4.0,5.0,15.0,73.0,34.0,9.0,7.0,12.0,4.0,2.0,21.0,96.0,2024-10-17 18:45:00+00:00,4,Regular Season,40.0,MAD,PAN,39.0,2.0,96.0,68.96
E2024,31,road,86.0,36.0,18.0,1.0,2.0,20.0,63.0,33.0,16.0,9.0,7.0,8.0,5.0,16.0,97.0,2024-10-17 18:45:00+00:00,4,Regular Season,40.0,PAN,MAD,30.0,7.0,97.0,71.04
E2024,33,local,101.0,30.0,16.0,7.0,2.0,25.0,68.0,36.0,21.0,17.0,8.0,2.0,1.0,22.0,120.0,2024-10-18 17:00:00+00:00,4,Regular Season,40.0,MCO,VIR,32.0,4.0,120.0,71.24
E2024,33,road,85.0,36.0,17.0,1.0,1.0,22.0,63.0,27.0,25.0,24.0,12.0,10.0,2.0,25.0,88.0,2024-10-18 17:00:00+00:00,4,Regular Season,40.0,VIR,MCO,36.0,1.0,88.0,72.0
E2024,34,local,91.0,36.0,19.0,6.0,0.0,19.0,60.0,34.0,15.0,11.0,13.0,13.0,1.0,14.0,113.0,2024-10-18 17:30:00+00:00,4,Regular Season,40.0,IST,OLY,26.0,4.0,113.0,66.6
E2024,34,road,89.0,21.0,26.0,8.0,1.0,14.0,61.0,32.0,17.0,15.0,7.0,9.0,0.0,19.0,100.0,2024-10-18 17:30:00+00:00,4,Regular Season,40.0,OLY,IST,29.0,2.0,100.0,70.48
E2024,35,local,94.0,28.0,14.0,5.0,0.0,19.0,64.0,35.0,17.0,12.0,7.0,17.0,2.0,22.0,85.0,2024-10-18 18:00:00+00:00,4,Regular Season,45.0,RED,BAR,29.0,5.0,85.0,81.48
E2024,35,road,98.0,31.0,23.0,13.0,2.0,22.0,69.0,38.0,16.0,9.0,9.0,11.0,0.0,20.0,120.0,2024-10-18 18:00:00+00:00,4,Regular Season,45.0,BAR,RED,31.0,7.0,120.0,78.04
E2024,36,local,76.0,34.0,13.0,7.0,2.0,16.0,58.0,26.0,18.0,15.0,7.0,10.0,2.0,19.0,82.0,2024-10-18 18:30:00+00:00,4,Regular Season,40.0,ASV,BAS,32.0,3.0,82.0,68.92
E2024,36,road,69.0,39.0,16.0,4.0,2.0,19.0,67.0,26.0,15.0,11.0,12.0,10.0,2.0,16.0,76.0,2024-10-18 18:30:00+00:00,4,Regular Season,40.0,BAS,ASV,41.0,4.0,76.0,71.6
E2024,37,local,69.0,28.0,11.0,8.0,3.0,18.0,55.0,25.0,17.0,13.0,10.0,16.0,1.0,17.0,69.0,2024-10-23 18:30:00+00:00,5,Regular Season,40.0,PAR,VIR,30.0,4.0,69.0,68.48
E2024,37,road,70.0,34.0,12.0,4.0,1.0,17.0,59.0,25.0,16.0,14.0,15.0,15.0,3.0,18.0,66.0,2024-10-23 18:30:00+00:00,5,Regular Season,40.0,VIR,PAR,34.0,2.0,66.0,66.04
E2024,38,local,80.0,44.0,18.0,6.0,2.0,24.0,75.0,32.0,21.0,12.0,20.0,13.0,6.0,16.0,87.0,2024-10-24 17:00:00+00:00,5,Regular Season,40.0,MCO,PRS,43.0,9.0,87.0,77.24
E2024,38,road,87.0,33.0,17.0,9.0,6.0,16.0,63.0,33.0,13.0,10.0,8.0,16.0,2.0,24.0,93.0,2024-10-24 17:00:00+00:00,5,Regular Season,40.0,PRS,MCO,30.0,3.0,93.0,76.72
E2024,39,local,78.0,37.0,19.0,3.0,2.0,18.0,56.0,27.0,20.0,15.0,8.0,13.0,2.0,21.0,87.0,2024-10-24 17:00:00+00:00,5,Regular Season,40.0,ZAL,TEL,29.0,5.0,87.0,69.8
E2024,39,road,63.0,32.0,9.0,8.0,2.0,21.0,60.0,21.0,19.0,15.0,11.0,10.0,2.0,19.0,61.0,2024-10-24 17:00:00+00:00,5,Regular Season,40.0,TEL,ZAL,39.0,4.0,61.0,67.36
E2024,40,local,84.0,33.0,13.0,6.0,0.0,27.0,66.0,25.0,27.0,22.0,19.0,12.0,3.0,20.0,82.0,2024-10-24 18:30:00+00:00,5,Regular Season,40.0,MIL,IST,41.0,5.0,82.0,70.88
E2024,40,road,96.0,28.0,22.0,3.0,3.0,20.0,55.0,38.0,12.0,9.0,4.0,14.0,0.0,28.0,110.0,2024-10-24 18:30:00+00:00,5,Regular Season,40.0,IST,MIL,17.0,3.0,110.0,70.28
E2024,41,local,80.0,47.0,19.0,9.0,2.0,11.0,74.0,31.0,5.0,4.0,15.0,11.0,5.0,16.0,92.0,2024-10-24 18:30:00+00:00,5,Regular Season,40.0,BAS,BER,43.0,1.0,92.0,72.2
E2024,41,road,57.0,36.0,14.0,4.0,5.0,16.0,60.0,24.0,10.0,4.0,8.0,14.0,2.0,11.0,63.0,2024-10-24 18:30:00+00:00,5,Regular Season,40.0,BER,BAS,36.0,6.0,63.0,70.4
E2024,42,local,95.0,42.0,26.0,7.0,4.0,24.0,57.0,30.0,27.0,23.0,4.0,11.0,0.0,19.0,137.0,2024-10-24 18:45:00+00:00,5,Regular Season,40.0,MAD,RED,27.0,4.0,137.0,75.88
E2024,42,road,72.0,34.0,12.0,2.0,0.0,19.0,69.0,24.0,18.0,15.0,8.0,10.0,4.0,24.0,53.0,2024-10-24 18:45:00+00:00,5,Regular Season,40.0,RED,MAD,45.0,3.0,53.0,78.92
E2024,43,local,76.0,33.0,14.0,7.0,1.0,16.0,58.0,28.0,12.0,8.0,7.0,15.0,4.0,24.0,70.0,2024-10-25 17:45:00+00:00,5,Regular Season,40.0,ULK,PAN,30.0,4.0,70.0,71.28
E2024,43,road,81.0,32.0,18.0,9.0,4.0,24.0,57.0,28.0,25.0,17.0,8.0,10.0,1.0,16.0,104.0,2024-10-25 17:45:00+00:00,5,Regular Season,40.0,PAN,ULK,29.0,8.0,104.0,70.0
E2024,44,local,90.0,33.0,20.0,7.0,4.0,18.0,61.0,31.0,17.0,15.0,7.0,13.0,0.0,25.0,102.0,2024-10-25 18:30:00+00:00,5,Regular Season,40.0,BAR,ASV,30.0,2.0,102.0,74.48
E2024,44,road,83.0,32.0,13.0,6.0,0.0,25.0,57.0,26.0,27.0,22.0,9.0,13.0,4.0,18.0,88.0,2024-10-25 18:30:00+00:00,5,Regular Season,40.0,ASV,BAR,31.0,5.0,88.0,72.88
E2024,45,local,84.0,37.0,20.0,5.0,1.0,14.0,65.0,33.0,13.0,9.0,11.0,9.0,4.0,21.0,91.0,2024-10-25 18:45:00+00:00,5,Regular Season,40.0,MUN,OLY,32.0,4.0,91.0,68.72
E2024,45,road,80.0,34.0,20.0,4.0,4.0,21.0,60.0,28.0,17.0,12.0,10.0,11.0,1.0,14.0,100.0,2024-10-25 18:45:00+00:00,5,Regular Season,40.0,OLY,MUN,32.0,5.0,100.0,68.48
E2024,46,local,88.0,33.0,16.0,6.0,4.0,19.0,62.0,33.0,22.0,15.0,8.0,13.0,3.0,21.0,93.0,2024-10-29 17:30:00+00:00,6,Regular Season,40.0,IST,BAR,29.0,7.0,93.0,76.68
E2024,46,road,97.0,28.0,21.0,10.0,3.0,19.0,66.0,33.0,20.0,17.0,8.0,10.0,4.0,20.0,108.0,2024-10-29 17:30:00+00:00,6,Regular Season,40.0,BAR,IST,33.0,3.0,108.0,76.8
E2024,47,local,84.0,39.0,21.0,8.0,2.0,20.0,70.0,31.0,14.0,12.0,18.0,14.0,2.0,23.0,94.0,2024-10-29 18:30:00+00:00,6,Regular Season,40.0,ULK,TEL,39.0,2.0,94.0,72.16
E2024,47,road,82.0,32.0,19.0,5.0,2.0,23.0,57.0,28.0,27.0,20.0,9.0,13.0,2.0,20.0,92.0,2024-10-29 18:30:00+00:00,6,Regular Season,40.0,TEL,ULK,29.0,7.0,92.0,72.88
E2024,49,local,83.0,41.0,19.0,1.0,4.0,17.0,68.0,32.0,15.0,11.0,12.0,13.0,1.0,18.0,93.0,2024-10-29 18:30:00+00:00,6,Regular Season,40.0,BER,PRS,36.0,4.0,93.0,75.6
E2024,49,road,92.0,42.0,20.0,9.0,1.0,18.0,80.0,32.0,13.0,8.0,18.0,9.0,4.0,17.0,99.0,2024-10-29 18:30:00+00:00,6,Regular Season,40.0,PRS,BER,48.0,5.0,99.0,76.72
E2024,50,local,79.0,43.0,24.0,6.0,2.0,15.0,72.0,30.0,11.0,8.0,15.0,10.0,2.0,21.0,91.0,2024-10-29 19:15:00+00:00,6,Regular Season,40.0,OLY,MAD,42.0,3.0,91.0,71.84
E2024,50,road,69.0,31.0,22.0,5.0,2.0,21.0,55.0,23.0,17.0,12.0,4.0,13.0,2.0,15.0,83.0,2024-10-29 19:15:00+00:00,6,Regular Season,40.0,MAD,OLY,32.0,5.0,83.0,71.48
E2024,52,local,88.0,44.0,17.0,2.0,3.0,19.0,70.0,29.0,22.0,18.0,18.0,7.0,3.0,22.0,96.0,2024-10-29 19:30:00+00:00,6,Regular Season,40.0,BAS,MIL,41.0,4.0,96.0,68.68
E2024,52,road,83.0,35.0,16.0,2.0,3.0,22.0,67.0,29.0,15.0,11.0,11.0,7.0,3.0,19.0,90.0,2024-10-29 19:30:00+00:00,6,Regular Season,40.0,MIL,BAS,38.0,4.0,90.0,69.6
E2024,54,local,84.0,28.0,13.0,5.0,1.0,22.0,64.0,29.0,18.0,18.0,9.0,10.0,1.0,19.0,88.0,2024-10-29 20:00:00+00:00,6,Regular Season,40.0,VIR,MUN,35.0,0.0,88.0,72.92
E2024,54,road,87.0,35.0,13.0,7.0,1.0,19.0,62.0,30.0,20.0,19.0,11.0,12.0,1.0,22.0,94.0,2024-10-29 20:00:00+00:00,6,Regular Season,40.0,MUN,VIR,32.0,1.0,94.0,71.8
E2024,48,local,86.0,25.0,21.0,5.0,3.0,23.0,62.0,32.0,19.0,13.0,12.0,8.0,2.0,22.0,95.0,2024-10-30 18:00:00+00:00,6,Regular Season,40.0,ZAL,RED,30.0,6.0,95.0,66.36
E2024,48,road,84.0,33.0,20.0,2.0,2.0,22.0,53.0,29.0,25.0,17.0,11.0,13.0,3.0,24.0,91.0,2024-10-30 18:00:00+00:00,6,Regular Season,40.0,RED,ZAL,24.0,8.0,91.0,66.0
E2024,51,local,92.0,40.0,22.0,8.0,3.0,21.0,62.0,37.0,18.0,9.0,12.0,15.0,0.0,14.0,123.0,2024-10-30 19:15:00+00:00,6,Regular Season,40.0,PAN,ASV,25.0,9.0,123.0,72.92
E2024,51,road,68.0,21.0,20.0,6.0,0.0,14.0,58.0,28.0,9.0,5.0,5.0,14.0,3.0,22.0,56.0,2024-10-30 19:15:00+00:00,6,Regular Season,40.0,ASV,PAN,30.0,4.0,56.0,70.96000000000001
E2024,53,local,74.0,37.0,15.0,3.0,2.0,20.0,60.0,27.0,13.0,9.0,9.0,11.0,5.0,24.0,74.0,2024-10-30 19:45:00+00:00,6,Regular Season,40.0,PAR,MCO,33.0,4.0,74.0,67.72
E2024,53,road,79.0,33.0,15.0,7.0,5.0,23.0,62.0,27.0,26.0,19.0,7.0,6.0,2.0,20.0,92.0,2024-10-30 19:45:00+00:00,6,Regular Season,40.0,MCO,PAR,35.0,7.0,92.0,72.44
E2024,55,local,70.0,29.0,13.0,3.0,3.0,20.0,58.0,26.0,15.0,10.0,8.0,19.0,3.0,26.0,53.0,2024-10-31 19:00:00+00:00,7,Regular Season,40.0,BER,IST,32.0,5.0,53.0,75.6
E2024,55,road,86.0,32.0,22.0,13.0,3.0,25.0,57.0,31.0,21.0,16.0,7.0,15.0,3.0,20.0,112.0,2024-10-31 19:00:00+00:00,7,Regular Season,40.0,IST,BER,26.0,5.0,112.0,74.24
E2024,58,local,79.0,43.0,11.0,1.0,0.0,21.0,62.0,26.0,20.0,16.0,18.0,14.0,4.0,21.0,76.0,2024-10-31 19:05:00+00:00,7,Regular Season,40.0,TEL,MAD,36.0,4.0,76.0,66.8
E2024,58,road,78.0,28.0,13.0,5.0,4.0,21.0,63.0,30.0,14.0,12.0,9.0,11.0,0.0,21.0,82.0,2024-10-31 19:05:00+00:00,7,Regular Season,40.0,MAD,TEL,33.0,2.0,82.0,71.16
E2024,56,local,95.0,40.0,21.0,6.0,1.0,24.0,63.0,31.0,29.0,22.0,16.0,14.0,1.0,19.0,114.0,2024-10-31 19:15:00+00:00,7,Regular Season,40.0,OLY,BAR,32.0,7.0,114.0,73.76
E2024,56,road,74.0,24.0,16.0,6.0,1.0,19.0,62.0,29.0,15.0,12.0,6.0,10.0,1.0,24.0,69.0,2024-10-31 19:15:00+00:00,7,Regular Season,40.0,BAR,OLY,33.0,3.0,69.0,72.6
E2024,57,local,99.0,40.0,20.0,7.0,2.0,23.0,70.0,34.0,23.0,19.0,15.0,13.0,4.0,24.0,110.0,2024-10-31 19:30:00+00:00,7,Regular Season,40.0,MIL,VIR,36.0,4.0,110.0,78.12
E2024,57,road,90.0,24.0,22.0,8.0,4.0,24.0,55.0,28.0,29.0,25.0,3.0,14.0,2.0,23.0,102.0,2024-10-31 19:30:00+00:00,7,Regular Season,40.0,VIR,MIL,27.0,4.0,102.0,78.76
E2024,59,local,89.0,32.0,24.0,10.0,3.0,19.0,61.0,30.0,14.0,10.0,9.0,13.0,4.0,20.0,105.0,2024-11-01 17:45:00+00:00,7,Regular Season,40.0,ULK,PAR,31.0,4.0,105.0,71.16
E2024,59,road,72.0,34.0,15.0,4.0,4.0,19.0,61.0,28.0,17.0,11.0,12.0,14.0,3.0,19.0,73.0,2024-11-01 17:45:00+00:00,7,Regular Season,40.0,PAR,ULK,33.0,6.0,73.0,70.48
E2024,60,local,63.0,34.0,16.0,7.0,1.0,16.0,55.0,25.0,8.0,4.0,11.0,17.0,2.0,18.0,66.0,2024-11-01 18:00:00+00:00,7,Regular Season,40.0,ZAL,MCO,30.0,4.0,66.0,64.52000000000001
E2024,60,road,62.0,27.0,12.0,9.0,2.0,18.0,56.0,23.0,17.0,14.0,8.0,12.0,1.0,16.0,65.0,2024-11-01 18:00:00+00:00,7,Regular Season,40.0,MCO,ZAL,33.0,3.0,65.0,67.48
E2024,61,local,77.0,26.0,20.0,8.0,1.0,12.0,56.0,27.0,8.0,8.0,7.0,19.0,3.0,26.0,67.0,2024-11-01 19:00:00+00:00,7,Regular Season,40.0,RED,PAN,29.0,0.0,67.0,71.52000000000001
E2024,61,road,81.0,36.0,13.0,14.0,3.0,26.0,60.0,29.0,25.0,17.0,15.0,15.0,1.0,13.0,105.0,2024-11-01 19:00:00+00:00,7,Regular Season,40.0,PAN,RED,31.0,8.0,105.0,71.0
E2024,62,local,71.0,36.0,16.0,3.0,4.0,16.0,64.0,26.0,13.0,9.0,11.0,11.0,1.0,24.0,68.0,2024-11-01 19:00:00+00:00,7,Regular Season,40.0,ASV,MUN,38.0,4.0,68.0,69.72
E2024,62,road,84.0,40.0,25.0,5.0,1.0,24.0,65.0,28.0,20.0,15.0,13.0,10.0,4.0,16.0,107.0,2024-11-01 19:00:00+00:00,7,Regular Season,40.0,MUN,ASV,37.0,5.0,107.0,70.8
E2024,63,local,67.0,48.0,13.0,4.0,0.0,15.0,72.0,24.0,12.0,10.0,18.0,12.0,3.0,22.0,60.0,2024-11-01 19:45:00+00:00,7,Regular Season,40.0,PRS,BAS,48.0,2.0,60.0,71.28
E2024,63,road,65.0,46.0,11.0,8.0,3.0,22.0,67.0,20.0,28.0,24.0,17.0,9.0,0.0,15.0,80.0,2024-11-01 19:45:00+00:00,7,Regular Season,40.0,BAS,PRS,47.0,4.0,80.0,71.32
E2024,65,local,92.0,38.0,24.0,9.0,2.0,24.0,66.0,33.0,30.0,21.0,13.0,11.0,5.0,16.0,115.0,2024-11-07 18:00:00+00:00,8,Regular Season,40.0,RED,BER,33.0,9.0,115.0,77.2
E2024,65,road,71.0,32.0,20.0,6.0,5.0,16.0,64.0,28.0,12.0,10.0,10.0,18.0,2.0,24.0,68.0,2024-11-07 18:00:00+00:00,8,Regular Season,40.0,BER,RED,36.0,2.0,68.0,77.28
E2024,66,local,85.0,32.0,16.0,9.0,0.0,21.0,60.0,28.0,17.0,17.0,7.0,14.0,2.0,16.0,99.0,2024-11-07 19:30:00+00:00,8,Regular Season,40.0,MIL,MAD,32.0,0.0,99.0,74.48
E2024,66,road,76.0,37.0,17.0,6.0,2.0,16.0,67.0,28.0,12.0,12.0,12.0,15.0,0.0,22.0,78.0,2024-11-07 19:30:00+00:00,8,Regular Season,40.0,MAD,MIL,39.0,0.0,78.0,75.28
E2024,67,local,77.0,40.0,15.0,5.0,1.0,25.0,55.0,23.0,29.0,23.0,11.0,15.0,1.0,27.0,82.0,2024-11-07 19:45:00+00:00,8,Regular Season,40.0,MUN,ZAL,32.0,6.0,82.0,71.76
E2024,67,road,74.0,39.0,12.0,8.0,1.0,27.0,68.0,24.0,24.0,15.0,17.0,12.0,1.0,25.0,70.0,2024-11-07 19:45:00+00:00,8,Regular Season,40.0,ZAL,MUN,44.0,9.0,70.0,73.56
E2024,68,local,74.0,37.0,14.0,7.0,4.0,18.0,63.0,26.0,16.0,14.0,14.0,11.0,5.0,18.0,81.0,2024-11-07 19:45:00+00:00,8,Regular Season,40.0,PRS,PAR,37.0,2.0,81.0,67.04
E2024,68,road,71.0,38.0,17.0,7.0,5.0,18.0,66.0,28.0,10.0,7.0,16.0,12.0,4.0,18.0,81.0,2024-11-07 19:45:00+00:00,8,Regular Season,40.0,PAR,PRS,38.0,3.0,81.0,66.4
E2024,64,local,69.0,37.0,22.0,6.0,4.0,20.0,61.0,24.0,15.0,12.0,12.0,18.0,3.0,22.0,75.0,2024-11-08 17:00:00+00:00,8,Regular Season,40.0,IST,MCO,37.0,3.0,75.0,73.6
E2024,64,road,81.0,31.0,17.0,8.0,3.0,21.0,61.0,28.0,23.0,16.0,10.0,11.0,4.0,21.0,85.0,2024-11-08 17:00:00+00:00,8,Regular Season,40.0,MCO,IST,33.0,7.0,85.0,72.12
E2024,69,local,73.0,34.0,16.0,8.0,1.0,25.0,62.0,24.0,29.0,20.0,13.0,10.0,3.0,19.0,78.0,2024-11-08 19:00:00+00:00,8,Regular Season,40.0,ASV,ULK,38.0,9.0,78.0,71.76
E2024,69,road,77.0,46.0,15.0,3.0,3.0,19.0,69.0,28.0,18.0,15.0,19.0,14.0,1.0,25.0,79.0,2024-11-08 19:00:00+00:00,8,Regular Season,40.0,ULK,ASV,41.0,3.0,79.0,71.92
E2024,70,local,89.0,27.0,26.0,7.0,4.0,21.0,56.0,31.0,21.0,16.0,4.0,12.0,1.0,14.0,117.0,2024-11-08 19:15:00+00:00,8,Regular Season,40.0,PAN,OLY,25.0,5.0,117.0,73.24
E2024,70,road,94.0,35.0,28.0,10.0,1.0,14.0,69.0,36.0,12.0,10.0,10.0,11.0,4.0,21.0,111.0,2024-11-08 19:15:00+00:00,8,Regular Season,40.0,OLY,PAN,33.0,2.0,111.0,75.28
E2024,71,local,91.0,35.0,18.0,11.0,5.0,12.0,70.0,37.0,7.0,5.0,11.0,8.0,3.0,14.0,112.0,2024-11-08 19:30:00+00:00,8,Regular Season,40.0,BAR,BAS,33.0,2.0,112.0,70.08
E2024,71,road,68.0,34.0,15.0,5.0,3.0,14.0,61.0,28.0,7.0,4.0,11.0,17.0,5.0,12.0,69.0,2024-11-08 19:30:00+00:00,8,Regular Season,40.0,BAS,BAR,33.0,3.0,69.0,70.08
E2024,72,local,84.0,32.0,23.0,8.0,3.0,20.0,63.0,32.0,17.0,9.0,14.0,11.0,2.0,17.0,101.0,2024-11-08 19:30:00+00:00,8,Regular Season,40.0,VIR,TEL,31.0,8.0,101.0,67.48
E2024,72,road,77.0,35.0,15.0,6.0,2.0,17.0,69.0,32.0,9.0,6.0,17.0,13.0,3.0,20.0,76.0,2024-11-08 19:30:00+00:00,8,Regular Season,40.0,TEL,VIR,37.0,3.0,76.0,68.96
E2024,73,local,87.0,33.0,19.0,5.0,0.0,16.0,64.0,34.0,7.0,7.0,7.0,12.0,2.0,19.0,97.0,2024-11-12 17:45:00+00:00,9,Regular Season,40.0,ULK,MUN,30.0,0.0,97.0,72.08
E2024,73,road,76.0,26.0,19.0,7.0,2.0,19.0,59.0,27.0,15.0,14.0,4.0,9.0,0.0,16.0,91.0,2024-11-12 17:45:00+00:00,9,Regular Season,40.0,MUN,ULK,32.0,1.0,91.0,70.6
E2024,74,local,90.0,30.0,14.0,6.0,1.0,23.0,65.0,33.0,24.0,17.0,10.0,9.0,1.0,23.0,92.0,2024-11-12 18:00:00+00:00,9,Regular Season,40.0,MCO,RED,32.0,7.0,92.0,74.56
E2024,74,road,98.0,34.0,22.0,6.0,1.0,23.0,66.0,35.0,21.0,16.0,12.0,10.0,1.0,23.0,114.0,2024-11-12 18:00:00+00:00,9,Regular Season,40.0,RED,MCO,31.0,5.0,114.0,73.24
E2024,75,local,105.0,37.0,22.0,9.0,2.0,22.0,71.0,37.0,23.0,20.0,8.0,17.0,2.0,26.0,115.0,2024-11-12 19:00:00+00:00,9,Regular Season,45.0,BER,MIL,34.0,3.0,115.0,90.12
E2024,75,road,101.0,39.0,20.0,11.0,2.0,26.0,74.0,33.0,30.0,26.0,14.0,17.0,2.0,22.0,113.0,2024-11-12 19:00:00+00:00,9,Regular Season,45.0,MIL,BER,41.0,4.0,113.0,90.2
E2024,76,local,94.0,29.0,23.0,8.0,3.0,25.0,62.0,29.0,33.0,26.0,10.0,11.0,3.0,16.0,112.0,2024-11-12 19:00:00+00:00,9,Regular Season,40.0,OLY,ASV,33.0,7.0,112.0,77.52
E2024,76,road,92.0,39.0,17.0,6.0,3.0,16.0,65.0,34.0,15.0,13.0,13.0,16.0,3.0,25.0,96.0,2024-11-12 19:00:00+00:00,9,Regular Season,40.0,ASV,OLY,31.0,2.0,96.0,74.6
E2024,77,local,93.0,27.0,23.0,8.0,3.0,23.0,58.0,36.0,20.0,15.0,8.0,17.0,2.0,19.0,112.0,2024-11-12 19:15:00+00:00,9,Regular Season,40.0,PAN,TEL,22.0,5.0,112.0,75.8
E2024,77,road,87.0,31.0,20.0,9.0,2.0,18.0,66.0,33.0,19.0,16.0,13.0,14.0,3.0,23.0,91.0,2024-11-12 19:15:00+00:00,9,Regular Season,40.0,TEL,PAN,33.0,3.0,91.0,75.36
E2024,78,local,84.0,33.0,18.0,4.0,1.0,21.0,69.0,33.0,16.0,11.0,15.0,8.0,5.0,20.0,87.0,2024-11-12 19:30:00+00:00,9,Regular Season,40.0,BAS,IST,36.0,5.0,87.0,69.04
E2024,78,road,89.0,36.0,16.0,2.0,5.0,18.0,65.0,30.0,16.0,15.0,17.0,11.0,1.0,22.0,96.0,2024-11-12 19:30:00+00:00,9,Regular Season,40.0,IST,BAS,35.0,1.0,96.0,66.04
E2024,79,local,98.0,39.0,24.0,5.0,2.0,18.0,70.0,37.0,12.0,9.0,12.0,9.0,3.0,16.0,122.0,2024-11-12 19:45:00+00:00,9,Regular Season,40.0,MAD,VIR,33.0,3.0,122.0,72.28
E2024,79,road,86.0,26.0,16.0,3.0,3.0,16.0,65.0,32.0,14.0,11.0,6.0,6.0,2.0,18.0,88.0,2024-11-12 19:45:00+00:00,9,Regular Season,40.0,VIR,MAD,33.0,3.0,88.0,71.16
E2024,80,local,79.0,33.0,16.0,10.0,0.0,23.0,64.0,22.0,31.0,27.0,14.0,12.0,4.0,18.0,81.0,2024-11-13 17:00:00+00:00,9,Regular Season,40.0,PAR,BAR,42.0,4.0,81.0,75.64
E2024,80,road,87.0,43.0,23.0,8.0,4.0,18.0,66.0,31.0,17.0,16.0,15.0,15.0,0.0,24.0,108.0,2024-11-13 17:00:00+00:00,9,Regular Season,40.0,BAR,PAR,35.0,1.0,108.0,73.48
E2024,81,local,83.0,37.0,17.0,2.0,5.0,24.0,55.0,29.0,25.0,16.0,7.0,15.0,0.0,23.0,95.0,2024-11-13 19:30:00+00:00,9,Regular Season,40.0,PRS,ZAL,26.0,9.0,95.0,74.0
E2024,81,road,77.0,36.0,11.0,11.0,0.0,23.0,66.0,27.0,25.0,19.0,13.0,12.0,5.0,24.0,72.0,2024-11-13 19:30:00+00:00,9,Regular Season,40.0,ZAL,PRS,39.0,6.0,72.0,76.0
E2024,86,local,91.0,34.0,17.0,12.0,3.0,19.0,68.0,34.0,19.0,16.0,13.0,14.0,4.0,23.0,98.0,2024-11-14 18:00:00+00:00,10,Regular Season,40.0,TEL,OLY,34.0,3.0,98.0,77.36
E2024,86,road,94.0,34.0,18.0,7.0,4.0,23.0,63.0,32.0,26.0,22.0,11.0,14.0,3.0,19.0,109.0,2024-11-14 18:00:00+00:00,10,Regular Season,40.0,OLY,TEL,31.0,4.0,109.0,77.44
E2024,82,local,77.0,32.0,13.0,6.0,6.0,23.0,52.0,25.0,20.0,18.0,9.0,18.0,2.0,19.0,89.0,2024-11-14 19:00:00+00:00,10,Regular Season,40.0,ASV,RED,27.0,2.0,89.0,69.8
E2024,82,road,74.0,31.0,17.0,9.0,2.0,19.0,61.0,26.0,16.0,11.0,13.0,14.0,6.0,23.0,69.0,2024-11-14 19:00:00+00:00,10,Regular Season,40.0,RED,ASV,35.0,5.0,69.0,69.04
E2024,83,local,75.0,34.0,16.0,8.0,2.0,26.0,60.0,24.0,27.0,22.0,13.0,16.0,6.0,24.0,74.0,2024-11-14 19:30:00+00:00,10,Regular Season,40.0,BAS,MCO,36.0,5.0,74.0,74.88
E2024,83,road,87.0,37.0,23.0,10.0,6.0,24.0,60.0,28.0,26.0,20.0,12.0,17.0,2.0,26.0,104.0,2024-11-14 19:30:00+00:00,10,Regular Season,40.0,MCO,BAS,32.0,6.0,104.0,76.44
E2024,84,local,115.0,31.0,26.0,16.0,2.0,13.0,74.0,43.0,12.0,11.0,10.0,16.0,2.0,19.0,134.0,2024-11-14 19:30:00+00:00,10,Regular Season,40.0,MUN,BER,31.0,1.0,134.0,85.28
E2024,84,road,88.0,29.0,15.0,8.0,2.0,19.0,63.0,33.0,20.0,16.0,10.0,21.0,2.0,13.0,91.0,2024-11-14 19:30:00+00:00,10,Regular Season,40.0,BER,MUN,30.0,4.0,91.0,82.8
E2024,85,local,64.0,42.0,14.0,6.0,2.0,18.0,62.0,24.0,14.0,11.0,13.0,16.0,4.0,21.0,64.0,2024-11-14 19:45:00+00:00,10,Regular Season,40.0,MAD,IST,38.0,3.0,64.0,71.16
E2024,85,road,74.0,37.0,12.0,11.0,4.0,20.0,63.0,24.0,24.0,19.0,10.0,9.0,2.0,19.0,84.0,2024-11-14 19:45:00+00:00,10,Regular Season,40.0,IST,MAD,39.0,5.0,84.0,72.56
E2024,87,local,65.0,33.0,8.0,8.0,2.0,24.0,63.0,21.0,22.0,18.0,10.0,11.0,3.0,28.0,52.0,2024-11-15 18:00:00+00:00,10,Regular Season,40.0,ZAL,ULK,42.0,4.0,52.0,73.68
E2024,87,road,72.0,45.0,9.0,7.0,3.0,28.0,58.0,20.0,29.0,25.0,14.0,13.0,2.0,24.0,83.0,2024-11-15 18:00:00+00:00,10,Regular Season,40.0,ULK,ZAL,38.0,4.0,83.0,69.76
E2024,88,local,87.0,32.0,22.0,7.0,0.0,24.0,61.0,31.0,20.0,16.0,7.0,18.0,0.0,23.0,97.0,2024-11-15 19:30:00+00:00,10,Regular Season,40.0,BAR,PRS,30.0,4.0,97.0,80.8
E2024,88,road,103.0,31.0,17.0,10.0,0.0,21.0,65.0,37.0,23.0,20.0,6.0,11.0,0.0,24.0,116.0,2024-11-15 19:30:00+00:00,10,Regular Season,40.0,PRS,BAR,28.0,3.0,116.0,80.12
E2024,89,local,81.0,30.0,14.0,4.0,2.0,20.0,65.0,27.0,20.0,18.0,12.0,12.0,2.0,25.0,72.0,2024-11-15 19:30:00+00:00,10,Regular Season,40.0,PAR,MIL,38.0,2.0,72.0,73.8
E2024,89,road,88.0,30.0,21.0,6.0,2.0,25.0,55.0,29.0,21.0,19.0,5.0,13.0,2.0,20.0,109.0,2024-11-15 19:30:00+00:00,10,Regular Season,40.0,MIL,PAR,26.0,2.0,109.0,72.24
E2024,90,local,77.0,34.0,16.0,5.0,1.0,24.0,61.0,26.0,25.0,17.0,13.0,11.0,2.0,21.0,80.0,2024-11-15 19:30:00+00:00,10,Regular Season,40.0,VIR,PAN,35.0,8.0,80.0,70.0
E2024,90,road,82.0,34.0,17.0,9.0,2.0,21.0,54.0,29.0,18.0,12.0,8.0,13.0,1.0,25.0,95.0,2024-11-15 19:30:00+00:00,10,Regular Season,40.0,PAN,VIR,25.0,6.0,95.0,66.92
E2024,91,local,82.0,35.0,21.0,6.0,0.0,24.0,63.0,27.0,29.0,20.0,12.0,13.0,1.0,22.0,87.0,2024-11-20 19:30:00+00:00,11,Regular Season,40.0,VIR,ULK,36.0,9.0,87.0,76.76
E2024,91,road,86.0,39.0,17.0,7.0,1.0,20.0,65.0,32.0,13.0,9.0,11.0,15.0,0.0,24.0,94.0,2024-11-20 19:30:00+00:00,11,Regular Season,40.0,ULK,VIR,33.0,4.0,94.0,74.72
E2024,97,local,84.0,29.0,22.0,4.0,6.0,16.0,64.0,32.0,15.0,13.0,8.0,11.0,2.0,19.0,95.0,2024-11-21 17:30:00+00:00,11,Regular Season,40.0,IST,PRS,32.0,2.0,95.0,73.6
E2024,97,road,93.0,33.0,21.0,7.0,2.0,19.0,64.0,31.0,23.0,21.0,11.0,11.0,6.0,16.0,107.0,2024-11-21 17:30:00+00:00,11,Regular Season,40.0,PRS,IST,33.0,2.0,107.0,74.12
E2024,92,local,103.0,29.0,24.0,12.0,5.0,21.0,73.0,40.0,16.0,14.0,12.0,8.0,2.0,23.0,126.0,2024-11-21 18:00:00+00:00,11,Regular Season,40.0,MCO,ASV,33.0,2.0,126.0,76.04
E2024,92,road,92.0,30.0,23.0,6.0,2.0,22.0,52.0,31.0,26.0,16.0,9.0,20.0,5.0,21.0,98.0,2024-11-21 18:00:00+00:00,11,Regular Season,40.0,ASV,MCO,21.0,10.0,98.0,74.44
E2024,93,local,77.0,31.0,21.0,5.0,0.0,22.0,62.0,25.0,21.0,18.0,10.0,10.0,1.0,24.0,81.0,2024-11-21 19:00:00+00:00,11,Regular Season,40.0,RED,PAR,37.0,3.0,81.0,71.24
E2024,93,road,89.0,40.0,17.0,5.0,1.0,24.0,65.0,29.0,27.0,23.0,13.0,7.0,0.0,22.0,107.0,2024-11-21 19:00:00+00:00,11,Regular Season,40.0,PAR,RED,36.0,4.0,107.0,70.88
E2024,94,local,92.0,27.0,25.0,7.0,4.0,17.0,60.0,36.0,10.0,9.0,8.0,9.0,2.0,15.0,121.0,2024-11-21 19:15:00+00:00,11,Regular Season,40.0,OLY,BAS,24.0,1.0,121.0,65.4
E2024,94,road,69.0,29.0,16.0,4.0,2.0,15.0,58.0,25.0,20.0,16.0,14.0,14.0,4.0,17.0,63.0,2024-11-21 19:15:00+00:00,11,Regular Season,40.0,BAS,OLY,33.0,4.0,63.0,66.8
E2024,95,local,98.0,30.0,21.0,4.0,1.0,18.0,60.0,35.0,19.0,15.0,8.0,11.0,2.0,22.0,108.0,2024-11-21 19:30:00+00:00,11,Regular Season,40.0,MIL,TEL,25.0,4.0,108.0,71.36
E2024,95,road,86.0,30.0,18.0,1.0,2.0,22.0,61.0,30.0,24.0,19.0,9.0,10.0,1.0,18.0,94.0,2024-11-21 19:30:00+00:00,11,Regular Season,40.0,TEL,MIL,31.0,5.0,94.0,72.56
E2024,96,local,98.0,27.0,26.0,10.0,4.0,27.0,54.0,32.0,30.0,22.0,6.0,17.0,2.0,18.0,125.0,2024-11-21 19:45:00+00:00,11,Regular Season,40.0,MAD,BER,22.0,8.0,125.0,78.2
E2024,96,road,84.0,27.0,22.0,9.0,2.0,18.0,65.0,33.0,10.0,6.0,10.0,17.0,4.0,27.0,78.0,2024-11-21 19:45:00+00:00,11,Regular Season,40.0,BER,MAD,32.0,4.0,78.0,76.4
E2024,98,local,84.0,33.0,15.0,8.0,2.0,21.0,65.0,29.0,19.0,13.0,11.0,8.0,0.0,23.0,90.0,2024-11-22 18:00:00+00:00,11,Regular Season,40.0,ZAL,PAN,36.0,6.0,90.0,70.36
E2024,98,road,77.0,34.0,17.0,4.0,0.0,23.0,54.0,27.0,21.0,14.0,7.0,13.0,2.0,22.0,84.0,2024-11-22 18:00:00+00:00,11,Regular Season,40.0,PAN,ZAL,27.0,7.0,84.0,69.24000000000001
E2024,99,local,100.0,29.0,18.0,10.0,2.0,16.0,66.0,35.0,11.0,10.0,7.0,13.0,1.0,24.0,105.0,2024-11-22 19:30:00+00:00,11,Regular Season,40.0,MUN,BAR,31.0,1.0,105.0,76.84
E2024,99,road,78.0,29.0,22.0,8.0,1.0,24.0,57.0,30.0,21.0,14.0,6.0,15.0,2.0,17.0,94.0,2024-11-22 19:30:00+00:00,11,Regular Season,40.0,BAR,MUN,27.0,7.0,94.0,75.24
E2024,100,local,70.0,36.0,15.0,3.0,5.0,17.0,64.0,25.0,15.0,12.0,12.0,10.0,4.0,22.0,68.0,2024-11-28 18:00:00+00:00,12,Regular Season,40.0,ZAL,BAS,39.0,3.0,68.0,68.6
E2024,100,road,83.0,38.0,17.0,6.0,4.0,22.0,63.0,29.0,22.0,18.0,12.0,8.0,5.0,17.0,102.0,2024-11-28 18:00:00+00:00,12,Regular Season,40.0,BAS,ZAL,34.0,4.0,102.0,68.68
E2024,101,local,85.0,39.0,18.0,6.0,3.0,22.0,67.0,31.0,22.0,18.0,13.0,18.0,5.0,25.0,85.0,2024-11-28 19:00:00+00:00,12,Regular Season,40.0,BER,TEL,36.0,4.0,85.0,81.68
E2024,101,road,103.0,38.0,18.0,10.0,5.0,25.0,76.0,40.0,19.0,14.0,14.0,10.0,3.0,23.0,122.0,2024-11-28 19:00:00+00:00,12,Regular Season,40.0,TEL,BER,36.0,5.0,122.0,80.36
E2024,102,local,81.0,48.0,14.0,4.0,5.0,17.0,71.0,29.0,17.0,10.0,14.0,11.0,3.0,23.0,83.0,2024-11-28 19:30:00+00:00,12,Regular Season,40.0,PRS,VIR,42.0,7.0,83.0,75.48
E2024,102,road,78.0,38.0,19.0,5.0,3.0,23.0,64.0,27.0,24.0,15.0,9.0,11.0,5.0,17.0,87.0,2024-11-28 19:30:00+00:00,12,Regular Season,40.0,VIR,PRS,37.0,9.0,87.0,76.56
E2024,103,local,78.0,36.0,19.0,9.0,1.0,19.0,64.0,28.0,15.0,12.0,15.0,5.0,1.0,22.0,95.0,2024-11-28 19:30:00+00:00,12,Regular Season,40.0,PAR,OLY,36.0,3.0,95.0,60.599999999999994
E2024,103,road,70.0,38.0,16.0,3.0,1.0,22.0,54.0,23.0,24.0,17.0,15.0,12.0,1.0,19.0,80.0,2024-11-28 19:30:00+00:00,12,Regular Season,40.0,OLY,PAR,31.0,7.0,80.0,61.56
E2024,107,local,90.0,46.0,17.0,9.0,2.0,20.0,89.0,35.0,15.0,12.0,17.0,8.0,2.0,26.0,91.0,2024-11-28 19:45:00+00:00,12,Regular Season,50.0,BAR,MAD,54.0,3.0,91.0,86.6
E2024,107,road,97.0,46.0,22.0,7.0,2.0,25.0,73.0,36.0,18.0,14.0,9.0,15.0,2.0,20.0,121.0,2024-11-28 19:45:00+00:00,12,Regular Season,50.0,MAD,BAR,37.0,4.0,121.0,86.92
E2024,104,local,85.0,32.0,17.0,5.0,2.0,21.0,66.0,29.0,19.0,15.0,9.0,13.0,1.0,24.0,83.0,2024-11-29 17:45:00+00:00,12,Regular Season,40.0,ULK,MIL,37.0,4.0,83.0,78.36
E2024,104,road,91.0,36.0,22.0,5.0,1.0,23.0,64.0,30.0,25.0,21.0,10.0,13.0,2.0,21.0,104.0,2024-11-29 17:45:00+00:00,12,Regular Season,40.0,MIL,ULK,34.0,4.0,104.0,78.0
E2024,105,local,101.0,36.0,34.0,6.0,2.0,19.0,69.0,39.0,16.0,12.0,10.0,8.0,1.0,17.0,138.0,2024-11-29 19:00:00+00:00,12,Regular Season,40.0,RED,MUN,30.0,4.0,138.0,74.04
E2024,105,road,77.0,34.0,17.0,5.0,1.0,17.0,68.0,30.0,11.0,9.0,14.0,15.0,2.0,19.0,75.0,2024-11-29 19:00:00+00:00,12,Regular Season,40.0,MUN,RED,38.0,2.0,75.0,73.84
E2024,106,local,88.0,38.0,17.0,4.0,3.0,25.0,62.0,29.0,28.0,24.0,14.0,14.0,1.0,22.0,101.0,2024-11-29 19:15:00+00:00,12,Regular Season,40.0,PAN,MCO,33.0,4.0,101.0,74.32
E2024,106,road,91.0,25.0,26.0,8.0,1.0,22.0,59.0,31.0,24.0,19.0,4.0,8.0,3.0,26.0,103.0,2024-11-29 19:15:00+00:00,12,Regular Season,40.0,MCO,PAN,28.0,5.0,103.0,73.56
E2024,108,local,97.0,25.0,24.0,8.0,3.0,20.0,66.0,39.0,13.0,9.0,6.0,7.0,5.0,24.0,110.0,2024-11-29 20:00:00+00:00,12,Regular Season,40.0,ASV,IST,27.0,4.0,110.0,72.72
E2024,108,road,82.0,29.0,17.0,3.0,5.0,23.0,54.0,27.0,27.0,19.0,9.0,17.0,3.0,20.0,84.0,2024-11-29 20:00:00+00:00,12,Regular Season,40.0,IST,ASV,27.0,8.0,84.0,73.88
E2024,109,local,101.0,27.0,20.0,7.0,0.0,16.0,66.0,41.0,8.0,7.0,10.0,10.0,0.0,16.0,119.0,2024-12-03 17:30:00+00:00,13,Regular Season,40.0,IST,MUN,25.0,1.0,119.0,69.52
E2024,109,road,90.0,31.0,24.0,5.0,0.0,16.0,68.0,35.0,13.0,10.0,16.0,13.0,0.0,16.0,101.0,2024-12-03 17:30:00+00:00,13,Regular Season,40.0,MUN,IST,33.0,3.0,101.0,70.72
E2024,110,local,80.0,25.0,19.0,11.0,3.0,16.0,56.0,30.0,15.0,14.0,3.0,12.0,2.0,19.0,94.0,2024-12-03 19:00:00+00:00,13,Regular Season,40.0,ASV,MAD,26.0,1.0,94.0,71.6
E2024,110,road,78.0,36.0,22.0,9.0,2.0,19.0,65.0,29.0,11.0,8.0,14.0,13.0,3.0,16.0,95.0,2024-12-03 19:00:00+00:00,13,Regular Season,40.0,MAD,ASV,36.0,3.0,95.0,68.84
E2024,114,local,81.0,36.0,16.0,3.0,1.0,22.0,66.0,30.0,21.0,16.0,14.0,14.0,2.0,20.0,82.0,2024-12-03 19:05:00+00:00,13,Regular Season,40.0,TEL,PRS,36.0,5.0,82.0,75.24
E2024,114,road,93.0,41.0,15.0,8.0,2.0,20.0,77.0,36.0,13.0,9.0,19.0,8.0,1.0,23.0,102.0,2024-12-03 19:05:00+00:00,13,Regular Season,40.0,PRS,TEL,41.0,4.0,102.0,71.72
E2024,111,local,90.0,28.0,16.0,3.0,1.0,25.0,59.0,30.0,21.0,17.0,6.0,11.0,4.0,15.0,100.0,2024-12-03 19:15:00+00:00,13,Regular Season,40.0,PAN,BAR,29.0,4.0,100.0,73.24
E2024,111,road,89.0,33.0,19.0,6.0,4.0,15.0,66.0,34.0,13.0,11.0,10.0,12.0,1.0,25.0,94.0,2024-12-03 19:15:00+00:00,13,Regular Season,40.0,BAR,PAN,32.0,2.0,94.0,73.72
E2024,112,local,88.0,32.0,24.0,5.0,3.0,19.0,58.0,34.0,13.0,8.0,3.0,13.0,1.0,17.0,111.0,2024-12-03 19:30:00+00:00,13,Regular Season,40.0,BAS,ULK,24.0,5.0,111.0,73.72
E2024,112,road,76.0,34.0,13.0,5.0,1.0,17.0,69.0,29.0,9.0,6.0,12.0,13.0,3.0,20.0,67.0,2024-12-03 19:30:00+00:00,13,Regular Season,40.0,ULK,BAS,40.0,3.0,67.0,73.96
E2024,113,local,84.0,31.0,18.0,6.0,4.0,27.0,54.0,27.0,30.0,21.0,9.0,8.0,2.0,21.0,103.0,2024-12-03 19:30:00+00:00,13,Regular Season,40.0,PAR,ZAL,27.0,9.0,103.0,66.2
E2024,113,road,78.0,38.0,13.0,5.0,2.0,21.0,63.0,26.0,13.0,10.0,16.0,11.0,4.0,27.0,75.0,2024-12-03 19:30:00+00:00,13,Regular Season,40.0,ZAL,PAR,37.0,3.0,75.0,63.72
E2024,115,local,80.0,31.0,22.0,3.0,3.0,15.0,67.0,34.0,4.0,2.0,10.0,7.0,0.0,16.0,96.0,2024-12-04 18:00:00+00:00,13,Regular Season,40.0,MCO,OLY,33.0,2.0,96.0,65.76
E2024,115,road,89.0,36.0,16.0,3.0,0.0,15.0,65.0,33.0,10.0,9.0,11.0,9.0,3.0,15.0,99.0,2024-12-04 18:00:00+00:00,13,Regular Season,40.0,OLY,MCO,32.0,1.0,99.0,67.4
E2024,116,local,101.0,33.0,20.0,8.0,4.0,16.0,72.0,39.0,13.0,8.0,11.0,7.0,1.0,16.0,120.0,2024-12-04 19:30:00+00:00,13,Regular Season,40.0,MIL,RED,33.0,5.0,120.0,73.72
E2024,116,road,86.0,38.0,18.0,4.0,1.0,15.0,69.0,33.0,15.0,10.0,15.0,13.0,4.0,19.0,85.0,2024-12-04 19:30:00+00:00,13,Regular Season,40.0,RED,MIL,36.0,5.0,85.0,73.6
E2024,117,local,88.0,42.0,22.0,8.0,8.0,22.0,79.0,32.0,24.0,18.0,14.0,12.0,2.0,23.0,100.0,2024-12-04 19:45:00+00:00,13,Regular Season,45.0,VIR,BER,47.0,6.0,100.0,87.56
E2024,117,road,90.0,54.0,25.0,5.0,2.0,23.0,84.0,33.0,22.0,17.0,21.0,16.0,8.0,22.0,97.0,2024-12-04 19:45:00+00:00,13,Regular Season,45.0,BER,VIR,51.0,5.0,97.0,88.68
E2024,118,local,85.0,38.0,11.0,7.0,4.0,20.0,64.0,26.0,28.0,23.0,17.0,11.0,4.0,24.0,83.0,2024-12-05 18:00:00+00:00,14,Regular Season,40.0,ZAL,IST,38.0,5.0,83.0,70.32
E2024,118,road,72.0,35.0,15.0,4.0,4.0,24.0,54.0,23.0,27.0,19.0,11.0,12.0,4.0,20.0,79.0,2024-12-05 18:00:00+00:00,14,Regular Season,40.0,IST,ZAL,31.0,8.0,79.0,66.88
E2024,122,local,86.0,37.0,23.0,5.0,3.0,20.0,70.0,35.0,16.0,9.0,20.0,14.0,1.0,20.0,97.0,2024-12-05 19:05:00+00:00,14,Regular Season,40.0,TEL,BAR,35.0,7.0,97.0,71.04
E2024,122,road,88.0,33.0,23.0,8.0,1.0,20.0,66.0,35.0,13.0,9.0,14.0,14.0,3.0,20.0,101.0,2024-12-05 19:05:00+00:00,14,Regular Season,40.0,BAR,TEL,31.0,4.0,101.0,71.72
E2024,119,local,94.0,27.0,19.0,8.0,1.0,20.0,62.0,33.0,11.0,10.0,4.0,11.0,3.0,18.0,107.0,2024-12-05 19:30:00+00:00,14,Regular Season,40.0,MUN,BAS,29.0,1.0,107.0,73.84
E2024,119,road,80.0,28.0,19.0,3.0,3.0,18.0,58.0,28.0,13.0,12.0,7.0,12.0,1.0,20.0,87.0,2024-12-05 19:30:00+00:00,14,Regular Season,40.0,BAS,MUN,30.0,1.0,87.0,68.72
E2024,120,local,91.0,34.0,20.0,9.0,1.0,14.0,60.0,33.0,14.0,13.0,9.0,13.0,3.0,17.0,108.0,2024-12-05 19:30:00+00:00,14,Regular Season,40.0,PAR,PAN,27.0,1.0,108.0,70.16
E2024,120,road,73.0,26.0,20.0,5.0,3.0,17.0,64.0,28.0,9.0,9.0,9.0,12.0,1.0,16.0,79.0,2024-12-05 19:30:00+00:00,14,Regular Season,40.0,PAN,PAR,36.0,0.0,79.0,70.96
E2024,121,local,70.0,31.0,15.0,2.0,0.0,20.0,58.0,26.0,12.0,10.0,7.0,13.0,2.0,21.0,68.0,2024-12-05 19:45:00+00:00,14,Regular Season,40.0,MAD,ULK,32.0,2.0,68.0,69.28
E2024,121,road,82.0,36.0,11.0,4.0,2.0,19.0,64.0,29.0,18.0,15.0,11.0,8.0,0.0,20.0,88.0,2024-12-05 19:45:00+00:00,14,Regular Season,40.0,ULK,MAD,35.0,3.0,88.0,68.92
E2024,123,local,100.0,30.0,23.0,10.0,4.0,26.0,59.0,33.0,31.0,27.0,9.0,14.0,0.0,17.0,132.0,2024-12-06 18:00:00+00:00,14,Regular Season,40.0,MCO,BER,26.0,4.0,132.0,77.64
E2024,123,road,80.0,25.0,25.0,8.0,0.0,17.0,60.0,30.0,18.0,14.0,7.0,19.0,4.0,26.0,72.0,2024-12-06 18:00:00+00:00,14,Regular Season,40.0,BER,MCO,30.0,4.0,72.0,79.92
E2024,124,local,90.0,26.0,18.0,11.0,2.0,26.0,52.0,24.0,43.0,35.0,7.0,14.0,2.0,23.0,98.0,2024-12-06 19:15:00+00:00,14,Regular Season,40.0,OLY,PRS,28.0,8.0,98.0,77.92
E2024,124,road,96.0,40.0,20.0,9.0,2.0,22.0,68.0,34.0,20.0,16.0,15.0,19.0,2.0,26.0,104.0,2024-12-06 19:15:00+00:00,14,Regular Season,40.0,PRS,OLY,34.0,4.0,104.0,80.8
E2024,125,local,87.0,35.0,17.0,5.0,3.0,23.0,68.0,33.0,23.0,18.0,13.0,10.0,1.0,23.0,96.0,2024-12-06 19:30:00+00:00,14,Regular Season,40.0,VIR,RED,35.0,5.0,96.0,75.12
E2024,125,road,94.0,30.0,25.0,3.0,1.0,23.0,61.0,33.0,23.0,19.0,8.0,9.0,3.0,23.0,109.0,2024-12-06 19:30:00+00:00,14,Regular Season,40.0,RED,VIR,28.0,4.0,109.0,72.12
E2024,126,local,92.0,29.0,20.0,9.0,3.0,26.0,56.0,24.0,35.0,34.0,9.0,10.0,2.0,19.0,115.0,2024-12-06 19:45:00+00:00,14,Regular Season,40.0,MIL,ASV,32.0,1.0,115.0,72.4
E2024,126,road,84.0,34.0,17.0,6.0,2.0,19.0,63.0,32.0,20.0,14.0,10.0,16.0,3.0,27.0,79.0,2024-12-06 19:45:00+00:00,14,Regular Season,40.0,ASV,MIL,31.0,6.0,79.0,77.8
E2024,127,local,69.0,33.0,9.0,6.0,1.0,22.0,63.0,25.0,20.0,15.0,15.0,11.0,1.0,23.0,62.0,2024-12-12 17:45:00+00:00,15,Regular Season,40.0,ULK,MCO,38.0,5.0,62.0,67.8
E2024,127,road,99.0,34.0,20.0,7.0,1.0,23.0,60.0,35.0,24.0,21.0,8.0,7.0,1.0,22.0,126.0,2024-12-12 17:45:00+00:00,15,Regular Season,40.0,MCO,ULK,25.0,3.0,126.0,69.56
E2024,128,local,90.0,33.0,21.0,7.0,1.0,20.0,57.0,31.0,24.0,17.0,8.0,16.0,0.0,23.0,100.0,2024-12-12 18:00:00+00:00,15,Regular Season,40.0,BER,PAR,26.0,7.0,100.0,75.56
E2024,128,road,91.0,28.0,14.0,8.0,0.0,23.0,59.0,30.0,26.0,21.0,7.0,10.0,1.0,20.0,99.0,2024-12-12 18:00:00+00:00,15,Regular Season,40.0,PAR,BER,29.0,5.0,99.0,73.44
E2024,129,local,81.0,34.0,16.0,4.0,2.0,22.0,60.0,28.0,26.0,16.0,14.0,14.0,3.0,15.0,85.0,2024-12-12 19:30:00+00:00,15,Regular Season,40.0,BAS,VIR,32.0,10.0,85.0,71.44
E2024,129,road,82.0,29.0,19.0,5.0,3.0,15.0,63.0,32.0,15.0,11.0,12.0,14.0,2.0,22.0,80.0,2024-12-12 19:30:00+00:00,15,Regular Season,40.0,VIR,BAS,31.0,4.0,80.0,71.6
E2024,130,local,98.0,38.0,20.0,6.0,1.0,16.0,70.0,38.0,9.0,8.0,11.0,14.0,0.0,20.0,112.0,2024-12-12 19:45:00+00:00,15,Regular Season,40.0,MUN,TEL,32.0,1.0,112.0,76.96
E2024,130,road,93.0,34.0,25.0,10.0,0.0,20.0,71.0,35.0,22.0,14.0,13.0,10.0,1.0,16.0,111.0,2024-12-12 19:45:00+00:00,15,Regular Season,40.0,TEL,MUN,36.0,8.0,111.0,77.68
E2024,131,local,83.0,33.0,16.0,6.0,3.0,26.0,54.0,25.0,34.0,25.0,6.0,14.0,3.0,24.0,88.0,2024-12-12 19:45:00+00:00,15,Regular Season,40.0,MAD,ZAL,29.0,9.0,88.0,76.96000000000001
E2024,131,road,92.0,31.0,13.0,6.0,3.0,23.0,62.0,31.0,21.0,15.0,6.0,13.0,3.0,26.0,89.0,2024-12-12 19:45:00+00:00,15,Regular Season,40.0,ZAL,MAD,31.0,6.0,89.0,78.24
E2024,132,local,93.0,36.0,20.0,10.0,8.0,18.0,64.0,38.0,10.0,8.0,8.0,9.0,2.0,22.0,124.0,2024-12-13 17:30:00+00:00,15,Regular Season,40.0,IST,PAN,26.0,2.0,124.0,69.4
E2024,132,road,67.0,37.0,11.0,7.0,2.0,22.0,66.0,22.0,24.0,18.0,18.0,11.0,8.0,18.0,59.0,2024-12-13 17:30:00+00:00,15,Regular Season,40.0,PAN,IST,44.0,6.0,59.0,69.56
E2024,133,local,87.0,26.0,25.0,10.0,1.0,19.0,63.0,33.0,12.0,11.0,10.0,8.0,3.0,19.0,107.0,2024-12-13 19:30:00+00:00,15,Regular Season,40.0,RED,OLY,30.0,1.0,107.0,66.28
E2024,133,road,73.0,34.0,18.0,5.0,3.0,19.0,57.0,26.0,17.0,15.0,14.0,17.0,1.0,19.0,82.0,2024-12-13 19:30:00+00:00,15,Regular Season,40.0,OLY,RED,31.0,2.0,82.0,67.48
E2024,134,local,81.0,30.0,22.0,3.0,1.0,16.0,60.0,31.0,8.0,8.0,3.0,14.0,1.0,27.0,82.0,2024-12-13 19:30:00+00:00,15,Regular Season,40.0,BAR,MIL,29.0,0.0,82.0,74.52000000000001
E2024,134,road,94.0,31.0,19.0,5.0,1.0,26.0,59.0,29.0,29.0,26.0,5.0,9.0,1.0,16.0,117.0,2024-12-13 19:30:00+00:00,15,Regular Season,40.0,MIL,BAR,30.0,3.0,117.0,75.76
E2024,135,local,98.0,38.0,25.0,8.0,2.0,24.0,63.0,32.0,27.0,23.0,14.0,17.0,2.0,24.0,117.0,2024-12-13 20:00:00+00:00,15,Regular Season,40.0,ASV,PRS,31.0,4.0,117.0,77.88
E2024,135,road,93.0,31.0,15.0,9.0,2.0,24.0,69.0,35.0,21.0,14.0,14.0,13.0,2.0,26.0,92.0,2024-12-13 20:00:00+00:00,15,Regular Season,40.0,PRS,ASV,34.0,7.0,92.0,77.24
E2024,136,local,93.0,35.0,28.0,7.0,5.0,19.0,71.0,36.0,17.0,13.0,13.0,5.0,4.0,20.0,119.0,2024-12-17 18:00:00+00:00,16,Regular Season,40.0,MCO,MUN,35.0,4.0,119.0,70.48
E2024,136,road,74.0,35.0,17.0,3.0,4.0,20.0,58.0,25.0,18.0,14.0,11.0,17.0,5.0,19.0,75.0,2024-12-17 18:00:00+00:00,16,Regular Season,40.0,MUN,MCO,33.0,4.0,75.0,71.92
E2024,141,local,85.0,25.0,20.0,7.0,1.0,20.0,67.0,31.0,17.0,16.0,9.0,11.0,4.0,21.0,85.0,2024-12-17 19:05:00+00:00,16,Regular Season,40.0,TEL,BAS,36.0,1.0,85.0,76.48
E2024,141,road,95.0,40.0,22.0,4.0,4.0,21.0,66.0,37.0,14.0,9.0,14.0,17.0,1.0,20.0,114.0,2024-12-17 19:05:00+00:00,16,Regular Season,40.0,BAS,TEL,29.0,5.0,114.0,75.16
E2024,137,local,103.0,40.0,26.0,5.0,4.0,16.0,61.0,34.0,21.0,18.0,12.0,13.0,0.0,26.0,125.0,2024-12-17 19:15:00+00:00,16,Regular Season,40.0,PAN,MIL,27.0,3.0,125.0,71.24
E2024,137,road,74.0,21.0,15.0,7.0,0.0,26.0,55.0,23.0,24.0,22.0,5.0,11.0,4.0,16.0,78.0,2024-12-17 19:15:00+00:00,16,Regular Season,40.0,MIL,PAN,32.0,2.0,78.0,71.56
E2024,138,local,90.0,31.0,21.0,12.0,0.0,18.0,61.0,33.0,14.0,14.0,5.0,8.0,3.0,19.0,114.0,2024-12-17 19:30:00+00:00,16,Regular Season,40.0,BAR,ULK,28.0,0.0,114.0,70.16
E2024,138,road,63.0,34.0,10.0,4.0,3.0,19.0,62.0,24.0,12.0,8.0,13.0,17.0,0.0,18.0,56.0,2024-12-17 19:30:00+00:00,16,Regular Season,40.0,ULK,BAR,38.0,4.0,56.0,71.28
E2024,139,local,85.0,31.0,10.0,2.0,3.0,19.0,73.0,29.0,19.0,16.0,10.0,5.0,6.0,23.0,69.0,2024-12-17 19:30:00+00:00,16,Regular Season,40.0,PRS,MAD,44.0,3.0,69.0,76.36
E2024,139,road,96.0,49.0,20.0,2.0,6.0,23.0,67.0,33.0,22.0,18.0,14.0,12.0,3.0,19.0,124.0,2024-12-17 19:30:00+00:00,16,Regular Season,40.0,MAD,PRS,34.0,4.0,124.0,74.68
E2024,140,local,66.0,30.0,20.0,5.0,2.0,22.0,59.0,23.0,26.0,18.0,5.0,12.0,1.0,22.0,66.0,2024-12-17 19:45:00+00:00,16,Regular Season,40.0,BER,ZAL,36.0,8.0,66.0,77.44
E2024,140,road,86.0,42.0,17.0,7.0,1.0,21.0,62.0,29.0,20.0,16.0,8.0,13.0,2.0,22.0,100.0,2024-12-17 19:45:00+00:00,16,Regular Season,40.0,ZAL,BER,33.0,4.0,100.0,75.8
E2024,144,local,79.0,29.0,18.0,10.0,7.0,19.0,63.0,33.0,14.0,6.0,9.0,15.0,1.0,19.0,89.0,2024-12-17 19:45:00+00:00,16,Regular Season,40.0,PAR,ASV,30.0,8.0,89.0,75.16
E2024,144,road,82.0,41.0,17.0,10.0,1.0,19.0,63.0,29.0,21.0,14.0,17.0,17.0,7.0,19.0,86.0,2024-12-17 19:45:00+00:00,16,Regular Season,40.0,ASV,PAR,34.0,7.0,86.0,72.24
E2024,142,local,89.0,37.0,23.0,16.0,2.0,19.0,62.0,32.0,18.0,17.0,14.0,20.0,1.0,16.0,118.0,2024-12-18 17:30:00+00:00,16,Regular Season,40.0,IST,RED,30.0,1.0,118.0,75.92
E2024,142,road,67.0,22.0,18.0,12.0,1.0,16.0,54.0,26.0,16.0,8.0,6.0,21.0,2.0,19.0,58.0,2024-12-18 17:30:00+00:00,16,Regular Season,40.0,RED,IST,28.0,8.0,58.0,76.03999999999999
E2024,143,local,87.0,42.0,23.0,5.0,4.0,23.0,66.0,30.0,18.0,14.0,13.0,9.0,1.0,20.0,114.0,2024-12-18 19:15:00+00:00,16,Regular Season,40.0,OLY,VIR,36.0,4.0,114.0,69.92
E2024,143,road,77.0,26.0,19.0,6.0,1.0,20.0,57.0,26.0,18.0,16.0,3.0,10.0,4.0,23.0,79.0,2024-12-18 19:15:00+00:00,16,Regular Season,40.0,VIR,OLY,31.0,2.0,79.0,71.92
E2024,145,local,104.0,34.0,23.0,8.0,5.0,18.0,67.0,40.0,13.0,10.0,12.0,9.0,6.0,13.0,134.0,2024-12-19 17:45:00+00:00,17,Regular Season,40.0,PAN,BAS,27.0,3.0,134.0,69.72
E2024,145,road,69.0,30.0,16.0,4.0,6.0,13.0,61.0,25.0,13.0,12.0,14.0,16.0,5.0,18.0,62.0,2024-12-19 17:45:00+00:00,17,Regular Season,40.0,BAS,PAN,36.0,1.0,62.0,68.72
E2024,147,local,94.0,41.0,22.0,8.0,5.0,24.0,60.0,32.0,25.0,20.0,8.0,17.0,4.0,24.0,116.0,2024-12-19 19:45:00+00:00,17,Regular Season,40.0,MAD,MCO,28.0,5.0,116.0,80.0
E2024,147,road,72.0,29.0,17.0,7.0,4.0,24.0,64.0,27.0,17.0,11.0,7.0,15.0,5.0,24.0,66.0,2024-12-19 19:45:00+00:00,17,Regular Season,40.0,MCO,MAD,37.0,6.0,66.0,79.48
E2024,148,local,86.0,28.0,27.0,6.0,7.0,16.0,63.0,35.0,3.0,1.0,9.0,11.0,6.0,17.0,106.0,2024-12-20 17:30:00+00:00,17,Regular Season,40.0,IST,PAR,28.0,2.0,106.0,66.32
E2024,148,road,77.0,30.0,17.0,2.0,6.0,17.0,60.0,31.0,11.0,9.0,11.0,13.0,7.0,17.0,81.0,2024-12-20 17:30:00+00:00,17,Regular Season,40.0,PAR,IST,29.0,2.0,81.0,66.84
E2024,149,local,72.0,37.0,18.0,3.0,1.0,21.0,57.0,24.0,19.0,14.0,12.0,18.0,1.0,24.0,71.0,2024-12-20 18:00:00+00:00,17,Regular Season,40.0,ZAL,ASV,33.0,5.0,71.0,71.36
E2024,149,road,78.0,31.0,13.0,7.0,1.0,24.0,56.0,23.0,26.0,23.0,9.0,11.0,1.0,21.0,85.0,2024-12-20 18:00:00+00:00,17,Regular Season,40.0,ASV,ZAL,33.0,3.0,85.0,69.44
E2024,150,local,86.0,43.0,23.0,4.0,4.0,24.0,69.0,31.0,24.0,18.0,19.0,10.0,2.0,17.0,111.0,2024-12-20 19:00:00+00:00,17,Regular Season,40.0,VIR,BAR,38.0,6.0,111.0,70.56
E2024,150,road,81.0,38.0,19.0,7.0,2.0,17.0,76.0,33.0,8.0,8.0,18.0,10.0,4.0,24.0,83.0,2024-12-20 19:00:00+00:00,17,Regular Season,40.0,BAR,VIR,43.0,0.0,83.0,71.52
E2024,151,local,90.0,31.0,19.0,8.0,5.0,23.0,68.0,33.0,23.0,15.0,14.0,11.0,1.0,19.0,102.0,2024-12-20 19:15:00+00:00,17,Regular Season,40.0,OLY,BER,35.0,8.0,102.0,75.12
E2024,151,road,85.0,33.0,24.0,6.0,1.0,19.0,57.0,31.0,19.0,14.0,8.0,19.0,5.0,23.0,90.0,2024-12-20 19:15:00+00:00,17,Regular Season,40.0,BER,OLY,26.0,5.0,90.0,76.36
E2024,152,local,81.0,35.0,19.0,7.0,4.0,20.0,65.0,29.0,16.0,11.0,9.0,9.0,0.0,17.0,99.0,2024-12-20 19:30:00+00:00,17,Regular Season,40.0,RED,TEL,36.0,5.0,99.0,72.04
E2024,152,road,73.0,42.0,18.0,4.0,0.0,17.0,63.0,27.0,15.0,12.0,11.0,13.0,4.0,20.0,78.0,2024-12-20 19:30:00+00:00,17,Regular Season,40.0,TEL,RED,36.0,3.0,78.0,71.6
E2024,153,local,78.0,32.0,19.0,7.0,2.0,21.0,58.0,26.0,21.0,17.0,8.0,13.0,1.0,17.0,92.0,2024-12-20 20:00:00+00:00,17,Regular Season,40.0,MIL,MUN,32.0,4.0,92.0,72.24
E2024,153,road,79.0,36.0,21.0,5.0,1.0,17.0,68.0,32.0,10.0,7.0,12.0,10.0,2.0,21.0,87.0,2024-12-20 20:00:00+00:00,17,Regular Season,40.0,MUN,MIL,36.0,3.0,87.0,70.4
E2024,154,local,94.0,30.0,23.0,5.0,1.0,18.0,56.0,33.0,20.0,17.0,5.0,14.0,1.0,19.0,111.0,2024-12-26 18:00:00+00:00,18,Regular Season,40.0,MCO,IST,23.0,3.0,111.0,73.8
E2024,154,road,75.0,32.0,12.0,9.0,1.0,19.0,68.0,30.0,12.0,10.0,12.0,12.0,1.0,18.0,77.0,2024-12-26 18:00:00+00:00,18,Regular Season,40.0,IST,MCO,38.0,2.0,77.0,73.28
E2024,155,local,69.0,36.0,16.0,9.0,2.0,17.0,70.0,30.0,8.0,6.0,14.0,9.0,2.0,16.0,80.0,2024-12-26 18:00:00+00:00,18,Regular Season,40.0,BER,MAD,40.0,2.0,80.0,68.52
E2024,155,road,80.0,39.0,20.0,6.0,2.0,16.0,60.0,28.0,13.0,11.0,11.0,16.0,2.0,17.0,94.0,2024-12-26 18:00:00+00:00,18,Regular Season,40.0,MAD,BER,32.0,2.0,94.0,70.72
E2024,157,local,95.0,36.0,24.0,11.0,1.0,20.0,61.0,36.0,20.0,16.0,10.0,14.0,1.0,17.0,126.0,2024-12-26 19:05:00+00:00,18,Regular Season,40.0,TEL,ZAL,25.0,4.0,126.0,73.8
E2024,157,road,78.0,26.0,20.0,7.0,1.0,17.0,60.0,26.0,20.0,14.0,10.0,17.0,1.0,20.0,71.0,2024-12-26 19:05:00+00:00,18,Regular Season,40.0,ZAL,TEL,34.0,6.0,71.0,75.8
E2024,156,local,83.0,20.0,20.0,9.0,1.0,20.0,51.0,30.0,15.0,12.0,2.0,16.0,0.0,21.0,92.0,2024-12-26 19:30:00+00:00,18,Regular Season,40.0,MIL,OLY,21.0,3.0,92.0,71.6
E2024,156,road,84.0,28.0,23.0,8.0,0.0,20.0,57.0,30.0,18.0,15.0,8.0,17.0,1.0,20.0,95.0,2024-12-26 19:30:00+00:00,18,Regular Season,40.0,OLY,MIL,27.0,3.0,95.0,73.92
E2024,158,local,74.0,30.0,18.0,9.0,2.0,22.0,60.0,28.0,13.0,8.0,7.0,12.0,1.0,25.0,80.0,2024-12-27 19:30:00+00:00,18,Regular Season,40.0,BAR,RED,32.0,5.0,80.0,70.72
E2024,158,road,78.0,38.0,17.0,5.0,1.0,25.0,58.0,25.0,24.0,20.0,12.0,13.0,2.0,22.0,90.0,2024-12-27 19:30:00+00:00,18,Regular Season,40.0,RED,BAR,33.0,4.0,90.0,69.56
E2024,159,local,90.0,34.0,15.0,6.0,1.0,24.0,62.0,34.0,21.0,17.0,9.0,10.0,3.0,21.0,104.0,2024-12-27 19:30:00+00:00,18,Regular Season,40.0,PAR,ULK,28.0,4.0,104.0,72.24
E2024,159,road,81.0,27.0,22.0,7.0,3.0,21.0,61.0,28.0,16.0,11.0,7.0,11.0,1.0,24.0,87.0,2024-12-27 19:30:00+00:00,18,Regular Season,40.0,ULK,PAR,33.0,5.0,87.0,72.04
E2024,160,local,94.0,47.0,14.0,2.0,5.0,23.0,69.0,33.0,25.0,16.0,10.0,8.0,2.0,20.0,110.0,2024-12-27 19:30:00+00:00,18,Regular Season,40.0,BAS,PRS,36.0,9.0,110.0,78.0
E2024,160,road,81.0,39.0,18.0,4.0,2.0,18.0,77.0,28.0,14.0,14.0,11.0,6.0,5.0,23.0,79.0,2024-12-27 19:30:00+00:00,18,Regular Season,40.0,PRS,BAS,49.0,0.0,79.0,78.16
E2024,161,local,69.0,41.0,21.0,5.0,1.0,16.0,69.0,26.0,11.0,8.0,12.0,11.0,6.0,20.0,70.0,2024-12-27 19:30:00+00:00,18,Regular Season,40.0,MUN,PAN,43.0,3.0,70.0,72.84
E2024,161,road,80.0,42.0,13.0,9.0,6.0,19.0,65.0,28.0,22.0,15.0,10.0,7.0,1.0,17.0,100.0,2024-12-27 19:30:00+00:00,18,Regular Season,40.0,PAN,MUN,37.0,7.0,100.0,71.68
E2024,162,local,83.0,28.0,19.0,10.0,1.0,24.0,57.0,25.0,25.0,23.0,5.0,10.0,2.0,19.0,100.0,2024-12-27 19:30:00+00:00,18,Regular Season,40.0,VIR,ASV,32.0,2.0,100.0,73.0
E2024,162,road,69.0,33.0,16.0,5.0,2.0,19.0,54.0,24.0,18.0,14.0,7.0,19.0,1.0,25.0,65.0,2024-12-27 19:30:00+00:00,18,Regular Season,40.0,ASV,VIR,30.0,4.0,65.0,73.92
E2024,163,local,85.0,32.0,20.0,4.0,1.0,16.0,61.0,32.0,8.0,7.0,12.0,19.0,2.0,18.0,89.0,2025-01-02 18:00:00+00:00,19,Regular Season,40.0,ZAL,OLY,29.0,1.0,89.0,71.52
E2024,163,road,92.0,24.0,21.0,8.0,2.0,18.0,63.0,35.0,17.0,12.0,8.0,10.0,1.0,16.0,105.0,2025-01-02 18:00:00+00:00,19,Regular Season,40.0,OLY,ZAL,28.0,5.0,105.0,72.48
E2024,164,local,90.0,29.0,20.0,9.0,1.0,20.0,67.0,33.0,19.0,13.0,9.0,11.0,6.0,23.0,89.0,2025-01-02 19:00:00+00:00,19,Regular Season,40.0,BER,MCO,34.0,6.0,89.0,77.36
E2024,164,road,105.0,38.0,24.0,6.0,6.0,23.0,64.0,37.0,21.0,18.0,10.0,15.0,1.0,20.0,136.0,2025-01-02 19:00:00+00:00,19,Regular Season,40.0,MCO,BER,27.0,3.0,136.0,78.24
E2024,165,local,66.0,28.0,10.0,6.0,2.0,23.0,48.0,21.0,21.0,17.0,4.0,21.0,2.0,22.0,59.0,2025-01-02 19:00:00+00:00,19,Regular Season,40.0,ASV,MIL,27.0,4.0,59.0,74.24000000000001
E2024,165,road,75.0,37.0,16.0,10.0,2.0,22.0,64.0,27.0,19.0,14.0,13.0,12.0,2.0,23.0,83.0,2025-01-02 19:00:00+00:00,19,Regular Season,40.0,MIL,ASV,37.0,5.0,83.0,71.36
E2024,166,local,73.0,38.0,13.0,6.0,1.0,23.0,63.0,26.0,23.0,15.0,14.0,10.0,4.0,17.0,78.0,2025-01-02 19:30:00+00:00,19,Regular Season,40.0,BAS,RED,37.0,8.0,78.0,69.12
E2024,166,road,75.0,34.0,21.0,4.0,4.0,16.0,67.0,31.0,13.0,8.0,12.0,10.0,1.0,24.0,78.0,2025-01-02 19:30:00+00:00,19,Regular Season,40.0,RED,BAS,36.0,5.0,78.0,70.72
E2024,167,local,84.0,38.0,19.0,6.0,1.0,24.0,57.0,24.0,31.0,24.0,10.0,9.0,3.0,20.0,100.0,2025-01-03 17:45:00+00:00,19,Regular Season,40.0,ULK,IST,33.0,7.0,100.0,69.64
E2024,167,road,76.0,34.0,10.0,3.0,3.0,20.0,63.0,29.0,15.0,12.0,7.0,9.0,1.0,24.0,75.0,2025-01-03 17:45:00+00:00,19,Regular Season,40.0,IST,ULK,34.0,3.0,75.0,71.6
E2024,168,local,111.0,30.0,31.0,3.0,3.0,17.0,63.0,42.0,12.0,8.0,8.0,11.0,0.0,17.0,142.0,2025-01-03 19:15:00+00:00,19,Regular Season,40.0,PAN,VIR,21.0,4.0,142.0,71.28
E2024,168,road,90.0,19.0,26.0,8.0,0.0,17.0,61.0,32.0,16.0,13.0,6.0,9.0,3.0,17.0,99.0,2025-01-03 19:15:00+00:00,19,Regular Season,40.0,VIR,PAN,29.0,3.0,99.0,71.04
E2024,169,local,79.0,35.0,8.0,5.0,1.0,21.0,67.0,26.0,23.0,20.0,12.0,12.0,2.0,23.0,68.0,2025-01-03 19:15:00+00:00,19,Regular Season,40.0,PRS,BAR,41.0,3.0,68.0,77.12
E2024,169,road,90.0,46.0,24.0,5.0,2.0,23.0,71.0,33.0,25.0,17.0,16.0,13.0,1.0,21.0,109.0,2025-01-03 19:15:00+00:00,19,Regular Season,40.0,BAR,PRS,38.0,8.0,109.0,79.0
E2024,170,local,98.0,32.0,31.0,15.0,8.0,14.0,74.0,38.0,11.0,10.0,9.0,8.0,2.0,18.0,133.0,2025-01-03 19:30:00+00:00,19,Regular Season,40.0,PAR,TEL,36.0,1.0,133.0,77.84
E2024,170,road,75.0,43.0,21.0,2.0,2.0,18.0,63.0,24.0,20.0,15.0,18.0,19.0,8.0,14.0,76.0,2025-01-03 19:30:00+00:00,19,Regular Season,40.0,TEL,PAR,39.0,5.0,76.0,72.8
E2024,171,local,88.0,38.0,12.0,6.0,2.0,21.0,67.0,36.0,13.0,8.0,12.0,14.0,1.0,20.0,96.0,2025-01-03 20:00:00+00:00,19,Regular Season,40.0,MAD,MUN,31.0,5.0,96.0,74.72
E2024,171,road,76.0,29.0,15.0,7.0,1.0,20.0,63.0,28.0,15.0,12.0,9.0,14.0,2.0,22.0,72.0,2025-01-03 20:00:00+00:00,19,Regular Season,40.0,MUN,MAD,35.0,3.0,72.0,74.6
E2024,172,local,90.0,30.0,19.0,6.0,5.0,22.0,58.0,31.0,23.0,18.0,9.0,15.0,0.0,16.0,109.0,2025-01-09 17:45:00+00:00,20,Regular Season,40.0,ULK,BER,27.0,5.0,109.0,74.12
E2024,172,road,73.0,32.0,16.0,8.0,0.0,16.0,66.0,31.0,4.0,3.0,13.0,20.0,5.0,22.0,62.0,2025-01-09 17:45:00+00:00,20,Regular Season,40.0,BER,ULK,35.0,1.0,62.0,74.76
E2024,173,local,84.0,30.0,13.0,3.0,5.0,23.0,61.0,28.0,21.0,18.0,7.0,11.0,3.0,18.0,90.0,2025-01-09 18:00:00+00:00,20,Regular Season,40.0,MCO,BAR,33.0,3.0,90.0,74.24
E2024,173,road,98.0,37.0,20.0,3.0,3.0,18.0,67.0,38.0,14.0,9.0,9.0,11.0,5.0,23.0,106.0,2025-01-09 18:00:00+00:00,20,Regular Season,40.0,BAR,MCO,29.0,5.0,106.0,75.16
E2024,175,local,74.0,32.0,16.0,3.0,1.0,18.0,61.0,27.0,23.0,19.0,9.0,14.0,1.0,24.0,67.0,2025-01-09 19:05:00+00:00,20,Regular Season,40.0,TEL,MIL,34.0,4.0,67.0,76.12
E2024,175,road,107.0,32.0,22.0,10.0,1.0,24.0,63.0,35.0,26.0,25.0,6.0,7.0,1.0,18.0,141.0,2025-01-09 19:05:00+00:00,20,Regular Season,40.0,MIL,TEL,28.0,1.0,141.0,75.44
E2024,174,local,96.0,41.0,17.0,6.0,2.0,25.0,62.0,35.0,22.0,16.0,14.0,16.0,3.0,19.0,116.0,2025-01-09 19:15:00+00:00,20,Regular Season,40.0,PAN,PAR,27.0,6.0,116.0,73.68
E2024,174,road,84.0,29.0,20.0,11.0,3.0,19.0,68.0,30.0,21.0,16.0,12.0,11.0,2.0,25.0,85.0,2025-01-09 19:15:00+00:00,20,Regular Season,40.0,PAR,PAN,38.0,5.0,85.0,76.24
E2024,176,local,76.0,27.0,13.0,8.0,3.0,22.0,54.0,24.0,25.0,23.0,10.0,11.0,2.0,22.0,82.0,2025-01-10 17:30:00+00:00,20,Regular Season,40.0,IST,ASV,30.0,2.0,82.0,66.0
E2024,176,road,82.0,29.0,20.0,4.0,2.0,22.0,49.0,26.0,25.0,18.0,9.0,14.0,3.0,22.0,90.0,2025-01-10 17:30:00+00:00,20,Regular Season,40.0,ASV,IST,23.0,7.0,90.0,65.0
E2024,177,local,64.0,31.0,11.0,3.0,4.0,25.0,53.0,19.0,22.0,18.0,7.0,14.0,0.0,27.0,59.0,2025-01-10 18:00:00+00:00,20,Regular Season,40.0,ZAL,MAD,34.0,4.0,59.0,69.68
E2024,177,road,83.0,40.0,15.0,6.0,0.0,27.0,64.0,27.0,26.0,22.0,11.0,11.0,4.0,26.0,89.0,2025-01-10 18:00:00+00:00,20,Regular Season,40.0,MAD,ZAL,37.0,4.0,89.0,75.44
E2024,178,local,85.0,43.0,18.0,1.0,7.0,19.0,63.0,30.0,21.0,15.0,13.0,9.0,3.0,17.0,105.0,2025-01-10 19:00:00+00:00,20,Regular Season,40.0,RED,PRS,33.0,6.0,105.0,68.24
E2024,178,road,69.0,37.0,10.0,2.0,3.0,17.0,72.0,25.0,15.0,12.0,15.0,5.0,7.0,20.0,56.0,2025-01-10 19:00:00+00:00,20,Regular Season,40.0,PRS,RED,47.0,3.0,56.0,68.6
E2024,179,local,112.0,38.0,36.0,14.0,2.0,23.0,70.0,42.0,19.0,12.0,17.0,12.0,1.0,14.0,163.0,2025-01-10 19:15:00+00:00,20,Regular Season,40.0,OLY,MUN,28.0,7.0,163.0,73.36
E2024,179,road,69.0,25.0,18.0,5.0,1.0,14.0,59.0,28.0,5.0,3.0,12.0,22.0,2.0,23.0,52.0,2025-01-10 19:15:00+00:00,20,Regular Season,40.0,MUN,OLY,31.0,2.0,52.0,71.2
E2024,180,local,76.0,36.0,20.0,8.0,2.0,18.0,65.0,29.0,11.0,9.0,15.0,15.0,3.0,20.0,84.0,2025-01-10 19:45:00+00:00,20,Regular Season,40.0,VIR,BAS,36.0,2.0,84.0,69.84
E2024,180,road,74.0,37.0,16.0,9.0,3.0,20.0,63.0,26.0,17.0,14.0,16.0,15.0,2.0,18.0,84.0,2025-01-10 19:45:00+00:00,20,Regular Season,40.0,BAS,VIR,37.0,3.0,84.0,69.48
E2024,181,local,62.0,29.0,14.0,5.0,2.0,22.0,51.0,19.0,24.0,18.0,8.0,14.0,5.0,19.0,58.0,2025-01-14 19:00:00+00:00,21,Regular Season,40.0,ASV,PAR,32.0,6.0,58.0,67.56
E2024,181,road,93.0,40.0,27.0,6.0,5.0,19.0,65.0,34.0,19.0,13.0,13.0,8.0,2.0,22.0,121.0,2025-01-14 19:00:00+00:00,21,Regular Season,40.0,PAR,ASV,31.0,6.0,121.0,68.36
E2024,182,local,101.0,38.0,26.0,6.0,4.0,19.0,70.0,37.0,18.0,15.0,14.0,14.0,1.0,24.0,119.0,2025-01-14 19:30:00+00:00,21,Regular Season,45.0,BAS,OLY,33.0,3.0,119.0,77.92
E2024,182,road,102.0,33.0,21.0,8.0,1.0,24.0,68.0,34.0,28.0,21.0,13.0,9.0,4.0,19.0,116.0,2025-01-14 19:30:00+00:00,21,Regular Season,45.0,OLY,BAS,34.0,7.0,116.0,76.32
E2024,183,local,100.0,36.0,21.0,7.0,6.0,19.0,57.0,35.0,20.0,16.0,8.0,13.0,0.0,17.0,133.0,2025-01-14 19:30:00+00:00,21,Regular Season,40.0,MIL,BER,22.0,4.0,133.0,70.8
E2024,183,road,68.0,29.0,13.0,8.0,0.0,17.0,66.0,26.0,17.0,12.0,15.0,11.0,6.0,19.0,54.0,2025-01-14 19:30:00+00:00,21,Regular Season,40.0,BER,MIL,40.0,5.0,54.0,69.48
E2024,184,local,88.0,25.0,19.0,8.0,1.0,18.0,69.0,31.0,16.0,14.0,8.0,5.0,6.0,16.0,92.0,2025-01-14 19:30:00+00:00,21,Regular Season,40.0,PRS,IST,38.0,2.0,92.0,73.04
E2024,184,road,84.0,45.0,17.0,4.0,6.0,16.0,66.0,32.0,15.0,12.0,16.0,16.0,1.0,18.0,100.0,2025-01-14 19:30:00+00:00,21,Regular Season,40.0,IST,PRS,34.0,3.0,100.0,72.6
E2024,185,local,116.0,30.0,21.0,8.0,3.0,27.0,72.0,39.0,25.0,24.0,14.0,8.0,1.0,23.0,139.0,2025-01-14 19:45:00+00:00,21,Regular Season,40.0,MAD,TEL,33.0,1.0,139.0,77.0
E2024,185,road,113.0,29.0,22.0,5.0,1.0,22.0,64.0,37.0,26.0,26.0,11.0,13.0,3.0,28.0,121.0,2025-01-14 19:45:00+00:00,21,Regular Season,40.0,TEL,MAD,27.0,0.0,121.0,77.44
E2024,186,local,77.0,32.0,17.0,7.0,2.0,20.0,57.0,27.0,15.0,8.0,8.0,12.0,1.0,22.0,83.0,2025-01-15 18:00:00+00:00,21,Regular Season,40.0,ZAL,VIR,30.0,7.0,83.0,67.6
E2024,186,road,68.0,36.0,16.0,6.0,1.0,22.0,61.0,24.0,18.0,16.0,11.0,11.0,2.0,20.0,77.0,2025-01-15 18:00:00+00:00,21,Regular Season,40.0,VIR,ZAL,37.0,2.0,77.0,68.92
E2024,187,local,91.0,29.0,16.0,2.0,2.0,23.0,52.0,32.0,24.0,16.0,6.0,11.0,1.0,24.0,99.0,2025-01-15 19:00:00+00:00,21,Regular Season,40.0,RED,ULK,20.0,8.0,99.0,67.56
E2024,187,road,96.0,23.0,22.0,8.0,1.0,23.0,60.0,32.0,22.0,15.0,6.0,6.0,2.0,23.0,107.0,2025-01-15 19:00:00+00:00,21,Regular Season,40.0,ULK,RED,28.0,7.0,107.0,69.68
E2024,188,local,82.0,34.0,18.0,6.0,1.0,21.0,68.0,33.0,9.0,7.0,10.0,8.0,1.0,20.0,96.0,2025-01-15 19:30:00+00:00,21,Regular Season,40.0,BAR,PAN,35.0,2.0,96.0,69.96
E2024,188,road,73.0,40.0,15.0,5.0,1.0,20.0,67.0,29.0,13.0,8.0,15.0,14.0,1.0,21.0,75.0,2025-01-15 19:30:00+00:00,21,Regular Season,40.0,PAN,BAR,38.0,5.0,75.0,71.72
E2024,189,local,95.0,21.0,16.0,7.0,0.0,18.0,54.0,32.0,12.0,11.0,8.0,16.0,3.0,22.0,93.0,2025-01-15 19:30:00+00:00,21,Regular Season,40.0,MUN,MCO,22.0,1.0,93.0,67.28
E2024,189,road,94.0,24.0,15.0,9.0,3.0,22.0,59.0,35.0,15.0,13.0,10.0,11.0,0.0,19.0,111.0,2025-01-15 19:30:00+00:00,21,Regular Season,40.0,MCO,MUN,24.0,2.0,111.0,66.6
E2024,190,local,96.0,43.0,20.0,5.0,7.0,24.0,63.0,30.0,27.0,23.0,14.0,20.0,2.0,23.0,113.0,2025-01-16 19:00:00+00:00,22,Regular Season,45.0,ASV,BER,33.0,4.0,113.0,80.88
E2024,190,road,89.0,33.0,19.0,10.0,2.0,23.0,72.0,33.0,17.0,12.0,12.0,12.0,7.0,24.0,89.0,2025-01-16 19:00:00+00:00,22,Regular Season,45.0,BER,ASV,39.0,5.0,89.0,79.48
E2024,191,local,70.0,24.0,14.0,5.0,0.0,19.0,54.0,24.0,16.0,10.0,7.0,15.0,1.0,19.0,61.0,2025-01-16 19:30:00+00:00,22,Regular Season,40.0,MIL,PAR,30.0,6.0,61.0,69.03999999999999
E2024,191,road,90.0,32.0,17.0,11.0,1.0,18.0,58.0,33.0,18.0,17.0,6.0,12.0,0.0,19.0,112.0,2025-01-16 19:30:00+00:00,22,Regular Season,40.0,PAR,MIL,25.0,1.0,112.0,71.92
E2024,192,local,96.0,39.0,22.0,6.0,2.0,18.0,71.0,34.0,20.0,16.0,14.0,12.0,1.0,21.0,108.0,2025-01-16 19:30:00+00:00,22,Regular Season,40.0,PRS,TEL,37.0,4.0,108.0,77.8
E2024,192,road,83.0,34.0,17.0,8.0,1.0,21.0,63.0,27.0,25.0,23.0,11.0,12.0,2.0,18.0,94.0,2025-01-16 19:30:00+00:00,22,Regular Season,40.0,TEL,PRS,36.0,2.0,94.0,75.0
E2024,193,local,86.0,34.0,18.0,7.0,1.0,18.0,69.0,34.0,14.0,10.0,8.0,11.0,0.0,23.0,91.0,2025-01-16 19:45:00+00:00,22,Regular Season,40.0,MAD,OLY,35.0,4.0,91.0,78.16
E2024,193,road,96.0,39.0,18.0,5.0,0.0,22.0,67.0,32.0,24.0,16.0,12.0,15.0,1.0,18.0,103.0,2025-01-16 19:45:00+00:00,22,Regular Season,40.0,OLY,MAD,35.0,8.0,103.0,80.56
E2024,194,local,98.0,35.0,16.0,5.0,4.0,24.0,56.0,28.0,32.0,30.0,14.0,13.0,0.0,19.0,120.0,2025-01-17 17:45:00+00:00,22,Regular Season,40.0,ULK,ZAL,28.0,2.0,120.0,69.08
E2024,194,road,86.0,20.0,19.0,3.0,0.0,19.0,58.0,31.0,14.0,11.0,5.0,11.0,4.0,24.0,78.0,2025-01-17 17:45:00+00:00,22,Regular Season,40.0,ZAL,ULK,27.0,3.0,78.0,70.16
E2024,195,local,88.0,31.0,22.0,11.0,1.0,25.0,58.0,30.0,30.0,23.0,10.0,20.0,0.0,25.0,98.0,2025-01-17 19:00:00+00:00,22,Regular Season,45.0,RED,MCO,28.0,7.0,98.0,81.2
E2024,195,road,82.0,36.0,19.0,5.0,0.0,25.0,66.0,30.0,23.0,15.0,15.0,17.0,1.0,25.0,80.0,2025-01-17 19:00:00+00:00,22,Regular Season,45.0,MCO,RED,36.0,8.0,80.0,78.12
E2024,196,local,91.0,32.0,23.0,9.0,1.0,18.0,66.0,36.0,14.0,9.0,9.0,14.0,1.0,18.0,106.0,2025-01-17 19:30:00+00:00,22,Regular Season,40.0,BAS,PAN,30.0,5.0,106.0,77.16
E2024,196,road,77.0,35.0,23.0,10.0,1.0,17.0,61.0,28.0,17.0,14.0,9.0,16.0,1.0,19.0,91.0,2025-01-17 19:30:00+00:00,22,Regular Season,40.0,PAN,BAS,33.0,3.0,91.0,75.48
E2024,197,local,72.0,37.0,18.0,7.0,1.0,21.0,72.0,26.0,11.0,9.0,16.0,10.0,6.0,25.0,67.0,2025-01-17 19:30:00+00:00,22,Regular Season,40.0,MUN,VIR,46.0,2.0,67.0,70.84
E2024,197,road,82.0,38.0,23.0,5.0,6.0,25.0,55.0,25.0,26.0,23.0,8.0,14.0,1.0,21.0,110.0,2025-01-17 19:30:00+00:00,22,Regular Season,40.0,VIR,MUN,30.0,3.0,110.0,72.44
E2024,198,local,90.0,30.0,27.0,6.0,5.0,9.0,62.0,37.0,11.0,8.0,9.0,13.0,1.0,18.0,107.0,2025-01-17 19:45:00+00:00,22,Regular Season,40.0,BAR,IST,25.0,3.0,107.0,70.84
E2024,198,road,80.0,21.0,18.0,6.0,1.0,18.0,55.0,28.0,16.0,13.0,8.0,14.0,5.0,10.0,85.0,2025-01-17 19:45:00+00:00,22,Regular Season,40.0,IST,BAR,27.0,3.0,85.0,68.03999999999999
E2024,207,local,92.0,32.0,23.0,6.0,2.0,18.0,59.0,32.0,21.0,14.0,10.0,10.0,1.0,20.0,108.0,2025-01-22 19:30:00+00:00,23,Regular Season,40.0,PAR,PRS,27.0,7.0,108.0,68.24
E2024,207,road,86.0,26.0,17.0,9.0,1.0,19.0,59.0,31.0,20.0,15.0,7.0,9.0,2.0,19.0,95.0,2025-01-22 19:30:00+00:00,23,Regular Season,40.0,PRS,PAR,28.0,5.0,95.0,69.8
E2024,199,local,110.0,36.0,26.0,3.0,6.0,19.0,63.0,37.0,24.0,19.0,10.0,4.0,2.0,15.0,148.0,2025-01-23 17:30:00+00:00,23,Regular Season,40.0,IST,MIL,26.0,5.0,148.0,67.56
E2024,199,road,66.0,30.0,12.0,1.0,2.0,15.0,60.0,23.0,10.0,10.0,11.0,13.0,6.0,20.0,50.0,2025-01-23 17:30:00+00:00,23,Regular Season,40.0,MIL,IST,37.0,0.0,50.0,66.4
E2024,203,local,85.0,32.0,23.0,9.0,3.0,20.0,52.0,31.0,14.0,11.0,5.0,20.0,1.0,22.0,105.0,2025-01-23 19:05:00+00:00,23,Regular Season,40.0,TEL,RED,21.0,3.0,105.0,73.16
E2024,203,road,73.0,29.0,20.0,10.0,1.0,22.0,64.0,26.0,20.0,14.0,13.0,13.0,3.0,21.0,74.0,2025-01-23 19:05:00+00:00,23,Regular Season,40.0,RED,TEL,38.0,6.0,74.0,72.8
E2024,200,local,89.0,39.0,18.0,8.0,3.0,24.0,71.0,32.0,26.0,17.0,18.0,6.0,5.0,20.0,102.0,2025-01-23 19:15:00+00:00,23,Regular Season,40.0,PAN,ZAL,39.0,9.0,102.0,70.44
E2024,200,road,76.0,33.0,17.0,3.0,5.0,20.0,54.0,25.0,21.0,20.0,7.0,13.0,3.0,26.0,82.0,2025-01-23 19:15:00+00:00,23,Regular Season,40.0,ZAL,PAN,29.0,1.0,82.0,69.24000000000001
E2024,201,local,80.0,34.0,18.0,7.0,2.0,27.0,57.0,22.0,30.0,23.0,15.0,15.0,5.0,27.0,79.0,2025-01-23 19:30:00+00:00,23,Regular Season,40.0,VIR,MCO,35.0,7.0,79.0,70.2
E2024,201,road,86.0,31.0,16.0,6.0,5.0,27.0,57.0,31.0,25.0,19.0,9.0,11.0,2.0,28.0,98.0,2025-01-23 19:30:00+00:00,23,Regular Season,40.0,MCO,VIR,26.0,6.0,98.0,70.0
E2024,202,local,90.0,35.0,16.0,1.0,4.0,20.0,60.0,30.0,26.0,22.0,10.0,10.0,2.0,19.0,101.0,2025-01-23 19:45:00+00:00,23,Regular Season,40.0,MAD,BAS,30.0,4.0,101.0,71.44
E2024,202,road,89.0,41.0,15.0,6.0,2.0,19.0,79.0,34.0,18.0,13.0,21.0,6.0,4.0,20.0,92.0,2025-01-23 19:45:00+00:00,23,Regular Season,40.0,BAS,MAD,45.0,5.0,92.0,71.92
E2024,204,local,84.0,31.0,16.0,9.0,2.0,21.0,66.0,32.0,15.0,11.0,13.0,14.0,1.0,20.0,90.0,2025-01-24 19:00:00+00:00,23,Regular Season,40.0,BER,MUN,34.0,4.0,90.0,73.6
E2024,204,road,99.0,37.0,22.0,10.0,1.0,18.0,63.0,33.0,21.0,15.0,14.0,18.0,2.0,21.0,110.0,2025-01-24 19:00:00+00:00,23,Regular Season,40.0,MUN,BER,30.0,6.0,110.0,76.24
E2024,205,local,100.0,30.0,25.0,8.0,3.0,21.0,68.0,38.0,13.0,12.0,12.0,12.0,1.0,24.0,119.0,2025-01-24 19:00:00+00:00,23,Regular Season,40.0,ASV,BAR,30.0,1.0,119.0,73.72
E2024,205,road,94.0,26.0,22.0,6.0,1.0,24.0,58.0,33.0,27.0,20.0,8.0,12.0,3.0,21.0,105.0,2025-01-24 19:00:00+00:00,23,Regular Season,40.0,BAR,ASV,25.0,7.0,105.0,73.88
E2024,206,local,77.0,27.0,14.0,7.0,3.0,24.0,52.0,21.0,37.0,30.0,6.0,8.0,2.0,18.0,86.0,2025-01-24 19:15:00+00:00,23,Regular Season,40.0,OLY,ULK,31.0,7.0,86.0,70.28
E2024,206,road,87.0,36.0,21.0,3.0,2.0,18.0,64.0,32.0,13.0,12.0,9.0,13.0,3.0,24.0,94.0,2025-01-24 19:15:00+00:00,23,Regular Season,40.0,ULK,OLY,32.0,1.0,94.0,73.72
E2024,208,local,82.0,26.0,18.0,8.0,5.0,19.0,63.0,28.0,17.0,16.0,6.0,9.0,1.0,22.0,90.0,2025-01-30 18:00:00+00:00,24,Regular Season,40.0,ZAL,MUN,35.0,1.0,90.0,73.48
E2024,208,road,97.0,40.0,21.0,3.0,1.0,22.0,63.0,33.0,16.0,14.0,11.0,17.0,5.0,19.0,111.0,2025-01-30 18:00:00+00:00,24,Regular Season,40.0,MUN,ZAL,30.0,2.0,111.0,76.04
E2024,212,local,87.0,36.0,21.0,4.0,1.0,25.0,62.0,30.0,24.0,18.0,11.0,15.0,2.0,19.0,100.0,2025-01-30 19:05:00+00:00,24,Regular Season,40.0,TEL,BER,32.0,6.0,100.0,76.56
E2024,212,road,93.0,31.0,31.0,7.0,2.0,19.0,71.0,38.0,14.0,10.0,9.0,8.0,1.0,25.0,112.0,2025-01-30 19:05:00+00:00,24,Regular Season,40.0,BER,TEL,33.0,4.0,112.0,76.16
E2024,209,local,88.0,33.0,21.0,4.0,6.0,19.0,61.0,34.0,15.0,12.0,9.0,16.0,1.0,17.0,107.0,2025-01-30 19:30:00+00:00,24,Regular Season,40.0,BAS,BAR,27.0,3.0,107.0,74.6
E2024,209,road,86.0,26.0,18.0,7.0,1.0,17.0,67.0,33.0,13.0,12.0,7.0,11.0,6.0,20.0,83.0,2025-01-30 19:30:00+00:00,24,Regular Season,40.0,BAR,BAS,34.0,1.0,83.0,76.72
E2024,210,local,87.0,37.0,14.0,7.0,6.0,19.0,59.0,29.0,22.0,19.0,8.0,11.0,2.0,15.0,109.0,2025-01-30 19:30:00+00:00,24,Regular Season,40.0,MIL,PAN,30.0,3.0,109.0,71.68
E2024,210,road,75.0,33.0,19.0,6.0,2.0,14.0,66.0,29.0,11.0,6.0,10.0,12.0,6.0,19.0,70.0,2025-01-30 19:30:00+00:00,24,Regular Season,40.0,PAN,MIL,37.0,5.0,70.0,72.84
E2024,211,local,91.0,40.0,19.0,7.0,1.0,22.0,68.0,33.0,18.0,14.0,11.0,9.0,3.0,21.0,108.0,2025-01-30 19:30:00+00:00,24,Regular Season,40.0,PRS,ASV,35.0,4.0,108.0,73.92
E2024,211,road,82.0,34.0,20.0,2.0,3.0,21.0,61.0,26.0,23.0,20.0,8.0,12.0,1.0,22.0,89.0,2025-01-30 19:30:00+00:00,24,Regular Season,40.0,ASV,PRS,35.0,3.0,89.0,75.12
E2024,213,local,95.0,27.0,20.0,7.0,2.0,22.0,56.0,35.0,12.0,8.0,5.0,15.0,0.0,24.0,109.0,2025-01-31 17:30:00+00:00,24,Regular Season,40.0,ULK,VIR,21.0,4.0,109.0,71.28
E2024,213,road,81.0,25.0,22.0,7.0,0.0,24.0,56.0,28.0,25.0,21.0,10.0,13.0,2.0,22.0,90.0,2025-01-31 17:30:00+00:00,24,Regular Season,40.0,VIR,ULK,28.0,4.0,90.0,70.0
E2024,214,local,77.0,42.0,16.0,10.0,1.0,23.0,73.0,28.0,25.0,15.0,17.0,9.0,4.0,24.0,77.0,2025-01-31 18:00:00+00:00,24,Regular Season,40.0,MCO,MAD,45.0,10.0,77.0,76.0
E2024,214,road,73.0,45.0,12.0,4.0,4.0,24.0,62.0,24.0,20.0,17.0,13.0,19.0,1.0,26.0,75.0,2025-01-31 18:00:00+00:00,24,Regular Season,40.0,MAD,MCO,38.0,3.0,75.0,76.8
E2024,215,local,92.0,30.0,19.0,7.0,1.0,27.0,53.0,29.0,37.0,27.0,6.0,10.0,1.0,16.0,115.0,2025-01-31 19:15:00+00:00,24,Regular Season,40.0,OLY,IST,24.0,10.0,115.0,73.28
E2024,215,road,89.0,35.0,18.0,6.0,1.0,16.0,69.0,33.0,13.0,12.0,13.0,11.0,1.0,27.0,89.0,2025-01-31 19:15:00+00:00,24,Regular Season,40.0,IST,OLY,36.0,1.0,89.0,72.72
E2024,216,local,71.0,28.0,11.0,10.0,4.0,18.0,59.0,26.0,17.0,12.0,9.0,11.0,4.0,24.0,65.0,2025-01-31 19:30:00+00:00,24,Regular Season,40.0,PAR,RED,33.0,5.0,65.0,68.48
E2024,216,road,73.0,41.0,15.0,6.0,4.0,23.0,56.0,25.0,24.0,20.0,15.0,18.0,4.0,19.0,86.0,2025-01-31 19:30:00+00:00,24,Regular Season,40.0,RED,PAR,31.0,4.0,86.0,69.56
E2024,217,local,79.0,39.0,12.0,6.0,4.0,19.0,66.0,28.0,22.0,17.0,12.0,10.0,4.0,18.0,84.0,2025-02-04 17:30:00+00:00,25,Regular Season,40.0,IST,MAD,38.0,5.0,84.0,73.68
E2024,217,road,73.0,36.0,24.0,2.0,4.0,18.0,60.0,27.0,19.0,11.0,9.0,16.0,4.0,19.0,77.0,2025-02-04 17:30:00+00:00,25,Regular Season,40.0,MAD,IST,33.0,8.0,77.0,75.36
E2024,218,local,73.0,37.0,15.0,9.0,9.0,29.0,52.0,19.0,37.0,29.0,11.0,14.0,1.0,19.0,97.0,2025-02-04 18:00:00+00:00,25,Regular Season,40.0,ZAL,BER,33.0,8.0,97.0,71.28
E2024,218,road,53.0,42.0,19.0,6.0,1.0,19.0,65.0,20.0,14.0,11.0,18.0,21.0,9.0,29.0,33.0,2025-02-04 18:00:00+00:00,25,Regular Season,40.0,BER,ZAL,45.0,3.0,33.0,74.16
E2024,219,local,73.0,43.0,18.0,8.0,1.0,24.0,61.0,23.0,25.0,18.0,13.0,12.0,1.0,21.0,88.0,2025-02-04 19:00:00+00:00,25,Regular Season,40.0,RED,ASV,38.0,7.0,88.0,71.0
E2024,219,road,66.0,46.0,17.0,8.0,1.0,21.0,75.0,25.0,16.0,12.0,21.0,11.0,1.0,24.0,69.0,2025-02-04 19:00:00+00:00,25,Regular Season,40.0,ASV,RED,50.0,4.0,69.0,72.04
E2024,220,local,91.0,37.0,18.0,3.0,1.0,22.0,66.0,32.0,24.0,17.0,11.0,9.0,6.0,15.0,101.0,2025-02-04 19:15:00+00:00,25,Regular Season,40.0,PAN,ULK,34.0,7.0,101.0,74.56
E2024,220,road,90.0,37.0,22.0,6.0,6.0,15.0,68.0,30.0,18.0,18.0,11.0,12.0,1.0,22.0,103.0,2025-02-04 19:15:00+00:00,25,Regular Season,40.0,ULK,PAN,38.0,0.0,103.0,76.92
E2024,221,local,87.0,33.0,21.0,9.0,1.0,20.0,59.0,27.0,23.0,21.0,16.0,13.0,3.0,20.0,101.0,2025-02-04 19:45:00+00:00,25,Regular Season,40.0,MUN,MIL,32.0,2.0,101.0,66.12
E2024,221,road,70.0,23.0,8.0,6.0,3.0,20.0,51.0,27.0,11.0,10.0,6.0,18.0,1.0,21.0,65.0,2025-02-04 19:45:00+00:00,25,Regular Season,40.0,MIL,MUN,24.0,1.0,65.0,67.84
E2024,222,local,92.0,31.0,25.0,9.0,8.0,17.0,58.0,33.0,22.0,17.0,5.0,11.0,1.0,18.0,122.0,2025-02-05 18:00:00+00:00,25,Regular Season,40.0,MCO,BAS,25.0,5.0,122.0,73.68
E2024,222,road,85.0,34.0,15.0,7.0,1.0,18.0,71.0,31.0,18.0,16.0,15.0,12.0,8.0,17.0,81.0,2025-02-05 18:00:00+00:00,25,Regular Season,40.0,BAS,MCO,40.0,2.0,81.0,75.92
E2024,223,local,100.0,38.0,18.0,9.0,2.0,17.0,70.0,38.0,11.0,8.0,12.0,12.0,0.0,11.0,126.0,2025-02-05 19:30:00+00:00,25,Regular Season,40.0,BAR,TEL,32.0,3.0,126.0,74.84
E2024,223,road,71.0,33.0,17.0,6.0,0.0,11.0,69.0,30.0,5.0,4.0,12.0,18.0,2.0,17.0,61.0,2025-02-05 19:30:00+00:00,25,Regular Season,40.0,TEL,BAR,39.0,1.0,61.0,77.2
E2024,224,local,73.0,34.0,13.0,5.0,1.0,17.0,71.0,30.0,7.0,4.0,16.0,8.0,5.0,18.0,68.0,2025-02-05 19:30:00+00:00,25,Regular Season,40.0,PRS,OLY,41.0,3.0,68.0,66.08
E2024,224,road,90.0,37.0,19.0,3.0,5.0,18.0,57.0,31.0,24.0,17.0,10.0,8.0,1.0,17.0,113.0,2025-02-05 19:30:00+00:00,25,Regular Season,40.0,OLY,PRS,26.0,7.0,113.0,65.56
E2024,225,local,71.0,27.0,18.0,7.0,1.0,18.0,57.0,26.0,12.0,10.0,10.0,10.0,2.0,19.0,78.0,2025-02-05 19:30:00+00:00,25,Regular Season,40.0,VIR,PAR,31.0,2.0,78.0,62.28
E2024,225,road,81.0,34.0,18.0,4.0,2.0,19.0,59.0,30.0,14.0,10.0,13.0,12.0,1.0,18.0,94.0,2025-02-05 19:30:00+00:00,25,Regular Season,40.0,PAR,VIR,29.0,4.0,94.0,64.16
E2024,226,local,78.0,29.0,23.0,5.0,4.0,17.0,62.0,31.0,5.0,3.0,10.0,12.0,1.0,17.0,93.0,2025-02-06 17:30:00+00:00,26,Regular Season,40.0,ULK,MAD,31.0,2.0,93.0,66.2
E2024,226,road,67.0,39.0,10.0,7.0,1.0,17.0,64.0,27.0,9.0,7.0,17.0,16.0,4.0,17.0,65.0,2025-02-06 17:30:00+00:00,26,Regular Season,40.0,MAD,ULK,37.0,2.0,65.0,66.96
E2024,227,local,71.0,36.0,21.0,3.0,2.0,17.0,59.0,28.0,8.0,7.0,10.0,21.0,2.0,23.0,72.0,2025-02-06 18:00:00+00:00,26,Regular Season,40.0,BER,RED,31.0,1.0,72.0,73.52000000000001
E2024,227,road,77.0,32.0,20.0,13.0,2.0,23.0,59.0,24.0,29.0,21.0,12.0,11.0,2.0,18.0,93.0,2025-02-06 18:00:00+00:00,26,Regular Season,40.0,RED,BER,35.0,8.0,93.0,70.76
E2024,228,local,87.0,30.0,12.0,5.0,1.0,22.0,65.0,27.0,22.0,21.0,10.0,9.0,4.0,29.0,76.0,2025-02-06 18:00:00+00:00,26,Regular Season,40.0,ZAL,MIL,38.0,1.0,76.0,73.68
E2024,228,road,89.0,33.0,18.0,6.0,4.0,29.0,51.0,29.0,32.0,25.0,5.0,12.0,1.0,22.0,115.0,2025-02-06 18:00:00+00:00,26,Regular Season,40.0,MIL,ZAL,22.0,7.0,115.0,72.08
E2024,229,local,104.0,29.0,20.0,9.0,0.0,19.0,68.0,39.0,15.0,11.0,10.0,10.0,2.0,17.0,119.0,2025-02-06 19:15:00+00:00,26,Regular Season,40.0,PAN,IST,29.0,4.0,119.0,74.6
E2024,229,road,89.0,24.0,21.0,5.0,2.0,16.0,56.0,33.0,14.0,12.0,4.0,17.0,0.0,20.0,95.0,2025-02-06 19:15:00+00:00,26,Regular Season,40.0,IST,PAN,23.0,2.0,95.0,75.16
E2024,230,local,76.0,41.0,17.0,8.0,5.0,17.0,62.0,28.0,12.0,10.0,11.0,13.0,2.0,21.0,92.0,2025-02-06 19:30:00+00:00,26,Regular Season,40.0,MUN,ASV,34.0,2.0,92.0,69.28
E2024,230,road,67.0,32.0,14.0,3.0,2.0,21.0,58.0,22.0,20.0,13.0,10.0,12.0,5.0,17.0,62.0,2025-02-06 19:30:00+00:00,26,Regular Season,40.0,ASV,MUN,36.0,7.0,62.0,68.8
E2024,231,local,69.0,32.0,19.0,5.0,3.0,16.0,59.0,24.0,15.0,13.0,11.0,13.0,2.0,20.0,72.0,2025-02-07 18:00:00+00:00,26,Regular Season,40.0,MCO,PAR,35.0,2.0,72.0,67.6
E2024,231,road,86.0,35.0,17.0,7.0,2.0,19.0,60.0,31.0,20.0,16.0,10.0,10.0,3.0,16.0,104.0,2025-02-07 18:00:00+00:00,26,Regular Season,40.0,PAR,MCO,29.0,4.0,104.0,68.8
E2024,232,local,89.0,37.0,22.0,6.0,2.0,17.0,64.0,32.0,14.0,10.0,10.0,13.0,3.0,15.0,106.0,2025-02-07 19:30:00+00:00,26,Regular Season,40.0,BAS,TEL,32.0,4.0,106.0,73.16
E2024,232,road,82.0,33.0,21.0,7.0,3.0,15.0,70.0,33.0,5.0,5.0,9.0,9.0,2.0,17.0,96.0,2025-02-07 19:30:00+00:00,26,Regular Season,40.0,TEL,BAS,37.0,0.0,96.0,72.2
E2024,233,local,88.0,25.0,19.0,4.0,1.0,17.0,60.0,31.0,18.0,16.0,6.0,6.0,3.0,19.0,95.0,2025-02-07 19:30:00+00:00,26,Regular Season,40.0,BAR,OLY,29.0,2.0,95.0,67.92
E2024,233,road,90.0,31.0,20.0,4.0,3.0,19.0,61.0,32.0,20.0,17.0,10.0,9.0,1.0,17.0,108.0,2025-02-07 19:30:00+00:00,26,Regular Season,40.0,OLY,BAR,29.0,3.0,108.0,68.8
E2024,234,local,77.0,34.0,17.0,7.0,0.0,20.0,63.0,31.0,10.0,7.0,8.0,14.0,2.0,23.0,81.0,2025-02-07 19:30:00+00:00,26,Regular Season,40.0,VIR,PRS,32.0,3.0,81.0,73.4
E2024,234,road,83.0,34.0,13.0,10.0,2.0,23.0,62.0,29.0,15.0,14.0,8.0,12.0,0.0,20.0,99.0,2025-02-07 19:30:00+00:00,26,Regular Season,40.0,PRS,VIR,33.0,1.0,99.0,72.6
E2024,235,local,80.0,25.0,15.0,6.0,3.0,23.0,60.0,26.0,20.0,18.0,14.0,12.0,4.0,20.0,80.0,2025-02-27 19:00:00+00:00,27,Regular Season,40.0,RED,ZAL,34.0,2.0,80.0,66.8
E2024,235,road,86.0,29.0,18.0,10.0,4.0,20.0,49.0,29.0,19.0,15.0,8.0,18.0,3.0,23.0,99.0,2025-02-27 19:00:00+00:00,27,Regular Season,40.0,ZAL,RED,20.0,4.0,99.0,67.36
E2024,236,local,86.0,37.0,17.0,3.0,3.0,22.0,56.0,30.0,22.0,14.0,7.0,14.0,1.0,16.0,103.0,2025-02-27 19:30:00+00:00,27,Regular Season,40.0,MIL,MCO,26.0,8.0,103.0,72.68
E2024,236,road,80.0,33.0,15.0,9.0,1.0,16.0,71.0,29.0,15.0,14.0,10.0,8.0,3.0,22.0,78.0,2025-02-27 19:30:00+00:00,27,Regular Season,40.0,MCO,MIL,42.0,1.0,78.0,75.6
E2024,237,local,93.0,39.0,13.0,4.0,2.0,23.0,69.0,31.0,27.0,20.0,14.0,8.0,1.0,26.0,94.0,2025-02-27 19:30:00+00:00,27,Regular Season,40.0,PRS,MUN,38.0,7.0,94.0,74.88
E2024,237,road,88.0,32.0,16.0,1.0,1.0,25.0,61.0,31.0,20.0,16.0,6.0,10.0,2.0,24.0,93.0,2025-02-27 19:30:00+00:00,27,Regular Season,40.0,MUN,PRS,30.0,4.0,93.0,73.8
E2024,238,local,96.0,33.0,14.0,9.0,5.0,26.0,61.0,29.0,37.0,29.0,7.0,9.0,1.0,21.0,112.0,2025-02-27 19:45:00+00:00,27,Regular Season,40.0,MAD,BAR,32.0,8.0,112.0,79.28
E2024,238,road,91.0,38.0,12.0,5.0,1.0,21.0,71.0,34.0,17.0,12.0,11.0,14.0,5.0,27.0,80.0,2025-02-27 19:45:00+00:00,27,Regular Season,40.0,BAR,MAD,37.0,5.0,80.0,81.48
E2024,239,local,94.0,45.0,26.0,6.0,2.0,27.0,60.0,30.0,29.0,25.0,14.0,16.0,4.0,20.0,126.0,2025-02-27 20:00:00+00:00,27,Regular Season,40.0,TEL,ULK,30.0,4.0,126.0,74.76
E2024,239,road,76.0,38.0,17.0,10.0,4.0,20.0,74.0,24.0,18.0,16.0,21.0,15.0,2.0,27.0,69.0,2025-02-27 20:00:00+00:00,27,Regular Season,40.0,ULK,TEL,50.0,2.0,69.0,75.92
E2024,240,local,98.0,40.0,25.0,7.0,4.0,26.0,65.0,36.0,23.0,17.0,13.0,17.0,2.0,20.0,126.0,2025-02-28 17:30:00+00:00,27,Regular Season,40.0,IST,BER,29.0,6.0,126.0,79.12
E2024,240,road,73.0,25.0,18.0,11.0,2.0,20.0,61.0,25.0,18.0,18.0,7.0,19.0,4.0,26.0,64.0,2025-02-28 17:30:00+00:00,27,Regular Season,40.0,BER,IST,36.0,0.0,64.0,80.92
E2024,241,local,70.0,30.0,13.0,9.0,4.0,24.0,63.0,25.0,22.0,16.0,9.0,12.0,4.0,19.0,71.0,2025-02-28 19:00:00+00:00,27,Regular Season,40.0,VIR,OLY,38.0,6.0,71.0,75.68
E2024,241,road,92.0,43.0,26.0,7.0,4.0,18.0,67.0,35.0,15.0,13.0,12.0,14.0,4.0,24.0,114.0,2025-02-28 19:00:00+00:00,27,Regular Season,40.0,OLY,VIR,32.0,2.0,114.0,75.6
E2024,242,local,86.0,37.0,21.0,11.0,7.0,17.0,63.0,33.0,20.0,13.0,9.0,10.0,2.0,22.0,108.0,2025-02-28 19:30:00+00:00,27,Regular Season,40.0,PAR,BAS,30.0,7.0,108.0,72.8
E2024,242,road,73.0,38.0,13.0,4.0,2.0,22.0,65.0,26.0,20.0,13.0,14.0,15.0,7.0,17.0,67.0,2025-02-28 19:30:00+00:00,27,Regular Season,40.0,BAS,PAR,39.0,7.0,67.0,74.8
E2024,243,local,93.0,27.0,23.0,7.0,3.0,21.0,59.0,31.0,27.0,19.0,7.0,12.0,0.0,22.0,104.0,2025-02-28 20:00:00+00:00,27,Regular Season,40.0,ASV,PAN,28.0,8.0,104.0,75.88
E2024,243,road,96.0,32.0,24.0,7.0,0.0,21.0,59.0,34.0,26.0,19.0,8.0,14.0,3.0,21.0,110.0,2025-02-28 20:00:00+00:00,27,Regular Season,40.0,PAN,ASV,25.0,7.0,110.0,76.44
E2024,146,local,83.0,29.0,16.0,5.0,0.0,19.0,66.0,32.0,11.0,9.0,15.0,8.0,1.0,25.0,82.0,2025-03-03 19:30:00+00:00,17,Regular Season,40.0,PRS,ULK,34.0,2.0,82.0,63.84
E2024,146,road,87.0,50.0,17.0,2.0,1.0,25.0,70.0,27.0,27.0,21.0,30.0,12.0,0.0,20.0,101.0,2025-03-03 19:30:00+00:00,17,Regular Season,40.0,ULK,PRS,43.0,6.0,101.0,63.879999999999995
E2024,244,local,79.0,35.0,13.0,8.0,4.0,21.0,67.0,31.0,18.0,12.0,13.0,14.0,2.0,21.0,81.0,2025-03-05 19:30:00+00:00,28,Regular Season,40.0,PRS,MCO,36.0,6.0,81.0,75.92
E2024,244,road,91.0,35.0,25.0,9.0,2.0,21.0,64.0,35.0,15.0,10.0,8.0,12.0,4.0,21.0,112.0,2025-03-05 19:30:00+00:00,28,Regular Season,40.0,MCO,PRS,29.0,5.0,112.0,74.6
E2024,246,local,66.0,32.0,13.0,8.0,6.0,22.0,58.0,20.0,25.0,20.0,11.0,8.0,3.0,17.0,76.0,2025-03-06 19:30:00+00:00,28,Regular Season,40.0,BAS,ZAL,38.0,5.0,76.0,66.0
E2024,246,road,65.0,44.0,14.0,3.0,3.0,17.0,62.0,26.0,16.0,10.0,17.0,13.0,6.0,22.0,63.0,2025-03-06 19:30:00+00:00,28,Regular Season,40.0,ZAL,BAS,36.0,6.0,63.0,65.04
E2024,247,local,76.0,26.0,14.0,5.0,1.0,19.0,67.0,29.0,15.0,13.0,9.0,7.0,2.0,17.0,75.0,2025-03-06 19:30:00+00:00,28,Regular Season,40.0,MIL,ULK,38.0,2.0,75.0,71.6
E2024,247,road,100.0,34.0,17.0,2.0,2.0,16.0,61.0,39.0,12.0,11.0,5.0,10.0,1.0,19.0,118.0,2025-03-06 19:30:00+00:00,28,Regular Season,40.0,ULK,MIL,22.0,1.0,118.0,71.28
E2024,248,local,100.0,30.0,23.0,7.0,1.0,20.0,61.0,34.0,19.0,13.0,6.0,12.0,2.0,18.0,116.0,2025-03-06 19:30:00+00:00,28,Regular Season,40.0,MUN,RED,27.0,6.0,116.0,75.36
E2024,248,road,82.0,39.0,20.0,6.0,2.0,18.0,68.0,30.0,14.0,9.0,17.0,17.0,1.0,23.0,83.0,2025-03-06 19:30:00+00:00,28,Regular Season,40.0,RED,MUN,38.0,5.0,83.0,74.16
E2024,245,local,85.0,35.0,25.0,8.0,2.0,18.0,66.0,31.0,16.0,13.0,9.0,10.0,1.0,13.0,111.0,2025-03-06 19:45:00+00:00,28,Regular Season,40.0,PAN,MAD,35.0,3.0,111.0,74.04
E2024,245,road,70.0,42.0,20.0,3.0,1.0,13.0,69.0,31.0,9.0,5.0,15.0,14.0,2.0,20.0,71.0,2025-03-06 19:45:00+00:00,28,Regular Season,40.0,MAD,PAN,38.0,4.0,71.0,71.96
E2024,249,local,89.0,40.0,19.0,6.0,3.0,17.0,64.0,32.0,15.0,12.0,13.0,14.0,3.0,19.0,103.0,2025-03-07 17:30:00+00:00,28,Regular Season,40.0,IST,VIR,32.0,3.0,103.0,71.6
E2024,249,road,68.0,28.0,16.0,5.0,3.0,19.0,57.0,25.0,16.0,12.0,8.0,12.0,3.0,17.0,71.0,2025-03-07 17:30:00+00:00,28,Regular Season,40.0,VIR,IST,32.0,4.0,71.0,68.04
E2024,250,local,95.0,35.0,24.0,7.0,3.0,24.0,68.0,31.0,25.0,20.0,13.0,11.0,1.0,20.0,114.0,2025-03-07 19:00:00+00:00,28,Regular Season,40.0,ASV,TEL,37.0,5.0,114.0,77.0
E2024,250,road,102.0,38.0,25.0,7.0,1.0,20.0,71.0,39.0,17.0,14.0,11.0,10.0,3.0,24.0,121.0,2025-03-07 19:00:00+00:00,28,Regular Season,40.0,TEL,ASV,32.0,3.0,121.0,77.48
E2024,251,local,82.0,33.0,25.0,7.0,1.0,18.0,55.0,28.0,20.0,17.0,9.0,12.0,2.0,16.0,106.0,2025-03-07 19:15:00+00:00,28,Regular Season,40.0,OLY,PAR,27.0,3.0,106.0,66.8
E2024,251,road,70.0,27.0,18.0,7.0,2.0,16.0,58.0,26.0,11.0,9.0,8.0,13.0,1.0,18.0,74.0,2025-03-07 19:15:00+00:00,28,Regular Season,40.0,PAR,OLY,32.0,2.0,74.0,67.84
E2024,252,local,85.0,28.0,24.0,9.0,2.0,18.0,71.0,34.0,17.0,10.0,10.0,9.0,1.0,23.0,89.0,2025-03-07 19:30:00+00:00,28,Regular Season,40.0,BER,BAR,37.0,7.0,89.0,77.48
E2024,252,road,99.0,45.0,24.0,7.0,1.0,23.0,62.0,32.0,32.0,25.0,14.0,14.0,2.0,18.0,128.0,2025-03-07 19:30:00+00:00,28,Regular Season,40.0,BAR,BER,30.0,7.0,128.0,76.08
E2024,253,local,92.0,38.0,25.0,7.0,5.0,18.0,66.0,35.0,12.0,10.0,12.0,11.0,2.0,18.0,121.0,2025-03-13 17:45:00+00:00,29,Regular Season,40.0,ULK,ASV,31.0,2.0,121.0,70.28
E2024,253,road,82.0,32.0,23.0,6.0,2.0,18.0,65.0,31.0,15.0,10.0,12.0,13.0,5.0,18.0,88.0,2025-03-13 17:45:00+00:00,29,Regular Season,40.0,ASV,ULK,34.0,5.0,88.0,72.6
E2024,254,local,83.0,36.0,19.0,7.0,7.0,20.0,62.0,30.0,18.0,16.0,12.0,12.0,3.0,19.0,104.0,2025-03-13 18:00:00+00:00,29,Regular Season,40.0,ZAL,PRS,32.0,2.0,104.0,69.92
E2024,254,road,81.0,25.0,16.0,6.0,3.0,19.0,61.0,30.0,12.0,9.0,5.0,12.0,7.0,20.0,77.0,2025-03-13 18:00:00+00:00,29,Regular Season,40.0,PRS,ZAL,31.0,3.0,77.0,73.28
E2024,258,local,80.0,32.0,19.0,9.0,1.0,22.0,57.0,27.0,30.0,20.0,9.0,12.0,2.0,21.0,88.0,2025-03-13 18:00:00+00:00,29,Regular Season,40.0,RED,MIL,30.0,10.0,88.0,73.2
E2024,258,road,82.0,33.0,15.0,10.0,2.0,21.0,56.0,27.0,28.0,23.0,7.0,13.0,1.0,22.0,93.0,2025-03-13 18:00:00+00:00,29,Regular Season,40.0,MIL,RED,29.0,5.0,93.0,74.32
E2024,255,local,97.0,35.0,25.0,6.0,2.0,17.0,78.0,41.0,8.0,5.0,16.0,15.0,2.0,23.0,102.0,2025-03-13 19:00:00+00:00,29,Regular Season,40.0,BER,BAS,37.0,3.0,102.0,80.52
E2024,255,road,90.0,35.0,23.0,7.0,2.0,23.0,56.0,26.0,35.0,30.0,12.0,19.0,2.0,17.0,107.0,2025-03-13 19:00:00+00:00,29,Regular Season,40.0,BAS,BER,30.0,5.0,107.0,78.4
E2024,257,local,91.0,36.0,15.0,8.0,1.0,27.0,74.0,27.0,33.0,29.0,17.0,6.0,4.0,27.0,90.0,2025-03-13 19:05:00+00:00,29,Regular Season,40.0,TEL,MCO,47.0,4.0,90.0,77.52
E2024,257,road,88.0,42.0,21.0,3.0,4.0,27.0,54.0,26.0,37.0,29.0,11.0,18.0,1.0,27.0,103.0,2025-03-13 19:05:00+00:00,29,Regular Season,40.0,MCO,TEL,28.0,8.0,103.0,77.28
E2024,256,local,67.0,29.0,13.0,5.0,5.0,18.0,60.0,25.0,14.0,14.0,7.0,12.0,2.0,19.0,69.0,2025-03-13 19:45:00+00:00,29,Regular Season,40.0,VIR,MAD,35.0,0.0,69.0,71.16
E2024,256,road,80.0,37.0,21.0,6.0,2.0,19.0,58.0,27.0,26.0,21.0,10.0,10.0,5.0,18.0,96.0,2025-03-13 19:45:00+00:00,29,Regular Season,40.0,MAD,VIR,31.0,5.0,96.0,69.44
E2024,259,local,76.0,35.0,21.0,9.0,5.0,15.0,58.0,26.0,18.0,15.0,12.0,17.0,3.0,16.0,90.0,2025-03-14 19:15:00+00:00,29,Regular Season,40.0,OLY,PAN,32.0,3.0,90.0,70.92
E2024,259,road,74.0,26.0,19.0,9.0,3.0,16.0,53.0,23.0,22.0,20.0,6.0,14.0,5.0,17.0,79.0,2025-03-14 19:15:00+00:00,29,Regular Season,40.0,PAN,OLY,30.0,2.0,79.0,70.68
E2024,260,local,92.0,36.0,20.0,5.0,1.0,20.0,66.0,30.0,19.0,19.0,10.0,13.0,3.0,20.0,102.0,2025-03-14 19:30:00+00:00,29,Regular Season,40.0,MUN,IST,36.0,0.0,102.0,77.36
E2024,260,road,97.0,34.0,26.0,7.0,3.0,20.0,70.0,35.0,16.0,14.0,9.0,11.0,1.0,20.0,118.0,2025-03-14 19:30:00+00:00,29,Regular Season,40.0,IST,MUN,35.0,2.0,118.0,79.04
E2024,261,local,87.0,32.0,16.0,8.0,2.0,20.0,55.0,31.0,13.0,12.0,5.0,13.0,0.0,20.0,107.0,2025-03-14 19:45:00+00:00,29,Regular Season,40.0,BAR,PAR,24.0,1.0,107.0,68.72
E2024,261,road,80.0,36.0,20.0,7.0,0.0,18.0,73.0,32.0,11.0,3.0,18.0,10.0,2.0,22.0,78.0,2025-03-14 19:45:00+00:00,29,Regular Season,40.0,PAR,BAR,41.0,8.0,78.0,69.84
E2024,262,local,92.0,34.0,18.0,6.0,2.0,21.0,67.0,30.0,28.0,19.0,7.0,3.0,2.0,23.0,99.0,2025-03-18 19:30:00+00:00,30,Regular Season,40.0,PRS,MIL,37.0,9.0,99.0,75.32
E2024,262,road,79.0,39.0,12.0,2.0,2.0,23.0,59.0,26.0,22.0,18.0,8.0,13.0,2.0,22.0,83.0,2025-03-18 19:30:00+00:00,30,Regular Season,40.0,MIL,PRS,33.0,4.0,83.0,73.68
E2024,263,local,91.0,33.0,18.0,8.0,6.0,25.0,62.0,32.0,23.0,17.0,7.0,14.0,3.0,23.0,105.0,2025-03-20 18:00:00+00:00,30,Regular Season,40.0,MCO,ULK,30.0,6.0,105.0,79.12
E2024,263,road,82.0,41.0,12.0,9.0,3.0,23.0,67.0,27.0,20.0,19.0,12.0,17.0,6.0,25.0,81.0,2025-03-20 18:00:00+00:00,30,Regular Season,40.0,ULK,MCO,40.0,1.0,81.0,80.8
E2024,264,local,73.0,34.0,21.0,7.0,3.0,17.0,61.0,28.0,13.0,8.0,9.0,14.0,2.0,17.0,84.0,2025-03-20 18:00:00+00:00,30,Regular Season,40.0,OLY,RED,33.0,5.0,84.0,71.72
E2024,264,road,81.0,33.0,24.0,8.0,2.0,17.0,58.0,27.0,17.0,14.0,7.0,12.0,3.0,17.0,99.0,2025-03-20 18:00:00+00:00,30,Regular Season,40.0,RED,OLY,31.0,3.0,99.0,70.48
E2024,267,local,77.0,43.0,17.0,7.0,2.0,24.0,59.0,26.0,22.0,18.0,10.0,16.0,0.0,20.0,97.0,2025-03-20 19:15:00+00:00,30,Regular Season,40.0,TEL,VIR,33.0,4.0,97.0,74.68
E2024,267,road,67.0,41.0,15.0,13.0,0.0,20.0,74.0,26.0,14.0,9.0,17.0,11.0,2.0,24.0,66.0,2025-03-20 19:15:00+00:00,30,Regular Season,40.0,VIR,TEL,48.0,5.0,66.0,74.16
E2024,265,local,112.0,33.0,32.0,7.0,3.0,14.0,70.0,44.0,8.0,7.0,8.0,10.0,2.0,17.0,145.0,2025-03-20 19:30:00+00:00,30,Regular Season,40.0,BAS,MUN,26.0,1.0,145.0,75.52
E2024,265,road,89.0,25.0,24.0,4.0,2.0,17.0,63.0,29.0,18.0,15.0,9.0,12.0,3.0,14.0,95.0,2025-03-20 19:30:00+00:00,30,Regular Season,40.0,MUN,BAS,34.0,3.0,95.0,73.92
E2024,266,local,81.0,37.0,20.0,8.0,3.0,21.0,56.0,26.0,25.0,20.0,14.0,20.0,0.0,21.0,94.0,2025-03-20 19:45:00+00:00,30,Regular Season,40.0,MAD,ASV,30.0,5.0,94.0,73.0
E2024,266,road,70.0,27.0,17.0,10.0,0.0,21.0,50.0,20.0,26.0,23.0,8.0,19.0,3.0,23.0,67.0,2025-03-20 19:45:00+00:00,30,Regular Season,40.0,ASV,MAD,30.0,3.0,67.0,72.44
E2024,268,local,91.0,34.0,8.0,10.0,6.0,29.0,65.0,31.0,33.0,25.0,11.0,7.0,1.0,19.0,109.0,2025-03-21 19:15:00+00:00,30,Regular Season,40.0,PAN,BER,34.0,8.0,109.0,75.52
E2024,268,road,81.0,37.0,20.0,4.0,1.0,19.0,61.0,29.0,18.0,12.0,11.0,19.0,6.0,29.0,70.0,2025-03-21 19:15:00+00:00,30,Regular Season,40.0,BER,PAN,32.0,6.0,70.0,76.92
E2024,269,local,82.0,38.0,17.0,7.0,3.0,17.0,71.0,34.0,6.0,6.0,13.0,7.0,2.0,17.0,101.0,2025-03-21 19:30:00+00:00,30,Regular Season,40.0,BAR,ZAL,37.0,0.0,101.0,67.64
E2024,269,road,70.0,33.0,19.0,5.0,2.0,17.0,61.0,26.0,15.0,12.0,12.0,10.0,3.0,17.0,78.0,2025-03-21 19:30:00+00:00,30,Regular Season,40.0,ZAL,BAR,35.0,3.0,78.0,65.6
E2024,270,local,65.0,37.0,10.0,8.0,0.0,21.0,72.0,24.0,19.0,12.0,24.0,11.0,5.0,21.0,49.0,2025-03-21 19:45:00+00:00,30,Regular Season,40.0,PAR,IST,48.0,7.0,49.0,67.36
E2024,270,road,97.0,34.0,18.0,10.0,5.0,21.0,57.0,36.0,15.0,14.0,7.0,11.0,0.0,21.0,131.0,2025-03-21 19:45:00+00:00,30,Regular Season,40.0,IST,PAR,21.0,1.0,131.0,67.6
E2024,271,local,101.0,28.0,18.0,9.0,1.0,18.0,73.0,37.0,13.0,12.0,11.0,9.0,0.0,15.0,114.0,2025-03-25 17:45:00+00:00,31,Regular Season,40.0,ULK,PRS,36.0,1.0,114.0,76.72
E2024,271,road,100.0,36.0,20.0,5.0,0.0,15.0,66.0,37.0,20.0,16.0,12.0,15.0,1.0,18.0,109.0,2025-03-25 17:45:00+00:00,31,Regular Season,40.0,PRS,ULK,29.0,4.0,109.0,77.8
E2024,272,local,96.0,46.0,15.0,3.0,1.0,27.0,69.0,30.0,37.0,31.0,14.0,8.0,1.0,26.0,108.0,2025-03-25 18:00:00+00:00,31,Regular Season,45.0,MCO,ZAL,39.0,6.0,108.0,79.28
E2024,272,road,86.0,35.0,15.0,2.0,1.0,25.0,67.0,26.0,28.0,22.0,10.0,10.0,1.0,27.0,79.0,2025-03-25 18:00:00+00:00,31,Regular Season,45.0,ZAL,MCO,41.0,6.0,79.0,79.32
E2024,273,local,101.0,33.0,17.0,5.0,0.0,22.0,67.0,39.0,18.0,15.0,14.0,14.0,0.0,21.0,112.0,2025-03-25 19:30:00+00:00,31,Regular Season,40.0,BAR,MUN,28.0,3.0,112.0,74.92
E2024,273,road,102.0,23.0,15.0,8.0,0.0,20.0,66.0,38.0,20.0,15.0,10.0,11.0,0.0,22.0,102.0,2025-03-25 19:30:00+00:00,31,Regular Season,40.0,MUN,BAR,28.0,5.0,102.0,75.8
E2024,274,local,81.0,36.0,14.0,8.0,3.0,21.0,54.0,26.0,21.0,20.0,6.0,15.0,2.0,22.0,95.0,2025-03-25 19:45:00+00:00,31,Regular Season,40.0,ASV,OLY,28.0,1.0,95.0,72.24000000000001
E2024,274,road,70.0,34.0,18.0,7.0,2.0,21.0,62.0,23.0,23.0,15.0,12.0,14.0,3.0,21.0,67.0,2025-03-25 19:45:00+00:00,31,Regular Season,40.0,OLY,ASV,39.0,8.0,67.0,74.12
E2024,275,local,85.0,35.0,23.0,11.0,7.0,21.0,62.0,31.0,18.0,14.0,10.0,11.0,4.0,23.0,109.0,2025-03-25 19:45:00+00:00,31,Regular Season,40.0,PAR,BER,31.0,4.0,109.0,70.92
E2024,275,road,71.0,31.0,24.0,4.0,4.0,23.0,56.0,25.0,20.0,12.0,10.0,18.0,7.0,21.0,72.0,2025-03-25 19:45:00+00:00,31,Regular Season,40.0,BER,PAR,31.0,8.0,72.0,72.8
E2024,276,local,96.0,41.0,20.0,7.0,3.0,20.0,62.0,35.0,22.0,15.0,12.0,19.0,2.0,25.0,107.0,2025-03-25 19:45:00+00:00,31,Regular Season,40.0,MAD,MIL,27.0,7.0,107.0,78.68
E2024,276,road,89.0,25.0,24.0,14.0,2.0,25.0,60.0,27.0,30.0,23.0,7.0,13.0,3.0,20.0,103.0,2025-03-25 19:45:00+00:00,31,Regular Season,40.0,MIL,MAD,33.0,7.0,103.0,79.2
E2024,277,local,92.0,41.0,20.0,8.0,7.0,16.0,75.0,37.0,6.0,6.0,18.0,9.0,3.0,15.0,119.0,2025-03-26 17:30:00+00:00,31,Regular Season,40.0,IST,BAS,38.0,0.0,119.0,68.64
E2024,277,road,76.0,26.0,19.0,7.0,3.0,15.0,56.0,27.0,12.0,12.0,6.0,15.0,7.0,16.0,79.0,2025-03-26 17:30:00+00:00,31,Regular Season,40.0,BAS,IST,29.0,0.0,79.0,70.28
E2024,278,local,88.0,42.0,28.0,7.0,1.0,21.0,68.0,33.0,15.0,12.0,13.0,8.0,1.0,18.0,122.0,2025-03-26 19:00:00+00:00,31,Regular Season,40.0,RED,VIR,35.0,3.0,122.0,69.6
E2024,278,road,52.0,30.0,16.0,4.0,1.0,18.0,55.0,20.0,16.0,10.0,8.0,14.0,1.0,21.0,44.0,2025-03-26 19:00:00+00:00,31,Regular Season,40.0,VIR,RED,35.0,6.0,44.0,68.03999999999999
E2024,279,local,92.0,42.0,18.0,8.0,3.0,20.0,75.0,32.0,18.0,18.0,16.0,13.0,5.0,24.0,98.0,2025-03-26 19:05:00+00:00,31,Regular Season,40.0,TEL,PAN,43.0,0.0,98.0,79.92
E2024,279,road,99.0,35.0,22.0,9.0,5.0,24.0,64.0,32.0,31.0,24.0,8.0,11.0,3.0,20.0,121.0,2025-03-26 19:05:00+00:00,31,Regular Season,40.0,PAN,TEL,32.0,7.0,121.0,80.64
E2024,280,local,88.0,24.0,15.0,14.0,1.0,20.0,58.0,28.0,21.0,20.0,10.0,14.0,5.0,20.0,92.0,2025-03-27 19:00:00+00:00,32,Regular Season,40.0,ASV,ZAL,30.0,1.0,92.0,71.24
E2024,280,road,79.0,33.0,16.0,7.0,5.0,20.0,56.0,30.0,16.0,11.0,13.0,20.0,1.0,20.0,88.0,2025-03-27 19:00:00+00:00,32,Regular Season,40.0,ZAL,ASV,26.0,5.0,88.0,70.03999999999999
E2024,281,local,77.0,39.0,20.0,3.0,2.0,25.0,61.0,27.0,33.0,19.0,15.0,9.0,2.0,21.0,86.0,2025-03-27 19:15:00+00:00,32,Regular Season,40.0,OLY,MCO,34.0,14.0,86.0,69.52
E2024,281,road,80.0,32.0,21.0,7.0,2.0,21.0,61.0,27.0,22.0,19.0,9.0,7.0,2.0,25.0,92.0,2025-03-27 19:15:00+00:00,32,Regular Season,40.0,MCO,OLY,34.0,3.0,92.0,68.68
E2024,282,local,88.0,35.0,15.0,4.0,1.0,24.0,62.0,29.0,22.0,22.0,8.0,15.0,0.0,22.0,97.0,2025-03-27 19:30:00+00:00,32,Regular Season,40.0,MIL,BAR,33.0,0.0,97.0,78.68
E2024,282,road,98.0,33.0,16.0,8.0,0.0,21.0,68.0,35.0,21.0,14.0,10.0,15.0,1.0,24.0,96.0,2025-03-27 19:30:00+00:00,32,Regular Season,40.0,BAR,MIL,33.0,7.0,96.0,82.24
E2024,283,local,89.0,30.0,16.0,9.0,1.0,17.0,55.0,29.0,22.0,18.0,7.0,9.0,5.0,20.0,98.0,2025-03-27 19:30:00+00:00,32,Regular Season,40.0,MUN,PAR,26.0,4.0,98.0,66.68
E2024,283,road,74.0,35.0,15.0,5.0,5.0,20.0,65.0,29.0,11.0,9.0,14.0,10.0,1.0,17.0,88.0,2025-03-27 19:30:00+00:00,32,Regular Season,40.0,PAR,MUN,36.0,2.0,88.0,65.84
E2024,284,local,90.0,26.0,21.0,9.0,2.0,16.0,68.0,36.0,8.0,6.0,12.0,10.0,0.0,19.0,101.0,2025-03-28 17:30:00+00:00,32,Regular Season,40.0,IST,TEL,32.0,2.0,101.0,69.52
E2024,284,road,88.0,28.0,20.0,6.0,0.0,19.0,52.0,30.0,20.0,17.0,9.0,15.0,2.0,16.0,103.0,2025-03-28 17:30:00+00:00,32,Regular Season,40.0,TEL,IST,22.0,3.0,103.0,66.8
E2024,285,local,82.0,48.0,13.0,2.0,3.0,23.0,66.0,26.0,24.0,24.0,15.0,8.0,1.0,24.0,98.0,2025-03-28 17:45:00+00:00,32,Regular Season,40.0,ULK,BAS,40.0,0.0,98.0,69.56
E2024,285,road,77.0,34.0,21.0,5.0,1.0,24.0,67.0,29.0,21.0,12.0,10.0,4.0,3.0,23.0,85.0,2025-03-28 17:45:00+00:00,32,Regular Season,40.0,BAS,ULK,38.0,9.0,85.0,70.24
E2024,286,local,64.0,33.0,11.0,12.0,0.0,21.0,73.0,22.0,21.0,15.0,21.0,12.0,5.0,16.0,51.0,2025-03-28 19:00:00+00:00,32,Regular Season,40.0,BER,VIR,51.0,6.0,51.0,73.24
E2024,286,road,108.0,37.0,35.0,9.0,5.0,16.0,58.0,42.0,14.0,13.0,4.0,15.0,0.0,21.0,157.0,2025-03-28 19:00:00+00:00,32,Regular Season,40.0,VIR,BER,16.0,1.0,157.0,75.16
E2024,287,local,72.0,44.0,14.0,5.0,1.0,20.0,74.0,25.0,18.0,14.0,20.0,12.0,4.0,20.0,67.0,2025-03-28 19:00:00+00:00,32,Regular Season,40.0,RED,MAD,49.0,4.0,67.0,73.92
E2024,287,road,78.0,42.0,16.0,6.0,4.0,20.0,64.0,29.0,17.0,13.0,12.0,11.0,1.0,20.0,95.0,2025-03-28 19:00:00+00:00,32,Regular Season,40.0,MAD,RED,35.0,4.0,95.0,70.48
E2024,288,local,98.0,34.0,22.0,6.0,4.0,25.0,69.0,32.0,25.0,22.0,12.0,7.0,1.0,20.0,121.0,2025-03-28 19:15:00+00:00,32,Regular Season,40.0,PAN,PRS,37.0,3.0,121.0,75.0
E2024,288,road,101.0,34.0,22.0,5.0,1.0,20.0,64.0,34.0,19.0,16.0,9.0,13.0,4.0,25.0,108.0,2025-03-28 19:15:00+00:00,32,Regular Season,40.0,PRS,PAN,30.0,3.0,108.0,76.36
E2024,290,local,75.0,34.0,18.0,9.0,2.0,19.0,60.0,27.0,17.0,14.0,9.0,17.0,2.0,24.0,78.0,2025-04-02 17:45:00+00:00,33,Regular Season,40.0,ULK,BAR,33.0,3.0,78.0,75.48
E2024,290,road,83.0,39.0,21.0,10.0,2.0,24.0,70.0,32.0,19.0,14.0,15.0,12.0,2.0,19.0,103.0,2025-04-02 17:45:00+00:00,33,Regular Season,40.0,BAR,ULK,38.0,5.0,103.0,75.36
E2024,289,local,76.0,34.0,20.0,2.0,3.0,19.0,69.0,29.0,12.0,9.0,14.0,10.0,4.0,16.0,81.0,2025-04-03 17:00:00+00:00,33,Regular Season,40.0,MCO,PAN,40.0,3.0,81.0,70.28
E2024,289,road,88.0,31.0,18.0,3.0,4.0,16.0,59.0,35.0,11.0,10.0,4.0,12.0,3.0,19.0,101.0,2025-04-03 17:00:00+00:00,33,Regular Season,40.0,PAN,MCO,24.0,1.0,101.0,71.84
E2024,291,local,70.0,39.0,12.0,4.0,7.0,22.0,59.0,24.0,21.0,17.0,14.0,13.0,1.0,21.0,80.0,2025-04-03 17:00:00+00:00,33,Regular Season,40.0,ZAL,PAR,35.0,4.0,80.0,67.24
E2024,291,road,66.0,28.0,14.0,3.0,1.0,21.0,51.0,21.0,23.0,19.0,6.0,10.0,7.0,22.0,60.0,2025-04-03 17:00:00+00:00,33,Regular Season,40.0,PAR,ZAL,30.0,4.0,60.0,65.12
E2024,293,local,93.0,37.0,15.0,5.0,1.0,26.0,60.0,33.0,25.0,19.0,9.0,16.0,0.0,18.0,110.0,2025-04-03 18:30:00+00:00,33,Regular Season,40.0,TEL,MUN,27.0,6.0,110.0,78.0
E2024,293,road,90.0,23.0,17.0,6.0,0.0,18.0,60.0,28.0,16.0,15.0,2.0,15.0,1.0,27.0,78.0,2025-04-03 18:30:00+00:00,33,Regular Season,40.0,MUN,TEL,32.0,1.0,78.0,80.04
E2024,292,local,105.0,31.0,24.0,7.0,2.0,23.0,71.0,38.0,23.0,18.0,11.0,10.0,1.0,16.0,127.0,2025-04-03 19:00:00+00:00,33,Regular Season,40.0,MAD,PRS,33.0,5.0,127.0,80.12
E2024,292,road,104.0,33.0,16.0,8.0,1.0,16.0,68.0,38.0,10.0,9.0,9.0,17.0,2.0,25.0,103.0,2025-04-03 19:00:00+00:00,33,Regular Season,40.0,PRS,MAD,30.0,1.0,103.0,80.4
E2024,294,local,92.0,33.0,27.0,4.0,2.0,18.0,70.0,36.0,12.0,10.0,13.0,13.0,2.0,24.0,101.0,2025-04-04 18:00:00+00:00,33,Regular Season,40.0,BER,OLY,34.0,2.0,101.0,75.28
E2024,294,road,100.0,28.0,26.0,6.0,2.0,24.0,57.0,31.0,26.0,24.0,8.0,12.0,2.0,18.0,126.0,2025-04-04 18:00:00+00:00,33,Regular Season,40.0,OLY,BER,26.0,2.0,126.0,72.44
E2024,295,local,96.0,34.0,23.0,4.0,2.0,20.0,74.0,35.0,16.0,13.0,11.0,14.0,4.0,23.0,96.0,2025-04-04 18:00:00+00:00,33,Regular Season,45.0,RED,IST,39.0,3.0,96.0,84.04
E2024,295,road,97.0,38.0,22.0,9.0,4.0,22.0,66.0,34.0,23.0,20.0,9.0,14.0,2.0,20.0,121.0,2025-04-04 18:00:00+00:00,33,Regular Season,45.0,IST,RED,32.0,3.0,121.0,81.12
E2024,296,local,111.0,47.0,26.0,5.0,5.0,20.0,75.0,42.0,16.0,11.0,16.0,8.0,3.0,17.0,148.0,2025-04-04 18:30:00+00:00,33,Regular Season,40.0,BAS,ASV,33.0,5.0,148.0,74.04
E2024,296,road,75.0,28.0,16.0,4.0,3.0,17.0,68.0,29.0,10.0,7.0,10.0,9.0,5.0,20.0,67.0,2025-04-04 18:30:00+00:00,33,Regular Season,40.0,ASV,BAS,39.0,3.0,67.0,71.4
E2024,297,local,90.0,36.0,18.0,4.0,1.0,22.0,60.0,31.0,22.0,19.0,8.0,7.0,4.0,20.0,108.0,2025-04-04 18:30:00+00:00,33,Regular Season,40.0,VIR,MIL,29.0,3.0,108.0,68.68
E2024,297,road,70.0,25.0,12.0,4.0,4.0,19.0,56.0,25.0,15.0,12.0,5.0,11.0,1.0,23.0,65.0,2025-04-04 18:30:00+00:00,33,Regular Season,40.0,MIL,VIR,31.0,3.0,65.0,68.6
E2024,298,local,77.0,33.0,17.0,7.0,1.0,22.0,62.0,26.0,19.0,15.0,16.0,18.0,3.0,16.0,80.0,2025-04-10 18:00:00+00:00,34,Regular Season,40.0,MUN,ULK,36.0,4.0,80.0,72.36
E2024,298,road,89.0,30.0,20.0,13.0,3.0,16.0,59.0,32.0,11.0,10.0,9.0,17.0,1.0,22.0,103.0,2025-04-10 18:00:00+00:00,34,Regular Season,40.0,ULK,MUN,27.0,1.0,103.0,71.84
E2024,304,local,78.0,41.0,21.0,4.0,4.0,20.0,63.0,29.0,21.0,16.0,14.0,11.0,2.0,30.0,86.0,2025-04-10 18:00:00+00:00,34,Regular Season,40.0,ASV,MCO,34.0,5.0,86.0,69.24
E2024,304,road,83.0,33.0,16.0,5.0,2.0,30.0,59.0,24.0,37.0,30.0,13.0,7.0,4.0,20.0,96.0,2025-04-10 18:00:00+00:00,34,Regular Season,40.0,MCO,ASV,35.0,7.0,96.0,69.28
E2024,299,local,99.0,35.0,30.0,3.0,2.0,19.0,70.0,38.0,21.0,12.0,13.0,9.0,1.0,16.0,121.0,2025-04-10 18:15:00+00:00,34,Regular Season,40.0,OLY,TEL,32.0,9.0,121.0,75.24
E2024,299,road,93.0,40.0,22.0,4.0,1.0,16.0,75.0,37.0,10.0,7.0,15.0,11.0,2.0,19.0,103.0,2025-04-10 18:15:00+00:00,34,Regular Season,40.0,TEL,OLY,38.0,3.0,103.0,75.4
E2024,300,local,111.0,36.0,32.0,7.0,2.0,16.0,78.0,41.0,14.0,12.0,15.0,3.0,3.0,16.0,143.0,2025-04-10 18:30:00+00:00,34,Regular Season,40.0,MIL,BAS,37.0,2.0,143.0,72.16
E2024,300,road,89.0,38.0,18.0,3.0,3.0,16.0,69.0,34.0,14.0,10.0,15.0,15.0,2.0,16.0,95.0,2025-04-10 18:30:00+00:00,34,Regular Season,40.0,BAS,MIL,35.0,4.0,95.0,75.16
E2024,301,local,89.0,33.0,19.0,5.0,3.0,20.0,69.0,33.0,15.0,12.0,10.0,9.0,3.0,25.0,93.0,2025-04-10 18:30:00+00:00,34,Regular Season,40.0,PAR,MAD,36.0,3.0,93.0,74.6
E2024,301,road,91.0,44.0,17.0,6.0,3.0,25.0,68.0,32.0,25.0,17.0,16.0,12.0,3.0,20.0,107.0,2025-04-10 18:30:00+00:00,34,Regular Season,40.0,MAD,PAR,36.0,8.0,107.0,75.0
E2024,302,local,72.0,34.0,15.0,10.0,4.0,18.0,61.0,25.0,13.0,11.0,11.0,14.0,2.0,22.0,77.0,2025-04-10 18:45:00+00:00,34,Regular Season,40.0,PRS,BER,36.0,2.0,77.0,69.72
E2024,302,road,63.0,38.0,19.0,7.0,2.0,22.0,55.0,22.0,21.0,13.0,13.0,20.0,4.0,18.0,68.0,2025-04-10 18:45:00+00:00,34,Regular Season,40.0,BER,PRS,33.0,8.0,68.0,71.24
E2024,303,local,87.0,32.0,21.0,7.0,7.0,19.0,58.0,35.0,13.0,11.0,5.0,10.0,3.0,15.0,120.0,2025-04-11 17:30:00+00:00,34,Regular Season,40.0,IST,ZAL,23.0,2.0,120.0,68.72
E2024,303,road,77.0,28.0,15.0,5.0,3.0,15.0,64.0,29.0,18.0,12.0,9.0,9.0,7.0,19.0,67.0,2025-04-11 17:30:00+00:00,34,Regular Season,40.0,ZAL,IST,35.0,6.0,67.0,71.92
E2024,305,local,111.0,33.0,27.0,6.0,1.0,21.0,67.0,38.0,25.0,21.0,10.0,8.0,0.0,18.0,140.0,2025-04-11 18:15:00+00:00,34,Regular Season,45.0,PAN,RED,29.0,4.0,140.0,76.0
E2024,305,road,104.0,33.0,23.0,2.0,0.0,18.0,71.0,38.0,24.0,15.0,12.0,9.0,1.0,21.0,107.0,2025-04-11 18:15:00+00:00,34,Regular Season,45.0,RED,PAN,33.0,9.0,107.0,78.56
E2024,306,local,91.0,29.0,22.0,11.0,1.0,21.0,64.0,34.0,19.0,14.0,10.0,12.0,0.0,19.0,109.0,2025-04-11 18:30:00+00:00,34,Regular Season,40.0,BAR,VIR,30.0,5.0,109.0,74.36
E2024,306,road,87.0,32.0,16.0,6.0,0.0,19.0,57.0,28.0,23.0,20.0,11.0,16.0,1.0,21.0,90.0,2025-04-11 18:30:00+00:00,34,Regular Season,40.0,VIR,BAR,29.0,3.0,90.0,72.12
E2024,308,local,97.0,38.0,20.0,8.0,2.0,24.0,66.0,32.0,22.0,19.0,13.0,16.0,1.0,25.0,110.0,2025-04-15 18:30:00+00:00,35,Play-In,45.0,MUN,RED,34.0,3.0,110.0,78.68
E2024,308,road,93.0,33.0,23.0,10.0,1.0,25.0,68.0,37.0,25.0,14.0,12.0,14.0,2.0,24.0,103.0,2025-04-15 18:30:00+00:00,35,Play-In,45.0,RED,MUN,31.0,11.0,103.0,81.0
E2024,307,local,73.0,37.0,19.0,5.0,0.0,21.0,67.0,27.0,18.0,12.0,10.0,8.0,5.0,22.0,74.0,2025-04-15 19:00:00+00:00,35,Play-In,40.0,MAD,PRS,40.0,6.0,74.0,72.92
E2024,307,road,81.0,40.0,14.0,4.0,5.0,21.0,63.0,28.0,16.0,14.0,8.0,11.0,0.0,21.0,96.0,2025-04-15 19:00:00+00:00,35,Play-In,40.0,PRS,MAD,35.0,2.0,96.0,73.04
E2024,309,local,93.0,33.0,24.0,5.0,3.0,16.0,58.0,33.0,13.0,12.0,5.0,10.0,2.0,17.0,119.0,2025-04-18 18:45:00+00:00,36,Play-In,40.0,MAD,MUN,25.0,1.0,119.0,68.72
E2024,309,road,71.0,27.0,15.0,4.0,2.0,17.0,61.0,25.0,10.0,9.0,8.0,12.0,3.0,16.0,68.0,2025-04-18 18:45:00+00:00,36,Play-In,40.0,MUN,MAD,36.0,1.0,68.0,69.4
E2024,313,local,83.0,40.0,18.0,8.0,0.0,19.0,71.0,31.0,12.0,9.0,19.0,10.0,3.0,18.0,94.0,2025-04-22 17:45:00+00:00,37,Playoffs,40.0,ULK,PRS,40.0,3.0,94.0,67.28
E2024,313,road,78.0,30.0,14.0,7.0,3.0,18.0,60.0,30.0,10.0,7.0,8.0,12.0,0.0,19.0,86.0,2025-04-22 17:45:00+00:00,37,Playoffs,40.0,PRS,ULK,30.0,3.0,86.0,68.4
E2024,312,local,87.0,37.0,17.0,9.0,2.0,20.0,68.0,29.0,22.0,19.0,12.0,12.0,6.0,19.0,93.0,2025-04-22 18:30:00+00:00,37,Playoffs,40.0,PAN,IST,39.0,3.0,93.0,77.68
E2024,312,road,83.0,40.0,18.0,3.0,6.0,18.0,68.0,30.0,17.0,14.0,13.0,16.0,2.0,20.0,89.0,2025-04-22 18:30:00+00:00,37,Playoffs,40.0,IST,PAN,38.0,3.0,89.0,78.48
E2024,311,local,97.0,30.0,21.0,9.0,4.0,24.0,68.0,35.0,20.0,15.0,8.0,8.0,1.0,24.0,114.0,2025-04-23 17:00:00+00:00,37,Playoffs,40.0,MCO,BAR,33.0,5.0,114.0,76.8
E2024,311,road,80.0,39.0,11.0,5.0,1.0,24.0,58.0,25.0,29.0,23.0,13.0,18.0,4.0,26.0,73.0,2025-04-23 17:00:00+00:00,37,Playoffs,40.0,BAR,MCO,33.0,6.0,73.0,75.76
E2024,310,local,84.0,32.0,16.0,9.0,3.0,22.0,70.0,34.0,15.0,9.0,11.0,8.0,3.0,18.0,95.0,2025-04-23 18:30:00+00:00,37,Playoffs,40.0,OLY,MAD,36.0,6.0,95.0,73.6
E2024,310,road,72.0,35.0,14.0,6.0,3.0,18.0,57.0,27.0,15.0,11.0,8.0,19.0,3.0,22.0,70.0,2025-04-23 18:30:00+00:00,37,Playoffs,40.0,MAD,OLY,30.0,4.0,70.0,74.6
E2024,317,local,89.0,31.0,17.0,5.0,4.0,21.0,57.0,32.0,17.0,14.0,5.0,9.0,0.0,17.0,113.0,2025-04-24 17:45:00+00:00,38,Playoffs,40.0,ULK,PRS,25.0,3.0,113.0,68.48
E2024,317,road,72.0,37.0,10.0,5.0,0.0,17.0,68.0,26.0,18.0,14.0,16.0,9.0,4.0,21.0,61.0,2025-04-24 17:45:00+00:00,38,Playoffs,40.0,PRS,ULK,42.0,4.0,61.0,68.92
E2024,316,local,76.0,34.0,17.0,10.0,1.0,19.0,57.0,25.0,21.0,14.0,11.0,14.0,3.0,21.0,80.0,2025-04-24 18:30:00+00:00,38,Playoffs,40.0,PAN,IST,32.0,7.0,80.0,69.24
E2024,316,road,79.0,35.0,19.0,7.0,3.0,20.0,60.0,28.0,19.0,14.0,12.0,12.0,1.0,19.0,94.0,2025-04-24 18:30:00+00:00,38,Playoffs,40.0,IST,PAN,32.0,5.0,94.0,68.36
E2024,315,local,92.0,30.0,28.0,4.0,2.0,21.0,65.0,36.0,15.0,12.0,10.0,8.0,1.0,27.0,109.0,2025-04-25 17:00:00+00:00,38,Playoffs,40.0,MCO,BAR,29.0,3.0,109.0,69.6
E2024,315,road,79.0,29.0,17.0,4.0,1.0,25.0,57.0,28.0,18.0,15.0,8.0,11.0,2.0,23.0,87.0,2025-04-25 17:00:00+00:00,38,Playoffs,40.0,BAR,MCO,29.0,3.0,87.0,67.92
E2024,314,local,77.0,36.0,18.0,8.0,1.0,28.0,62.0,22.0,33.0,24.0,16.0,11.0,3.0,19.0,86.0,2025-04-25 18:30:00+00:00,38,Playoffs,40.0,OLY,MAD,40.0,9.0,86.0,71.52
E2024,314,road,71.0,41.0,16.0,8.0,3.0,19.0,57.0,27.0,17.0,10.0,12.0,18.0,1.0,29.0,73.0,2025-04-25 18:30:00+00:00,38,Playoffs,40.0,MAD,OLY,30.0,7.0,73.0,70.48
E2024,321,local,88.0,35.0,12.0,2.0,2.0,20.0,73.0,36.0,10.0,8.0,10.0,10.0,1.0,24.0,85.0,2025-04-29 18:30:00+00:00,39,Playoffs,45.0,PRS,ULK,37.0,2.0,85.0,77.4
E2024,321,road,98.0,38.0,21.0,5.0,1.0,24.0,67.0,34.0,25.0,20.0,10.0,11.0,2.0,20.0,116.0,2025-04-29 18:30:00+00:00,39,Playoffs,45.0,ULK,PRS,33.0,5.0,116.0,79.0
E2024,318,local,80.0,32.0,18.0,11.0,2.0,22.0,62.0,30.0,18.0,14.0,10.0,10.0,2.0,22.0,95.0,2025-04-29 19:00:00+00:00,39,Playoffs,40.0,MAD,OLY,32.0,4.0,95.0,69.92
E2024,318,road,72.0,34.0,20.0,3.0,2.0,21.0,59.0,28.0,12.0,9.0,11.0,15.0,2.0,22.0,79.0,2025-04-29 19:00:00+00:00,39,Playoffs,40.0,OLY,MAD,31.0,3.0,79.0,68.28
E2024,319,local,100.0,32.0,21.0,6.0,0.0,20.0,68.0,38.0,15.0,12.0,14.0,8.0,1.0,21.0,116.0,2025-04-30 17:00:00+00:00,39,Playoffs,40.0,BAR,MCO,30.0,3.0,116.0,68.6
E2024,319,road,89.0,27.0,23.0,0.0,1.0,21.0,59.0,33.0,15.0,10.0,9.0,12.0,0.0,20.0,98.0,2025-04-30 17:00:00+00:00,39,Playoffs,40.0,MCO,BAR,26.0,5.0,98.0,68.6
E2024,320,local,77.0,26.0,14.0,5.0,6.0,17.0,59.0,29.0,9.0,9.0,9.0,13.0,5.0,22.0,75.0,2025-04-30 17:45:00+00:00,39,Playoffs,40.0,IST,PAN,30.0,0.0,75.0,66.96000000000001
E2024,320,road,81.0,35.0,16.0,7.0,5.0,22.0,63.0,29.0,16.0,16.0,15.0,13.0,6.0,17.0,96.0,2025-04-30 17:45:00+00:00,39,Playoffs,40.0,PAN,IST,34.0,0.0,96.0,68.04
E2024,322,local,84.0,30.0,20.0,8.0,1.0,21.0,58.0,29.0,19.0,16.0,7.0,14.0,2.0,24.0,92.0,2025-05-01 19:00:00+00:00,40,Playoffs,40.0,MAD,OLY,29.0,3.0,92.0,73.36
E2024,322,road,86.0,30.0,16.0,7.0,2.0,22.0,58.0,27.0,29.0,24.0,9.0,11.0,1.0,22.0,93.0,2025-05-01 19:00:00+00:00,40,Playoffs,40.0,OLY,MAD,31.0,5.0,93.0,72.76
E2024,324,local,85.0,28.0,24.0,10.0,4.0,19.0,62.0,31.0,18.0,10.0,10.0,12.0,0.0,19.0,100.0,2025-05-02 17:30:00+00:00,40,Playoffs,40.0,IST,PAN,31.0,8.0,100.0,71.92
E2024,324,road,82.0,41.0,20.0,5.0,0.0,19.0,62.0,29.0,17.0,14.0,16.0,16.0,4.0,20.0,91.0,2025-05-02 17:30:00+00:00,40,Playoffs,40.0,PAN,IST,33.0,3.0,91.0,69.48
E2024,323,local,79.0,35.0,15.0,8.0,1.0,26.0,56.0,23.0,25.0,24.0,9.0,19.0,0.0,21.0,90.0,2025-05-02 18:45:00+00:00,40,Playoffs,40.0,BAR,MCO,33.0,1.0,90.0,77.0
E2024,323,road,72.0,37.0,16.0,8.0,0.0,20.0,63.0,23.0,22.0,19.0,13.0,19.0,1.0,27.0,63.0,2025-05-02 18:45:00+00:00,40,Playoffs,40.0,MCO,BAR,40.0,3.0,63.0,78.68
E2024,325,local,85.0,29.0,13.0,6.0,1.0,21.0,64.0,34.0,14.0,10.0,9.0,10.0,1.0,22.0,88.0,2025-05-06 17:00:00+00:00,41,Playoffs,40.0,MCO,BAR,30.0,4.0,88.0,71.16
E2024,325,road,84.0,33.0,20.0,6.0,1.0,22.0,65.0,32.0,15.0,10.0,12.0,14.0,1.0,21.0,92.0,2025-05-06 17:00:00+00:00,41,Playoffs,40.0,BAR,MCO,33.0,5.0,92.0,73.6
E2024,326,local,75.0,50.0,18.0,7.0,3.0,22.0,62.0,22.0,24.0,21.0,18.0,16.0,5.0,18.0,93.0,2025-05-06 18:45:00+00:00,41,Playoffs,40.0,PAN,IST,40.0,3.0,93.0,70.56
E2024,326,road,67.0,35.0,19.0,11.0,5.0,18.0,61.0,21.0,23.0,14.0,11.0,11.0,3.0,22.0,70.0,2025-05-06 18:45:00+00:00,41,Playoffs,40.0,IST,PAN,40.0,9.0,70.0,71.12
E2024,328,local,82.0,33.0,17.0,7.0,4.0,19.0,62.0,28.0,15.0,12.0,10.0,9.0,1.0,22.0,93.0,2025-05-23 15:00:00+00:00,42,Final Four,40.0,ULK,PAN,34.0,3.0,93.0,67.6
E2024,328,road,76.0,29.0,10.0,3.0,1.0,22.0,53.0,26.0,22.0,17.0,6.0,12.0,4.0,19.0,74.0,2025-05-23 15:00:00+00:00,42,Final Four,40.0,PAN,ULK,27.0,5.0,74.0,68.68
E2024,327,local,68.0,33.0,10.0,7.0,6.0,23.0,59.0,23.0,23.0,17.0,9.0,14.0,2.0,19.0,70.0,2025-05-23 18:00:00+00:00,42,Final Four,40.0,OLY,MCO,36.0,6.0,70.0,74.12
E2024,327,road,78.0,41.0,21.0,10.0,2.0,19.0,64.0,30.0,15.0,13.0,12.0,14.0,6.0,23.0,92.0,2025-05-23 18:00:00+00:00,42,Final Four,40.0,MCO,OLY,34.0,2.0,92.0,72.6
E2024,329,local,97.0,29.0,34.0,7.0,0.0,17.0,65.0,35.0,16.0,14.0,6.0,14.0,1.0,21.0,116.0,2025-05-25 14:00:00+00:00,43,Final Four,40.0,OLY,PAN,30.0,2.0,116.0,80.04
E2024,329,road,93.0,34.0,25.0,7.0,1.0,21.0,67.0,36.0,18.0,15.0,9.0,13.0,0.0,17.0,117.0,2025-05-25 14:00:00+00:00,43,Final Four,40.0,PAN,OLY,31.0,3.0,117.0,78.92
E2024,330,local,70.0,36.0,13.0,3.0,1.0,21.0,63.0,25.0,14.0,11.0,15.0,14.0,2.0,26.0,61.0,2025-05-25 17:00:00+00:00,43,Final Four,40.0,MCO,ULK,38.0,3.0,61.0,68.16
E2024,330,road,81.0,38.0,8.0,8.0,2.0,25.0,60.0,25.0,26.0,22.0,14.0,9.0,1.0,23.0,90.0,2025-05-25 17:00:00+00:00,43,Final Four,40.0,ULK,MCO,35.0,4.0,90.0,66.44
E2025,4,local,89.0,32.0,21.0,5.0,0.0,16.0,65.0,34.0,12.0,10.0,10.0,8.0,2.0,19.0,101.0,2025-09-30 16:00:00+00:00,1,Regular Season,40.0,DUB,PAR,31.0,2.0,101.0,68.28
E2025,4,road,76.0,34.0,16.0,4.0,2.0,19.0,61.0,26.0,21.0,17.0,15.0,13.0,0.0,16.0,83.0,2025-09-30 16:00:00+00:00,1,Regular Season,40.0,PAR,DUB,35.0,4.0,83.0,68.24
E2025,5,local,103.0,27.0,19.0,8.0,5.0,16.0,65.0,38.0,15.0,14.0,9.0,12.0,1.0,19.0,118.0,2025-09-30 16:00:00+00:00,1,Regular Season,40.0,HTA,BAR,27.0,1.0,118.0,74.6
E2025,5,road,87.0,32.0,18.0,9.0,1.0,19.0,63.0,32.0,17.0,13.0,14.0,15.0,5.0,16.0,95.0,2025-09-30 16:00:00+00:00,1,Regular Season,40.0,BAR,HTA,31.0,4.0,95.0,71.48
E2025,1,local,85.0,40.0,15.0,6.0,1.0,20.0,66.0,32.0,15.0,12.0,14.0,14.0,3.0,21.0,92.0,2025-09-30 17:45:00+00:00,1,Regular Season,40.0,IST,TEL,34.0,3.0,92.0,72.6
E2025,1,road,78.0,32.0,20.0,8.0,3.0,21.0,65.0,28.0,17.0,15.0,12.0,12.0,1.0,20.0,90.0,2025-09-30 17:45:00+00:00,1,Regular Season,40.0,TEL,IST,37.0,2.0,90.0,72.48
E2025,3,local,82.0,30.0,19.0,8.0,0.0,16.0,65.0,34.0,13.0,8.0,10.0,10.0,0.0,21.0,88.0,2025-09-30 18:00:00+00:00,1,Regular Season,40.0,RED,MIL,31.0,5.0,88.0,70.72
E2025,3,road,92.0,32.0,18.0,8.0,0.0,21.0,60.0,34.0,18.0,13.0,10.0,13.0,0.0,16.0,111.0,2025-09-30 18:00:00+00:00,1,Regular Season,40.0,MIL,RED,26.0,5.0,111.0,70.92
E2025,6,local,87.0,30.0,27.0,5.0,3.0,27.0,60.0,31.0,23.0,20.0,9.0,10.0,2.0,20.0,115.0,2025-09-30 18:15:00+00:00,1,Regular Season,40.0,PAN,MUN,29.0,3.0,115.0,71.12
E2025,6,road,79.0,38.0,23.0,3.0,2.0,20.0,65.0,28.0,21.0,15.0,18.0,13.0,3.0,27.0,79.0,2025-09-30 18:15:00+00:00,1,Regular Season,40.0,MUN,PAN,37.0,6.0,79.0,69.24
E2025,2,local,96.0,34.0,24.0,7.0,3.0,16.0,72.0,34.0,16.0,13.0,15.0,14.0,0.0,23.0,102.0,2025-09-30 18:30:00+00:00,1,Regular Season,40.0,BAS,OLY,38.0,3.0,102.0,78.04
E2025,2,road,102.0,43.0,19.0,10.0,0.0,23.0,72.0,32.0,32.0,31.0,20.0,10.0,3.0,16.0,127.0,2025-09-30 18:30:00+00:00,1,Regular Season,40.0,OLY,BAS,40.0,1.0,127.0,76.08
E2025,7,local,74.0,31.0,15.0,2.0,2.0,18.0,57.0,27.0,17.0,12.0,6.0,10.0,3.0,19.0,75.0,2025-09-30 18:45:00+00:00,1,Regular Season,40.0,VIR,MAD,30.0,5.0,75.0,68.48
E2025,7,road,68.0,38.0,12.0,7.0,3.0,18.0,66.0,29.0,11.0,7.0,13.0,10.0,2.0,19.0,74.0,2025-09-30 18:45:00+00:00,1,Regular Season,40.0,MAD,VIR,37.0,4.0,74.0,67.84
E2025,9,local,84.0,40.0,19.0,4.0,4.0,18.0,68.0,35.0,12.0,9.0,12.0,11.0,2.0,22.0,98.0,2025-10-01 17:30:00+00:00,1,Regular Season,40.0,MCO,ZAL,33.0,3.0,98.0,72.28
E2025,9,road,89.0,32.0,21.0,5.0,2.0,22.0,66.0,33.0,16.0,11.0,9.0,8.0,4.0,18.0,103.0,2025-10-01 17:30:00+00:00,1,Regular Season,40.0,ZAL,MCO,33.0,5.0,103.0,72.04
E2025,8,local,96.0,35.0,25.0,7.0,4.0,21.0,62.0,33.0,21.0,15.0,5.0,16.0,1.0,24.0,112.0,2025-10-01 17:45:00+00:00,1,Regular Season,40.0,ULK,PRS,29.0,6.0,112.0,82.24
E2025,8,road,77.0,46.0,11.0,10.0,1.0,24.0,71.0,25.0,22.0,14.0,18.0,18.0,4.0,21.0,72.0,2025-10-01 17:45:00+00:00,1,Regular Season,40.0,PRS,ULK,46.0,8.0,72.0,80.68
E2025,10,local,77.0,35.0,13.0,5.0,1.0,21.0,65.0,28.0,16.0,13.0,9.0,12.0,3.0,22.0,75.0,2025-10-01 18:00:00+00:00,1,Regular Season,40.0,ASV,PAM,37.0,3.0,75.0,75.04
E2025,10,road,80.0,50.0,21.0,6.0,3.0,22.0,70.0,26.0,23.0,16.0,20.0,15.0,1.0,22.0,93.0,2025-10-01 18:00:00+00:00,1,Regular Season,40.0,PAM,ASV,44.0,7.0,93.0,75.12
E2025,11,local,97.0,27.0,20.0,9.0,1.0,18.0,66.0,38.0,11.0,7.0,11.0,9.0,1.0,27.0,103.0,2025-10-02 18:30:00+00:00,2,Regular Season,40.0,MUN,RED,28.0,4.0,103.0,68.84
E2025,11,road,88.0,29.0,14.0,2.0,1.0,26.0,54.0,27.0,30.0,24.0,11.0,15.0,1.0,19.0,92.0,2025-10-02 18:30:00+00:00,2,Regular Season,40.0,RED,MUN,27.0,6.0,92.0,71.2
E2025,12,local,80.0,30.0,15.0,9.0,1.0,20.0,61.0,29.0,16.0,11.0,8.0,9.0,4.0,22.0,83.0,2025-10-02 18:30:00+00:00,2,Regular Season,40.0,PAR,MIL,32.0,5.0,83.0,69.04
E2025,12,road,78.0,30.0,19.0,4.0,4.0,22.0,51.0,26.0,19.0,13.0,4.0,16.0,1.0,20.0,89.0,2025-10-02 18:30:00+00:00,2,Regular Season,40.0,MIL,PAR,25.0,6.0,89.0,71.36
E2025,13,local,89.0,37.0,19.0,7.0,4.0,23.0,63.0,30.0,26.0,19.0,12.0,10.0,1.0,23.0,105.0,2025-10-02 18:45:00+00:00,2,Regular Season,40.0,MAD,OLY,33.0,7.0,105.0,72.44
E2025,13,road,77.0,37.0,16.0,6.0,1.0,23.0,61.0,24.0,28.0,21.0,13.0,12.0,4.0,23.0,77.0,2025-10-02 18:45:00+00:00,2,Regular Season,40.0,OLY,MAD,37.0,7.0,77.0,72.32
E2025,20,local,84.0,31.0,16.0,5.0,5.0,22.0,58.0,29.0,27.0,18.0,8.0,12.0,3.0,19.0,91.0,2025-10-03 17:00:00+00:00,2,Regular Season,40.0,ZAL,ULK,29.0,9.0,91.0,73.88
E2025,20,road,81.0,34.0,12.0,4.0,3.0,19.0,69.0,34.0,10.0,7.0,11.0,10.0,5.0,22.0,78.0,2025-10-03 17:00:00+00:00,2,Regular Season,40.0,ULK,ZAL,35.0,3.0,78.0,72.4
E2025,14,local,81.0,32.0,12.0,4.0,2.0,23.0,59.0,28.0,21.0,20.0,12.0,8.0,2.0,21.0,91.0,2025-10-03 17:30:00+00:00,2,Regular Season,40.0,IST,HTA,31.0,1.0,91.0,64.24
E2025,14,road,87.0,31.0,12.0,2.0,2.0,20.0,63.0,28.0,28.0,25.0,12.0,8.0,2.0,23.0,83.0,2025-10-03 17:30:00+00:00,2,Regular Season,40.0,HTA,IST,35.0,3.0,83.0,71.32
E2025,16,local,103.0,30.0,27.0,9.0,3.0,25.0,67.0,40.0,18.0,13.0,8.0,8.0,2.0,24.0,131.0,2025-10-03 17:30:00+00:00,2,Regular Season,40.0,MCO,DUB,27.0,5.0,131.0,74.92
E2025,16,road,81.0,29.0,13.0,5.0,2.0,24.0,58.0,27.0,23.0,22.0,10.0,16.0,3.0,25.0,78.0,2025-10-03 17:30:00+00:00,2,Regular Season,40.0,DUB,MCO,31.0,1.0,78.0,74.12
E2025,17,local,102.0,35.0,22.0,11.0,3.0,20.0,72.0,36.0,24.0,16.0,16.0,13.0,1.0,21.0,114.0,2025-10-03 18:00:00+00:00,2,Regular Season,40.0,ASV,BAS,36.0,8.0,114.0,79.56
E2025,17,road,95.0,34.0,24.0,8.0,1.0,20.0,63.0,34.0,18.0,13.0,10.0,16.0,3.0,21.0,108.0,2025-10-03 18:00:00+00:00,2,Regular Season,40.0,BAS,ASV,29.0,5.0,108.0,76.92
E2025,18,local,96.0,36.0,16.0,8.0,1.0,29.0,72.0,31.0,30.0,26.0,20.0,12.0,1.0,24.0,104.0,2025-10-03 18:15:00+00:00,2,Regular Season,40.0,PAN,BAR,41.0,4.0,104.0,77.2
E2025,18,road,103.0,38.0,23.0,4.0,1.0,23.0,67.0,34.0,25.0,19.0,17.0,17.0,1.0,29.0,106.0,2025-10-03 18:15:00+00:00,2,Regular Season,40.0,BAR,PAN,33.0,6.0,106.0,78.0
E2025,19,local,103.0,40.0,22.0,5.0,5.0,21.0,69.0,38.0,21.0,15.0,15.0,17.0,1.0,20.0,121.0,2025-10-03 18:30:00+00:00,2,Regular Season,40.0,PAM,VIR,31.0,6.0,121.0,80.24
E2025,19,road,94.0,27.0,22.0,6.0,1.0,20.0,70.0,35.0,17.0,16.0,11.0,14.0,5.0,21.0,94.0,2025-10-03 18:30:00+00:00,2,Regular Season,40.0,VIR,PAM,35.0,1.0,94.0,80.48
E2025,15,local,94.0,37.0,25.0,13.0,1.0,26.0,71.0,29.0,33.0,24.0,16.0,16.0,2.0,24.0,103.0,2025-10-03 19:30:00+00:00,2,Regular Season,40.0,TEL,PRS,42.0,9.0,103.0,85.52
E2025,15,road,101.0,49.0,23.0,11.0,2.0,23.0,70.0,34.0,31.0,23.0,17.0,18.0,1.0,26.0,120.0,2025-10-03 19:30:00+00:00,2,Regular Season,40.0,PRS,TEL,36.0,8.0,120.0,84.64
E2025,21,local,90.0,27.0,15.0,5.0,1.0,21.0,56.0,32.0,24.0,17.0,5.0,16.0,1.0,21.0,90.0,2025-10-08 18:05:00+00:00,3,Regular Season,40.0,HTA,TEL,24.0,7.0,90.0,77.56
E2025,21,road,103.0,25.0,24.0,8.0,1.0,21.0,63.0,37.0,19.0,15.0,6.0,12.0,1.0,22.0,117.0,2025-10-08 18:05:00+00:00,3,Regular Season,40.0,TEL,HTA,26.0,4.0,117.0,77.36
E2025,22,local,84.0,40.0,16.0,10.0,4.0,23.0,71.0,31.0,21.0,15.0,10.0,16.0,4.0,22.0,89.0,2025-10-09 18:30:00+00:00,3,Regular Season,40.0,BAS,PAN,40.0,6.0,89.0,86.24
E2025,22,road,86.0,44.0,14.0,4.0,4.0,22.0,73.0,32.0,20.0,14.0,13.0,18.0,4.0,23.0,82.0,2025-10-09 18:30:00+00:00,3,Regular Season,40.0,PAN,BAS,41.0,6.0,82.0,86.8
E2025,23,local,79.0,41.0,17.0,2.0,3.0,21.0,69.0,28.0,18.0,14.0,12.0,7.0,3.0,25.0,83.0,2025-10-09 18:30:00+00:00,3,Regular Season,40.0,MIL,MCO,41.0,4.0,83.0,71.92
E2025,23,road,82.0,38.0,18.0,2.0,3.0,24.0,60.0,27.0,30.0,21.0,9.0,7.0,3.0,21.0,94.0,2025-10-09 18:30:00+00:00,3,Regular Season,40.0,MCO,MIL,33.0,9.0,94.0,71.2
E2025,26,local,93.0,35.0,17.0,9.0,1.0,20.0,70.0,35.0,22.0,18.0,15.0,7.0,2.0,23.0,104.0,2025-10-09 18:30:00+00:00,3,Regular Season,40.0,PAR,IST,35.0,4.0,104.0,71.68
E2025,26,road,87.0,30.0,18.0,5.0,2.0,23.0,52.0,25.0,30.0,25.0,8.0,14.0,1.0,20.0,98.0,2025-10-09 18:30:00+00:00,3,Regular Season,40.0,IST,PAR,27.0,5.0,98.0,71.2
E2025,24,local,90.0,39.0,18.0,13.0,5.0,22.0,72.0,31.0,27.0,14.0,20.0,15.0,2.0,23.0,93.0,2025-10-09 18:45:00+00:00,3,Regular Season,40.0,PRS,VIR,41.0,13.0,93.0,78.88
E2025,24,road,79.0,38.0,20.0,7.0,2.0,23.0,58.0,27.0,18.0,15.0,11.0,26.0,5.0,23.0,81.0,2025-10-09 18:45:00+00:00,3,Regular Season,40.0,VIR,PRS,31.0,3.0,81.0,80.92
E2025,25,local,85.0,37.0,24.0,8.0,3.0,23.0,57.0,27.0,24.0,20.0,10.0,12.0,2.0,17.0,115.0,2025-10-09 19:00:00+00:00,3,Regular Season,40.0,MAD,ASV,30.0,4.0,115.0,69.56
E2025,25,road,72.0,39.0,11.0,5.0,2.0,17.0,70.0,26.0,10.0,10.0,17.0,14.0,3.0,23.0,62.0,2025-10-09 19:00:00+00:00,3,Regular Season,40.0,ASV,MAD,44.0,0.0,62.0,71.4
E2025,30,local,81.0,35.0,21.0,5.0,2.0,28.0,55.0,20.0,44.0,32.0,10.0,15.0,3.0,26.0,81.0,2025-10-10 17:45:00+00:00,3,Regular Season,40.0,ULK,RED,35.0,12.0,81.0,79.36
E2025,30,road,86.0,42.0,19.0,6.0,3.0,26.0,62.0,29.0,33.0,22.0,13.0,17.0,2.0,28.0,91.0,2025-10-10 17:45:00+00:00,3,Regular Season,40.0,RED,ULK,33.0,11.0,91.0,80.52
E2025,27,local,86.0,43.0,17.0,5.0,7.0,23.0,56.0,28.0,30.0,22.0,12.0,14.0,0.0,20.0,111.0,2025-10-10 18:15:00+00:00,3,Regular Season,40.0,OLY,DUB,28.0,8.0,111.0,71.2
E2025,27,road,67.0,28.0,17.0,6.0,0.0,20.0,63.0,23.0,22.0,17.0,9.0,8.0,7.0,24.0,54.0,2025-10-10 18:15:00+00:00,3,Regular Season,40.0,DUB,OLY,40.0,5.0,54.0,71.68
E2025,28,local,108.0,28.0,24.0,8.0,1.0,23.0,66.0,39.0,23.0,19.0,9.0,13.0,4.0,18.0,126.0,2025-10-10 18:30:00+00:00,3,Regular Season,40.0,BAR,PAM,27.0,4.0,126.0,80.12
E2025,28,road,102.0,25.0,23.0,8.0,4.0,18.0,64.0,38.0,16.0,13.0,8.0,13.0,1.0,23.0,114.0,2025-10-10 18:30:00+00:00,3,Regular Season,40.0,PAM,BAR,26.0,3.0,114.0,76.04
E2025,29,local,70.0,25.0,11.0,5.0,0.0,22.0,54.0,26.0,14.0,12.0,8.0,13.0,3.0,24.0,63.0,2025-10-10 18:30:00+00:00,3,Regular Season,40.0,MUN,ZAL,28.0,2.0,63.0,65.16
E2025,29,road,98.0,30.0,18.0,10.0,3.0,24.0,58.0,32.0,22.0,20.0,10.0,10.0,0.0,22.0,123.0,2025-10-10 18:30:00+00:00,3,Regular Season,40.0,ZAL,MUN,26.0,2.0,123.0,67.68
E2025,35,local,71.0,33.0,18.0,8.0,1.0,25.0,57.0,21.0,29.0,22.0,12.0,12.0,1.0,20.0,80.0,2025-10-14 17:00:00+00:00,4,Regular Season,40.0,TEL,BAR,36.0,7.0,80.0,69.76
E2025,35,road,92.0,40.0,20.0,7.0,1.0,20.0,66.0,33.0,19.0,16.0,14.0,12.0,1.0,25.0,106.0,2025-10-14 17:00:00+00:00,4,Regular Season,40.0,BAR,TEL,33.0,3.0,106.0,72.36
E2025,33,local,69.0,28.0,10.0,5.0,3.0,20.0,57.0,25.0,15.0,14.0,9.0,15.0,1.0,27.0,59.0,2025-10-14 17:45:00+00:00,4,Regular Season,40.0,ULK,DUB,32.0,1.0,59.0,69.6
E2025,33,road,93.0,33.0,16.0,10.0,1.0,24.0,58.0,28.0,31.0,27.0,12.0,9.0,3.0,20.0,111.0,2025-10-14 17:45:00+00:00,4,Regular Season,40.0,DUB,ULK,30.0,4.0,111.0,68.64
E2025,31,local,88.0,40.0,17.0,10.0,5.0,26.0,61.0,32.0,31.0,22.0,13.0,16.0,1.0,23.0,108.0,2025-10-14 18:00:00+00:00,4,Regular Season,40.0,RED,ZAL,29.0,9.0,108.0,77.64
E2025,31,road,79.0,29.0,18.0,11.0,1.0,22.0,62.0,27.0,22.0,17.0,10.0,16.0,5.0,26.0,73.0,2025-10-14 18:00:00+00:00,4,Regular Season,40.0,ZAL,RED,35.0,5.0,73.0,77.68
E2025,34,local,78.0,39.0,14.0,6.0,3.0,24.0,55.0,24.0,28.0,21.0,10.0,14.0,4.0,18.0,90.0,2025-10-14 18:15:00+00:00,4,Regular Season,40.0,OLY,IST,31.0,7.0,90.0,71.32
E2025,34,road,82.0,36.0,15.0,9.0,4.0,18.0,72.0,30.0,12.0,10.0,12.0,9.0,3.0,24.0,84.0,2025-10-14 18:15:00+00:00,4,Regular Season,40.0,IST,OLY,42.0,2.0,84.0,74.28
E2025,32,local,64.0,34.0,14.0,8.0,2.0,18.0,58.0,22.0,17.0,14.0,8.0,9.0,2.0,20.0,70.0,2025-10-14 18:30:00+00:00,4,Regular Season,40.0,MUN,MIL,36.0,3.0,70.0,66.48
E2025,32,road,53.0,43.0,10.0,3.0,2.0,20.0,59.0,19.0,14.0,12.0,14.0,15.0,2.0,18.0,54.0,2025-10-14 18:30:00+00:00,4,Regular Season,40.0,MIL,MUN,40.0,2.0,54.0,66.16
E2025,36,local,91.0,38.0,21.0,1.0,2.0,21.0,64.0,35.0,21.0,14.0,13.0,8.0,1.0,20.0,109.0,2025-10-15 18:15:00+00:00,4,Regular Season,40.0,PAN,ASV,29.0,7.0,109.0,68.24
E2025,36,road,85.0,24.0,22.0,4.0,1.0,20.0,58.0,28.0,20.0,14.0,4.0,7.0,2.0,21.0,90.0,2025-10-15 18:15:00+00:00,4,Regular Season,40.0,ASV,PAN,30.0,6.0,90.0,69.8
E2025,39,local,93.0,36.0,21.0,9.0,4.0,19.0,72.0,34.0,18.0,12.0,12.0,13.0,1.0,21.0,103.0,2025-10-15 18:30:00+00:00,4,Regular Season,40.0,PAM,HTA,38.0,6.0,103.0,80.92
E2025,39,road,100.0,32.0,21.0,9.0,1.0,21.0,67.0,37.0,15.0,14.0,6.0,13.0,4.0,19.0,117.0,2025-10-15 18:30:00+00:00,4,Regular Season,40.0,HTA,PAM,30.0,1.0,117.0,80.6
E2025,40,local,77.0,44.0,18.0,5.0,4.0,18.0,65.0,26.0,16.0,14.0,15.0,13.0,4.0,21.0,87.0,2025-10-15 18:30:00+00:00,4,Regular Season,40.0,VIR,MCO,39.0,2.0,87.0,70.04
E2025,40,road,73.0,33.0,17.0,6.0,4.0,21.0,62.0,23.0,19.0,16.0,9.0,9.0,4.0,19.0,80.0,2025-10-15 18:30:00+00:00,4,Regular Season,40.0,MCO,VIR,39.0,3.0,80.0,70.36
E2025,37,local,105.0,41.0,18.0,8.0,5.0,18.0,72.0,37.0,24.0,18.0,14.0,12.0,4.0,28.0,110.0,2025-10-15 18:45:00+00:00,4,Regular Season,40.0,PRS,BAS,35.0,6.0,110.0,80.56
E2025,37,road,87.0,37.0,22.0,4.0,4.0,28.0,65.0,26.0,32.0,27.0,14.0,16.0,5.0,18.0,99.0,2025-10-15 18:45:00+00:00,4,Regular Season,40.0,BAS,PRS,39.0,5.0,99.0,81.08
E2025,38,local,93.0,36.0,19.0,4.0,3.0,17.0,61.0,33.0,19.0,17.0,10.0,14.0,1.0,23.0,104.0,2025-10-15 18:45:00+00:00,4,Regular Season,40.0,MAD,PAR,28.0,2.0,104.0,73.36
E2025,38,road,86.0,24.0,15.0,5.0,1.0,23.0,59.0,29.0,22.0,17.0,7.0,7.0,3.0,17.0,92.0,2025-10-15 18:45:00+00:00,4,Regular Season,40.0,PAR,MAD,30.0,5.0,92.0,68.68
E2025,41,local,83.0,46.0,16.0,3.0,5.0,22.0,62.0,27.0,28.0,22.0,12.0,12.0,2.0,22.0,98.0,2025-10-16 16:00:00+00:00,5,Regular Season,40.0,DUB,BAR,35.0,6.0,98.0,74.32
E2025,41,road,78.0,39.0,18.0,5.0,2.0,22.0,70.0,26.0,24.0,16.0,13.0,9.0,5.0,23.0,75.0,2025-10-16 16:00:00+00:00,5,Regular Season,40.0,BAR,DUB,44.0,8.0,75.0,76.56
E2025,44,local,78.0,38.0,19.0,7.0,2.0,15.0,68.0,28.0,13.0,10.0,17.0,11.0,3.0,18.0,84.0,2025-10-16 17:00:00+00:00,5,Regular Season,40.0,ZAL,MIL,40.0,3.0,84.0,67.72
E2025,44,road,89.0,33.0,19.0,3.0,3.0,17.0,61.0,30.0,19.0,17.0,9.0,9.0,2.0,15.0,105.0,2025-10-16 17:00:00+00:00,5,Regular Season,40.0,MIL,ZAL,31.0,2.0,105.0,69.36
E2025,42,local,88.0,33.0,20.0,7.0,2.0,23.0,53.0,30.0,18.0,15.0,6.0,16.0,1.0,24.0,106.0,2025-10-16 17:45:00+00:00,5,Regular Season,40.0,ULK,MUN,23.0,3.0,106.0,70.92
E2025,42,road,73.0,26.0,19.0,11.0,1.0,24.0,62.0,27.0,20.0,14.0,9.0,11.0,2.0,23.0,77.0,2025-10-16 17:45:00+00:00,5,Regular Season,40.0,MUN,ULK,35.0,6.0,77.0,72.8
E2025,43,local,94.0,30.0,15.0,9.0,3.0,21.0,70.0,35.0,19.0,14.0,12.0,12.0,3.0,24.0,93.0,2025-10-16 19:00:00+00:00,5,Regular Season,40.0,TEL,OLY,35.0,5.0,93.0,78.36
E2025,43,road,95.0,33.0,26.0,2.0,3.0,24.0,61.0,35.0,18.0,16.0,10.0,16.0,3.0,21.0,115.0,2025-10-16 19:00:00+00:00,5,Regular Season,40.0,OLY,TEL,26.0,2.0,115.0,74.92
E2025,48,local,90.0,40.0,19.0,6.0,4.0,25.0,64.0,33.0,20.0,14.0,12.0,15.0,2.0,23.0,107.0,2025-10-17 17:00:00+00:00,5,Regular Season,40.0,RED,MAD,31.0,6.0,107.0,75.8
E2025,48,road,75.0,40.0,13.0,8.0,2.0,23.0,69.0,28.0,23.0,14.0,18.0,13.0,4.0,25.0,69.0,2025-10-17 17:00:00+00:00,5,Regular Season,40.0,MAD,RED,41.0,9.0,69.0,74.12
E2025,45,local,81.0,29.0,15.0,5.0,3.0,17.0,61.0,28.0,20.0,14.0,10.0,10.0,1.0,17.0,83.0,2025-10-17 17:30:00+00:00,5,Regular Season,40.0,IST,PAN,33.0,6.0,83.0,69.8
E2025,45,road,95.0,34.0,27.0,6.0,1.0,17.0,65.0,34.0,21.0,18.0,11.0,11.0,3.0,17.0,115.0,2025-10-17 17:30:00+00:00,5,Regular Season,40.0,PAN,IST,31.0,3.0,115.0,74.24
E2025,46,local,90.0,37.0,21.0,7.0,4.0,24.0,71.0,33.0,20.0,17.0,13.0,11.0,6.0,22.0,103.0,2025-10-17 17:30:00+00:00,5,Regular Season,40.0,MCO,PAM,38.0,3.0,103.0,77.8
E2025,46,road,84.0,44.0,19.0,9.0,6.0,21.0,72.0,29.0,18.0,15.0,19.0,14.0,4.0,24.0,95.0,2025-10-17 17:30:00+00:00,5,Regular Season,40.0,PAM,MCO,43.0,3.0,95.0,74.92
E2025,49,local,83.0,28.0,16.0,6.0,4.0,24.0,60.0,28.0,22.0,20.0,13.0,14.0,1.0,22.0,90.0,2025-10-17 18:00:00+00:00,5,Regular Season,40.0,ASV,VIR,32.0,2.0,90.0,70.68
E2025,49,road,90.0,30.0,22.0,7.0,1.0,21.0,60.0,33.0,15.0,13.0,14.0,17.0,4.0,25.0,96.0,2025-10-17 18:00:00+00:00,5,Regular Season,40.0,VIR,ASV,27.0,2.0,96.0,69.6
E2025,47,local,79.0,29.0,18.0,4.0,7.0,16.0,60.0,29.0,13.0,12.0,8.0,12.0,2.0,20.0,87.0,2025-10-17 18:45:00+00:00,5,Regular Season,40.0,BAS,PAR,31.0,1.0,87.0,69.72
E2025,47,road,91.0,36.0,19.0,3.0,2.0,19.0,69.0,36.0,12.0,9.0,13.0,8.0,7.0,16.0,103.0,2025-10-17 18:45:00+00:00,5,Regular Season,40.0,PAR,BAS,33.0,3.0,103.0,69.28
E2025,50,local,88.0,41.0,17.0,6.0,5.0,24.0,77.0,28.0,27.0,24.0,16.0,11.0,5.0,25.0,88.0,2025-10-17 18:45:00+00:00,5,Regular Season,40.0,PRS,HTA,49.0,3.0,88.0,83.88
E2025,50,road,89.0,44.0,20.0,6.0,5.0,25.0,64.0,26.0,29.0,25.0,12.0,14.0,5.0,24.0,104.0,2025-10-17 18:45:00+00:00,5,Regular Season,40.0,HTA,PRS,38.0,4.0,104.0,78.76
E2025,51,local,92.0,22.0,23.0,5.0,4.0,23.0,61.0,33.0,22.0,18.0,3.0,10.0,0.0,23.0,104.0,2025-10-22 18:05:00+00:00,6,Regular Season,40.0,TEL,MAD,28.0,4.0,104.0,77.68
E2025,51,road,91.0,41.0,23.0,5.0,0.0,23.0,63.0,30.0,29.0,20.0,17.0,17.0,4.0,23.0,97.0,2025-10-22 18:05:00+00:00,6,Regular Season,40.0,MAD,TEL,33.0,9.0,97.0,75.76
E2025,56,local,85.0,35.0,19.0,8.0,6.0,22.0,71.0,27.0,23.0,18.0,15.0,11.0,6.0,22.0,87.0,2025-10-23 17:30:00+00:00,6,Regular Season,40.0,ASV,DUB,44.0,5.0,87.0,77.12
E2025,56,road,79.0,40.0,22.0,8.0,6.0,22.0,57.0,26.0,28.0,23.0,12.0,16.0,6.0,22.0,97.0,2025-10-23 17:30:00+00:00,6,Regular Season,40.0,DUB,ASV,31.0,5.0,97.0,73.32
E2025,55,local,85.0,34.0,19.0,5.0,7.0,18.0,62.0,33.0,13.0,11.0,9.0,14.0,1.0,19.0,103.0,2025-10-23 18:05:00+00:00,6,Regular Season,40.0,HTA,MCO,29.0,2.0,103.0,72.72
E2025,55,road,77.0,35.0,16.0,5.0,1.0,19.0,68.0,26.0,21.0,16.0,16.0,11.0,7.0,19.0,69.0,2025-10-23 18:05:00+00:00,6,Regular Season,40.0,MCO,HTA,42.0,5.0,69.0,72.24
E2025,53,local,100.0,34.0,24.0,8.0,2.0,24.0,72.0,35.0,26.0,19.0,14.0,4.0,2.0,20.0,122.0,2025-10-23 18:30:00+00:00,6,Regular Season,40.0,MIL,PAM,37.0,7.0,122.0,73.44
E2025,53,road,103.0,35.0,18.0,3.0,2.0,20.0,63.0,35.0,23.0,18.0,10.0,9.0,2.0,24.0,113.0,2025-10-23 18:30:00+00:00,6,Regular Season,40.0,PAM,MIL,28.0,5.0,113.0,72.12
E2025,54,local,73.0,39.0,14.0,6.0,2.0,21.0,63.0,25.0,20.0,16.0,15.0,13.0,3.0,17.0,80.0,2025-10-23 18:30:00+00:00,6,Regular Season,40.0,BAR,ZAL,38.0,4.0,80.0,69.8
E2025,54,road,88.0,30.0,16.0,9.0,3.0,16.0,63.0,33.0,14.0,11.0,8.0,11.0,2.0,21.0,95.0,2025-10-23 18:30:00+00:00,6,Regular Season,40.0,ZAL,BAR,30.0,3.0,95.0,72.16
E2025,52,local,90.0,40.0,19.0,7.0,4.0,26.0,64.0,29.0,27.0,22.0,10.0,11.0,4.0,18.0,113.0,2025-10-23 19:00:00+00:00,6,Regular Season,40.0,RED,BAS,35.0,5.0,113.0,76.88
E2025,52,road,72.0,41.0,17.0,7.0,4.0,18.0,72.0,29.0,12.0,6.0,14.0,13.0,4.0,26.0,67.0,2025-10-23 19:00:00+00:00,6,Regular Season,40.0,BAS,RED,43.0,6.0,67.0,76.28
E2025,57,local,69.0,27.0,18.0,7.0,1.0,26.0,54.0,24.0,22.0,12.0,7.0,14.0,2.0,20.0,72.0,2025-10-24 17:30:00+00:00,6,Regular Season,40.0,IST,ULK,30.0,10.0,72.0,70.68
E2025,57,road,79.0,35.0,19.0,7.0,2.0,20.0,55.0,28.0,18.0,13.0,10.0,18.0,1.0,26.0,85.0,2025-10-24 17:30:00+00:00,6,Regular Season,40.0,ULK,IST,27.0,5.0,85.0,70.92
E2025,60,local,92.0,39.0,22.0,10.0,1.0,19.0,70.0,36.0,16.0,11.0,11.0,13.0,4.0,27.0,100.0,2025-10-24 18:00:00+00:00,6,Regular Season,40.0,VIR,PAN,34.0,5.0,100.0,79.04
E2025,60,road,75.0,28.0,13.0,4.0,4.0,27.0,56.0,23.0,28.0,25.0,7.0,13.0,1.0,19.0,82.0,2025-10-24 18:00:00+00:00,6,Regular Season,40.0,PAN,VIR,33.0,3.0,82.0,74.32
E2025,59,local,83.0,30.0,12.0,7.0,2.0,24.0,70.0,28.0,23.0,18.0,17.0,14.0,4.0,14.0,79.0,2025-10-24 18:30:00+00:00,6,Regular Season,40.0,PAR,PRS,42.0,5.0,79.0,77.12
E2025,59,road,101.0,36.0,22.0,9.0,4.0,14.0,61.0,37.0,10.0,10.0,11.0,21.0,2.0,24.0,115.0,2025-10-24 18:30:00+00:00,6,Regular Season,40.0,PRS,PAR,24.0,0.0,115.0,75.4
E2025,58,local,71.0,33.0,17.0,7.0,0.0,17.0,63.0,26.0,11.0,8.0,10.0,18.0,3.0,18.0,66.0,2025-10-24 18:45:00+00:00,6,Regular Season,40.0,MUN,OLY,37.0,3.0,66.0,75.84
E2025,58,road,96.0,32.0,25.0,12.0,3.0,18.0,63.0,37.0,15.0,9.0,5.0,10.0,0.0,17.0,127.0,2025-10-24 18:45:00+00:00,6,Regular Season,40.0,OLY,MUN,26.0,6.0,127.0,74.6
E2025,62,local,79.0,37.0,22.0,9.0,0.0,20.0,60.0,29.0,18.0,13.0,9.0,17.0,4.0,21.0,89.0,2025-10-28 18:00:00+00:00,7,Regular Season,40.0,RED,ASV,31.0,5.0,89.0,75.92
E2025,62,road,65.0,30.0,18.0,10.0,4.0,21.0,58.0,23.0,16.0,12.0,8.0,16.0,0.0,20.0,73.0,2025-10-28 18:00:00+00:00,7,Regular Season,40.0,ASV,RED,35.0,4.0,73.0,73.04
E2025,68,local,86.0,39.0,20.0,5.0,5.0,18.0,60.0,30.0,21.0,16.0,9.0,13.0,1.0,18.0,106.0,2025-10-28 18:00:00+00:00,7,Regular Season,40.0,ZAL,VIR,30.0,5.0,106.0,73.24
E2025,68,road,65.0,26.0,16.0,8.0,1.0,18.0,54.0,23.0,19.0,14.0,4.0,12.0,5.0,18.0,63.0,2025-10-28 18:00:00+00:00,7,Regular Season,40.0,VIR,ZAL,31.0,5.0,63.0,70.36
E2025,64,local,90.0,39.0,20.0,9.0,3.0,22.0,70.0,33.0,18.0,15.0,11.0,7.0,3.0,25.0,108.0,2025-10-28 19:00:00+00:00,7,Regular Season,40.0,MUN,MAD,37.0,3.0,108.0,73.92
E2025,64,road,84.0,35.0,14.0,5.0,3.0,24.0,63.0,28.0,24.0,19.0,9.0,13.0,3.0,22.0,87.0,2025-10-28 19:00:00+00:00,7,Regular Season,40.0,MAD,MUN,35.0,5.0,87.0,77.56
E2025,65,local,99.0,41.0,23.0,11.0,1.0,25.0,76.0,35.0,25.0,20.0,19.0,7.0,3.0,17.0,127.0,2025-10-28 19:15:00+00:00,7,Regular Season,40.0,PAN,TEL,41.0,5.0,127.0,75.0
E2025,65,road,85.0,36.0,21.0,4.0,3.0,17.0,64.0,33.0,15.0,12.0,10.0,14.0,1.0,25.0,92.0,2025-10-28 19:15:00+00:00,7,Regular Season,40.0,TEL,PAN,31.0,3.0,92.0,74.6
E2025,61,local,92.0,38.0,18.0,5.0,0.0,25.0,60.0,30.0,32.0,22.0,11.0,11.0,1.0,24.0,102.0,2025-10-28 19:30:00+00:00,7,Regular Season,40.0,BAS,DUB,30.0,10.0,102.0,74.08
E2025,61,road,85.0,34.0,15.0,3.0,1.0,24.0,66.0,29.0,18.0,15.0,9.0,10.0,0.0,26.0,86.0,2025-10-28 19:30:00+00:00,7,Regular Season,40.0,DUB,BAS,37.0,3.0,86.0,74.92
E2025,63,local,74.0,34.0,11.0,7.0,4.0,17.0,58.0,29.0,10.0,8.0,9.0,18.0,1.0,16.0,81.0,2025-10-28 19:30:00+00:00,7,Regular Season,40.0,BAR,MIL,29.0,2.0,81.0,71.4
E2025,63,road,72.0,29.0,15.0,10.0,1.0,16.0,65.0,30.0,5.0,5.0,9.0,14.0,4.0,17.0,73.0,2025-10-28 19:30:00+00:00,7,Regular Season,40.0,MIL,BAR,35.0,0.0,73.0,72.2
E2025,66,local,80.0,41.0,17.0,5.0,3.0,22.0,64.0,23.0,27.0,22.0,19.0,18.0,4.0,23.0,77.0,2025-10-28 19:45:00+00:00,7,Regular Season,40.0,PRS,IST,41.0,5.0,77.0,74.88
E2025,66,road,90.0,37.0,19.0,7.0,4.0,22.0,65.0,29.0,28.0,24.0,12.0,11.0,3.0,22.0,103.0,2025-10-28 19:45:00+00:00,7,Regular Season,40.0,IST,PRS,36.0,4.0,103.0,76.32
E2025,67,local,94.0,42.0,17.0,5.0,3.0,21.0,72.0,32.0,23.0,20.0,16.0,13.0,3.0,20.0,103.0,2025-10-28 20:00:00+00:00,7,Regular Season,40.0,PAM,ULK,40.0,3.0,103.0,79.12
E2025,67,road,79.0,35.0,14.0,6.0,3.0,20.0,67.0,29.0,16.0,11.0,12.0,15.0,3.0,22.0,74.0,2025-10-28 20:00:00+00:00,7,Regular Season,40.0,ULK,PAM,38.0,5.0,74.0,77.04
E2025,69,local,97.0,32.0,19.0,5.0,6.0,22.0,60.0,35.0,20.0,15.0,7.0,11.0,1.0,20.0,119.0,2025-10-29 18:00:00+00:00,7,Regular Season,40.0,HTA,PAR,25.0,5.0,119.0,72.8
E2025,69,road,84.0,31.0,16.0,6.0,1.0,18.0,67.0,32.0,15.0,12.0,10.0,12.0,6.0,22.0,78.0,2025-10-29 18:00:00+00:00,7,Regular Season,40.0,PAR,HTA,35.0,3.0,78.0,75.6
E2025,70,local,87.0,36.0,16.0,3.0,2.0,26.0,57.0,28.0,34.0,27.0,12.0,13.0,0.0,23.0,98.0,2025-10-29 19:15:00+00:00,7,Regular Season,40.0,OLY,MCO,29.0,7.0,98.0,72.96000000000001
E2025,70,road,92.0,26.0,21.0,5.0,0.0,23.0,60.0,33.0,22.0,16.0,6.0,8.0,2.0,26.0,98.0,2025-10-29 19:15:00+00:00,7,Regular Season,40.0,MCO,OLY,27.0,6.0,98.0,71.68
E2025,76,local,96.0,39.0,25.0,7.0,2.0,25.0,53.0,34.0,24.0,19.0,8.0,15.0,0.0,16.0,139.0,2025-10-30 18:00:00+00:00,8,Regular Season,40.0,ZAL,ASV,19.0,5.0,139.0,70.56
E2025,76,road,59.0,29.0,15.0,9.0,0.0,16.0,70.0,22.0,12.0,9.0,16.0,10.0,2.0,25.0,40.0,2025-10-30 18:00:00+00:00,8,Regular Season,40.0,ASV,ZAL,48.0,3.0,40.0,69.28
E2025,73,local,92.0,39.0,17.0,4.0,3.0,30.0,71.0,28.0,37.0,26.0,19.0,11.0,3.0,28.0,89.0,2025-10-30 19:05:00+00:00,8,Regular Season,40.0,TEL,RED,43.0,11.0,89.0,79.28
E2025,73,road,99.0,50.0,21.0,5.0,3.0,27.0,73.0,33.0,35.0,25.0,24.0,14.0,3.0,31.0,107.0,2025-10-30 19:05:00+00:00,8,Regular Season,40.0,RED,TEL,40.0,10.0,107.0,78.4
E2025,71,local,86.0,43.0,23.0,6.0,4.0,20.0,68.0,27.0,23.0,22.0,14.0,9.0,2.0,19.0,110.0,2025-10-30 19:30:00+00:00,8,Regular Season,40.0,MIL,PRS,41.0,1.0,110.0,73.12
E2025,71,road,77.0,45.0,14.0,4.0,2.0,19.0,73.0,27.0,18.0,15.0,18.0,12.0,4.0,20.0,76.0,2025-10-30 19:30:00+00:00,8,Regular Season,40.0,PRS,MIL,46.0,3.0,76.0,74.92
E2025,72,local,86.0,35.0,21.0,13.0,3.0,26.0,57.0,25.0,28.0,24.0,10.0,15.0,1.0,18.0,114.0,2025-10-30 19:30:00+00:00,8,Regular Season,40.0,MUN,VIR,32.0,4.0,114.0,74.32
E2025,72,road,70.0,33.0,17.0,7.0,1.0,18.0,59.0,26.0,16.0,10.0,10.0,20.0,3.0,26.0,58.0,2025-10-30 19:30:00+00:00,8,Regular Season,40.0,VIR,MUN,33.0,6.0,58.0,76.04
E2025,75,local,80.0,40.0,18.0,4.0,2.0,18.0,65.0,29.0,15.0,11.0,13.0,19.0,3.0,18.0,82.0,2025-10-30 19:30:00+00:00,8,Regular Season,40.0,PAM,DUB,36.0,4.0,82.0,77.6
E2025,75,road,78.0,34.0,14.0,9.0,3.0,18.0,67.0,30.0,11.0,9.0,12.0,16.0,2.0,18.0,81.0,2025-10-30 19:30:00+00:00,8,Regular Season,40.0,DUB,PAM,37.0,2.0,81.0,75.84
E2025,74,local,84.0,40.0,19.0,5.0,9.0,21.0,59.0,30.0,17.0,15.0,6.0,14.0,3.0,19.0,111.0,2025-10-30 20:00:00+00:00,8,Regular Season,40.0,MAD,ULK,29.0,2.0,111.0,74.48
E2025,74,road,58.0,37.0,11.0,8.0,3.0,19.0,69.0,21.0,13.0,10.0,16.0,11.0,9.0,22.0,43.0,2025-10-30 20:00:00+00:00,8,Regular Season,40.0,ULK,MAD,48.0,3.0,43.0,69.72
E2025,77,local,92.0,36.0,25.0,7.0,4.0,19.0,64.0,34.0,19.0,16.0,8.0,11.0,2.0,19.0,118.0,2025-10-31 18:00:00+00:00,8,Regular Season,40.0,MCO,PAN,30.0,3.0,118.0,75.36
E2025,77,road,84.0,29.0,14.0,7.0,2.0,19.0,67.0,33.0,16.0,10.0,8.0,10.0,4.0,19.0,82.0,2025-10-31 18:00:00+00:00,8,Regular Season,40.0,PAN,MCO,34.0,6.0,82.0,76.04
E2025,79,local,62.0,44.0,16.0,4.0,3.0,18.0,64.0,23.0,10.0,9.0,13.0,16.0,2.0,16.0,71.0,2025-10-31 19:15:00+00:00,8,Regular Season,40.0,OLY,HTA,41.0,1.0,71.0,71.4
E2025,79,road,58.0,34.0,12.0,6.0,2.0,16.0,60.0,22.0,9.0,7.0,7.0,14.0,3.0,18.0,53.0,2025-10-31 19:15:00+00:00,8,Regular Season,40.0,HTA,OLY,38.0,2.0,53.0,70.96000000000001
E2025,78,local,86.0,35.0,20.0,5.0,7.0,21.0,57.0,32.0,22.0,15.0,9.0,14.0,0.0,21.0,107.0,2025-10-31 19:30:00+00:00,8,Regular Season,40.0,BAS,IST,25.0,7.0,107.0,71.68
E2025,78,road,75.0,31.0,18.0,6.0,0.0,20.0,64.0,26.0,12.0,9.0,12.0,14.0,7.0,21.0,67.0,2025-10-31 19:30:00+00:00,8,Regular Season,40.0,IST,BAS,38.0,3.0,67.0,71.28
E2025,80,local,76.0,40.0,21.0,4.0,2.0,18.0,65.0,29.0,15.0,10.0,13.0,14.0,0.0,24.0,82.0,2025-10-31 19:30:00+00:00,8,Regular Season,40.0,PAR,BAR,36.0,5.0,82.0,72.6
E2025,80,road,78.0,30.0,18.0,9.0,0.0,24.0,52.0,24.0,27.0,17.0,6.0,13.0,2.0,19.0,87.0,2025-10-31 19:30:00+00:00,8,Regular Season,40.0,BAR,PAR,28.0,10.0,87.0,70.88
E2025,83,local,86.0,44.0,21.0,5.0,5.0,22.0,65.0,33.0,21.0,17.0,13.0,17.0,1.0,22.0,107.0,2025-11-05 19:00:00+00:00,9,Regular Season,40.0,RED,PAN,32.0,4.0,107.0,78.24
E2025,83,road,68.0,31.0,11.0,4.0,1.0,22.0,68.0,24.0,16.0,11.0,13.0,12.0,5.0,22.0,49.0,2025-11-05 19:00:00+00:00,9,Regular Season,40.0,PAN,RED,44.0,5.0,49.0,74.04
E2025,85,local,81.0,42.0,19.0,3.0,2.0,20.0,70.0,29.0,15.0,12.0,18.0,5.0,3.0,23.0,92.0,2025-11-06 17:45:00+00:00,9,Regular Season,40.0,ULK,ASV,41.0,3.0,92.0,63.599999999999994
E2025,85,road,67.0,32.0,14.0,2.0,3.0,23.0,54.0,23.0,20.0,15.0,7.0,10.0,2.0,20.0,73.0,2025-11-06 17:45:00+00:00,9,Regular Season,40.0,ASV,ULK,31.0,5.0,73.0,65.8
E2025,84,local,97.0,28.0,16.0,4.0,2.0,27.0,61.0,29.0,40.0,32.0,8.0,6.0,4.0,26.0,98.0,2025-11-06 18:00:00+00:00,9,Regular Season,40.0,DUB,HTA,32.0,8.0,98.0,76.6
E2025,84,road,109.0,40.0,17.0,1.0,4.0,26.0,69.0,39.0,26.0,20.0,13.0,10.0,2.0,27.0,122.0,2025-11-06 18:00:00+00:00,9,Regular Season,40.0,HTA,DUB,30.0,6.0,122.0,77.44
E2025,82,local,87.0,30.0,25.0,4.0,2.0,19.0,59.0,31.0,16.0,14.0,8.0,11.0,3.0,23.0,100.0,2025-11-06 19:30:00+00:00,9,Regular Season,40.0,BAS,VIR,28.0,2.0,100.0,69.04
E2025,82,road,76.0,35.0,19.0,5.0,3.0,23.0,63.0,25.0,20.0,18.0,13.0,14.0,2.0,20.0,85.0,2025-11-06 19:30:00+00:00,9,Regular Season,40.0,VIR,BAS,38.0,2.0,85.0,72.8
E2025,81,local,82.0,40.0,10.0,5.0,2.0,28.0,69.0,26.0,27.0,22.0,15.0,12.0,4.0,20.0,83.0,2025-11-06 20:00:00+00:00,9,Regular Season,40.0,PRS,MUN,43.0,5.0,83.0,77.88
E2025,81,road,86.0,42.0,17.0,4.0,4.0,20.0,65.0,29.0,16.0,12.0,13.0,18.0,2.0,28.0,85.0,2025-11-06 20:00:00+00:00,9,Regular Season,40.0,MUN,PRS,36.0,4.0,85.0,77.04
E2025,86,local,107.0,46.0,28.0,4.0,4.0,22.0,82.0,40.0,21.0,17.0,14.0,12.0,1.0,28.0,124.0,2025-11-06 20:00:00+00:00,9,Regular Season,45.0,TEL,MCO,42.0,4.0,124.0,89.24
E2025,86,road,112.0,38.0,28.0,8.0,1.0,28.0,78.0,39.0,30.0,22.0,11.0,9.0,4.0,23.0,132.0,2025-11-06 20:00:00+00:00,9,Regular Season,45.0,MCO,TEL,39.0,8.0,132.0,89.2
E2025,87,local,93.0,31.0,19.0,5.0,2.0,17.0,81.0,39.0,5.0,5.0,10.0,12.0,1.0,22.0,90.0,2025-11-07 17:30:00+00:00,9,Regular Season,50.0,IST,MIL,42.0,0.0,90.0,85.2
E2025,87,road,97.0,40.0,20.0,5.0,1.0,22.0,65.0,31.0,24.0,20.0,11.0,17.0,2.0,17.0,111.0,2025-11-07 17:30:00+00:00,9,Regular Season,50.0,MIL,IST,34.0,4.0,111.0,81.56
E2025,90,local,86.0,41.0,17.0,4.0,5.0,25.0,63.0,29.0,22.0,16.0,16.0,14.0,4.0,17.0,103.0,2025-11-07 18:00:00+00:00,9,Regular Season,40.0,ZAL,PAM,34.0,6.0,103.0,70.68
E2025,90,road,77.0,32.0,16.0,8.0,4.0,17.0,71.0,32.0,7.0,5.0,14.0,9.0,5.0,25.0,74.0,2025-11-07 18:00:00+00:00,9,Regular Season,40.0,PAM,ZAL,39.0,2.0,74.0,69.08
E2025,89,local,80.0,40.0,17.0,8.0,2.0,22.0,56.0,24.0,31.0,24.0,15.0,18.0,1.0,14.0,97.0,2025-11-07 19:15:00+00:00,9,Regular Season,40.0,OLY,PAR,32.0,7.0,97.0,72.64
E2025,89,road,71.0,26.0,16.0,12.0,1.0,14.0,61.0,31.0,5.0,4.0,5.0,15.0,2.0,22.0,70.0,2025-11-07 19:15:00+00:00,9,Regular Season,40.0,PAR,OLY,30.0,1.0,70.0,73.2
E2025,88,local,92.0,21.0,23.0,6.0,0.0,21.0,65.0,34.0,13.0,10.0,7.0,8.0,2.0,22.0,97.0,2025-11-07 19:30:00+00:00,9,Regular Season,40.0,BAR,MAD,31.0,3.0,97.0,71.72
E2025,88,road,101.0,36.0,18.0,3.0,2.0,21.0,60.0,34.0,19.0,18.0,10.0,17.0,0.0,21.0,116.0,2025-11-07 19:30:00+00:00,9,Regular Season,40.0,MAD,BAR,26.0,1.0,116.0,75.36
E2025,96,local,102.0,35.0,24.0,5.0,0.0,25.0,66.0,35.0,26.0,21.0,15.0,9.0,1.0,25.0,120.0,2025-11-11 16:00:00+00:00,10,Regular Season,40.0,DUB,RED,31.0,5.0,120.0,71.44
E2025,96,road,86.0,26.0,20.0,3.0,1.0,25.0,60.0,30.0,20.0,16.0,11.0,11.0,0.0,25.0,91.0,2025-11-11 16:00:00+00:00,10,Regular Season,40.0,RED,DUB,30.0,4.0,91.0,68.8
E2025,91,local,84.0,41.0,17.0,4.0,1.0,22.0,58.0,27.0,22.0,20.0,12.0,17.0,1.0,29.0,89.0,2025-11-11 19:00:00+00:00,10,Regular Season,40.0,ULK,TEL,31.0,2.0,89.0,72.68
E2025,91,road,75.0,38.0,10.0,8.0,1.0,28.0,72.0,24.0,26.0,23.0,20.0,10.0,1.0,22.0,76.0,2025-11-11 19:00:00+00:00,10,Regular Season,40.0,TEL,ULK,48.0,3.0,76.0,73.44
E2025,92,local,114.0,33.0,20.0,6.0,1.0,22.0,65.0,40.0,23.0,22.0,12.0,10.0,4.0,19.0,137.0,2025-11-11 19:05:00+00:00,10,Regular Season,40.0,HTA,BAS,25.0,1.0,137.0,73.12
E2025,92,road,89.0,19.0,22.0,6.0,4.0,19.0,58.0,35.0,18.0,14.0,6.0,12.0,1.0,23.0,96.0,2025-11-11 19:05:00+00:00,10,Regular Season,40.0,BAS,HTA,23.0,4.0,96.0,71.92
E2025,94,local,89.0,37.0,20.0,8.0,4.0,24.0,69.0,30.0,21.0,13.0,5.0,9.0,8.0,24.0,94.0,2025-11-11 19:30:00+00:00,10,Regular Season,40.0,PAM,MAD,39.0,8.0,94.0,82.24
E2025,94,road,76.0,51.0,16.0,5.0,8.0,24.0,65.0,20.0,34.0,29.0,14.0,16.0,4.0,24.0,86.0,2025-11-11 19:30:00+00:00,10,Regular Season,40.0,MAD,PAM,45.0,5.0,86.0,81.96000000000001
E2025,95,local,99.0,27.0,27.0,6.0,3.0,16.0,59.0,38.0,7.0,5.0,5.0,14.0,2.0,18.0,121.0,2025-11-11 19:30:00+00:00,10,Regular Season,40.0,VIR,IST,21.0,2.0,121.0,71.08
E2025,95,road,89.0,29.0,21.0,6.0,2.0,18.0,69.0,34.0,10.0,8.0,13.0,10.0,3.0,16.0,99.0,2025-11-11 19:30:00+00:00,10,Regular Season,40.0,IST,VIR,35.0,2.0,99.0,70.4
E2025,97,local,78.0,38.0,15.0,9.0,2.0,17.0,64.0,26.0,16.0,13.0,10.0,16.0,2.0,28.0,72.0,2025-11-11 19:30:00+00:00,10,Regular Season,40.0,PAR,MCO,38.0,3.0,72.0,77.04
E2025,97,road,76.0,32.0,15.0,6.0,2.0,27.0,56.0,23.0,31.0,25.0,7.0,10.0,2.0,19.0,88.0,2025-11-11 19:30:00+00:00,10,Regular Season,40.0,MCO,PAR,33.0,6.0,88.0,72.64
E2025,93,local,95.0,39.0,15.0,8.0,1.0,16.0,76.0,32.0,23.0,17.0,20.0,10.0,6.0,26.0,82.0,2025-11-11 20:00:00+00:00,10,Regular Season,40.0,PRS,PAN,44.0,6.0,82.0,76.12
E2025,93,road,101.0,41.0,27.0,6.0,6.0,25.0,67.0,36.0,26.0,17.0,15.0,10.0,1.0,17.0,138.0,2025-11-11 20:00:00+00:00,10,Regular Season,40.0,PAN,PRS,31.0,9.0,138.0,73.44
E2025,100,local,95.0,41.0,18.0,4.0,3.0,25.0,64.0,33.0,30.0,22.0,11.0,10.0,1.0,20.0,116.0,2025-11-12 19:15:00+00:00,10,Regular Season,40.0,OLY,ZAL,31.0,8.0,116.0,76.2
E2025,100,road,78.0,47.0,13.0,4.0,1.0,20.0,78.0,27.0,25.0,18.0,25.0,10.0,3.0,25.0,67.0,2025-11-12 19:15:00+00:00,10,Regular Season,40.0,ZAL,OLY,51.0,7.0,67.0,74.0
E2025,98,local,80.0,33.0,24.0,9.0,0.0,22.0,61.0,29.0,15.0,10.0,13.0,14.0,3.0,20.0,94.0,2025-11-12 19:30:00+00:00,10,Regular Season,40.0,MIL,ASV,32.0,5.0,94.0,68.6
E2025,98,road,72.0,35.0,12.0,9.0,3.0,20.0,57.0,22.0,22.0,19.0,14.0,17.0,0.0,22.0,74.0,2025-11-12 19:30:00+00:00,10,Regular Season,40.0,ASV,MIL,35.0,3.0,74.0,69.68
E2025,99,local,74.0,35.0,14.0,8.0,1.0,18.0,63.0,29.0,10.0,7.0,13.0,14.0,2.0,18.0,79.0,2025-11-12 19:30:00+00:00,10,Regular Season,40.0,MUN,BAR,34.0,3.0,79.0,68.4
E2025,99,road,75.0,27.0,16.0,8.0,2.0,18.0,56.0,29.0,12.0,9.0,6.0,14.0,1.0,18.0,83.0,2025-11-12 19:30:00+00:00,10,Regular Season,40.0,BAR,MUN,27.0,3.0,83.0,69.28
E2025,101,local,74.0,39.0,13.0,4.0,5.0,15.0,63.0,28.0,15.0,11.0,16.0,12.0,2.0,23.0,74.0,2025-11-13 19:00:00+00:00,11,Regular Season,40.0,ULK,HTA,35.0,4.0,74.0,65.6
E2025,101,road,68.0,32.0,11.0,4.0,2.0,22.0,63.0,26.0,9.0,8.0,10.0,12.0,5.0,15.0,69.0,2025-11-13 19:00:00+00:00,11,Regular Season,40.0,HTA,ULK,37.0,1.0,69.0,68.96
E2025,105,local,91.0,33.0,20.0,7.0,1.0,24.0,60.0,32.0,27.0,15.0,11.0,11.0,5.0,20.0,100.0,2025-11-13 19:00:00+00:00,11,Regular Season,40.0,RED,MCO,28.0,12.0,100.0,71.88
E2025,105,road,79.0,30.0,16.0,6.0,5.0,20.0,58.0,30.0,19.0,12.0,8.0,15.0,1.0,25.0,80.0,2025-11-13 19:00:00+00:00,11,Regular Season,40.0,MCO,RED,28.0,7.0,80.0,73.36
E2025,103,local,90.0,37.0,25.0,10.0,2.0,25.0,70.0,30.0,20.0,18.0,15.0,18.0,2.0,27.0,100.0,2025-11-13 19:45:00+00:00,11,Regular Season,40.0,PRS,PAM,40.0,2.0,100.0,81.8
E2025,103,road,86.0,41.0,17.0,9.0,2.0,27.0,62.0,27.0,27.0,18.0,15.0,23.0,2.0,25.0,88.0,2025-11-13 19:45:00+00:00,11,Regular Season,40.0,PAM,PRS,35.0,9.0,88.0,81.88
E2025,104,local,77.0,36.0,14.0,4.0,1.0,20.0,62.0,27.0,18.0,16.0,13.0,9.0,2.0,19.0,85.0,2025-11-13 19:45:00+00:00,11,Regular Season,40.0,MAD,PAN,35.0,2.0,85.0,65.92
E2025,104,road,87.0,30.0,17.0,3.0,2.0,19.0,61.0,31.0,20.0,16.0,7.0,4.0,1.0,20.0,99.0,2025-11-13 19:45:00+00:00,11,Regular Season,40.0,PAN,MAD,30.0,4.0,99.0,66.8
E2025,102,local,89.0,43.0,20.0,5.0,3.0,23.0,68.0,30.0,24.0,19.0,16.0,12.0,2.0,14.0,112.0,2025-11-13 20:00:00+00:00,11,Regular Season,40.0,TEL,BAS,38.0,5.0,112.0,74.56
E2025,102,road,83.0,35.0,18.0,5.0,2.0,14.0,67.0,31.0,16.0,13.0,11.0,9.0,3.0,24.0,82.0,2025-11-13 20:00:00+00:00,11,Regular Season,40.0,BAS,TEL,36.0,3.0,82.0,72.04
E2025,107,local,95.0,37.0,21.0,6.0,1.0,21.0,69.0,37.0,20.0,14.0,12.0,9.0,1.0,22.0,111.0,2025-11-14 16:00:00+00:00,11,Regular Season,40.0,DUB,ZAL,32.0,6.0,111.0,74.8
E2025,107,road,89.0,35.0,21.0,3.0,1.0,21.0,71.0,33.0,19.0,14.0,14.0,12.0,1.0,21.0,93.0,2025-11-14 16:00:00+00:00,11,Regular Season,40.0,ZAL,DUB,38.0,5.0,93.0,77.36
E2025,106,local,74.0,33.0,18.0,7.0,2.0,22.0,55.0,26.0,17.0,13.0,9.0,15.0,2.0,20.0,86.0,2025-11-14 17:00:00+00:00,11,Regular Season,40.0,IST,MUN,29.0,4.0,86.0,68.48
E2025,106,road,72.0,29.0,15.0,6.0,2.0,20.0,61.0,26.0,13.0,11.0,8.0,13.0,2.0,22.0,70.0,2025-11-14 17:00:00+00:00,11,Regular Season,40.0,MUN,IST,35.0,2.0,70.0,71.72
E2025,110,local,88.0,28.0,15.0,10.0,5.0,23.0,60.0,31.0,26.0,18.0,10.0,12.0,5.0,17.0,98.0,2025-11-14 19:00:00+00:00,11,Regular Season,40.0,ASV,PAR,29.0,8.0,98.0,73.44
E2025,110,road,87.0,33.0,16.0,7.0,5.0,17.0,63.0,32.0,13.0,13.0,11.0,17.0,5.0,23.0,89.0,2025-11-14 19:00:00+00:00,11,Regular Season,40.0,PAR,ASV,31.0,0.0,89.0,74.72
E2025,108,local,88.0,32.0,20.0,5.0,1.0,16.0,62.0,34.0,11.0,7.0,11.0,11.0,2.0,19.0,98.0,2025-11-14 19:30:00+00:00,11,Regular Season,40.0,MIL,OLY,28.0,4.0,98.0,66.84
E2025,108,road,87.0,29.0,20.0,3.0,2.0,18.0,62.0,31.0,18.0,15.0,9.0,7.0,1.0,16.0,101.0,2025-11-14 19:30:00+00:00,11,Regular Season,40.0,OLY,MIL,31.0,3.0,101.0,67.92
E2025,109,local,88.0,33.0,20.0,8.0,3.0,17.0,72.0,33.0,11.0,8.0,14.0,9.0,0.0,20.0,98.0,2025-11-14 19:30:00+00:00,11,Regular Season,40.0,BAR,VIR,39.0,3.0,98.0,71.84
E2025,109,road,81.0,36.0,19.0,7.0,0.0,20.0,58.0,30.0,20.0,14.0,11.0,13.0,3.0,18.0,95.0,2025-11-14 19:30:00+00:00,11,Regular Season,40.0,VIR,BAR,28.0,6.0,95.0,68.8
E2025,111,local,52.0,45.0,9.0,8.0,1.0,22.0,61.0,15.0,22.0,20.0,22.0,23.0,1.0,23.0,42.0,2025-11-19 19:00:00+00:00,12,Regular Season,40.0,ASV,MCO,46.0,2.0,42.0,71.68
E2025,111,road,84.0,37.0,18.0,18.0,1.0,23.0,63.0,28.0,28.0,22.0,12.0,10.0,1.0,22.0,107.0,2025-11-19 19:00:00+00:00,12,Regular Season,40.0,MCO,ASV,35.0,6.0,107.0,73.32
E2025,112,local,74.0,36.0,14.0,3.0,1.0,24.0,46.0,23.0,30.0,23.0,11.0,17.0,4.0,19.0,82.0,2025-11-20 17:30:00+00:00,12,Regular Season,40.0,IST,BAR,23.0,7.0,82.0,65.2
E2025,112,road,73.0,32.0,19.0,10.0,4.0,19.0,70.0,28.0,11.0,10.0,16.0,8.0,1.0,24.0,81.0,2025-11-20 17:30:00+00:00,12,Regular Season,40.0,BAR,IST,42.0,1.0,81.0,66.84
E2025,114,local,103.0,36.0,24.0,6.0,4.0,18.0,66.0,40.0,15.0,12.0,9.0,10.0,0.0,19.0,133.0,2025-11-20 19:15:00+00:00,12,Regular Season,40.0,PAN,DUB,26.0,3.0,133.0,73.6
E2025,114,road,82.0,28.0,20.0,6.0,0.0,18.0,65.0,29.0,23.0,20.0,11.0,10.0,4.0,18.0,83.0,2025-11-20 19:15:00+00:00,12,Regular Season,40.0,DUB,PAN,36.0,3.0,83.0,74.12
E2025,113,local,83.0,27.0,21.0,6.0,5.0,22.0,67.0,30.0,20.0,18.0,10.0,8.0,2.0,16.0,99.0,2025-11-20 19:30:00+00:00,12,Regular Season,40.0,MIL,HTA,37.0,2.0,99.0,73.8
E2025,113,road,105.0,37.0,23.0,4.0,2.0,16.0,65.0,41.0,14.0,13.0,8.0,10.0,5.0,22.0,125.0,2025-11-20 19:30:00+00:00,12,Regular Season,40.0,HTA,MIL,24.0,1.0,125.0,73.16
E2025,115,local,100.0,33.0,14.0,9.0,4.0,26.0,63.0,35.0,33.0,28.0,11.0,12.0,1.0,21.0,119.0,2025-11-20 19:45:00+00:00,12,Regular Season,40.0,MAD,ZAL,28.0,5.0,119.0,78.52
E2025,115,road,99.0,24.0,21.0,6.0,1.0,21.0,59.0,35.0,21.0,17.0,3.0,13.0,4.0,27.0,100.0,2025-11-20 19:45:00+00:00,12,Regular Season,40.0,ZAL,MAD,24.0,4.0,100.0,78.24
E2025,117,local,98.0,38.0,24.0,12.0,2.0,26.0,69.0,30.0,31.0,24.0,18.0,12.0,3.0,19.0,120.0,2025-11-21 19:15:00+00:00,12,Regular Season,40.0,OLY,PRS,39.0,7.0,120.0,76.64
E2025,117,road,86.0,39.0,20.0,7.0,3.0,19.0,66.0,31.0,11.0,9.0,14.0,19.0,2.0,27.0,89.0,2025-11-21 19:15:00+00:00,12,Regular Season,40.0,PRS,OLY,35.0,2.0,89.0,75.84
E2025,116,local,95.0,33.0,22.0,4.0,2.0,21.0,59.0,35.0,15.0,13.0,3.0,14.0,1.0,21.0,115.0,2025-11-21 19:30:00+00:00,12,Regular Season,40.0,BAS,MUN,24.0,2.0,115.0,76.6
E2025,116,road,73.0,28.0,14.0,5.0,1.0,21.0,61.0,24.0,18.0,17.0,6.0,14.0,2.0,21.0,67.0,2025-11-21 19:30:00+00:00,12,Regular Season,40.0,MUN,BAS,37.0,1.0,67.0,76.92
E2025,118,local,87.0,28.0,14.0,7.0,3.0,27.0,58.0,29.0,28.0,22.0,7.0,9.0,0.0,25.0,97.0,2025-11-21 19:30:00+00:00,12,Regular Season,40.0,PAR,ULK,29.0,6.0,97.0,72.32
E2025,118,road,99.0,31.0,22.0,4.0,0.0,25.0,62.0,32.0,24.0,20.0,8.0,12.0,3.0,27.0,105.0,2025-11-21 19:30:00+00:00,12,Regular Season,40.0,ULK,PAR,30.0,4.0,105.0,76.56
E2025,120,local,99.0,35.0,27.0,6.0,2.0,20.0,61.0,34.0,21.0,14.0,12.0,13.0,1.0,23.0,118.0,2025-11-21 19:30:00+00:00,12,Regular Season,40.0,VIR,TEL,27.0,7.0,118.0,71.24
E2025,120,road,89.0,39.0,26.0,9.0,1.0,23.0,71.0,28.0,27.0,21.0,21.0,9.0,2.0,20.0,107.0,2025-11-21 19:30:00+00:00,12,Regular Season,40.0,TEL,VIR,43.0,6.0,107.0,70.88
E2025,119,local,76.0,31.0,19.0,13.0,5.0,17.0,64.0,27.0,18.0,12.0,9.0,12.0,2.0,20.0,84.0,2025-11-21 20:00:00+00:00,12,Regular Season,40.0,PAM,RED,37.0,6.0,84.0,74.92
E2025,119,road,73.0,44.0,16.0,7.0,2.0,20.0,62.0,25.0,15.0,13.0,14.0,19.0,5.0,18.0,81.0,2025-11-21 20:00:00+00:00,12,Regular Season,40.0,RED,PAM,37.0,2.0,81.0,73.6
E2025,121,local,90.0,38.0,21.0,5.0,4.0,30.0,58.0,25.0,38.0,30.0,11.0,14.0,2.0,27.0,104.0,2025-11-25 16:00:00+00:00,13,Regular Season,40.0,DUB,PRS,33.0,8.0,104.0,77.72
E2025,121,road,89.0,40.0,19.0,7.0,2.0,27.0,69.0,28.0,30.0,22.0,15.0,10.0,4.0,31.0,90.0,2025-11-25 16:00:00+00:00,13,Regular Season,40.0,PRS,DUB,41.0,8.0,90.0,77.2
E2025,126,local,66.0,37.0,16.0,6.0,3.0,22.0,65.0,22.0,13.0,13.0,12.0,10.0,2.0,19.0,76.0,2025-11-25 17:45:00+00:00,13,Regular Season,40.0,ULK,VIR,43.0,0.0,76.0,68.72
E2025,126,road,64.0,36.0,17.0,6.0,2.0,19.0,53.0,22.0,16.0,12.0,7.0,16.0,3.0,22.0,68.0,2025-11-25 17:45:00+00:00,13,Regular Season,40.0,VIR,ULK,31.0,4.0,68.0,69.03999999999999
E2025,122,local,74.0,30.0,12.0,5.0,4.0,18.0,60.0,27.0,8.0,8.0,4.0,12.0,5.0,20.0,73.0,2025-11-25 18:00:00+00:00,13,Regular Season,40.0,HTA,MAD,33.0,0.0,73.0,71.52000000000001
E2025,122,road,75.0,34.0,13.0,6.0,5.0,20.0,58.0,27.0,16.0,11.0,8.0,14.0,4.0,18.0,81.0,2025-11-25 18:00:00+00:00,13,Regular Season,40.0,MAD,HTA,31.0,5.0,81.0,71.04
E2025,125,local,82.0,32.0,19.0,6.0,3.0,21.0,63.0,30.0,15.0,8.0,8.0,11.0,4.0,17.0,91.0,2025-11-25 18:00:00+00:00,13,Regular Season,40.0,ZAL,BAS,33.0,7.0,91.0,72.6
E2025,125,road,67.0,34.0,15.0,8.0,4.0,17.0,58.0,26.0,13.0,9.0,8.0,16.0,3.0,21.0,69.0,2025-11-25 18:00:00+00:00,13,Regular Season,40.0,BAS,ZAL,32.0,4.0,69.0,71.72
E2025,123,local,91.0,44.0,25.0,5.0,2.0,20.0,62.0,34.0,24.0,16.0,13.0,12.0,2.0,20.0,117.0,2025-11-25 19:15:00+00:00,13,Regular Season,40.0,PAN,PAR,28.0,8.0,117.0,71.56
E2025,123,road,69.0,22.0,14.0,6.0,2.0,20.0,62.0,25.0,16.0,15.0,4.0,7.0,2.0,20.0,66.0,2025-11-25 19:15:00+00:00,13,Regular Season,40.0,PAR,PAN,37.0,1.0,66.0,72.04
E2025,124,local,90.0,48.0,16.0,4.0,3.0,23.0,69.0,31.0,25.0,17.0,17.0,11.0,4.0,15.0,108.0,2025-11-25 19:30:00+00:00,13,Regular Season,40.0,PAM,MUN,38.0,8.0,108.0,74.0
E2025,124,road,64.0,41.0,16.0,8.0,4.0,15.0,69.0,23.0,16.0,12.0,15.0,13.0,3.0,24.0,58.0,2025-11-25 19:30:00+00:00,13,Regular Season,40.0,MUN,PAM,46.0,4.0,58.0,74.04
E2025,130,local,88.0,26.0,17.0,3.0,3.0,19.0,61.0,30.0,17.0,14.0,7.0,12.0,2.0,24.0,84.0,2025-11-26 17:00:00+00:00,13,Regular Season,40.0,TEL,MIL,31.0,3.0,84.0,73.48
E2025,130,road,102.0,35.0,22.0,5.0,2.0,24.0,63.0,33.0,24.0,23.0,11.0,10.0,3.0,19.0,127.0,2025-11-26 17:00:00+00:00,13,Regular Season,40.0,MIL,TEL,30.0,1.0,127.0,72.56
E2025,127,local,102.0,33.0,28.0,15.0,0.0,31.0,63.0,33.0,33.0,31.0,13.0,9.0,0.0,18.0,150.0,2025-11-26 18:30:00+00:00,13,Regular Season,40.0,MCO,IST,30.0,2.0,150.0,73.52
E2025,127,road,66.0,21.0,15.0,3.0,0.0,18.0,50.0,25.0,11.0,7.0,4.0,23.0,0.0,31.0,40.0,2025-11-26 18:30:00+00:00,13,Regular Season,40.0,IST,MCO,25.0,4.0,40.0,73.84
E2025,128,local,91.0,35.0,20.0,12.0,0.0,16.0,66.0,32.0,15.0,12.0,13.0,11.0,2.0,19.0,105.0,2025-11-26 18:30:00+00:00,13,Regular Season,40.0,RED,OLY,34.0,3.0,105.0,70.6
E2025,128,road,80.0,34.0,20.0,7.0,2.0,18.0,61.0,28.0,15.0,11.0,12.0,17.0,0.0,16.0,91.0,2025-11-26 18:30:00+00:00,13,Regular Season,40.0,OLY,RED,33.0,4.0,91.0,72.6
E2025,129,local,88.0,40.0,21.0,10.0,1.0,28.0,69.0,31.0,24.0,19.0,19.0,11.0,3.0,23.0,108.0,2025-11-26 19:30:00+00:00,13,Regular Season,40.0,BAR,ASV,38.0,5.0,108.0,71.56
E2025,129,road,78.0,31.0,14.0,8.0,3.0,22.0,54.0,24.0,33.0,26.0,12.0,17.0,1.0,29.0,72.0,2025-11-26 19:30:00+00:00,13,Regular Season,40.0,ASV,BAR,30.0,7.0,72.0,73.52
E2025,136,local,75.0,30.0,20.0,7.0,1.0,19.0,65.0,28.0,11.0,9.0,12.0,14.0,5.0,20.0,74.0,2025-12-04 17:15:00+00:00,14,Regular Season,40.0,IST,MAD,37.0,2.0,74.0,71.84
E2025,136,road,81.0,32.0,18.0,6.0,5.0,19.0,54.0,29.0,15.0,12.0,7.0,14.0,1.0,20.0,98.0,2025-12-04 17:15:00+00:00,14,Regular Season,40.0,MAD,IST,25.0,3.0,98.0,67.6
E2025,135,local,65.0,53.0,12.0,6.0,3.0,25.0,75.0,21.0,25.0,18.0,20.0,12.0,8.0,21.0,62.0,2025-12-04 18:00:00+00:00,14,Regular Season,40.0,ZAL,TEL,54.0,7.0,62.0,78.0
E2025,135,road,83.0,48.0,17.0,9.0,8.0,21.0,72.0,29.0,24.0,17.0,13.0,11.0,3.0,25.0,97.0,2025-12-04 18:00:00+00:00,14,Regular Season,40.0,TEL,ZAL,43.0,7.0,97.0,80.56
E2025,131,local,125.0,35.0,30.0,9.0,4.0,21.0,65.0,42.0,28.0,24.0,8.0,15.0,2.0,21.0,159.0,2025-12-04 18:30:00+00:00,14,Regular Season,40.0,MCO,PRS,23.0,4.0,159.0,84.32
E2025,131,road,104.0,31.0,9.0,10.0,2.0,21.0,77.0,40.0,17.0,10.0,13.0,15.0,4.0,21.0,93.0,2025-12-04 18:30:00+00:00,14,Regular Season,40.0,PRS,MCO,37.0,7.0,93.0,86.48
E2025,133,local,87.0,36.0,19.0,10.0,0.0,22.0,69.0,33.0,20.0,16.0,7.0,10.0,6.0,15.0,103.0,2025-12-04 19:05:00+00:00,14,Regular Season,40.0,HTA,ASV,36.0,4.0,103.0,80.8
E2025,133,road,80.0,38.0,20.0,5.0,6.0,15.0,66.0,29.0,13.0,13.0,7.0,16.0,0.0,23.0,88.0,2025-12-04 19:05:00+00:00,14,Regular Season,40.0,ASV,HTA,37.0,0.0,88.0,80.72
E2025,132,local,92.0,38.0,19.0,6.0,2.0,23.0,75.0,35.0,23.0,14.0,14.0,6.0,3.0,18.0,104.0,2025-12-04 19:45:00+00:00,14,Regular Season,40.0,PAR,MUN,40.0,9.0,104.0,77.12
E2025,132,road,85.0,39.0,16.0,3.0,3.0,18.0,59.0,27.0,19.0,18.0,7.0,17.0,2.0,24.0,88.0,2025-12-04 19:45:00+00:00,14,Regular Season,40.0,MUN,PAR,32.0,1.0,88.0,77.36
E2025,137,local,79.0,38.0,14.0,5.0,1.0,26.0,65.0,26.0,30.0,23.0,17.0,14.0,3.0,18.0,82.0,2025-12-05 19:00:00+00:00,14,Regular Season,40.0,RED,BAR,39.0,7.0,82.0,75.2
E2025,137,road,89.0,35.0,20.0,11.0,3.0,17.0,68.0,33.0,14.0,13.0,12.0,16.0,1.0,26.0,96.0,2025-12-05 19:00:00+00:00,14,Regular Season,40.0,BAR,RED,35.0,1.0,96.0,78.16
E2025,139,local,79.0,34.0,21.0,9.0,0.0,24.0,62.0,27.0,22.0,17.0,8.0,17.0,1.0,20.0,89.0,2025-12-05 19:15:00+00:00,14,Regular Season,40.0,PAN,PAM,35.0,5.0,89.0,80.68
E2025,139,road,89.0,41.0,22.0,7.0,1.0,20.0,71.0,32.0,13.0,11.0,13.0,19.0,0.0,24.0,96.0,2025-12-05 19:15:00+00:00,14,Regular Season,40.0,PAM,PAN,39.0,2.0,96.0,82.72
E2025,138,local,88.0,36.0,19.0,10.0,1.0,18.0,71.0,33.0,16.0,11.0,11.0,12.0,1.0,23.0,93.0,2025-12-05 19:30:00+00:00,14,Regular Season,40.0,BAS,MIL,38.0,5.0,93.0,79.04
E2025,138,road,78.0,35.0,13.0,3.0,1.0,23.0,60.0,28.0,23.0,17.0,10.0,17.0,1.0,18.0,79.0,2025-12-05 19:30:00+00:00,14,Regular Season,40.0,MIL,BAS,32.0,6.0,79.0,77.12
E2025,140,local,79.0,30.0,15.0,11.0,2.0,20.0,62.0,28.0,15.0,12.0,7.0,10.0,3.0,21.0,86.0,2025-12-05 19:30:00+00:00,14,Regular Season,40.0,VIR,DUB,34.0,3.0,86.0,71.6
E2025,140,road,78.0,39.0,18.0,6.0,3.0,21.0,61.0,27.0,21.0,15.0,12.0,13.0,2.0,20.0,90.0,2025-12-05 19:30:00+00:00,14,Regular Season,40.0,DUB,VIR,34.0,6.0,90.0,71.24
E2025,141,local,92.0,46.0,17.0,5.0,5.0,24.0,67.0,32.0,28.0,21.0,14.0,11.0,2.0,18.0,116.0,2025-12-11 19:05:00+00:00,15,Regular Season,40.0,TEL,ASV,35.0,7.0,116.0,76.32
E2025,141,road,84.0,33.0,17.0,6.0,2.0,18.0,75.0,33.0,11.0,8.0,10.0,8.0,5.0,24.0,78.0,2025-12-11 19:05:00+00:00,15,Regular Season,40.0,ASV,TEL,42.0,3.0,78.0,77.84
E2025,143,local,96.0,29.0,20.0,4.0,3.0,23.0,54.0,29.0,28.0,21.0,9.0,12.0,2.0,18.0,111.0,2025-12-11 19:30:00+00:00,15,Regular Season,40.0,MIL,PAN,25.0,7.0,111.0,69.32
E2025,143,road,89.0,34.0,19.0,8.0,2.0,18.0,69.0,34.0,14.0,12.0,15.0,11.0,3.0,23.0,96.0,2025-12-11 19:30:00+00:00,15,Regular Season,40.0,PAN,MIL,35.0,2.0,96.0,71.16
E2025,146,local,94.0,33.0,25.0,6.0,4.0,19.0,63.0,32.0,22.0,16.0,10.0,10.0,1.0,17.0,116.0,2025-12-11 19:30:00+00:00,15,Regular Season,40.0,PAM,IST,31.0,6.0,116.0,72.68
E2025,146,road,82.0,34.0,15.0,7.0,1.0,17.0,61.0,30.0,17.0,13.0,10.0,14.0,4.0,19.0,84.0,2025-12-11 19:30:00+00:00,15,Regular Season,40.0,IST,PAM,31.0,4.0,84.0,72.48
E2025,144,local,105.0,34.0,21.0,6.0,1.0,18.0,78.0,38.0,18.0,15.0,13.0,8.0,6.0,23.0,105.0,2025-12-11 19:45:00+00:00,15,Regular Season,40.0,PRS,ZAL,40.0,3.0,105.0,80.92
E2025,144,road,108.0,39.0,27.0,4.0,6.0,23.0,70.0,41.0,24.0,16.0,12.0,13.0,1.0,18.0,138.0,2025-12-11 19:45:00+00:00,15,Regular Season,40.0,ZAL,PRS,29.0,8.0,138.0,81.56
E2025,145,local,94.0,40.0,16.0,5.0,6.0,25.0,60.0,29.0,31.0,28.0,11.0,15.0,2.0,21.0,114.0,2025-12-11 20:00:00+00:00,15,Regular Season,40.0,MAD,BAS,31.0,3.0,114.0,77.64
E2025,145,road,87.0,29.0,20.0,3.0,2.0,21.0,66.0,33.0,15.0,9.0,8.0,9.0,6.0,25.0,83.0,2025-12-11 20:00:00+00:00,15,Regular Season,40.0,BAS,MAD,33.0,6.0,83.0,73.6
E2025,142,local,89.0,38.0,18.0,9.0,5.0,24.0,64.0,31.0,23.0,21.0,14.0,13.0,5.0,20.0,110.0,2025-12-12 16:00:00+00:00,15,Regular Season,40.0,DUB,MUN,33.0,2.0,110.0,73.12
E2025,142,road,88.0,30.0,22.0,5.0,5.0,19.0,62.0,30.0,22.0,16.0,11.0,15.0,5.0,24.0,87.0,2025-12-12 16:00:00+00:00,15,Regular Season,40.0,MUN,DUB,32.0,6.0,87.0,75.68
E2025,147,local,86.0,30.0,18.0,7.0,0.0,26.0,64.0,26.0,32.0,27.0,9.0,11.0,2.0,24.0,87.0,2025-12-12 18:30:00+00:00,15,Regular Season,40.0,MCO,ULK,38.0,5.0,87.0,80.08
E2025,147,road,92.0,52.0,16.0,6.0,2.0,22.0,76.0,35.0,24.0,15.0,22.0,16.0,0.0,27.0,97.0,2025-12-12 18:30:00+00:00,15,Regular Season,40.0,ULK,MCO,41.0,9.0,97.0,80.56
E2025,148,local,98.0,38.0,17.0,9.0,3.0,19.0,70.0,34.0,21.0,17.0,19.0,9.0,3.0,24.0,108.0,2025-12-12 19:30:00+00:00,15,Regular Season,40.0,BAR,OLY,36.0,4.0,108.0,69.24
E2025,148,road,85.0,28.0,21.0,3.0,3.0,24.0,57.0,29.0,22.0,20.0,9.0,12.0,3.0,19.0,100.0,2025-12-12 19:30:00+00:00,15,Regular Season,40.0,OLY,BAR,28.0,2.0,100.0,69.68
E2025,149,local,79.0,37.0,14.0,9.0,0.0,21.0,66.0,30.0,17.0,15.0,12.0,12.0,3.0,19.0,88.0,2025-12-12 19:30:00+00:00,15,Regular Season,40.0,PAR,RED,36.0,2.0,88.0,73.48
E2025,149,road,76.0,35.0,18.0,5.0,3.0,19.0,62.0,26.0,19.0,13.0,11.0,14.0,0.0,21.0,79.0,2025-12-12 19:30:00+00:00,15,Regular Season,40.0,RED,PAR,36.0,6.0,79.0,73.36
E2025,150,local,74.0,35.0,23.0,4.0,4.0,16.0,61.0,28.0,10.0,7.0,13.0,18.0,1.0,22.0,79.0,2025-12-12 19:30:00+00:00,15,Regular Season,40.0,VIR,HTA,33.0,3.0,79.0,70.4
E2025,150,road,79.0,31.0,13.0,11.0,1.0,22.0,61.0,32.0,10.0,7.0,9.0,13.0,4.0,16.0,92.0,2025-12-12 19:30:00+00:00,15,Regular Season,40.0,HTA,VIR,29.0,3.0,92.0,69.4
E2025,151,local,95.0,28.0,22.0,6.0,5.0,21.0,61.0,32.0,26.0,21.0,4.0,7.0,0.0,19.0,117.0,2025-12-16 16:00:00+00:00,16,Regular Season,40.0,DUB,TEL,29.0,5.0,117.0,75.44
E2025,151,road,97.0,35.0,22.0,3.0,0.0,18.0,70.0,38.0,11.0,8.0,10.0,11.0,5.0,22.0,102.0,2025-12-16 16:00:00+00:00,16,Regular Season,40.0,TEL,DUB,32.0,3.0,102.0,75.84
E2025,153,local,77.0,35.0,14.0,6.0,1.0,17.0,54.0,26.0,20.0,17.0,11.0,22.0,1.0,21.0,75.0,2025-12-16 17:45:00+00:00,16,Regular Season,40.0,ULK,PAN,28.0,3.0,75.0,73.8
E2025,153,road,81.0,31.0,16.0,13.0,1.0,21.0,65.0,26.0,25.0,22.0,13.0,15.0,1.0,17.0,88.0,2025-12-16 17:45:00+00:00,16,Regular Season,40.0,PAN,ULK,39.0,3.0,88.0,78.0
E2025,154,local,84.0,37.0,21.0,8.0,7.0,23.0,62.0,29.0,19.0,14.0,11.0,12.0,1.0,19.0,110.0,2025-12-16 19:05:00+00:00,16,Regular Season,40.0,HTA,RED,33.0,5.0,110.0,71.36
E2025,154,road,78.0,36.0,11.0,6.0,1.0,19.0,64.0,28.0,18.0,15.0,12.0,13.0,7.0,23.0,69.0,2025-12-16 19:05:00+00:00,16,Regular Season,40.0,RED,HTA,36.0,3.0,69.0,72.92
E2025,155,local,92.0,29.0,22.0,6.0,3.0,22.0,63.0,32.0,22.0,16.0,14.0,10.0,1.0,17.0,109.0,2025-12-16 19:15:00+00:00,16,Regular Season,40.0,OLY,PAM,31.0,6.0,109.0,68.68
E2025,155,road,99.0,36.0,29.0,7.0,1.0,17.0,69.0,35.0,16.0,13.0,18.0,13.0,3.0,22.0,114.0,2025-12-16 19:15:00+00:00,16,Regular Season,40.0,PAM,OLY,34.0,3.0,114.0,71.04
E2025,152,local,89.0,29.0,14.0,6.0,6.0,19.0,56.0,28.0,22.0,19.0,4.0,11.0,6.0,23.0,92.0,2025-12-16 19:30:00+00:00,16,Regular Season,40.0,MIL,MAD,28.0,3.0,92.0,72.68
E2025,152,road,82.0,43.0,12.0,5.0,6.0,23.0,71.0,26.0,26.0,21.0,19.0,9.0,6.0,20.0,86.0,2025-12-16 19:30:00+00:00,16,Regular Season,40.0,MAD,MIL,45.0,5.0,86.0,72.44
E2025,156,local,69.0,34.0,12.0,4.0,4.0,19.0,66.0,28.0,14.0,7.0,13.0,13.0,2.0,22.0,60.0,2025-12-16 20:00:00+00:00,16,Regular Season,40.0,PRS,BAR,38.0,7.0,60.0,72.16
E2025,156,road,85.0,40.0,18.0,4.0,2.0,22.0,64.0,31.0,18.0,16.0,11.0,13.0,4.0,19.0,100.0,2025-12-16 20:00:00+00:00,16,Regular Season,40.0,BAR,PRS,33.0,2.0,100.0,73.92
E2025,160,local,64.0,34.0,16.0,3.0,2.0,20.0,60.0,23.0,15.0,11.0,8.0,9.0,2.0,20.0,67.0,2025-12-17 18:00:00+00:00,16,Regular Season,40.0,ZAL,IST,37.0,4.0,67.0,67.6
E2025,160,road,87.0,35.0,22.0,9.0,2.0,20.0,59.0,28.0,26.0,20.0,7.0,6.0,2.0,20.0,110.0,2025-12-17 18:00:00+00:00,16,Regular Season,40.0,IST,ZAL,31.0,6.0,110.0,69.44
E2025,158,local,76.0,34.0,18.0,9.0,5.0,19.0,60.0,29.0,17.0,9.0,8.0,16.0,2.0,18.0,86.0,2025-12-17 19:00:00+00:00,16,Regular Season,40.0,ASV,MUN,31.0,8.0,86.0,75.48
E2025,158,road,74.0,32.0,20.0,8.0,2.0,18.0,60.0,27.0,11.0,10.0,7.0,16.0,5.0,20.0,79.0,2025-12-17 19:00:00+00:00,16,Regular Season,40.0,MUN,ASV,33.0,1.0,79.0,73.84
E2025,157,local,85.0,40.0,18.0,6.0,6.0,24.0,57.0,27.0,27.0,19.0,8.0,15.0,4.0,25.0,97.0,2025-12-17 19:30:00+00:00,16,Regular Season,40.0,BAS,MCO,30.0,8.0,97.0,75.88
E2025,157,road,73.0,38.0,12.0,9.0,4.0,25.0,71.0,24.0,23.0,21.0,14.0,10.0,6.0,26.0,70.0,2025-12-17 19:30:00+00:00,16,Regular Season,40.0,MCO,BAS,47.0,2.0,70.0,77.12
E2025,159,local,68.0,33.0,15.0,5.0,6.0,17.0,61.0,28.0,5.0,4.0,6.0,20.0,1.0,21.0,68.0,2025-12-17 19:30:00+00:00,16,Regular Season,40.0,PAR,VIR,33.0,1.0,68.0,77.2
E2025,159,road,86.0,37.0,22.0,12.0,1.0,21.0,68.0,33.0,16.0,9.0,11.0,12.0,6.0,17.0,102.0,2025-12-17 19:30:00+00:00,16,Regular Season,40.0,VIR,PAR,35.0,7.0,102.0,76.04
E2025,162,local,85.0,32.0,14.0,8.0,3.0,21.0,63.0,28.0,26.0,22.0,8.0,10.0,3.0,14.0,97.0,2025-12-18 19:05:00+00:00,17,Regular Season,40.0,TEL,PAM,35.0,4.0,97.0,76.44
E2025,162,road,82.0,46.0,20.0,6.0,3.0,14.0,73.0,30.0,17.0,12.0,18.0,14.0,3.0,21.0,85.0,2025-12-18 19:05:00+00:00,17,Regular Season,40.0,PAM,TEL,43.0,5.0,85.0,76.48
E2025,163,local,93.0,31.0,17.0,3.0,2.0,21.0,70.0,32.0,23.0,22.0,8.0,4.0,1.0,20.0,103.0,2025-12-18 19:15:00+00:00,17,Regular Season,40.0,PAN,HTA,38.0,1.0,103.0,76.12
E2025,163,road,82.0,40.0,18.0,1.0,1.0,20.0,64.0,32.0,20.0,9.0,13.0,13.0,2.0,22.0,82.0,2025-12-18 19:15:00+00:00,17,Regular Season,40.0,HTA,PAN,32.0,11.0,82.0,72.8
E2025,161,local,72.0,36.0,11.0,4.0,2.0,24.0,62.0,23.0,19.0,18.0,12.0,13.0,2.0,15.0,79.0,2025-12-18 19:30:00+00:00,17,Regular Season,40.0,MIL,ULK,39.0,1.0,79.0,71.36
E2025,161,road,87.0,36.0,18.0,6.0,2.0,15.0,65.0,33.0,10.0,9.0,8.0,11.0,2.0,24.0,94.0,2025-12-18 19:30:00+00:00,17,Regular Season,40.0,ULK,MIL,32.0,1.0,94.0,72.4
E2025,164,local,95.0,41.0,23.0,9.0,8.0,20.0,74.0,37.0,14.0,9.0,15.0,11.0,3.0,15.0,125.0,2025-12-18 19:45:00+00:00,17,Regular Season,40.0,MAD,PRS,37.0,5.0,125.0,76.16
E2025,164,road,90.0,38.0,18.0,6.0,3.0,15.0,76.0,35.0,8.0,5.0,14.0,12.0,8.0,20.0,86.0,2025-12-18 19:45:00+00:00,17,Regular Season,40.0,PRS,MAD,41.0,3.0,86.0,77.52
E2025,165,local,76.0,34.0,12.0,4.0,2.0,20.0,62.0,27.0,19.0,14.0,11.0,10.0,3.0,24.0,71.0,2025-12-19 17:30:00+00:00,17,Regular Season,40.0,IST,DUB,35.0,5.0,71.0,69.36
E2025,165,road,80.0,37.0,22.0,6.0,3.0,22.0,63.0,28.0,26.0,21.0,12.0,8.0,2.0,20.0,100.0,2025-12-19 17:30:00+00:00,17,Regular Season,40.0,DUB,IST,35.0,5.0,100.0,70.44
E2025,170,local,109.0,41.0,26.0,4.0,2.0,19.0,68.0,43.0,19.0,14.0,15.0,15.0,2.0,20.0,134.0,2025-12-19 18:00:00+00:00,17,Regular Season,40.0,ZAL,PAR,25.0,5.0,134.0,76.36
E2025,170,road,68.0,18.0,17.0,5.0,2.0,20.0,59.0,27.0,14.0,9.0,7.0,15.0,2.0,21.0,55.0,2025-12-19 18:00:00+00:00,17,Regular Season,40.0,PAR,ZAL,32.0,5.0,55.0,73.16
E2025,166,local,103.0,41.0,24.0,5.0,5.0,26.0,62.0,38.0,22.0,19.0,10.0,12.0,1.0,17.0,147.0,2025-12-19 18:30:00+00:00,17,Regular Season,40.0,MCO,MUN,24.0,3.0,147.0,73.68
E2025,166,road,77.0,25.0,13.0,5.0,1.0,16.0,71.0,31.0,8.0,6.0,11.0,13.0,5.0,26.0,51.0,2025-12-19 18:30:00+00:00,17,Regular Season,40.0,MUN,MCO,40.0,2.0,51.0,76.52
E2025,169,local,107.0,29.0,25.0,9.0,4.0,25.0,66.0,38.0,24.0,19.0,11.0,9.0,5.0,14.0,138.0,2025-12-19 19:15:00+00:00,17,Regular Season,40.0,OLY,ASV,28.0,5.0,138.0,74.56
E2025,169,road,84.0,30.0,20.0,5.0,5.0,14.0,63.0,34.0,9.0,7.0,10.0,16.0,4.0,25.0,82.0,2025-12-19 19:15:00+00:00,17,Regular Season,40.0,ASV,OLY,29.0,2.0,82.0,72.96
E2025,168,local,134.0,44.0,18.0,8.0,3.0,31.0,89.0,45.0,38.0,32.0,15.0,11.0,3.0,22.0,152.0,2025-12-19 19:30:00+00:00,17,Regular Season,55.0,BAR,BAS,44.0,6.0,152.0,101.72
E2025,168,road,124.0,41.0,23.0,4.0,3.0,22.0,84.0,44.0,24.0,21.0,11.0,16.0,3.0,32.0,123.0,2025-12-19 19:30:00+00:00,17,Regular Season,55.0,BAS,BAR,40.0,3.0,123.0,99.56
E2025,167,local,90.0,33.0,18.0,7.0,2.0,22.0,68.0,34.0,23.0,13.0,13.0,10.0,2.0,20.0,96.0,2025-12-19 19:45:00+00:00,17,Regular Season,40.0,RED,VIR,34.0,10.0,96.0,75.12
E2025,167,road,89.0,27.0,22.0,8.0,2.0,20.0,51.0,29.0,23.0,19.0,4.0,17.0,2.0,22.0,101.0,2025-12-19 19:45:00+00:00,17,Regular Season,40.0,VIR,RED,22.0,4.0,101.0,74.12
E2025,177,local,99.0,39.0,15.0,5.0,1.0,23.0,66.0,33.0,31.0,25.0,9.0,6.0,2.0,23.0,112.0,2025-12-23 16:00:00+00:00,18,Regular Season,40.0,DUB,MIL,33.0,6.0,112.0,76.64
E2025,177,road,92.0,33.0,20.0,4.0,2.0,23.0,67.0,31.0,24.0,17.0,8.0,6.0,1.0,23.0,101.0,2025-12-23 16:00:00+00:00,18,Regular Season,40.0,MIL,DUB,36.0,7.0,101.0,75.56
E2025,172,local,72.0,39.0,12.0,6.0,3.0,18.0,55.0,24.0,24.0,18.0,12.0,15.0,2.0,16.0,80.0,2025-12-23 17:45:00+00:00,18,Regular Season,40.0,ULK,BAR,31.0,6.0,80.0,68.56
E2025,172,road,71.0,32.0,17.0,9.0,2.0,15.0,67.0,28.0,4.0,4.0,10.0,10.0,3.0,18.0,76.0,2025-12-23 17:45:00+00:00,18,Regular Season,40.0,BAR,ULK,39.0,0.0,76.0,68.76
E2025,176,local,85.0,33.0,19.0,6.0,3.0,17.0,72.0,34.0,15.0,10.0,12.0,9.0,3.0,20.0,88.0,2025-12-23 18:00:00+00:00,18,Regular Season,40.0,ZAL,PAN,38.0,5.0,88.0,75.6
E2025,176,road,92.0,35.0,24.0,6.0,3.0,20.0,64.0,36.0,10.0,7.0,5.0,11.0,3.0,17.0,118.0,2025-12-23 18:00:00+00:00,18,Regular Season,40.0,PAN,ZAL,28.0,3.0,118.0,74.4
E2025,171,local,72.0,31.0,16.0,7.0,3.0,21.0,61.0,28.0,16.0,9.0,11.0,14.0,2.0,19.0,75.0,2025-12-23 18:30:00+00:00,18,Regular Season,40.0,MUN,HTA,33.0,7.0,75.0,71.04
E2025,171,road,82.0,37.0,10.0,8.0,2.0,19.0,61.0,30.0,20.0,16.0,12.0,14.0,3.0,21.0,85.0,2025-12-23 18:30:00+00:00,18,Regular Season,40.0,HTA,MUN,31.0,4.0,85.0,71.8
E2025,175,local,91.0,34.0,18.0,6.0,1.0,19.0,63.0,29.0,23.0,20.0,11.0,17.0,4.0,23.0,88.0,2025-12-23 19:00:00+00:00,18,Regular Season,40.0,PAM,BAS,34.0,3.0,88.0,79.12
E2025,175,road,81.0,33.0,16.0,7.0,4.0,23.0,61.0,28.0,20.0,18.0,10.0,22.0,1.0,20.0,86.0,2025-12-23 19:00:00+00:00,18,Regular Season,40.0,BAS,PAM,33.0,2.0,86.0,81.8
E2025,173,local,103.0,36.0,21.0,8.0,3.0,28.0,74.0,39.0,26.0,18.0,10.0,12.0,3.0,24.0,117.0,2025-12-23 19:45:00+00:00,18,Regular Season,50.0,ASV,IST,35.0,8.0,117.0,87.44
E2025,173,road,99.0,37.0,16.0,5.0,3.0,24.0,68.0,33.0,29.0,23.0,11.0,15.0,3.0,28.0,97.0,2025-12-23 19:45:00+00:00,18,Regular Season,50.0,IST,ASV,35.0,6.0,97.0,84.76
E2025,174,local,102.0,32.0,23.0,10.0,6.0,20.0,69.0,33.0,24.0,20.0,10.0,11.0,0.0,19.0,123.0,2025-12-23 19:45:00+00:00,18,Regular Season,40.0,PRS,RED,36.0,4.0,123.0,80.56
E2025,174,road,92.0,35.0,23.0,7.0,0.0,18.0,63.0,32.0,18.0,13.0,10.0,19.0,6.0,20.0,94.0,2025-12-23 19:45:00+00:00,18,Regular Season,40.0,RED,PRS,31.0,5.0,94.0,79.92
E2025,179,local,87.0,27.0,22.0,4.0,1.0,20.0,64.0,30.0,18.0,14.0,8.0,14.0,2.0,19.0,88.0,2025-12-26 17:00:00+00:00,18,Regular Season,40.0,PAR,TEL,34.0,4.0,88.0,77.92
E2025,179,road,112.0,45.0,29.0,11.0,2.0,19.0,76.0,43.0,13.0,11.0,16.0,10.0,1.0,20.0,152.0,2025-12-26 17:00:00+00:00,18,Regular Season,40.0,TEL,PAR,33.0,2.0,152.0,75.72
E2025,178,local,100.0,40.0,17.0,9.0,5.0,22.0,74.0,37.0,20.0,17.0,17.0,13.0,2.0,23.0,115.0,2025-12-26 18:30:00+00:00,18,Regular Season,40.0,MCO,MAD,37.0,3.0,115.0,78.8
E2025,178,road,95.0,33.0,18.0,9.0,2.0,21.0,67.0,32.0,22.0,18.0,13.0,12.0,5.0,23.0,99.0,2025-12-26 18:30:00+00:00,18,Regular Season,40.0,MAD,MCO,35.0,4.0,99.0,75.68
E2025,180,local,94.0,19.0,22.0,12.0,0.0,24.0,62.0,32.0,25.0,19.0,6.0,7.0,4.0,26.0,98.0,2025-12-26 19:30:00+00:00,18,Regular Season,40.0,VIR,OLY,30.0,6.0,98.0,74.0
E2025,180,road,97.0,40.0,19.0,2.0,4.0,26.0,59.0,31.0,24.0,21.0,14.0,18.0,0.0,24.0,115.0,2025-12-26 19:30:00+00:00,18,Regular Season,40.0,OLY,VIR,28.0,3.0,115.0,73.56
E2025,182,local,80.0,21.0,20.0,6.0,3.0,19.0,63.0,31.0,12.0,9.0,3.0,5.0,1.0,18.0,90.0,2025-12-30 19:05:00+00:00,19,Regular Season,40.0,HTA,ZAL,32.0,3.0,90.0,70.28
E2025,182,road,93.0,40.0,17.0,2.0,1.0,17.0,66.0,36.0,16.0,13.0,11.0,10.0,3.0,19.0,105.0,2025-12-30 19:05:00+00:00,19,Regular Season,40.0,ZAL,HTA,30.0,3.0,105.0,72.04
E2025,183,local,94.0,50.0,22.0,6.0,2.0,26.0,76.0,33.0,26.0,17.0,23.0,16.0,2.0,27.0,103.0,2025-12-30 19:15:00+00:00,19,Regular Season,40.0,ASV,PRS,43.0,9.0,103.0,80.44
E2025,183,road,89.0,38.0,21.0,8.0,2.0,27.0,65.0,25.0,36.0,27.0,15.0,14.0,2.0,26.0,94.0,2025-12-30 19:15:00+00:00,19,Regular Season,40.0,PRS,ASV,40.0,9.0,94.0,79.84
E2025,181,local,74.0,31.0,14.0,4.0,0.0,20.0,64.0,29.0,12.0,10.0,9.0,10.0,4.0,20.0,72.0,2025-12-30 19:30:00+00:00,19,Regular Season,40.0,BAR,MCO,35.0,2.0,72.0,70.28
E2025,181,road,90.0,38.0,19.0,7.0,4.0,20.0,68.0,34.0,16.0,13.0,13.0,11.0,0.0,20.0,110.0,2025-12-30 19:30:00+00:00,19,Regular Season,40.0,MCO,BAR,34.0,3.0,110.0,73.04
E2025,184,local,86.0,39.0,18.0,9.0,2.0,23.0,66.0,28.0,22.0,16.0,14.0,10.0,3.0,15.0,105.0,2025-12-30 19:30:00+00:00,19,Regular Season,40.0,PAM,PAR,38.0,6.0,105.0,71.68
E2025,184,road,73.0,32.0,20.0,7.0,3.0,15.0,59.0,28.0,11.0,8.0,7.0,14.0,2.0,23.0,77.0,2025-12-30 19:30:00+00:00,19,Regular Season,40.0,PAR,PAM,31.0,3.0,77.0,70.84
E2025,185,local,65.0,22.0,17.0,15.0,1.0,16.0,59.0,24.0,15.0,13.0,5.0,19.0,2.0,18.0,60.0,2026-01-02 17:00:00+00:00,19,Regular Season,40.0,IST,RED,35.0,2.0,60.0,79.6
E2025,185,road,87.0,36.0,28.0,8.0,2.0,18.0,57.0,34.0,11.0,10.0,6.0,23.0,1.0,16.0,115.0,2026-01-02 17:00:00+00:00,19,Regular Season,40.0,RED,IST,23.0,1.0,115.0,78.84
E2025,186,local,93.0,40.0,13.0,2.0,1.0,26.0,70.0,30.0,30.0,23.0,17.0,10.0,3.0,22.0,93.0,2026-01-02 19:00:00+00:00,19,Regular Season,40.0,BAS,ULK,40.0,7.0,93.0,76.2
E2025,186,road,108.0,39.0,16.0,4.0,3.0,21.0,72.0,38.0,22.0,19.0,12.0,4.0,1.0,28.0,121.0,2026-01-02 19:00:00+00:00,19,Regular Season,40.0,ULK,BAS,34.0,3.0,121.0,73.68
E2025,188,local,82.0,33.0,15.0,5.0,2.0,18.0,65.0,29.0,18.0,17.0,12.0,11.0,4.0,25.0,78.0,2026-01-02 19:15:00+00:00,19,Regular Season,40.0,PAN,OLY,36.0,1.0,78.0,71.92
E2025,188,road,87.0,39.0,21.0,4.0,4.0,24.0,61.0,28.0,28.0,21.0,15.0,13.0,2.0,18.0,106.0,2026-01-02 19:15:00+00:00,19,Regular Season,40.0,OLY,PAN,33.0,7.0,106.0,71.32
E2025,190,local,97.0,30.0,20.0,8.0,3.0,21.0,65.0,37.0,12.0,11.0,10.0,16.0,3.0,24.0,107.0,2026-01-02 19:30:00+00:00,19,Regular Season,40.0,VIR,MIL,28.0,1.0,107.0,76.28
E2025,190,road,85.0,32.0,16.0,10.0,3.0,24.0,64.0,30.0,22.0,19.0,13.0,16.0,3.0,22.0,92.0,2026-01-02 19:30:00+00:00,19,Regular Season,40.0,MIL,VIR,34.0,3.0,92.0,76.68
E2025,189,local,107.0,33.0,20.0,7.0,7.0,23.0,65.0,38.0,24.0,22.0,14.0,10.0,3.0,19.0,136.0,2026-01-02 19:45:00+00:00,19,Regular Season,40.0,MAD,DUB,27.0,2.0,136.0,71.56
E2025,189,road,93.0,23.0,17.0,4.0,3.0,18.0,61.0,30.0,24.0,23.0,8.0,9.0,7.0,24.0,86.0,2026-01-02 19:45:00+00:00,19,Regular Season,40.0,DUB,MAD,31.0,1.0,86.0,72.56
E2025,187,local,95.0,35.0,25.0,8.0,1.0,19.0,64.0,34.0,24.0,19.0,10.0,10.0,2.0,27.0,109.0,2026-01-02 20:00:00+00:00,19,Regular Season,40.0,MUN,TEL,30.0,5.0,109.0,74.56
E2025,187,road,71.0,30.0,15.0,3.0,2.0,27.0,53.0,21.0,27.0,23.0,8.0,17.0,1.0,20.0,74.0,2026-01-02 20:00:00+00:00,19,Regular Season,40.0,TEL,MUN,32.0,4.0,74.0,73.88
E2025,194,local,88.0,37.0,17.0,5.0,3.0,17.0,70.0,36.0,9.0,6.0,14.0,8.0,1.0,22.0,99.0,2026-01-06 17:45:00+00:00,20,Regular Season,40.0,ULK,OLY,34.0,3.0,99.0,67.96
E2025,194,road,80.0,34.0,19.0,2.0,1.0,22.0,64.0,28.0,22.0,19.0,12.0,8.0,3.0,17.0,91.0,2026-01-06 17:45:00+00:00,20,Regular Season,40.0,OLY,ULK,36.0,3.0,91.0,69.68
E2025,191,local,101.0,32.0,22.0,7.0,4.0,19.0,62.0,37.0,16.0,12.0,9.0,15.0,1.0,17.0,123.0,2026-01-06 18:30:00+00:00,20,Regular Season,40.0,MCO,PAR,25.0,4.0,123.0,75.04
E2025,191,road,84.0,21.0,15.0,10.0,1.0,16.0,60.0,32.0,12.0,9.0,4.0,15.0,4.0,20.0,77.0,2026-01-06 18:30:00+00:00,20,Regular Season,40.0,PAR,MCO,28.0,3.0,77.0,76.28
E2025,192,local,89.0,35.0,21.0,4.0,0.0,20.0,69.0,31.0,20.0,16.0,10.0,13.0,3.0,19.0,92.0,2026-01-06 19:00:00+00:00,20,Regular Season,40.0,RED,PAM,38.0,4.0,92.0,80.8
E2025,192,road,106.0,35.0,25.0,8.0,3.0,17.0,70.0,38.0,21.0,17.0,10.0,10.0,0.0,20.0,128.0,2026-01-06 19:00:00+00:00,20,Regular Season,40.0,PAM,RED,32.0,4.0,128.0,79.24
E2025,196,local,69.0,31.0,14.0,5.0,5.0,15.0,66.0,26.0,12.0,8.0,12.0,12.0,2.0,25.0,56.0,2026-01-06 19:00:00+00:00,20,Regular Season,40.0,ASV,MAD,40.0,4.0,56.0,71.28
E2025,196,road,80.0,38.0,16.0,5.0,2.0,25.0,53.0,27.0,26.0,18.0,9.0,14.0,5.0,15.0,98.0,2026-01-06 19:00:00+00:00,20,Regular Season,40.0,MAD,ASV,26.0,8.0,98.0,69.44
E2025,195,local,85.0,47.0,9.0,10.0,0.0,21.0,63.0,30.0,22.0,21.0,14.0,11.0,6.0,17.0,104.0,2026-01-06 19:05:00+00:00,20,Regular Season,40.0,HTA,DUB,33.0,1.0,104.0,69.68
E2025,195,road,60.0,31.0,14.0,6.0,6.0,17.0,63.0,23.0,17.0,10.0,12.0,14.0,0.0,22.0,51.0,2026-01-06 19:05:00+00:00,20,Regular Season,40.0,DUB,HTA,40.0,7.0,51.0,72.48
E2025,197,local,74.0,31.0,20.0,7.0,3.0,21.0,59.0,26.0,15.0,12.0,5.0,17.0,6.0,17.0,80.0,2026-01-06 19:15:00+00:00,20,Regular Season,40.0,PAN,MIL,33.0,3.0,80.0,77.6
E2025,197,road,87.0,37.0,22.0,9.0,6.0,17.0,66.0,35.0,11.0,7.0,7.0,13.0,3.0,21.0,106.0,2026-01-06 19:15:00+00:00,20,Regular Season,40.0,MIL,PAN,31.0,4.0,106.0,76.84
E2025,193,local,93.0,32.0,20.0,3.0,3.0,21.0,54.0,31.0,17.0,16.0,5.0,18.0,0.0,22.0,108.0,2026-01-06 19:30:00+00:00,20,Regular Season,40.0,BAR,TEL,23.0,1.0,108.0,74.48
E2025,193,road,83.0,27.0,21.0,10.0,0.0,22.0,63.0,29.0,21.0,15.0,9.0,10.0,3.0,21.0,89.0,2026-01-06 19:30:00+00:00,20,Regular Season,40.0,TEL,BAR,34.0,6.0,89.0,73.24
E2025,198,local,83.0,37.0,19.0,5.0,3.0,20.0,64.0,28.0,19.0,17.0,14.0,14.0,2.0,21.0,92.0,2026-01-06 19:30:00+00:00,20,Regular Season,40.0,VIR,ZAL,36.0,2.0,92.0,72.36
E2025,198,road,79.0,32.0,22.0,8.0,2.0,21.0,64.0,29.0,18.0,14.0,12.0,12.0,3.0,20.0,90.0,2026-01-06 19:30:00+00:00,20,Regular Season,40.0,ZAL,VIR,35.0,4.0,90.0,71.92
E2025,199,local,79.0,29.0,22.0,6.0,2.0,19.0,55.0,28.0,17.0,15.0,5.0,19.0,3.0,20.0,86.0,2026-01-07 17:30:00+00:00,20,Regular Season,40.0,IST,PRS,27.0,2.0,86.0,76.48
E2025,199,road,84.0,27.0,16.0,6.0,3.0,20.0,58.0,27.0,21.0,18.0,7.0,15.0,2.0,19.0,86.0,2026-01-07 17:30:00+00:00,20,Regular Season,40.0,PRS,IST,31.0,3.0,86.0,75.24
E2025,200,local,96.0,28.0,19.0,5.0,1.0,20.0,51.0,32.0,22.0,19.0,6.0,18.0,1.0,21.0,107.0,2026-01-07 19:30:00+00:00,20,Regular Season,40.0,MUN,BAS,19.0,3.0,107.0,72.68
E2025,200,road,89.0,28.0,22.0,11.0,1.0,21.0,66.0,31.0,20.0,15.0,15.0,13.0,1.0,20.0,98.0,2026-01-07 19:30:00+00:00,20,Regular Season,40.0,BAS,MUN,35.0,5.0,98.0,72.8
E2025,201,local,92.0,42.0,15.0,1.0,2.0,29.0,59.0,30.0,31.0,27.0,14.0,8.0,1.0,21.0,118.0,2026-01-08 16:00:00+00:00,21,Regular Season,40.0,DUB,ULK,29.0,4.0,118.0,66.64
E2025,201,road,81.0,21.0,13.0,2.0,1.0,19.0,61.0,29.0,18.0,14.0,4.0,5.0,2.0,29.0,65.0,2026-01-08 16:00:00+00:00,21,Regular Season,40.0,ULK,DUB,32.0,4.0,65.0,69.92
E2025,204,local,84.0,39.0,18.0,10.0,5.0,22.0,63.0,28.0,26.0,22.0,11.0,10.0,3.0,20.0,106.0,2026-01-08 19:15:00+00:00,21,Regular Season,40.0,PAN,VIR,35.0,4.0,106.0,73.44
E2025,204,road,71.0,35.0,14.0,5.0,3.0,20.0,63.0,26.0,10.0,10.0,9.0,16.0,5.0,23.0,67.0,2026-01-08 19:15:00+00:00,21,Regular Season,40.0,VIR,PAN,37.0,0.0,67.0,74.4
E2025,203,local,92.0,32.0,21.0,10.0,4.0,22.0,67.0,34.0,20.0,16.0,13.0,15.0,2.0,21.0,106.0,2026-01-08 19:30:00+00:00,21,Regular Season,40.0,PAM,MCO,33.0,4.0,106.0,77.8
E2025,203,road,101.0,26.0,28.0,12.0,2.0,20.0,63.0,37.0,21.0,16.0,7.0,14.0,4.0,23.0,117.0,2026-01-08 19:30:00+00:00,21,Regular Season,40.0,MCO,PAM,26.0,5.0,117.0,79.24
E2025,202,local,98.0,36.0,24.0,11.0,4.0,22.0,64.0,35.0,21.0,14.0,8.0,14.0,3.0,22.0,120.0,2026-01-08 19:45:00+00:00,21,Regular Season,40.0,MAD,TEL,29.0,7.0,120.0,79.24
E2025,202,road,86.0,32.0,17.0,6.0,3.0,22.0,68.0,28.0,23.0,20.0,12.0,12.0,4.0,22.0,85.0,2026-01-08 19:45:00+00:00,21,Regular Season,40.0,TEL,MAD,40.0,3.0,85.0,78.12
E2025,210,local,99.0,32.0,27.0,9.0,4.0,15.0,66.0,37.0,14.0,12.0,10.0,11.0,1.0,21.0,122.0,2026-01-09 18:00:00+00:00,21,Regular Season,40.0,ZAL,RED,29.0,2.0,122.0,73.16
E2025,210,road,67.0,36.0,19.0,6.0,1.0,21.0,63.0,24.0,18.0,15.0,15.0,16.0,4.0,16.0,72.0,2026-01-09 18:00:00+00:00,21,Regular Season,40.0,RED,ZAL,39.0,3.0,72.0,71.92
E2025,209,local,95.0,35.0,28.0,10.0,0.0,21.0,66.0,33.0,24.0,20.0,14.0,15.0,1.0,16.0,120.0,2026-01-09 19:15:00+00:00,21,Regular Season,40.0,OLY,MUN,33.0,4.0,120.0,77.56
E2025,209,road,80.0,23.0,18.0,10.0,1.0,16.0,56.0,30.0,10.0,9.0,4.0,21.0,0.0,21.0,79.0,2026-01-09 19:15:00+00:00,21,Regular Season,40.0,MUN,OLY,26.0,1.0,79.0,77.4
E2025,206,local,78.0,35.0,17.0,6.0,3.0,20.0,60.0,29.0,18.0,15.0,8.0,13.0,3.0,19.0,90.0,2026-01-09 19:30:00+00:00,21,Regular Season,40.0,BAS,ASV,31.0,3.0,90.0,72.92
E2025,206,road,73.0,35.0,16.0,6.0,3.0,19.0,65.0,28.0,18.0,12.0,14.0,12.0,3.0,20.0,74.0,2026-01-09 19:30:00+00:00,21,Regular Season,40.0,ASV,BAS,37.0,6.0,74.0,70.92
E2025,207,local,87.0,31.0,18.0,6.0,0.0,20.0,57.0,29.0,18.0,16.0,9.0,13.0,4.0,19.0,96.0,2026-01-09 19:30:00+00:00,21,Regular Season,40.0,MIL,IST,28.0,2.0,96.0,68.92
E2025,207,road,74.0,26.0,16.0,9.0,4.0,19.0,57.0,29.0,13.0,9.0,9.0,15.0,0.0,20.0,81.0,2026-01-09 19:30:00+00:00,21,Regular Season,40.0,IST,MIL,28.0,4.0,81.0,68.72
E2025,208,local,88.0,35.0,21.0,11.0,1.0,22.0,65.0,35.0,18.0,12.0,11.0,7.0,3.0,14.0,118.0,2026-01-09 19:30:00+00:00,21,Regular Season,40.0,BAR,PAR,30.0,6.0,118.0,68.92
E2025,208,road,70.0,34.0,13.0,6.0,3.0,14.0,61.0,27.0,13.0,10.0,12.0,15.0,1.0,22.0,65.0,2026-01-09 19:30:00+00:00,21,Regular Season,40.0,PAR,BAR,34.0,3.0,65.0,69.72
E2025,219,local,66.0,29.0,13.0,6.0,2.0,15.0,64.0,22.0,19.0,16.0,6.0,9.0,2.0,22.0,53.0,2026-01-14 18:30:00+00:00,22,Regular Season,40.0,PAR,OLY,42.0,3.0,53.0,75.36
E2025,219,road,104.0,45.0,28.0,5.0,2.0,22.0,71.0,39.0,15.0,10.0,10.0,8.0,2.0,16.0,143.0,2026-01-14 18:30:00+00:00,22,Regular Season,40.0,OLY,PAR,32.0,5.0,143.0,75.6
E2025,215,local,72.0,33.0,15.0,3.0,7.0,17.0,64.0,25.0,14.0,11.0,9.0,10.0,2.0,22.0,71.0,2026-01-15 16:00:00+00:00,22,Regular Season,40.0,DUB,VIR,39.0,3.0,71.0,71.16
E2025,215,road,80.0,43.0,17.0,6.0,2.0,21.0,64.0,29.0,19.0,14.0,13.0,11.0,7.0,17.0,94.0,2026-01-15 16:00:00+00:00,22,Regular Season,40.0,VIR,DUB,35.0,5.0,94.0,70.36
E2025,211,local,75.0,31.0,19.0,6.0,4.0,20.0,62.0,29.0,15.0,9.0,8.0,15.0,2.0,25.0,74.0,2026-01-15 17:30:00+00:00,22,Regular Season,40.0,IST,BAS,33.0,6.0,74.0,75.6
E2025,211,road,89.0,36.0,22.0,7.0,2.0,24.0,61.0,27.0,27.0,25.0,9.0,14.0,4.0,20.0,106.0,2026-01-15 17:30:00+00:00,22,Regular Season,40.0,BAS,IST,34.0,2.0,106.0,77.88
E2025,212,local,85.0,32.0,21.0,7.0,1.0,16.0,62.0,34.0,7.0,6.0,10.0,11.0,0.0,19.0,103.0,2026-01-15 18:30:00+00:00,22,Regular Season,40.0,MUN,PAN,28.0,1.0,103.0,66.08
E2025,212,road,78.0,26.0,14.0,6.0,0.0,19.0,60.0,30.0,11.0,9.0,8.0,9.0,1.0,16.0,85.0,2026-01-15 18:30:00+00:00,22,Regular Season,40.0,PAN,MUN,30.0,2.0,85.0,65.84
E2025,213,local,100.0,34.0,24.0,7.0,4.0,20.0,71.0,36.0,18.0,13.0,13.0,9.0,2.0,20.0,118.0,2026-01-15 19:05:00+00:00,22,Regular Season,40.0,TEL,ZAL,35.0,5.0,118.0,74.92
E2025,213,road,97.0,36.0,22.0,3.0,2.0,20.0,66.0,33.0,20.0,18.0,12.0,11.0,4.0,20.0,110.0,2026-01-15 19:05:00+00:00,22,Regular Season,40.0,ZAL,TEL,33.0,2.0,110.0,73.8
E2025,216,local,96.0,30.0,22.0,6.0,2.0,22.0,62.0,34.0,21.0,15.0,11.0,12.0,4.0,23.0,105.0,2026-01-15 19:30:00+00:00,22,Regular Season,40.0,MIL,RED,28.0,6.0,105.0,72.24
E2025,216,road,104.0,36.0,16.0,9.0,4.0,23.0,71.0,36.0,28.0,23.0,17.0,9.0,2.0,22.0,119.0,2026-01-15 19:30:00+00:00,22,Regular Season,40.0,RED,MIL,35.0,5.0,119.0,75.32
E2025,214,local,87.0,40.0,12.0,4.0,2.0,20.0,66.0,33.0,24.0,14.0,11.0,11.0,9.0,21.0,81.0,2026-01-15 19:45:00+00:00,22,Regular Season,40.0,PRS,MCO,33.0,10.0,81.0,76.56
E2025,214,road,95.0,39.0,19.0,7.0,9.0,21.0,76.0,32.0,20.0,17.0,14.0,6.0,2.0,20.0,115.0,2026-01-15 19:45:00+00:00,22,Regular Season,40.0,MCO,PRS,44.0,3.0,115.0,76.8
E2025,217,local,82.0,34.0,17.0,3.0,4.0,19.0,56.0,29.0,18.0,17.0,10.0,17.0,1.0,19.0,94.0,2026-01-16 17:45:00+00:00,22,Regular Season,40.0,ULK,PAM,27.0,1.0,94.0,70.92
E2025,217,road,79.0,32.0,18.0,10.0,1.0,18.0,67.0,26.0,17.0,13.0,16.0,14.0,4.0,20.0,75.0,2026-01-16 17:45:00+00:00,22,Regular Season,40.0,PAM,ULK,41.0,4.0,75.0,72.48
E2025,218,local,73.0,29.0,18.0,7.0,1.0,17.0,63.0,28.0,10.0,7.0,10.0,19.0,2.0,26.0,60.0,2026-01-16 19:00:00+00:00,22,Regular Season,40.0,ASV,HTA,35.0,3.0,60.0,76.4
E2025,218,road,81.0,33.0,16.0,7.0,2.0,26.0,57.0,31.0,19.0,16.0,9.0,17.0,1.0,17.0,101.0,2026-01-16 19:00:00+00:00,22,Regular Season,40.0,HTA,ASV,26.0,3.0,101.0,73.36
E2025,220,local,80.0,36.0,21.0,9.0,5.0,22.0,58.0,28.0,18.0,15.0,11.0,14.0,1.0,19.0,106.0,2026-01-16 19:45:00+00:00,22,Regular Season,40.0,MAD,BAR,30.0,3.0,106.0,68.92
E2025,220,road,61.0,28.0,9.0,7.0,1.0,19.0,51.0,21.0,23.0,15.0,8.0,15.0,5.0,22.0,45.0,2026-01-16 19:45:00+00:00,22,Regular Season,40.0,BAR,MAD,30.0,8.0,45.0,68.12
E2025,224,local,100.0,40.0,29.0,5.0,0.0,20.0,69.0,38.0,16.0,13.0,18.0,16.0,2.0,16.0,126.0,2026-01-20 17:15:00+00:00,23,Regular Season,40.0,OLY,TEL,31.0,3.0,126.0,74.04
E2025,224,road,93.0,25.0,26.0,12.0,2.0,16.0,65.0,32.0,16.0,13.0,12.0,12.0,0.0,20.0,106.0,2026-01-20 17:15:00+00:00,23,Regular Season,40.0,TEL,OLY,33.0,3.0,106.0,72.04
E2025,223,local,71.0,34.0,14.0,6.0,5.0,23.0,57.0,23.0,23.0,15.0,10.0,10.0,3.0,19.0,79.0,2026-01-20 17:30:00+00:00,23,Regular Season,40.0,HTA,IST,34.0,8.0,79.0,67.12
E2025,223,road,66.0,37.0,13.0,5.0,3.0,19.0,59.0,25.0,8.0,6.0,9.0,15.0,5.0,23.0,64.0,2026-01-20 17:30:00+00:00,23,Regular Season,40.0,IST,HTA,34.0,2.0,64.0,68.52000000000001
E2025,221,local,96.0,37.0,23.0,9.0,3.0,24.0,80.0,33.0,26.0,19.0,17.0,11.0,3.0,22.0,102.0,2026-01-20 17:45:00+00:00,23,Regular Season,45.0,MCO,RED,47.0,7.0,102.0,85.44
E2025,221,road,100.0,50.0,29.0,5.0,3.0,21.0,70.0,37.0,24.0,17.0,15.0,18.0,3.0,24.0,123.0,2026-01-20 17:45:00+00:00,23,Regular Season,45.0,RED,MCO,33.0,7.0,123.0,83.56
E2025,229,local,77.0,27.0,14.0,6.0,2.0,19.0,61.0,28.0,19.0,13.0,10.0,14.0,4.0,24.0,64.0,2026-01-20 19:00:00+00:00,23,Regular Season,40.0,ASV,ZAL,33.0,6.0,64.0,73.36
E2025,229,road,96.0,34.0,18.0,11.0,4.0,24.0,56.0,32.0,30.0,25.0,8.0,12.0,2.0,19.0,125.0,2026-01-20 19:00:00+00:00,23,Regular Season,40.0,ZAL,ASV,24.0,5.0,125.0,73.2
E2025,225,local,93.0,27.0,18.0,6.0,2.0,18.0,61.0,35.0,16.0,12.0,11.0,9.0,0.0,15.0,110.0,2026-01-20 19:15:00+00:00,23,Regular Season,40.0,PAN,BAS,26.0,4.0,110.0,66.04
E2025,225,road,74.0,32.0,20.0,4.0,0.0,15.0,57.0,28.0,14.0,11.0,15.0,17.0,2.0,18.0,76.0,2026-01-20 19:15:00+00:00,23,Regular Season,40.0,BAS,PAN,29.0,3.0,76.0,65.16
E2025,222,local,91.0,29.0,22.0,9.0,0.0,17.0,64.0,36.0,11.0,10.0,10.0,10.0,1.0,18.0,110.0,2026-01-20 19:30:00+00:00,23,Regular Season,40.0,BAR,DUB,28.0,1.0,110.0,68.84
E2025,222,road,89.0,23.0,21.0,8.0,1.0,17.0,60.0,35.0,12.0,10.0,5.0,10.0,0.0,18.0,104.0,2026-01-20 19:30:00+00:00,23,Regular Season,40.0,DUB,BAR,25.0,2.0,104.0,70.28
E2025,226,local,63.0,31.0,16.0,8.0,3.0,17.0,65.0,27.0,4.0,2.0,9.0,13.0,2.0,17.0,66.0,2026-01-20 19:30:00+00:00,23,Regular Season,40.0,MUN,PAR,38.0,2.0,66.0,70.76
E2025,226,road,67.0,40.0,14.0,10.0,2.0,17.0,58.0,23.0,10.0,10.0,12.0,19.0,3.0,17.0,76.0,2026-01-20 19:30:00+00:00,23,Regular Season,40.0,PAR,MUN,35.0,0.0,76.0,69.4
E2025,228,local,98.0,42.0,28.0,9.0,7.0,26.0,66.0,33.0,34.0,22.0,15.0,15.0,1.0,25.0,124.0,2026-01-20 19:30:00+00:00,23,Regular Season,40.0,PAM,PRS,33.0,12.0,124.0,80.96000000000001
E2025,228,road,84.0,36.0,19.0,7.0,1.0,24.0,67.0,28.0,20.0,17.0,12.0,19.0,7.0,26.0,77.0,2026-01-20 19:30:00+00:00,23,Regular Season,40.0,PRS,PAM,39.0,3.0,77.0,82.8
E2025,227,local,106.0,35.0,25.0,5.0,2.0,22.0,57.0,38.0,21.0,18.0,8.0,13.0,0.0,22.0,138.0,2026-01-20 19:45:00+00:00,23,Regular Season,40.0,MAD,MIL,19.0,3.0,138.0,71.24
E2025,227,road,77.0,20.0,12.0,6.0,0.0,22.0,56.0,24.0,29.0,20.0,8.0,11.0,2.0,22.0,61.0,2026-01-20 19:45:00+00:00,23,Regular Season,40.0,MIL,MAD,32.0,9.0,61.0,71.76
E2025,230,local,80.0,34.0,17.0,7.0,2.0,24.0,63.0,27.0,26.0,20.0,12.0,10.0,1.0,21.0,90.0,2026-01-21 19:30:00+00:00,23,Regular Season,40.0,VIR,ULK,36.0,6.0,90.0,72.44
E2025,230,road,85.0,35.0,13.0,4.0,1.0,21.0,59.0,28.0,17.0,15.0,9.0,15.0,2.0,24.0,85.0,2026-01-21 19:30:00+00:00,23,Regular Season,40.0,ULK,VIR,31.0,2.0,85.0,72.48
E2025,231,local,68.0,33.0,17.0,8.0,2.0,21.0,61.0,23.0,21.0,15.0,12.0,8.0,6.0,23.0,68.0,2026-01-22 17:30:00+00:00,24,Regular Season,40.0,IST,OLY,38.0,6.0,68.0,66.24
E2025,231,road,74.0,36.0,20.0,4.0,6.0,22.0,51.0,24.0,30.0,19.0,9.0,10.0,2.0,21.0,91.0,2026-01-22 17:30:00+00:00,24,Regular Season,40.0,OLY,IST,27.0,11.0,91.0,65.2
E2025,233,local,75.0,36.0,10.0,3.0,1.0,19.0,66.0,27.0,12.0,12.0,13.0,8.0,0.0,15.0,82.0,2026-01-22 19:05:00+00:00,24,Regular Season,40.0,TEL,PAN,39.0,0.0,82.0,66.28
E2025,233,road,71.0,42.0,11.0,6.0,0.0,15.0,67.0,26.0,15.0,12.0,17.0,9.0,1.0,20.0,71.0,2026-01-22 19:05:00+00:00,24,Regular Season,40.0,PAN,TEL,41.0,3.0,71.0,65.6
E2025,232,local,93.0,38.0,24.0,6.0,3.0,27.0,60.0,28.0,33.0,28.0,7.0,12.0,2.0,21.0,119.0,2026-01-22 19:30:00+00:00,24,Regular Season,40.0,MUN,PAM,32.0,5.0,119.0,79.52
E2025,232,road,89.0,40.0,21.0,7.0,2.0,21.0,76.0,33.0,17.0,12.0,15.0,13.0,3.0,27.0,89.0,2026-01-22 19:30:00+00:00,24,Regular Season,40.0,PAM,MUN,43.0,5.0,89.0,81.48
E2025,236,local,82.0,34.0,16.0,4.0,2.0,21.0,54.0,30.0,17.0,15.0,10.0,17.0,0.0,24.0,92.0,2026-01-22 19:30:00+00:00,24,Regular Season,40.0,MIL,ZAL,24.0,2.0,92.0,68.48
E2025,236,road,86.0,25.0,15.0,6.0,0.0,24.0,59.0,26.0,30.0,24.0,11.0,9.0,2.0,21.0,85.0,2026-01-22 19:30:00+00:00,24,Regular Season,40.0,ZAL,MIL,33.0,6.0,85.0,70.2
E2025,235,local,90.0,35.0,23.0,5.0,2.0,23.0,50.0,28.0,35.0,24.0,6.0,15.0,1.0,17.0,112.0,2026-01-22 19:45:00+00:00,24,Regular Season,40.0,MAD,MCO,22.0,11.0,112.0,74.4
E2025,235,road,78.0,30.0,15.0,6.0,1.0,16.0,70.0,30.0,10.0,9.0,10.0,9.0,2.0,27.0,67.0,2026-01-22 19:45:00+00:00,24,Regular Season,40.0,MCO,MAD,40.0,1.0,67.0,73.4
E2025,234,local,79.0,32.0,15.0,10.0,5.0,21.0,70.0,28.0,16.0,11.0,13.0,14.0,3.0,19.0,79.0,2026-01-22 20:00:00+00:00,24,Regular Season,40.0,PRS,DUB,42.0,5.0,79.0,78.04
E2025,234,road,99.0,42.0,26.0,8.0,3.0,18.0,64.0,33.0,20.0,19.0,11.0,16.0,5.0,22.0,121.0,2026-01-22 20:00:00+00:00,24,Regular Season,40.0,DUB,PRS,31.0,1.0,121.0,77.8
E2025,237,local,84.0,36.0,10.0,5.0,3.0,22.0,55.0,28.0,22.0,20.0,7.0,20.0,1.0,27.0,83.0,2026-01-23 17:45:00+00:00,24,Regular Season,40.0,ULK,BAS,27.0,2.0,83.0,77.68
E2025,237,road,71.0,31.0,10.0,10.0,1.0,27.0,62.0,23.0,26.0,21.0,12.0,14.0,3.0,22.0,67.0,2026-01-23 17:45:00+00:00,24,Regular Season,40.0,BAS,ULK,39.0,5.0,67.0,75.44
E2025,239,local,104.0,37.0,23.0,13.0,3.0,22.0,73.0,36.0,22.0,20.0,12.0,15.0,2.0,24.0,122.0,2026-01-23 19:30:00+00:00,24,Regular Season,45.0,PAR,HTA,37.0,2.0,122.0,85.68
E2025,239,road,101.0,32.0,20.0,9.0,2.0,24.0,67.0,34.0,27.0,20.0,8.0,17.0,3.0,22.0,106.0,2026-01-23 19:30:00+00:00,24,Regular Season,45.0,HTA,PAR,33.0,7.0,106.0,87.88
E2025,240,local,93.0,28.0,22.0,5.0,1.0,22.0,66.0,34.0,23.0,17.0,11.0,10.0,1.0,15.0,107.0,2026-01-23 19:30:00+00:00,24,Regular Season,40.0,VIR,RED,32.0,6.0,107.0,75.12
E2025,240,road,102.0,37.0,31.0,4.0,1.0,14.0,70.0,38.0,14.0,10.0,14.0,14.0,1.0,23.0,115.0,2026-01-23 19:30:00+00:00,24,Regular Season,40.0,RED,VIR,32.0,4.0,115.0,76.16
E2025,238,local,91.0,23.0,16.0,10.0,0.0,23.0,61.0,32.0,23.0,17.0,7.0,11.0,1.0,20.0,96.0,2026-01-23 19:45:00+00:00,24,Regular Season,40.0,ASV,BAR,29.0,6.0,96.0,75.12
E2025,238,road,98.0,27.0,20.0,7.0,1.0,20.0,51.0,34.0,23.0,18.0,4.0,17.0,0.0,23.0,111.0,2026-01-23 19:45:00+00:00,24,Regular Season,40.0,BAR,ASV,17.0,5.0,111.0,74.12
E2025,241,local,98.0,34.0,16.0,8.0,5.0,21.0,76.0,37.0,17.0,12.0,19.0,10.0,5.0,20.0,103.0,2026-01-27 20:00:00+00:00,25,Regular Season,40.0,PRS,MAD,39.0,5.0,103.0,74.48
E2025,241,road,92.0,37.0,23.0,6.0,5.0,20.0,60.0,31.0,23.0,16.0,14.0,17.0,5.0,22.0,103.0,2026-01-27 20:00:00+00:00,25,Regular Season,40.0,MAD,PRS,29.0,7.0,103.0,73.12
E2025,242,local,79.0,40.0,17.0,5.0,4.0,16.0,57.0,28.0,13.0,12.0,10.0,14.0,3.0,18.0,96.0,2026-01-29 17:45:00+00:00,25,Regular Season,40.0,ULK,IST,29.0,1.0,96.0,66.72
E2025,242,road,62.0,28.0,15.0,7.0,3.0,17.0,64.0,24.0,12.0,9.0,11.0,10.0,4.0,16.0,59.0,2026-01-29 17:45:00+00:00,25,Regular Season,40.0,IST,ULK,40.0,3.0,59.0,68.28
E2025,243,local,64.0,35.0,13.0,9.0,1.0,19.0,67.0,25.0,12.0,9.0,14.0,16.0,4.0,16.0,60.0,2026-01-29 19:05:00+00:00,25,Regular Season,40.0,HTA,MUN,42.0,3.0,60.0,74.28
E2025,243,road,79.0,34.0,16.0,8.0,4.0,16.0,61.0,33.0,9.0,6.0,8.0,13.0,1.0,19.0,93.0,2026-01-29 19:05:00+00:00,25,Regular Season,40.0,MUN,HTA,28.0,3.0,93.0,69.96
E2025,244,local,87.0,38.0,19.0,10.0,3.0,21.0,69.0,32.0,22.0,16.0,15.0,12.0,1.0,21.0,101.0,2026-01-29 19:15:00+00:00,25,Regular Season,40.0,OLY,BAR,37.0,6.0,101.0,75.68
E2025,244,road,75.0,30.0,19.0,6.0,1.0,21.0,54.0,25.0,21.0,16.0,7.0,20.0,3.0,21.0,74.0,2026-01-29 19:15:00+00:00,25,Regular Season,40.0,BAR,OLY,29.0,5.0,74.0,76.24000000000001
E2025,246,local,85.0,33.0,18.0,2.0,2.0,24.0,60.0,31.0,21.0,15.0,9.0,8.0,3.0,21.0,97.0,2026-01-29 19:30:00+00:00,25,Regular Season,40.0,MIL,PAR,29.0,6.0,97.0,68.24
E2025,246,road,79.0,30.0,19.0,4.0,3.0,21.0,59.0,28.0,16.0,14.0,8.0,10.0,2.0,25.0,86.0,2026-01-29 19:30:00+00:00,25,Regular Season,40.0,PAR,MIL,31.0,2.0,86.0,68.04
E2025,245,local,94.0,36.0,24.0,5.0,3.0,24.0,65.0,34.0,26.0,16.0,11.0,10.0,2.0,21.0,112.0,2026-01-29 19:45:00+00:00,25,Regular Season,40.0,PAM,TEL,31.0,10.0,112.0,75.44
E2025,245,road,83.0,38.0,15.0,6.0,2.0,21.0,68.0,30.0,18.0,15.0,13.0,11.0,3.0,24.0,86.0,2026-01-29 19:45:00+00:00,25,Regular Season,40.0,TEL,PAM,38.0,3.0,86.0,73.92
E2025,247,local,82.0,29.0,18.0,8.0,0.0,20.0,61.0,26.0,24.0,17.0,12.0,9.0,3.0,16.0,87.0,2026-01-30 18:30:00+00:00,25,Regular Season,40.0,MCO,VIR,35.0,7.0,87.0,68.56
E2025,247,road,84.0,36.0,18.0,6.0,3.0,15.0,58.0,30.0,16.0,14.0,11.0,14.0,0.0,20.0,98.0,2026-01-30 18:30:00+00:00,25,Regular Season,40.0,VIR,MCO,28.0,2.0,98.0,68.04
E2025,249,local,95.0,40.0,21.0,1.0,2.0,24.0,68.0,35.0,21.0,15.0,14.0,11.0,3.0,22.0,108.0,2026-01-30 19:00:00+00:00,25,Regular Season,40.0,RED,DUB,33.0,6.0,108.0,74.24
E2025,249,road,92.0,33.0,19.0,8.0,3.0,21.0,65.0,31.0,27.0,21.0,12.0,10.0,2.0,24.0,100.0,2026-01-30 19:00:00+00:00,25,Regular Season,40.0,DUB,RED,34.0,6.0,100.0,74.88
E2025,248,local,102.0,36.0,18.0,4.0,4.0,27.0,66.0,36.0,24.0,22.0,12.0,8.0,3.0,17.0,131.0,2026-01-30 19:30:00+00:00,25,Regular Season,40.0,BAS,ZAL,30.0,2.0,131.0,72.56
E2025,248,road,91.0,28.0,17.0,2.0,3.0,17.0,61.0,31.0,22.0,19.0,8.0,9.0,4.0,27.0,85.0,2026-01-30 19:30:00+00:00,25,Regular Season,40.0,ZAL,BAS,30.0,3.0,85.0,71.68
E2025,250,local,78.0,37.0,22.0,5.0,1.0,20.0,62.0,24.0,24.0,18.0,12.0,14.0,4.0,25.0,76.0,2026-01-30 19:45:00+00:00,25,Regular Season,40.0,ASV,PAN,38.0,6.0,76.0,74.56
E2025,250,road,79.0,42.0,17.0,8.0,4.0,25.0,62.0,28.0,24.0,15.0,14.0,15.0,1.0,20.0,96.0,2026-01-30 19:45:00+00:00,25,Regular Season,40.0,PAN,ASV,34.0,9.0,96.0,73.56
E2025,253,local,108.0,41.0,24.0,8.0,1.0,21.0,73.0,37.0,27.0,25.0,10.0,12.0,1.0,29.0,123.0,2026-02-03 16:00:00+00:00,26,Regular Season,45.0,DUB,OLY,36.0,2.0,123.0,86.88
E2025,253,road,98.0,38.0,27.0,7.0,1.0,27.0,74.0,31.0,34.0,28.0,14.0,13.0,1.0,22.0,113.0,2026-02-03 16:00:00+00:00,26,Regular Season,45.0,OLY,DUB,43.0,6.0,113.0,87.96000000000001
E2025,251,local,107.0,33.0,26.0,6.0,4.0,18.0,66.0,39.0,21.0,19.0,7.0,14.0,2.0,18.0,131.0,2026-02-03 17:30:00+00:00,26,Regular Season,40.0,IST,PAM,27.0,2.0,131.0,82.24
E2025,251,road,90.0,30.0,26.0,6.0,2.0,18.0,71.0,36.0,12.0,7.0,10.0,13.0,4.0,19.0,96.0,2026-02-03 17:30:00+00:00,26,Regular Season,40.0,PAM,IST,35.0,5.0,96.0,79.28
E2025,259,local,104.0,44.0,27.0,4.0,1.0,28.0,72.0,36.0,29.0,19.0,16.0,12.0,4.0,27.0,119.0,2026-02-03 18:00:00+00:00,26,Regular Season,40.0,ZAL,MCO,36.0,10.0,119.0,80.76
E2025,259,road,87.0,34.0,22.0,6.0,4.0,27.0,65.0,30.0,27.0,21.0,9.0,9.0,1.0,29.0,100.0,2026-02-03 18:00:00+00:00,26,Regular Season,40.0,MCO,ZAL,35.0,6.0,100.0,76.88
E2025,252,local,87.0,47.0,20.0,7.0,2.0,22.0,68.0,33.0,16.0,11.0,20.0,15.0,4.0,21.0,105.0,2026-02-03 19:00:00+00:00,26,Regular Season,40.0,RED,HTA,35.0,5.0,105.0,70.04
E2025,252,road,75.0,24.0,19.0,11.0,4.0,21.0,59.0,28.0,10.0,4.0,6.0,12.0,2.0,22.0,81.0,2026-02-03 19:00:00+00:00,26,Regular Season,40.0,HTA,RED,31.0,6.0,81.0,69.4
E2025,257,local,95.0,25.0,20.0,8.0,2.0,17.0,62.0,36.0,16.0,13.0,6.0,10.0,1.0,19.0,108.0,2026-02-03 19:05:00+00:00,26,Regular Season,40.0,TEL,PAR,26.0,3.0,108.0,73.04
E2025,257,road,93.0,34.0,23.0,8.0,1.0,18.0,65.0,34.0,15.0,13.0,12.0,12.0,2.0,18.0,112.0,2026-02-03 19:05:00+00:00,26,Regular Season,40.0,PAR,TEL,31.0,2.0,112.0,71.6
E2025,258,local,82.0,25.0,11.0,7.0,0.0,19.0,62.0,32.0,11.0,9.0,6.0,11.0,2.0,26.0,73.0,2026-02-03 19:15:00+00:00,26,Regular Season,40.0,PAN,MAD,30.0,2.0,73.0,71.84
E2025,258,road,81.0,38.0,20.0,6.0,2.0,24.0,59.0,27.0,24.0,18.0,13.0,18.0,0.0,19.0,96.0,2026-02-03 19:15:00+00:00,26,Regular Season,40.0,MAD,PAN,32.0,6.0,96.0,74.56
E2025,254,local,109.0,32.0,24.0,3.0,2.0,26.0,61.0,37.0,24.0,21.0,9.0,8.0,1.0,18.0,142.0,2026-02-03 19:30:00+00:00,26,Regular Season,40.0,MIL,BAS,24.0,3.0,142.0,70.56
E2025,254,road,89.0,30.0,17.0,8.0,1.0,18.0,73.0,35.0,14.0,10.0,15.0,8.0,2.0,26.0,85.0,2026-02-03 19:30:00+00:00,26,Regular Season,40.0,BAS,MIL,38.0,4.0,85.0,72.16
E2025,255,local,78.0,33.0,14.0,4.0,1.0,24.0,72.0,29.0,16.0,11.0,15.0,6.0,4.0,23.0,73.0,2026-02-03 19:30:00+00:00,26,Regular Season,40.0,BAR,ULK,43.0,5.0,73.0,70.04
E2025,255,road,82.0,33.0,17.0,1.0,4.0,22.0,48.0,27.0,25.0,20.0,6.0,15.0,1.0,24.0,93.0,2026-02-03 19:30:00+00:00,26,Regular Season,40.0,ULK,BAR,21.0,5.0,93.0,68.0
E2025,256,local,81.0,47.0,25.0,8.0,3.0,20.0,74.0,29.0,15.0,12.0,19.0,18.0,3.0,23.0,92.0,2026-02-03 19:30:00+00:00,26,Regular Season,40.0,MUN,PRS,45.0,3.0,92.0,79.6
E2025,256,road,75.0,36.0,16.0,10.0,3.0,23.0,62.0,25.0,23.0,15.0,10.0,17.0,3.0,21.0,77.0,2026-02-03 19:30:00+00:00,26,Regular Season,40.0,PRS,MUN,37.0,8.0,77.0,79.12
E2025,260,local,70.0,28.0,16.0,6.0,1.0,21.0,56.0,26.0,13.0,11.0,6.0,14.0,2.0,21.0,73.0,2026-02-04 19:30:00+00:00,26,Regular Season,40.0,VIR,ASV,30.0,2.0,73.0,69.72
E2025,260,road,80.0,42.0,17.0,10.0,2.0,20.0,65.0,29.0,22.0,15.0,17.0,14.0,1.0,21.0,92.0,2026-02-04 19:30:00+00:00,26,Regular Season,40.0,ASV,VIR,36.0,7.0,92.0,71.68
E2025,261,local,93.0,35.0,17.0,6.0,3.0,23.0,70.0,31.0,27.0,23.0,11.0,6.0,2.0,23.0,103.0,2026-02-05 16:00:00+00:00,27,Regular Season,40.0,DUB,MAD,39.0,4.0,103.0,76.88
E2025,261,road,85.0,45.0,16.0,5.0,2.0,22.0,72.0,32.0,19.0,12.0,18.0,13.0,3.0,23.0,89.0,2026-02-05 16:00:00+00:00,27,Regular Season,40.0,MAD,DUB,40.0,7.0,89.0,75.36
E2025,263,local,99.0,33.0,22.0,5.0,5.0,22.0,73.0,36.0,21.0,17.0,11.0,13.0,4.0,25.0,103.0,2026-02-05 19:00:00+00:00,27,Regular Season,45.0,HTA,PAM,37.0,4.0,103.0,84.24
E2025,263,road,104.0,43.0,18.0,7.0,4.0,25.0,76.0,38.0,23.0,20.0,16.0,12.0,5.0,22.0,121.0,2026-02-05 19:00:00+00:00,27,Regular Season,45.0,PAM,HTA,38.0,3.0,121.0,82.12
E2025,262,local,91.0,33.0,21.0,6.0,1.0,19.0,68.0,33.0,12.0,10.0,12.0,8.0,4.0,22.0,100.0,2026-02-05 19:30:00+00:00,27,Regular Season,40.0,MUN,MCO,35.0,2.0,100.0,69.28
E2025,262,road,82.0,37.0,17.0,3.0,4.0,22.0,62.0,29.0,18.0,14.0,13.0,14.0,1.0,19.0,94.0,2026-02-05 19:30:00+00:00,27,Regular Season,40.0,MCO,MUN,33.0,4.0,94.0,70.92
E2025,265,local,78.0,35.0,20.0,8.0,1.0,22.0,62.0,30.0,15.0,12.0,7.0,12.0,1.0,19.0,97.0,2026-02-05 19:30:00+00:00,27,Regular Season,40.0,PAR,PAN,32.0,3.0,97.0,73.6
E2025,265,road,62.0,31.0,13.0,6.0,1.0,19.0,57.0,23.0,14.0,12.0,6.0,20.0,1.0,22.0,53.0,2026-02-05 19:30:00+00:00,27,Regular Season,40.0,PAN,PAR,34.0,2.0,53.0,77.16
E2025,264,local,90.0,37.0,16.0,5.0,2.0,22.0,69.0,30.0,22.0,19.0,12.0,11.0,2.0,30.0,87.0,2026-02-05 19:45:00+00:00,27,Regular Season,40.0,PRS,ULK,39.0,3.0,87.0,77.68
E2025,264,road,92.0,39.0,21.0,9.0,2.0,28.0,59.0,27.0,39.0,30.0,12.0,14.0,2.0,22.0,112.0,2026-02-05 19:45:00+00:00,27,Regular Season,40.0,ULK,PRS,32.0,9.0,112.0,78.16
E2025,266,local,92.0,28.0,24.0,8.0,3.0,18.0,65.0,31.0,16.0,14.0,7.0,11.0,3.0,18.0,105.0,2026-02-06 17:30:00+00:00,27,Regular Season,40.0,IST,ZAL,34.0,2.0,105.0,76.04
E2025,266,road,82.0,33.0,21.0,6.0,3.0,18.0,58.0,30.0,16.0,12.0,8.0,16.0,3.0,18.0,94.0,2026-02-06 17:30:00+00:00,27,Regular Season,40.0,ZAL,IST,28.0,4.0,94.0,73.04
E2025,268,local,82.0,40.0,24.0,9.0,3.0,17.0,71.0,31.0,11.0,9.0,16.0,18.0,3.0,19.0,93.0,2026-02-06 19:00:00+00:00,27,Regular Season,40.0,RED,TEL,40.0,2.0,93.0,77.84
E2025,268,road,83.0,38.0,14.0,10.0,3.0,19.0,65.0,28.0,23.0,19.0,15.0,18.0,3.0,17.0,88.0,2026-02-06 19:00:00+00:00,27,Regular Season,40.0,TEL,RED,37.0,4.0,88.0,78.12
E2025,269,local,76.0,32.0,10.0,7.0,1.0,23.0,71.0,25.0,21.0,18.0,15.0,3.0,2.0,20.0,75.0,2026-02-06 19:00:00+00:00,27,Regular Season,40.0,ASV,MIL,46.0,3.0,75.0,68.24
E2025,269,road,77.0,35.0,17.0,0.0,2.0,20.0,49.0,27.0,21.0,16.0,6.0,17.0,1.0,23.0,83.0,2026-02-06 19:00:00+00:00,27,Regular Season,40.0,MIL,ASV,22.0,5.0,83.0,69.24000000000001
E2025,270,local,109.0,40.0,26.0,7.0,2.0,26.0,66.0,39.0,25.0,18.0,11.0,10.0,3.0,18.0,145.0,2026-02-06 19:15:00+00:00,27,Regular Season,40.0,OLY,VIR,27.0,7.0,145.0,76.0
E2025,270,road,77.0,27.0,20.0,3.0,3.0,18.0,63.0,30.0,16.0,7.0,9.0,13.0,2.0,26.0,65.0,2026-02-06 19:15:00+00:00,27,Regular Season,40.0,VIR,OLY,33.0,9.0,65.0,74.04
E2025,267,local,91.0,32.0,21.0,3.0,2.0,23.0,62.0,27.0,35.0,32.0,8.0,6.0,1.0,25.0,102.0,2026-02-06 19:30:00+00:00,27,Regular Season,40.0,BAS,BAR,35.0,3.0,102.0,75.4
E2025,267,road,97.0,32.0,24.0,3.0,1.0,25.0,60.0,32.0,24.0,21.0,7.0,10.0,2.0,23.0,116.0,2026-02-06 19:30:00+00:00,27,Regular Season,40.0,BAR,BAS,28.0,3.0,116.0,73.56
E2025,271,local,91.0,36.0,22.0,7.0,6.0,17.0,66.0,33.0,16.0,12.0,10.0,6.0,1.0,21.0,114.0,2026-02-12 17:30:00+00:00,28,Regular Season,40.0,IST,VIR,33.0,4.0,114.0,69.04
E2025,271,road,60.0,41.0,12.0,2.0,1.0,21.0,63.0,19.0,21.0,17.0,18.0,12.0,6.0,17.0,54.0,2026-02-12 17:30:00+00:00,28,Regular Season,40.0,VIR,IST,44.0,4.0,54.0,66.24
E2025,273,local,111.0,42.0,29.0,8.0,3.0,20.0,74.0,40.0,15.0,11.0,14.0,17.0,1.0,22.0,135.0,2026-02-12 19:05:00+00:00,28,Regular Season,45.0,TEL,MUN,34.0,4.0,135.0,83.6
E2025,273,road,106.0,34.0,28.0,8.0,1.0,22.0,77.0,39.0,20.0,13.0,13.0,14.0,3.0,20.0,117.0,2026-02-12 19:05:00+00:00,28,Regular Season,45.0,MUN,TEL,38.0,7.0,117.0,86.8
E2025,272,local,92.0,32.0,23.0,7.0,1.0,23.0,61.0,30.0,25.0,18.0,10.0,14.0,1.0,20.0,105.0,2026-02-12 19:15:00+00:00,28,Regular Season,40.0,OLY,RED,31.0,7.0,105.0,76.0
E2025,272,road,86.0,38.0,18.0,5.0,1.0,20.0,68.0,33.0,19.0,12.0,15.0,13.0,1.0,23.0,89.0,2026-02-12 19:15:00+00:00,28,Regular Season,40.0,RED,OLY,35.0,7.0,89.0,74.36
E2025,274,local,82.0,29.0,15.0,8.0,3.0,23.0,55.0,27.0,25.0,17.0,4.0,8.0,1.0,17.0,98.0,2026-02-12 19:30:00+00:00,28,Regular Season,40.0,PAM,ASV,28.0,8.0,98.0,70.0
E2025,274,road,67.0,37.0,19.0,3.0,1.0,17.0,60.0,26.0,3.0,2.0,10.0,16.0,3.0,23.0,67.0,2026-02-12 19:30:00+00:00,28,Regular Season,40.0,ASV,PAM,34.0,1.0,67.0,67.32
E2025,275,local,74.0,39.0,15.0,10.0,4.0,21.0,69.0,27.0,19.0,15.0,16.0,13.0,2.0,20.0,82.0,2026-02-12 19:30:00+00:00,28,Regular Season,40.0,BAR,PRS,42.0,4.0,82.0,74.36
E2025,275,road,85.0,33.0,11.0,6.0,2.0,19.0,58.0,30.0,16.0,14.0,5.0,15.0,4.0,22.0,85.0,2026-02-12 19:30:00+00:00,28,Regular Season,40.0,PRS,BAR,28.0,2.0,85.0,75.04
E2025,280,local,93.0,28.0,19.0,8.0,1.0,18.0,65.0,36.0,15.0,14.0,10.0,9.0,3.0,17.0,108.0,2026-02-13 18:00:00+00:00,28,Regular Season,40.0,ZAL,HTA,29.0,1.0,108.0,70.6
E2025,280,road,82.0,25.0,15.0,5.0,3.0,17.0,58.0,34.0,8.0,5.0,7.0,16.0,1.0,18.0,85.0,2026-02-13 18:00:00+00:00,28,Regular Season,40.0,HTA,ZAL,24.0,3.0,85.0,70.52000000000001
E2025,277,local,102.0,34.0,22.0,3.0,4.0,25.0,69.0,36.0,24.0,21.0,12.0,10.0,0.0,23.0,121.0,2026-02-13 18:30:00+00:00,28,Regular Season,40.0,MCO,BAS,33.0,3.0,121.0,77.56
E2025,277,road,92.0,33.0,19.0,4.0,0.0,23.0,65.0,30.0,21.0,19.0,13.0,16.0,4.0,25.0,89.0,2026-02-13 18:30:00+00:00,28,Regular Season,40.0,BAS,MCO,35.0,2.0,89.0,77.24
E2025,279,local,83.0,28.0,17.0,10.0,0.0,18.0,64.0,33.0,16.0,11.0,8.0,8.0,6.0,20.0,86.0,2026-02-13 19:15:00+00:00,28,Regular Season,40.0,PAN,ULK,31.0,5.0,86.0,71.04
E2025,279,road,85.0,35.0,25.0,3.0,6.0,19.0,58.0,28.0,18.0,16.0,9.0,15.0,0.0,19.0,107.0,2026-02-13 19:15:00+00:00,28,Regular Season,40.0,ULK,PAN,30.0,2.0,107.0,71.92
E2025,276,local,73.0,39.0,14.0,6.0,5.0,11.0,79.0,32.0,3.0,2.0,17.0,6.0,3.0,20.0,71.0,2026-02-13 19:30:00+00:00,28,Regular Season,40.0,PAR,MAD,47.0,1.0,71.0,69.32
E2025,276,road,77.0,39.0,18.0,4.0,3.0,20.0,60.0,28.0,18.0,13.0,10.0,10.0,5.0,11.0,98.0,2026-02-13 19:30:00+00:00,28,Regular Season,40.0,MAD,PAR,32.0,5.0,98.0,67.92
E2025,278,local,78.0,25.0,20.0,2.0,1.0,18.0,63.0,31.0,8.0,5.0,5.0,4.0,2.0,22.0,81.0,2026-02-13 19:30:00+00:00,28,Regular Season,40.0,MIL,DUB,32.0,3.0,81.0,65.52
E2025,278,road,96.0,39.0,22.0,3.0,2.0,22.0,63.0,34.0,23.0,17.0,11.0,5.0,1.0,18.0,125.0,2026-02-13 19:30:00+00:00,28,Regular Season,40.0,DUB,MIL,29.0,6.0,125.0,67.12
E2025,281,local,81.0,33.0,12.0,9.0,6.0,23.0,62.0,25.0,30.0,25.0,15.0,11.0,2.0,21.0,88.0,2026-02-25 17:45:00+00:00,29,Regular Season,40.0,ULK,PAR,37.0,5.0,88.0,71.2
E2025,281,road,78.0,30.0,21.0,6.0,2.0,21.0,56.0,29.0,18.0,17.0,6.0,15.0,6.0,23.0,86.0,2026-02-25 17:45:00+00:00,29,Regular Season,40.0,PAR,ULK,27.0,1.0,86.0,72.92
E2025,283,local,99.0,42.0,18.0,9.0,8.0,28.0,74.0,35.0,27.0,17.0,13.0,13.0,3.0,18.0,121.0,2026-02-25 18:00:00+00:00,29,Regular Season,50.0,ZAL,OLY,39.0,10.0,121.0,85.88
E2025,283,road,94.0,52.0,24.0,7.0,3.0,18.0,88.0,35.0,18.0,15.0,20.0,14.0,8.0,28.0,92.0,2026-02-25 18:00:00+00:00,29,Regular Season,50.0,OLY,ZAL,53.0,3.0,92.0,89.92
E2025,282,local,85.0,32.0,24.0,9.0,0.0,18.0,67.0,36.0,14.0,9.0,14.0,10.0,4.0,16.0,102.0,2026-02-25 19:30:00+00:00,29,Regular Season,40.0,VIR,BAR,31.0,5.0,102.0,69.16
E2025,282,road,80.0,34.0,21.0,4.0,4.0,16.0,62.0,30.0,11.0,10.0,14.0,16.0,0.0,18.0,92.0,2026-02-25 19:30:00+00:00,29,Regular Season,40.0,BAR,VIR,32.0,1.0,92.0,68.84
E2025,286,local,91.0,41.0,20.0,4.0,1.0,21.0,65.0,33.0,23.0,13.0,13.0,9.0,5.0,18.0,104.0,2026-02-25 19:30:00+00:00,29,Regular Season,40.0,RED,IST,32.0,10.0,104.0,71.12
E2025,286,road,81.0,32.0,16.0,7.0,5.0,18.0,63.0,29.0,20.0,13.0,8.0,7.0,1.0,21.0,89.0,2026-02-25 19:30:00+00:00,29,Regular Season,40.0,IST,RED,34.0,7.0,89.0,70.8
E2025,287,local,96.0,35.0,22.0,5.0,7.0,20.0,68.0,39.0,17.0,13.0,6.0,7.0,1.0,24.0,120.0,2026-02-26 17:00:00+00:00,29,Regular Season,40.0,DUB,ASV,29.0,4.0,120.0,76.48
E2025,287,road,85.0,43.0,15.0,3.0,1.0,24.0,70.0,27.0,26.0,20.0,16.0,10.0,7.0,20.0,85.0,2026-02-26 17:00:00+00:00,29,Regular Season,40.0,ASV,DUB,43.0,6.0,85.0,75.44
E2025,284,local,86.0,33.0,24.0,5.0,2.0,26.0,67.0,27.0,27.0,25.0,12.0,10.0,3.0,21.0,100.0,2026-02-26 18:30:00+00:00,29,Regular Season,40.0,MCO,TEL,40.0,2.0,100.0,76.88
E2025,284,road,91.0,37.0,22.0,6.0,3.0,20.0,66.0,33.0,18.0,13.0,12.0,14.0,2.0,27.0,98.0,2026-02-26 18:30:00+00:00,29,Regular Season,40.0,TEL,MCO,33.0,5.0,98.0,75.92
E2025,288,local,92.0,32.0,16.0,5.0,4.0,18.0,60.0,34.0,19.0,17.0,5.0,11.0,2.0,23.0,103.0,2026-02-26 19:05:00+00:00,29,Regular Season,40.0,HTA,MIL,26.0,2.0,103.0,74.36
E2025,288,road,86.0,36.0,25.0,4.0,2.0,23.0,68.0,29.0,27.0,19.0,15.0,10.0,4.0,18.0,97.0,2026-02-26 19:05:00+00:00,29,Regular Season,40.0,MIL,HTA,39.0,8.0,97.0,74.88
E2025,285,local,79.0,30.0,16.0,3.0,2.0,20.0,65.0,27.0,24.0,18.0,13.0,12.0,3.0,16.0,75.0,2026-02-26 19:30:00+00:00,29,Regular Season,40.0,BAS,PAM,38.0,6.0,75.0,74.56
E2025,285,road,108.0,44.0,24.0,7.0,3.0,16.0,74.0,42.0,11.0,9.0,14.0,9.0,2.0,20.0,137.0,2026-02-26 19:30:00+00:00,29,Regular Season,40.0,PAM,BAS,32.0,2.0,137.0,73.84
E2025,289,local,99.0,32.0,23.0,5.0,4.0,26.0,67.0,33.0,29.0,25.0,9.0,8.0,2.0,19.0,122.0,2026-02-26 19:45:00+00:00,29,Regular Season,40.0,PAN,PRS,34.0,4.0,122.0,78.76
E2025,289,road,104.0,40.0,23.0,4.0,2.0,19.0,72.0,35.0,20.0,17.0,13.0,11.0,4.0,26.0,111.0,2026-02-26 19:45:00+00:00,29,Regular Season,40.0,PRS,PAN,37.0,3.0,111.0,78.8
E2025,290,local,93.0,38.0,28.0,4.0,5.0,19.0,61.0,33.0,13.0,12.0,11.0,16.0,2.0,15.0,125.0,2026-02-26 19:45:00+00:00,29,Regular Season,40.0,MAD,MUN,28.0,1.0,125.0,71.72
E2025,290,road,70.0,31.0,15.0,8.0,2.0,15.0,69.0,28.0,8.0,8.0,13.0,11.0,5.0,21.0,63.0,2026-02-26 19:45:00+00:00,29,Regular Season,40.0,MUN,MAD,41.0,0.0,63.0,70.52
E2025,292,local,88.0,43.0,16.0,3.0,1.0,19.0,66.0,34.0,16.0,10.0,14.0,13.0,4.0,19.0,96.0,2026-03-05 17:45:00+00:00,30,Regular Season,40.0,ULK,MCO,32.0,6.0,96.0,72.04
E2025,292,road,70.0,33.0,19.0,5.0,4.0,19.0,62.0,23.0,23.0,20.0,11.0,12.0,1.0,20.0,75.0,2026-03-05 17:45:00+00:00,30,Regular Season,40.0,MCO,ULK,39.0,3.0,75.0,73.12
E2025,291,local,87.0,33.0,19.0,6.0,2.0,24.0,52.0,29.0,26.0,20.0,7.0,19.0,2.0,17.0,104.0,2026-03-05 19:30:00+00:00,30,Regular Season,40.0,MIL,BAR,23.0,6.0,104.0,75.44
E2025,291,road,84.0,27.0,21.0,12.0,2.0,17.0,73.0,35.0,7.0,6.0,10.0,12.0,2.0,24.0,86.0,2026-03-05 19:30:00+00:00,30,Regular Season,40.0,BAR,MIL,38.0,1.0,86.0,78.08
E2025,296,local,91.0,34.0,19.0,2.0,2.0,22.0,67.0,36.0,15.0,11.0,11.0,8.0,0.0,14.0,113.0,2026-03-05 19:30:00+00:00,30,Regular Season,40.0,PAM,ZAL,31.0,4.0,113.0,70.6
E2025,296,road,87.0,29.0,25.0,6.0,0.0,14.0,62.0,33.0,12.0,9.0,7.0,9.0,2.0,22.0,96.0,2026-03-05 19:30:00+00:00,30,Regular Season,40.0,ZAL,PAM,29.0,3.0,96.0,69.28
E2025,295,local,92.0,32.0,19.0,6.0,7.0,22.0,66.0,33.0,18.0,15.0,12.0,9.0,3.0,19.0,111.0,2026-03-05 19:45:00+00:00,30,Regular Season,40.0,MAD,VIR,33.0,3.0,111.0,70.92
E2025,295,road,84.0,34.0,18.0,5.0,3.0,19.0,63.0,31.0,12.0,10.0,12.0,15.0,7.0,22.0,85.0,2026-03-05 19:45:00+00:00,30,Regular Season,40.0,VIR,MAD,32.0,2.0,85.0,71.28
E2025,297,local,88.0,27.0,18.0,6.0,2.0,24.0,55.0,32.0,19.0,14.0,5.0,20.0,0.0,22.0,95.0,2026-03-06 17:30:00+00:00,30,Regular Season,40.0,IST,ASV,23.0,5.0,95.0,78.36
E2025,297,road,91.0,31.0,19.0,7.0,0.0,22.0,62.0,29.0,24.0,21.0,11.0,15.0,2.0,24.0,93.0,2026-03-06 17:30:00+00:00,30,Regular Season,40.0,ASV,IST,33.0,3.0,93.0,76.56
E2025,299,local,80.0,38.0,19.0,2.0,2.0,23.0,66.0,27.0,24.0,20.0,15.0,8.0,2.0,17.0,94.0,2026-03-06 19:00:00+00:00,30,Regular Season,40.0,RED,MUN,39.0,4.0,94.0,69.56
E2025,299,road,85.0,36.0,17.0,1.0,2.0,17.0,60.0,31.0,19.0,13.0,9.0,12.0,2.0,23.0,86.0,2026-03-06 19:00:00+00:00,30,Regular Season,40.0,MUN,RED,29.0,6.0,86.0,71.36
E2025,300,local,86.0,33.0,22.0,10.0,3.0,22.0,60.0,29.0,25.0,18.0,13.0,14.0,1.0,21.0,102.0,2026-03-06 19:15:00+00:00,30,Regular Season,40.0,OLY,PAN,31.0,7.0,102.0,72.0
E2025,300,road,80.0,29.0,17.0,7.0,1.0,20.0,57.0,28.0,17.0,15.0,11.0,17.0,3.0,24.0,79.0,2026-03-06 19:15:00+00:00,30,Regular Season,40.0,PAN,OLY,29.0,2.0,79.0,70.48
E2025,298,local,81.0,32.0,17.0,10.0,6.0,24.0,64.0,25.0,26.0,20.0,14.0,18.0,3.0,16.0,88.0,2026-03-06 19:30:00+00:00,30,Regular Season,40.0,BAS,PRS,39.0,6.0,88.0,79.44
E2025,298,road,97.0,41.0,17.0,6.0,3.0,16.0,65.0,32.0,17.0,16.0,14.0,21.0,6.0,24.0,95.0,2026-03-06 19:30:00+00:00,30,Regular Season,40.0,PRS,BAS,33.0,1.0,95.0,79.48
E2025,334,local,87.0,27.0,22.0,9.0,4.0,20.0,64.0,29.0,19.0,15.0,8.0,11.0,2.0,25.0,92.0,2026-03-10 19:45:00+00:00,34,Regular Season,40.0,PRS,OLY,35.0,4.0,92.0,75.36
E2025,334,road,104.0,41.0,21.0,9.0,2.0,25.0,59.0,32.0,26.0,23.0,11.0,15.0,4.0,20.0,133.0,2026-03-10 19:45:00+00:00,34,Regular Season,40.0,OLY,PRS,27.0,3.0,133.0,74.44
E2025,304,local,82.0,39.0,15.0,6.0,3.0,22.0,67.0,26.0,25.0,22.0,17.0,12.0,5.0,22.0,84.0,2026-03-11 19:45:00+00:00,31,Regular Season,40.0,VIR,PAR,41.0,3.0,84.0,73.0
E2025,304,road,88.0,41.0,22.0,8.0,5.0,22.0,68.0,33.0,19.0,12.0,15.0,13.0,3.0,23.0,105.0,2026-03-11 19:45:00+00:00,31,Regular Season,40.0,PAR,VIR,35.0,7.0,105.0,74.36
E2025,306,local,81.0,36.0,19.0,7.0,1.0,18.0,65.0,31.0,16.0,14.0,10.0,11.0,1.0,25.0,89.0,2026-03-12 18:00:00+00:00,31,Regular Season,40.0,MCO,OLY,34.0,2.0,89.0,73.04
E2025,306,road,80.0,33.0,13.0,8.0,1.0,24.0,58.0,26.0,23.0,16.0,10.0,15.0,1.0,20.0,84.0,2026-03-12 18:00:00+00:00,31,Regular Season,40.0,OLY,MCO,32.0,7.0,84.0,73.12
E2025,308,local,100.0,44.0,17.0,9.0,4.0,22.0,73.0,35.0,38.0,25.0,16.0,11.0,0.0,26.0,108.0,2026-03-12 19:00:00+00:00,31,Regular Season,40.0,DUB,BAS,38.0,13.0,108.0,84.72
E2025,308,road,94.0,40.0,16.0,6.0,0.0,26.0,72.0,30.0,28.0,27.0,14.0,13.0,4.0,23.0,99.0,2026-03-12 19:00:00+00:00,31,Regular Season,40.0,BAS,DUB,42.0,1.0,99.0,83.32
E2025,301,local,80.0,32.0,18.0,6.0,0.0,18.0,57.0,28.0,16.0,14.0,4.0,14.0,1.0,21.0,87.0,2026-03-12 19:30:00+00:00,31,Regular Season,40.0,MUN,IST,29.0,2.0,87.0,74.04
E2025,301,road,81.0,28.0,15.0,9.0,1.0,21.0,58.0,26.0,19.0,17.0,4.0,11.0,0.0,18.0,92.0,2026-03-12 19:30:00+00:00,31,Regular Season,40.0,IST,MUN,32.0,2.0,92.0,73.36
E2025,303,local,96.0,47.0,25.0,8.0,4.0,16.0,76.0,36.0,14.0,8.0,16.0,5.0,5.0,20.0,120.0,2026-03-12 19:45:00+00:00,31,Regular Season,40.0,MAD,PAM,40.0,6.0,120.0,71.16
E2025,303,road,79.0,45.0,16.0,3.0,5.0,19.0,74.0,29.0,17.0,10.0,16.0,8.0,4.0,16.0,87.0,2026-03-12 19:45:00+00:00,31,Regular Season,40.0,PAM,MAD,45.0,7.0,87.0,73.48
E2025,302,local,90.0,38.0,20.0,7.0,3.0,21.0,68.0,30.0,24.0,18.0,14.0,9.0,3.0,20.0,103.0,2026-03-12 20:00:00+00:00,31,Regular Season,40.0,PRS,ASV,38.0,6.0,103.0,73.56
E2025,302,road,81.0,37.0,25.0,5.0,3.0,20.0,63.0,28.0,18.0,12.0,10.0,13.0,3.0,22.0,92.0,2026-03-12 20:00:00+00:00,31,Regular Season,40.0,ASV,PRS,35.0,6.0,92.0,73.92
E2025,305,local,92.0,32.0,17.0,9.0,2.0,24.0,61.0,31.0,29.0,25.0,10.0,10.0,3.0,23.0,106.0,2026-03-12 20:00:00+00:00,31,Regular Season,40.0,PAN,ZAL,30.0,4.0,106.0,73.76
E2025,305,road,88.0,33.0,14.0,6.0,3.0,23.0,61.0,30.0,25.0,19.0,11.0,13.0,2.0,24.0,91.0,2026-03-12 20:00:00+00:00,31,Regular Season,40.0,ZAL,PAN,31.0,6.0,91.0,74.0
E2025,307,local,79.0,44.0,18.0,5.0,2.0,27.0,64.0,27.0,27.0,20.0,15.0,12.0,4.0,19.0,96.0,2026-03-13 19:00:00+00:00,31,Regular Season,40.0,RED,ULK,37.0,7.0,96.0,72.88
E2025,307,road,73.0,41.0,10.0,6.0,4.0,19.0,69.0,27.0,15.0,12.0,15.0,14.0,2.0,28.0,64.0,2026-03-13 19:00:00+00:00,31,Regular Season,40.0,ULK,RED,42.0,3.0,64.0,74.6
E2025,309,local,96.0,35.0,20.0,8.0,2.0,26.0,63.0,30.0,30.0,27.0,12.0,12.0,2.0,21.0,116.0,2026-03-13 19:30:00+00:00,31,Regular Season,40.0,MIL,TEL,33.0,3.0,116.0,76.2
E2025,309,road,87.0,40.0,20.0,6.0,2.0,21.0,71.0,30.0,26.0,18.0,19.0,13.0,2.0,26.0,86.0,2026-03-13 19:30:00+00:00,31,Regular Season,40.0,TEL,MIL,41.0,8.0,86.0,76.44
E2025,310,local,75.0,31.0,11.0,7.0,3.0,17.0,69.0,31.0,11.0,9.0,10.0,8.0,3.0,22.0,71.0,2026-03-13 19:30:00+00:00,31,Regular Season,40.0,BAR,HTA,38.0,2.0,71.0,71.84
E2025,310,road,80.0,37.0,19.0,4.0,3.0,22.0,54.0,29.0,25.0,16.0,9.0,17.0,3.0,17.0,94.0,2026-03-13 19:30:00+00:00,31,Regular Season,40.0,HTA,BAR,25.0,9.0,94.0,73.0
E2025,205,local,93.0,31.0,21.0,9.0,2.0,17.0,63.0,34.0,18.0,14.0,5.0,12.0,1.0,15.0,112.0,2026-03-17 15:00:00+00:00,21,Regular Season,40.0,HTA,PRS,29.0,4.0,112.0,77.92
E2025,205,road,82.0,40.0,14.0,7.0,1.0,15.0,73.0,30.0,12.0,10.0,15.0,16.0,2.0,17.0,79.0,2026-03-17 15:00:00+00:00,21,Regular Season,40.0,PRS,HTA,43.0,2.0,79.0,79.28
E2025,294,local,88.0,34.0,15.0,8.0,3.0,19.0,68.0,33.0,13.0,11.0,12.0,11.0,4.0,22.0,93.0,2026-03-17 19:00:00+00:00,30,Regular Season,40.0,PAR,DUB,35.0,2.0,93.0,72.72
E2025,294,road,74.0,30.0,15.0,6.0,4.0,21.0,51.0,24.0,25.0,20.0,6.0,16.0,3.0,20.0,79.0,2026-03-17 19:00:00+00:00,30,Regular Season,40.0,DUB,PAR,27.0,5.0,79.0,72.0
E2025,134,local,104.0,25.0,25.0,8.0,3.0,20.0,62.0,38.0,22.0,20.0,7.0,7.0,2.0,14.0,136.0,2026-03-17 19:15:00+00:00,14,Regular Season,40.0,OLY,ULK,24.0,2.0,136.0,71.68
E2025,134,road,87.0,25.0,18.0,6.0,2.0,14.0,61.0,33.0,7.0,7.0,8.0,17.0,3.0,20.0,84.0,2026-03-17 19:15:00+00:00,14,Regular Season,40.0,ULK,OLY,28.0,0.0,84.0,73.08
E2025,315,local,62.0,31.0,14.0,6.0,3.0,18.0,54.0,24.0,17.0,8.0,9.0,12.0,0.0,19.0,64.0,2026-03-19 17:00:00+00:00,32,Regular Season,40.0,PAM,BAR,30.0,9.0,64.0,64.48
E2025,315,road,66.0,39.0,16.0,7.0,0.0,19.0,63.0,26.0,12.0,7.0,17.0,12.0,3.0,18.0,72.0,2026-03-19 17:00:00+00:00,32,Regular Season,40.0,BAR,PAM,37.0,5.0,72.0,63.28
E2025,316,local,93.0,27.0,15.0,12.0,2.0,25.0,65.0,30.0,27.0,22.0,13.0,9.0,1.0,29.0,95.0,2026-03-19 17:30:00+00:00,32,Regular Season,40.0,IST,MCO,35.0,5.0,95.0,72.88
E2025,316,road,98.0,35.0,22.0,3.0,1.0,29.0,53.0,31.0,36.0,30.0,11.0,16.0,2.0,25.0,117.0,2026-03-19 17:30:00+00:00,32,Regular Season,40.0,MCO,IST,22.0,6.0,117.0,73.84
E2025,312,local,109.0,30.0,32.0,9.0,2.0,23.0,63.0,40.0,21.0,17.0,4.0,13.0,3.0,21.0,141.0,2026-03-19 19:05:00+00:00,32,Regular Season,40.0,HTA,VIR,23.0,4.0,141.0,81.24
E2025,312,road,91.0,28.0,25.0,8.0,3.0,21.0,66.0,31.0,26.0,22.0,9.0,15.0,2.0,23.0,97.0,2026-03-19 19:05:00+00:00,32,Regular Season,40.0,VIR,HTA,35.0,4.0,97.0,83.44
E2025,313,local,90.0,39.0,25.0,6.0,1.0,24.0,66.0,35.0,23.0,16.0,13.0,12.0,3.0,17.0,115.0,2026-03-19 19:15:00+00:00,32,Regular Season,40.0,OLY,BAS,31.0,7.0,115.0,75.12
E2025,313,road,80.0,28.0,21.0,9.0,3.0,17.0,62.0,29.0,17.0,14.0,7.0,11.0,1.0,24.0,86.0,2026-03-19 19:15:00+00:00,32,Regular Season,40.0,BAS,OLY,33.0,3.0,86.0,73.48
E2025,311,local,74.0,33.0,17.0,8.0,2.0,17.0,66.0,29.0,10.0,9.0,10.0,10.0,3.0,17.0,83.0,2026-03-19 19:30:00+00:00,32,Regular Season,40.0,MUN,DUB,37.0,1.0,83.0,70.4
E2025,311,road,87.0,32.0,23.0,7.0,3.0,17.0,60.0,31.0,14.0,13.0,5.0,11.0,2.0,17.0,109.0,2026-03-19 19:30:00+00:00,32,Regular Season,40.0,DUB,MUN,29.0,1.0,109.0,72.16
E2025,314,local,81.0,37.0,16.0,5.0,8.0,23.0,74.0,29.0,20.0,14.0,15.0,11.0,2.0,17.0,89.0,2026-03-19 19:45:00+00:00,32,Regular Season,40.0,PRS,PAR,45.0,6.0,89.0,78.8
E2025,314,road,90.0,47.0,27.0,7.0,2.0,17.0,74.0,36.0,12.0,11.0,16.0,14.0,8.0,23.0,106.0,2026-03-19 19:45:00+00:00,32,Regular Season,40.0,PAR,PRS,38.0,1.0,106.0,77.28
E2025,317,local,79.0,39.0,14.0,6.0,3.0,17.0,65.0,32.0,11.0,9.0,12.0,13.0,1.0,17.0,92.0,2026-03-20 17:45:00+00:00,32,Regular Season,40.0,ULK,MIL,33.0,2.0,92.0,70.84
E2025,317,road,75.0,35.0,14.0,7.0,1.0,17.0,66.0,26.0,16.0,15.0,13.0,10.0,3.0,17.0,78.0,2026-03-20 17:45:00+00:00,32,Regular Season,40.0,MIL,ULK,40.0,1.0,78.0,70.04
E2025,320,local,87.0,36.0,17.0,2.0,4.0,18.0,69.0,34.0,14.0,10.0,12.0,8.0,3.0,18.0,96.0,2026-03-20 18:00:00+00:00,32,Regular Season,40.0,ZAL,MAD,35.0,4.0,96.0,71.16
E2025,320,road,85.0,41.0,17.0,4.0,3.0,18.0,72.0,30.0,20.0,16.0,18.0,9.0,4.0,18.0,91.0,2026-03-20 18:00:00+00:00,32,Regular Season,40.0,MAD,ZAL,42.0,4.0,91.0,71.8
E2025,319,local,82.0,33.0,19.0,6.0,2.0,19.0,56.0,29.0,17.0,14.0,6.0,14.0,4.0,16.0,97.0,2026-03-20 19:15:00+00:00,32,Regular Season,40.0,PAN,RED,27.0,3.0,97.0,71.48
E2025,319,road,74.0,36.0,22.0,8.0,4.0,16.0,66.0,28.0,15.0,11.0,12.0,12.0,2.0,19.0,85.0,2026-03-20 19:15:00+00:00,32,Regular Season,40.0,RED,PAN,38.0,4.0,85.0,72.6
E2025,318,local,85.0,35.0,22.0,3.0,3.0,22.0,66.0,31.0,23.0,13.0,11.0,11.0,1.0,24.0,89.0,2026-03-20 19:45:00+00:00,32,Regular Season,40.0,ASV,TEL,35.0,10.0,89.0,76.12
E2025,318,road,89.0,41.0,25.0,6.0,1.0,24.0,68.0,31.0,22.0,19.0,13.0,10.0,3.0,22.0,111.0,2026-03-20 19:45:00+00:00,32,Regular Season,40.0,TEL,ASV,37.0,3.0,111.0,74.68
E2025,324,local,94.0,38.0,24.0,5.0,2.0,24.0,67.0,31.0,26.0,22.0,15.0,16.0,3.0,23.0,105.0,2026-03-24 17:30:00+00:00,33,Regular Season,40.0,TEL,ULK,36.0,4.0,105.0,79.44
E2025,324,road,89.0,31.0,20.0,7.0,3.0,22.0,60.0,28.0,29.0,23.0,12.0,16.0,2.0,25.0,91.0,2026-03-24 17:30:00+00:00,33,Regular Season,40.0,ULK,TEL,32.0,6.0,91.0,76.76
E2025,321,local,90.0,35.0,20.0,6.0,2.0,22.0,68.0,34.0,22.0,15.0,10.0,5.0,1.0,17.0,111.0,2026-03-24 18:00:00+00:00,33,Regular Season,40.0,MCO,MIL,34.0,7.0,111.0,72.68
E2025,321,road,85.0,41.0,15.0,0.0,1.0,17.0,72.0,35.0,8.0,6.0,14.0,9.0,2.0,22.0,87.0,2026-03-24 18:00:00+00:00,33,Regular Season,40.0,MIL,MCO,37.0,2.0,87.0,70.52
E2025,329,local,78.0,32.0,18.0,10.0,2.0,20.0,66.0,29.0,17.0,13.0,13.0,10.0,1.0,16.0,92.0,2026-03-24 18:00:00+00:00,33,Regular Season,40.0,ZAL,MUN,37.0,4.0,92.0,70.48
E2025,329,road,71.0,37.0,12.0,6.0,1.0,16.0,64.0,30.0,7.0,5.0,15.0,17.0,2.0,20.0,68.0,2026-03-24 18:00:00+00:00,33,Regular Season,40.0,MUN,ZAL,34.0,2.0,68.0,69.08
E2025,322,local,104.0,27.0,22.0,3.0,3.0,23.0,58.0,33.0,28.0,25.0,8.0,13.0,1.0,26.0,114.0,2026-03-24 18:30:00+00:00,33,Regular Season,40.0,DUB,PAN,25.0,3.0,114.0,75.32
E2025,322,road,107.0,27.0,23.0,6.0,1.0,24.0,67.0,37.0,21.0,19.0,11.0,8.0,3.0,23.0,122.0,2026-03-24 18:30:00+00:00,33,Regular Season,40.0,PAN,DUB,30.0,2.0,122.0,73.24
E2025,323,local,78.0,34.0,13.0,3.0,0.0,21.0,51.0,25.0,24.0,20.0,7.0,14.0,0.0,18.0,87.0,2026-03-24 19:30:00+00:00,33,Regular Season,40.0,BAR,IST,26.0,4.0,87.0,68.56
E2025,323,road,71.0,24.0,9.0,7.0,0.0,18.0,57.0,26.0,14.0,11.0,6.0,7.0,0.0,22.0,66.0,2026-03-24 19:30:00+00:00,33,Regular Season,40.0,IST,BAR,31.0,3.0,66.0,64.16
E2025,327,local,85.0,34.0,27.0,6.0,3.0,20.0,63.0,32.0,14.0,10.0,12.0,18.0,0.0,27.0,95.0,2026-03-24 19:30:00+00:00,33,Regular Season,40.0,PAM,OLY,31.0,4.0,95.0,75.16
E2025,327,road,84.0,30.0,17.0,6.0,0.0,27.0,57.0,27.0,30.0,22.0,10.0,13.0,3.0,20.0,90.0,2026-03-24 19:30:00+00:00,33,Regular Season,40.0,OLY,PAM,30.0,8.0,90.0,73.2
E2025,325,local,79.0,34.0,21.0,10.0,4.0,25.0,57.0,25.0,25.0,19.0,7.0,16.0,2.0,19.0,98.0,2026-03-24 19:45:00+00:00,33,Regular Season,40.0,PAR,ASV,32.0,6.0,98.0,77.0
E2025,325,road,78.0,35.0,22.0,10.0,2.0,19.0,62.0,30.0,17.0,10.0,7.0,14.0,4.0,25.0,84.0,2026-03-24 19:45:00+00:00,33,Regular Season,40.0,ASV,PAR,32.0,7.0,84.0,76.48
E2025,326,local,92.0,37.0,17.0,5.0,5.0,19.0,61.0,29.0,28.0,25.0,10.0,11.0,1.0,18.0,110.0,2026-03-24 20:00:00+00:00,33,Regular Season,40.0,MAD,HTA,32.0,3.0,110.0,74.32
E2025,326,road,83.0,29.0,18.0,3.0,1.0,18.0,67.0,32.0,13.0,12.0,7.0,9.0,5.0,21.0,81.0,2026-03-24 20:00:00+00:00,33,Regular Season,40.0,HTA,MAD,35.0,1.0,81.0,74.72
E2025,330,local,100.0,32.0,21.0,6.0,5.0,27.0,64.0,30.0,26.0,26.0,5.0,17.0,2.0,25.0,113.0,2026-03-25 19:30:00+00:00,33,Regular Season,45.0,BAS,RED,34.0,0.0,113.0,87.44
E2025,330,road,108.0,41.0,22.0,6.0,2.0,25.0,76.0,37.0,28.0,23.0,14.0,13.0,5.0,28.0,114.0,2026-03-25 19:30:00+00:00,33,Regular Season,45.0,RED,BAS,39.0,5.0,114.0,87.32
E2025,331,local,103.0,31.0,25.0,7.0,2.0,21.0,69.0,37.0,19.0,15.0,6.0,7.0,3.0,21.0,122.0,2026-03-26 19:30:00+00:00,34,Regular Season,40.0,MIL,VIR,32.0,4.0,122.0,78.36
E2025,331,road,87.0,32.0,23.0,4.0,3.0,21.0,60.0,28.0,23.0,21.0,6.0,15.0,2.0,21.0,98.0,2026-03-26 19:30:00+00:00,34,Regular Season,40.0,VIR,MIL,32.0,2.0,98.0,79.12
E2025,332,local,93.0,37.0,20.0,7.0,5.0,19.0,69.0,33.0,22.0,18.0,13.0,7.0,5.0,20.0,109.0,2026-03-26 19:30:00+00:00,34,Regular Season,40.0,MUN,ASV,36.0,4.0,109.0,72.68
E2025,332,road,83.0,32.0,23.0,2.0,5.0,20.0,61.0,30.0,14.0,11.0,7.0,11.0,5.0,19.0,96.0,2026-03-26 19:30:00+00:00,34,Regular Season,40.0,ASV,MUN,31.0,3.0,96.0,71.16
E2025,333,local,104.0,47.0,22.0,7.0,3.0,28.0,76.0,35.0,37.0,26.0,16.0,9.0,0.0,22.0,128.0,2026-03-26 19:30:00+00:00,34,Regular Season,45.0,TEL,DUB,41.0,11.0,128.0,85.28
E2025,333,road,100.0,38.0,20.0,3.0,0.0,22.0,76.0,35.0,24.0,21.0,12.0,10.0,3.0,31.0,95.0,2026-03-26 19:30:00+00:00,34,Regular Season,45.0,DUB,TEL,41.0,3.0,95.0,84.56
E2025,335,local,82.0,41.0,23.0,5.0,4.0,21.0,66.0,27.0,21.0,18.0,17.0,9.0,4.0,14.0,107.0,2026-03-26 19:45:00+00:00,34,Regular Season,40.0,MAD,IST,39.0,3.0,107.0,67.24
E2025,335,road,71.0,32.0,20.0,4.0,4.0,14.0,63.0,28.0,10.0,7.0,11.0,12.0,4.0,22.0,69.0,2026-03-26 19:45:00+00:00,34,Regular Season,40.0,IST,MAD,35.0,3.0,69.0,68.4
E2025,338,local,82.0,28.0,14.0,6.0,2.0,21.0,62.0,30.0,19.0,15.0,10.0,12.0,3.0,23.0,79.0,2026-03-27 17:45:00+00:00,34,Regular Season,40.0,ULK,ZAL,32.0,4.0,79.0,72.36
E2025,338,road,92.0,34.0,24.0,7.0,3.0,23.0,57.0,32.0,25.0,15.0,11.0,15.0,2.0,21.0,110.0,2026-03-27 17:45:00+00:00,34,Regular Season,40.0,ZAL,ULK,25.0,10.0,110.0,72.0
E2025,339,local,107.0,42.0,27.0,6.0,3.0,19.0,82.0,40.0,20.0,14.0,16.0,7.0,1.0,14.0,134.0,2026-03-27 19:15:00+00:00,34,Regular Season,40.0,PAN,MCO,42.0,6.0,134.0,81.8
E2025,339,road,97.0,34.0,28.0,6.0,1.0,14.0,67.0,36.0,17.0,14.0,6.0,10.0,3.0,19.0,114.0,2026-03-27 19:15:00+00:00,34,Regular Season,40.0,MCO,PAN,31.0,3.0,114.0,78.48
E2025,336,local,118.0,24.0,21.0,9.0,1.0,24.0,67.0,42.0,24.0,20.0,5.0,8.0,0.0,23.0,137.0,2026-03-27 19:30:00+00:00,34,Regular Season,40.0,BAS,HTA,25.0,4.0,137.0,80.56
E2025,336,road,109.0,25.0,15.0,4.0,0.0,23.0,58.0,39.0,25.0,19.0,4.0,16.0,1.0,25.0,109.0,2026-03-27 19:30:00+00:00,34,Regular Season,40.0,HTA,BAS,19.0,6.0,109.0,81.0
E2025,340,local,110.0,34.0,24.0,17.0,1.0,21.0,78.0,37.0,24.0,23.0,10.0,15.0,6.0,25.0,119.0,2026-03-27 19:30:00+00:00,34,Regular Season,50.0,PAR,PAM,41.0,1.0,119.0,93.56
E2025,340,road,104.0,40.0,28.0,10.0,6.0,25.0,69.0,35.0,33.0,24.0,10.0,22.0,1.0,21.0,126.0,2026-03-27 19:30:00+00:00,34,Regular Season,50.0,PAM,PAR,34.0,9.0,126.0,95.52
E2025,337,local,92.0,35.0,18.0,11.0,1.0,28.0,68.0,31.0,29.0,22.0,10.0,9.0,2.0,24.0,106.0,2026-03-27 20:00:00+00:00,34,Regular Season,45.0,BAR,RED,37.0,7.0,106.0,79.76
E2025,337,road,88.0,41.0,17.0,3.0,2.0,23.0,73.0,33.0,17.0,14.0,12.0,17.0,1.0,28.0,85.0,2026-03-27 20:00:00+00:00,34,Regular Season,45.0,RED,BAR,40.0,3.0,85.0,85.48
E2025,328,local,82.0,34.0,21.0,7.0,1.0,22.0,58.0,27.0,27.0,22.0,7.0,16.0,6.0,17.0,92.0,2026-03-31 18:45:00+00:00,33,Regular Season,40.0,VIR,PRS,31.0,5.0,92.0,78.88
E2025,328,road,103.0,35.0,24.0,9.0,6.0,16.0,70.0,36.0,18.0,12.0,9.0,12.0,1.0,23.0,117.0,2026-03-31 18:45:00+00:00,33,Regular Season,40.0,PRS,VIR,34.0,6.0,117.0,80.92
E2025,348,local,85.0,38.0,18.0,8.0,2.0,19.0,67.0,29.0,17.0,14.0,18.0,13.0,5.0,20.0,91.0,2026-04-01 17:00:00+00:00,35,Regular Season,40.0,MUN,ULK,38.0,3.0,91.0,69.48
E2025,348,road,76.0,32.0,18.0,7.0,5.0,20.0,60.0,25.0,18.0,15.0,12.0,15.0,2.0,19.0,84.0,2026-04-01 17:00:00+00:00,35,Regular Season,40.0,ULK,MUN,35.0,3.0,84.0,70.92
E2025,343,local,92.0,33.0,19.0,3.0,1.0,19.0,60.0,32.0,21.0,20.0,8.0,10.0,2.0,20.0,106.0,2026-04-02 17:00:00+00:00,35,Regular Season,40.0,HTA,PAN,28.0,1.0,106.0,71.24
E2025,343,road,88.0,35.0,19.0,3.0,2.0,20.0,71.0,33.0,19.0,13.0,15.0,7.0,1.0,19.0,96.0,2026-04-02 17:00:00+00:00,35,Regular Season,40.0,PAN,HTA,38.0,6.0,96.0,71.36
E2025,345,local,83.0,41.0,17.0,3.0,3.0,14.0,64.0,31.0,15.0,10.0,13.0,11.0,2.0,17.0,93.0,2026-04-02 17:00:00+00:00,35,Regular Season,40.0,ZAL,BAR,33.0,5.0,93.0,68.6
E2025,345,road,71.0,30.0,15.0,7.0,2.0,17.0,64.0,29.0,10.0,7.0,9.0,9.0,3.0,14.0,78.0,2026-04-02 17:00:00+00:00,35,Regular Season,40.0,BAR,ZAL,35.0,3.0,78.0,68.4
E2025,342,local,82.0,30.0,17.0,6.0,4.0,22.0,62.0,29.0,22.0,16.0,12.0,14.0,2.0,21.0,85.0,2026-04-02 18:00:00+00:00,35,Regular Season,40.0,RED,PAR,33.0,6.0,85.0,73.68
E2025,342,road,89.0,35.0,21.0,9.0,2.0,20.0,60.0,30.0,21.0,18.0,12.0,17.0,4.0,22.0,100.0,2026-04-02 18:00:00+00:00,35,Regular Season,40.0,PAR,RED,30.0,3.0,100.0,74.24
E2025,347,local,101.0,38.0,24.0,6.0,2.0,19.0,69.0,39.0,14.0,11.0,9.0,13.0,0.0,23.0,121.0,2026-04-02 18:00:00+00:00,35,Regular Season,40.0,DUB,MCO,30.0,3.0,121.0,79.16
E2025,347,road,91.0,32.0,26.0,7.0,0.0,23.0,70.0,33.0,20.0,14.0,11.0,11.0,2.0,19.0,104.0,2026-04-02 18:00:00+00:00,35,Regular Season,40.0,MCO,DUB,37.0,6.0,104.0,78.8
E2025,344,local,103.0,32.0,17.0,8.0,2.0,26.0,65.0,36.0,25.0,18.0,9.0,14.0,1.0,27.0,110.0,2026-04-02 18:45:00+00:00,35,Regular Season,40.0,PRS,MIL,29.0,7.0,110.0,81.0
E2025,344,road,93.0,39.0,20.0,5.0,1.0,27.0,66.0,29.0,33.0,28.0,15.0,15.0,2.0,26.0,100.0,2026-04-02 18:45:00+00:00,35,Regular Season,40.0,MIL,PRS,37.0,5.0,100.0,80.52
E2025,341,local,103.0,33.0,20.0,3.0,2.0,25.0,65.0,32.0,24.0,24.0,15.0,13.0,7.0,25.0,108.0,2026-04-02 19:00:00+00:00,35,Regular Season,40.0,TEL,IST,33.0,0.0,108.0,73.56
E2025,341,road,89.0,28.0,20.0,6.0,7.0,25.0,62.0,31.0,23.0,18.0,13.0,13.0,2.0,26.0,98.0,2026-04-02 19:00:00+00:00,35,Regular Season,40.0,IST,TEL,31.0,5.0,98.0,72.12
E2025,349,local,74.0,30.0,22.0,10.0,2.0,14.0,70.0,27.0,9.0,8.0,12.0,10.0,1.0,27.0,70.0,2026-04-03 18:00:00+00:00,35,Regular Season,40.0,ASV,OLY,43.0,1.0,70.0,71.96
E2025,349,road,82.0,47.0,24.0,3.0,1.0,26.0,58.0,26.0,31.0,24.0,15.0,16.0,2.0,14.0,112.0,2026-04-03 18:00:00+00:00,35,Regular Season,40.0,OLY,ASV,32.0,7.0,112.0,72.64
E2025,346,local,98.0,27.0,13.0,1.0,1.0,22.0,61.0,33.0,20.0,18.0,8.0,10.0,5.0,18.0,99.0,2026-04-03 18:30:00+00:00,35,Regular Season,40.0,BAS,MAD,28.0,2.0,99.0,71.8
E2025,346,road,96.0,29.0,22.0,8.0,5.0,18.0,63.0,35.0,17.0,16.0,7.0,8.0,1.0,22.0,118.0,2026-04-03 18:30:00+00:00,35,Regular Season,40.0,MAD,BAS,28.0,1.0,118.0,71.48
E2025,350,local,81.0,40.0,18.0,7.0,5.0,19.0,66.0,29.0,21.0,19.0,15.0,11.0,5.0,18.0,97.0,2026-04-03 18:30:00+00:00,35,Regular Season,40.0,VIR,PAM,37.0,2.0,97.0,71.24
E2025,350,road,94.0,34.0,29.0,6.0,5.0,18.0,69.0,35.0,16.0,11.0,11.0,9.0,5.0,19.0,114.0,2026-04-03 18:30:00+00:00,35,Regular Season,40.0,PAM,VIR,34.0,5.0,114.0,74.04
E2025,354,local,95.0,30.0,20.0,7.0,3.0,26.0,62.0,33.0,28.0,24.0,6.0,10.0,5.0,16.0,117.0,2026-04-07 16:00:00+00:00,36,Regular Season,40.0,HTA,ULK,29.0,4.0,117.0,78.32
E2025,354,road,80.0,39.0,17.0,5.0,5.0,16.0,69.0,29.0,11.0,10.0,16.0,18.0,3.0,26.0,74.0,2026-04-07 16:00:00+00:00,36,Regular Season,40.0,ULK,HTA,40.0,1.0,74.0,75.84
E2025,358,local,65.0,33.0,17.0,5.0,3.0,21.0,60.0,24.0,14.0,10.0,12.0,13.0,5.0,21.0,65.0,2026-04-07 17:00:00+00:00,36,Regular Season,40.0,ZAL,DUB,36.0,4.0,65.0,67.16
E2025,358,road,77.0,38.0,16.0,6.0,5.0,21.0,61.0,29.0,16.0,10.0,12.0,13.0,3.0,21.0,88.0,2026-04-07 17:00:00+00:00,36,Regular Season,40.0,DUB,ZAL,32.0,6.0,88.0,69.04
E2025,352,local,94.0,41.0,31.0,12.0,2.0,19.0,74.0,35.0,22.0,15.0,16.0,13.0,4.0,21.0,115.0,2026-04-07 18:00:00+00:00,36,Regular Season,40.0,RED,PRS,39.0,7.0,115.0,80.68
E2025,352,road,81.0,35.0,16.0,5.0,4.0,21.0,64.0,28.0,26.0,19.0,13.0,18.0,2.0,19.0,80.0,2026-04-07 18:00:00+00:00,36,Regular Season,40.0,PRS,RED,36.0,7.0,80.0,80.44
E2025,355,local,102.0,28.0,27.0,10.0,2.0,22.0,57.0,31.0,29.0,25.0,3.0,7.0,0.0,20.0,134.0,2026-04-07 18:15:00+00:00,36,Regular Season,40.0,OLY,MAD,26.0,4.0,134.0,73.76
E2025,355,road,88.0,40.0,19.0,4.0,0.0,19.0,74.0,34.0,13.0,9.0,16.0,14.0,2.0,22.0,88.0,2026-04-07 18:15:00+00:00,36,Regular Season,40.0,MAD,OLY,40.0,4.0,88.0,77.72
E2025,353,local,79.0,23.0,20.0,7.0,1.0,16.0,66.0,31.0,7.0,6.0,8.0,8.0,1.0,15.0,86.0,2026-04-07 18:30:00+00:00,36,Regular Season,40.0,BAR,PAN,35.0,1.0,86.0,69.08
E2025,353,road,93.0,35.0,20.0,4.0,1.0,15.0,59.0,37.0,9.0,7.0,8.0,13.0,1.0,16.0,114.0,2026-04-07 18:30:00+00:00,36,Regular Season,40.0,PAN,BAR,22.0,2.0,114.0,67.96000000000001
E2025,356,local,102.0,38.0,24.0,6.0,2.0,24.0,74.0,40.0,17.0,12.0,15.0,9.0,2.0,19.0,127.0,2026-04-07 18:30:00+00:00,36,Regular Season,40.0,PAM,MIL,34.0,5.0,127.0,75.48
E2025,356,road,96.0,27.0,19.0,5.0,2.0,18.0,64.0,34.0,19.0,16.0,8.0,10.0,2.0,25.0,97.0,2026-04-07 18:30:00+00:00,36,Regular Season,40.0,MIL,PAM,30.0,3.0,97.0,74.36
E2025,357,local,80.0,38.0,16.0,8.0,3.0,23.0,66.0,28.0,19.0,16.0,15.0,15.0,4.0,18.0,90.0,2026-04-07 18:30:00+00:00,36,Regular Season,40.0,VIR,MUN,38.0,3.0,90.0,74.36
E2025,357,road,85.0,31.0,26.0,4.0,4.0,18.0,65.0,33.0,12.0,9.0,8.0,12.0,3.0,23.0,95.0,2026-04-07 18:30:00+00:00,36,Regular Season,40.0,MUN,VIR,32.0,3.0,95.0,74.28
E2025,351,local,101.0,37.0,24.0,7.0,3.0,23.0,65.0,35.0,21.0,18.0,9.0,19.0,3.0,25.0,115.0,2026-04-07 19:00:00+00:00,36,Regular Season,40.0,BAS,TEL,30.0,3.0,115.0,84.24
E2025,351,road,98.0,35.0,14.0,10.0,3.0,24.0,68.0,32.0,28.0,23.0,12.0,17.0,3.0,23.0,100.0,2026-04-07 19:00:00+00:00,36,Regular Season,40.0,TEL,BAS,36.0,5.0,100.0,85.32
E2025,359,local,79.0,39.0,20.0,5.0,2.0,26.0,58.0,23.0,34.0,29.0,9.0,12.0,2.0,18.0,99.0,2026-04-08 17:30:00+00:00,36,Regular Season,45.0,IST,PAR,35.0,5.0,99.0,75.96000000000001
E2025,359,road,72.0,34.0,16.0,4.0,2.0,18.0,62.0,25.0,14.0,12.0,7.0,14.0,2.0,26.0,65.0,2026-04-08 17:30:00+00:00,36,Regular Season,45.0,PAR,IST,37.0,2.0,65.0,75.16
E2025,360,local,81.0,44.0,25.0,6.0,5.0,22.0,56.0,28.0,32.0,20.0,10.0,11.0,1.0,13.0,118.0,2026-04-08 17:30:00+00:00,36,Regular Season,40.0,MCO,ASV,28.0,12.0,118.0,71.08
E2025,360,road,76.0,31.0,16.0,4.0,1.0,13.0,69.0,27.0,15.0,11.0,9.0,10.0,5.0,22.0,58.0,2026-04-08 17:30:00+00:00,36,Regular Season,40.0,ASV,MCO,42.0,4.0,58.0,76.6
E2025,363,local,85.0,32.0,21.0,6.0,1.0,18.0,69.0,35.0,8.0,6.0,8.0,7.0,5.0,20.0,95.0,2026-04-09 16:30:00+00:00,37,Regular Season,40.0,HTA,OLY,34.0,2.0,95.0,71.52
E2025,363,road,89.0,40.0,24.0,5.0,5.0,20.0,71.0,34.0,13.0,10.0,12.0,12.0,1.0,18.0,112.0,2026-04-09 16:30:00+00:00,37,Regular Season,40.0,OLY,HTA,37.0,3.0,112.0,76.72
E2025,362,local,69.0,30.0,13.0,6.0,3.0,19.0,61.0,25.0,15.0,10.0,11.0,12.0,2.0,18.0,67.0,2026-04-09 17:45:00+00:00,37,Regular Season,40.0,ULK,MAD,36.0,5.0,67.0,68.6
E2025,362,road,74.0,32.0,17.0,5.0,2.0,18.0,54.0,28.0,12.0,9.0,8.0,17.0,3.0,20.0,79.0,2026-04-09 17:45:00+00:00,37,Regular Season,40.0,MAD,ULK,26.0,3.0,79.0,68.28
E2025,361,local,84.0,36.0,24.0,5.0,1.0,19.0,65.0,31.0,15.0,11.0,11.0,11.0,2.0,21.0,97.0,2026-04-09 18:30:00+00:00,37,Regular Season,40.0,MIL,MUN,34.0,4.0,97.0,71.6
E2025,361,road,94.0,32.0,27.0,6.0,2.0,21.0,64.0,33.0,23.0,17.0,9.0,9.0,1.0,19.0,116.0,2026-04-09 18:30:00+00:00,37,Regular Season,40.0,MUN,MIL,31.0,6.0,116.0,74.12
E2025,365,local,102.0,41.0,22.0,5.0,1.0,21.0,71.0,38.0,16.0,12.0,14.0,10.0,1.0,22.0,122.0,2026-04-09 18:45:00+00:00,37,Regular Season,40.0,PAM,PAN,33.0,4.0,122.0,74.04
E2025,365,road,84.0,28.0,13.0,6.0,1.0,22.0,65.0,31.0,20.0,16.0,9.0,7.0,1.0,21.0,87.0,2026-04-09 18:45:00+00:00,37,Regular Season,40.0,PAN,PAM,34.0,4.0,87.0,71.8
E2025,364,local,113.0,35.0,22.0,8.0,2.0,23.0,66.0,37.0,29.0,25.0,6.0,9.0,1.0,22.0,138.0,2026-04-09 19:00:00+00:00,37,Regular Season,40.0,PRS,TEL,29.0,4.0,138.0,81.76
E2025,364,road,80.0,43.0,15.0,7.0,1.0,21.0,72.0,25.0,27.0,22.0,19.0,17.0,2.0,24.0,72.0,2026-04-09 19:00:00+00:00,37,Regular Season,40.0,TEL,PRS,47.0,5.0,72.0,81.88
E2025,366,local,93.0,29.0,19.0,4.0,4.0,23.0,54.0,29.0,29.0,26.0,6.0,11.0,0.0,19.0,114.0,2026-04-10 17:30:00+00:00,37,Regular Season,40.0,MCO,BAR,25.0,3.0,114.0,71.76
E2025,366,road,86.0,29.0,21.0,5.0,0.0,19.0,61.0,30.0,12.0,10.0,9.0,14.0,4.0,23.0,86.0,2026-04-10 17:30:00+00:00,37,Regular Season,40.0,BAR,MCO,31.0,2.0,86.0,71.28
E2025,367,local,69.0,37.0,15.0,3.0,1.0,19.0,70.0,24.0,23.0,17.0,17.0,6.0,9.0,20.0,57.0,2026-04-10 18:00:00+00:00,37,Regular Season,40.0,DUB,IST,46.0,6.0,57.0,69.12
E2025,367,road,85.0,38.0,24.0,2.0,9.0,18.0,64.0,34.0,10.0,8.0,8.0,10.0,1.0,19.0,114.0,2026-04-10 18:00:00+00:00,37,Regular Season,40.0,IST,DUB,30.0,2.0,114.0,70.4
E2025,369,local,74.0,33.0,12.0,4.0,1.0,17.0,66.0,28.0,16.0,14.0,14.0,7.0,3.0,19.0,72.0,2026-04-10 18:30:00+00:00,37,Regular Season,40.0,PAR,ZAL,38.0,2.0,72.0,66.04
E2025,369,road,83.0,34.0,20.0,4.0,3.0,19.0,61.0,31.0,15.0,12.0,11.0,10.0,1.0,17.0,102.0,2026-04-10 18:30:00+00:00,37,Regular Season,40.0,ZAL,PAR,30.0,3.0,102.0,66.6
E2025,370,local,72.0,44.0,13.0,4.0,5.0,25.0,68.0,23.0,22.0,18.0,16.0,14.0,3.0,23.0,74.0,2026-04-10 18:30:00+00:00,37,Regular Season,40.0,VIR,BAS,45.0,4.0,74.0,75.68
E2025,370,road,82.0,37.0,16.0,7.0,3.0,22.0,64.0,27.0,22.0,18.0,9.0,12.0,5.0,25.0,84.0,2026-04-10 18:30:00+00:00,37,Regular Season,40.0,BAS,VIR,37.0,4.0,84.0,76.68
E2025,368,local,93.0,24.0,23.0,7.0,4.0,17.0,58.0,30.0,26.0,21.0,8.0,10.0,2.0,19.0,104.0,2026-04-10 18:45:00+00:00,37,Regular Season,40.0,ASV,RED,28.0,5.0,104.0,71.44
E2025,368,road,106.0,31.0,23.0,6.0,2.0,18.0,65.0,40.0,19.0,15.0,10.0,10.0,4.0,17.0,126.0,2026-04-10 18:45:00+00:00,37,Regular Season,40.0,RED,ASV,25.0,4.0,126.0,73.36
E2025,293,local,88.0,40.0,18.0,7.0,1.0,22.0,70.0,28.0,27.0,24.0,16.0,10.0,3.0,20.0,98.0,2026-04-12 19:15:00+00:00,30,Regular Season,40.0,TEL,HTA,42.0,3.0,98.0,75.88
E2025,293,road,99.0,36.0,24.0,5.0,3.0,20.0,73.0,38.0,14.0,13.0,11.0,10.0,1.0,22.0,118.0,2026-04-12 19:15:00+00:00,30,Regular Season,40.0,HTA,TEL,35.0,1.0,118.0,78.16
E2025,371,local,76.0,31.0,16.0,9.0,1.0,21.0,67.0,31.0,14.0,11.0,11.0,15.0,1.0,22.0,77.0,2026-04-16 18:00:00+00:00,38,Regular Season,40.0,ASV,ULK,36.0,3.0,77.0,77.16
E2025,371,road,81.0,35.0,14.0,10.0,1.0,22.0,57.0,28.0,26.0,20.0,10.0,17.0,1.0,21.0,89.0,2026-04-16 18:00:00+00:00,38,Regular Season,40.0,ULK,ASV,29.0,6.0,89.0,75.44
E2025,372,local,85.0,29.0,24.0,5.0,2.0,20.0,61.0,28.0,25.0,22.0,10.0,16.0,4.0,18.0,91.0,2026-04-16 18:05:00+00:00,38,Regular Season,40.0,TEL,VIR,33.0,3.0,91.0,78.0
E2025,372,road,89.0,29.0,21.0,10.0,4.0,18.0,59.0,33.0,19.0,16.0,6.0,17.0,2.0,20.0,103.0,2026-04-16 18:05:00+00:00,38,Regular Season,40.0,VIR,TEL,26.0,3.0,103.0,78.36
E2025,375,local,85.0,40.0,23.0,6.0,0.0,18.0,68.0,31.0,17.0,17.0,9.0,9.0,3.0,13.0,110.0,2026-04-16 18:15:00+00:00,38,Regular Season,40.0,OLY,MIL,37.0,0.0,110.0,75.48
E2025,375,road,76.0,35.0,21.0,4.0,3.0,13.0,68.0,29.0,5.0,3.0,8.0,12.0,0.0,19.0,80.0,2026-04-16 18:15:00+00:00,38,Regular Season,40.0,MIL,OLY,39.0,2.0,80.0,74.2
E2025,373,local,91.0,42.0,18.0,2.0,4.0,19.0,67.0,33.0,23.0,18.0,13.0,11.0,2.0,18.0,106.0,2026-04-16 18:30:00+00:00,38,Regular Season,40.0,PAR,BAS,34.0,5.0,106.0,75.12
E2025,373,road,79.0,33.0,21.0,9.0,2.0,18.0,66.0,27.0,18.0,17.0,10.0,11.0,4.0,19.0,88.0,2026-04-16 18:30:00+00:00,38,Regular Season,40.0,BAS,PAR,39.0,1.0,88.0,74.92
E2025,374,local,103.0,32.0,25.0,14.0,5.0,22.0,62.0,36.0,24.0,22.0,7.0,12.0,5.0,15.0,141.0,2026-04-16 18:45:00+00:00,38,Regular Season,40.0,MAD,RED,26.0,2.0,141.0,77.56
E2025,374,road,82.0,40.0,23.0,5.0,5.0,15.0,71.0,28.0,16.0,14.0,19.0,18.0,5.0,22.0,80.0,2026-04-16 18:45:00+00:00,38,Regular Season,40.0,RED,MAD,43.0,2.0,80.0,77.04
E2025,380,local,85.0,45.0,19.0,9.0,6.0,18.0,72.0,31.0,17.0,13.0,18.0,13.0,2.0,17.0,105.0,2026-04-17 17:00:00+00:00,38,Regular Season,40.0,ZAL,PRS,41.0,4.0,105.0,74.48
E2025,380,road,79.0,41.0,21.0,8.0,2.0,17.0,72.0,31.0,10.0,6.0,16.0,13.0,6.0,18.0,86.0,2026-04-17 17:00:00+00:00,38,Regular Season,40.0,PRS,ZAL,41.0,4.0,86.0,73.4
E2025,377,local,105.0,30.0,28.0,6.0,7.0,16.0,65.0,39.0,15.0,15.0,8.0,11.0,2.0,21.0,132.0,2026-04-17 17:30:00+00:00,38,Regular Season,40.0,MCO,HTA,26.0,0.0,132.0,74.6
E2025,377,road,85.0,36.0,18.0,3.0,2.0,20.0,74.0,33.0,15.0,9.0,18.0,11.0,7.0,16.0,83.0,2026-04-17 17:30:00+00:00,38,Regular Season,40.0,HTA,MCO,41.0,6.0,83.0,73.6
E2025,378,local,85.0,45.0,24.0,2.0,1.0,19.0,64.0,27.0,24.0,20.0,8.0,16.0,4.0,22.0,93.0,2026-04-17 18:00:00+00:00,38,Regular Season,40.0,DUB,PAM,37.0,4.0,93.0,82.56
E2025,378,road,95.0,42.0,21.0,10.0,4.0,21.0,84.0,35.0,19.0,12.0,14.0,5.0,1.0,20.0,111.0,2026-04-17 18:00:00+00:00,38,Regular Season,40.0,PAM,DUB,49.0,7.0,111.0,83.36
E2025,376,local,97.0,37.0,29.0,6.0,2.0,15.0,68.0,38.0,15.0,13.0,10.0,6.0,3.0,17.0,128.0,2026-04-17 18:15:00+00:00,38,Regular Season,40.0,PAN,IST,30.0,2.0,128.0,70.6
E2025,376,road,62.0,33.0,15.0,2.0,3.0,17.0,61.0,22.0,16.0,13.0,12.0,15.0,2.0,16.0,57.0,2026-04-17 18:15:00+00:00,38,Regular Season,40.0,IST,PAN,39.0,3.0,57.0,71.04
E2025,379,local,95.0,38.0,23.0,6.0,2.0,21.0,61.0,34.0,19.0,14.0,12.0,10.0,0.0,13.0,130.0,2026-04-17 18:30:00+00:00,38,Regular Season,40.0,BAR,MUN,27.0,5.0,130.0,67.36
E2025,379,road,69.0,26.0,16.0,2.0,0.0,13.0,64.0,28.0,6.0,6.0,9.0,9.0,2.0,21.0,58.0,2026-04-17 18:30:00+00:00,38,Regular Season,40.0,MUN,BAR,36.0,0.0,58.0,66.64
E2025,381,local,87.0,37.0,16.0,9.0,2.0,16.0,71.0,35.0,14.0,10.0,16.0,7.0,2.0,18.0,100.0,2026-04-21 18:00:00+00:00,39,Play-In,40.0,PAN,MCO,36.0,4.0,100.0,68.16
E2025,381,road,79.0,30.0,16.0,3.0,2.0,18.0,56.0,27.0,21.0,18.0,10.0,13.0,2.0,16.0,85.0,2026-04-21 18:00:00+00:00,39,Play-In,40.0,MCO,PAN,29.0,3.0,85.0,68.24
E2025,382,local,80.0,40.0,16.0,8.0,3.0,21.0,66.0,30.0,14.0,7.0,15.0,10.0,1.0,21.0,93.0,2026-04-21 18:45:00+00:00,39,Play-In,40.0,BAR,RED,36.0,7.0,93.0,67.16
E2025,382,road,72.0,36.0,9.0,4.0,1.0,21.0,58.0,23.0,20.0,16.0,13.0,14.0,3.0,21.0,66.0,2026-04-21 18:45:00+00:00,39,Play-In,40.0,RED,BAR,35.0,4.0,66.0,67.8
E2025,383,local,79.0,34.0,20.0,6.0,2.0,16.0,63.0,31.0,10.0,9.0,9.0,11.0,2.0,17.0,94.0,2026-04-24 17:30:00+00:00,40,Play-In,40.0,MCO,BAR,32.0,1.0,94.0,69.4
E2025,383,road,70.0,35.0,13.0,7.0,2.0,17.0,64.0,29.0,8.0,5.0,11.0,13.0,2.0,16.0,75.0,2026-04-24 17:30:00+00:00,40,Play-In,40.0,BAR,MCO,35.0,3.0,75.0,69.52
E2025,385,local,89.0,29.0,14.0,5.0,4.0,19.0,65.0,36.0,9.0,7.0,10.0,9.0,2.0,22.0,96.0,2026-04-28 17:45:00+00:00,41,Playoffs,40.0,ULK,ZAL,29.0,2.0,96.0,67.96
E2025,385,road,78.0,30.0,16.0,2.0,2.0,22.0,55.0,27.0,27.0,19.0,10.0,13.0,4.0,19.0,78.0,2026-04-28 17:45:00+00:00,41,Playoffs,40.0,ZAL,ULK,28.0,8.0,78.0,69.88
E2025,384,local,91.0,45.0,17.0,6.0,5.0,19.0,68.0,35.0,18.0,11.0,10.0,11.0,1.0,17.0,114.0,2026-04-28 18:00:00+00:00,41,Playoffs,40.0,OLY,MCO,33.0,7.0,114.0,76.92
E2025,384,road,70.0,40.0,16.0,8.0,1.0,17.0,75.0,27.0,14.0,12.0,13.0,11.0,5.0,19.0,67.0,2026-04-28 18:00:00+00:00,41,Playoffs,40.0,MCO,OLY,48.0,2.0,67.0,79.16
E2025,387,local,67.0,40.0,17.0,9.0,3.0,16.0,66.0,26.0,10.0,9.0,15.0,12.0,1.0,16.0,82.0,2026-04-28 18:45:00+00:00,41,Playoffs,40.0,PAM,PAN,40.0,1.0,82.0,67.4
E2025,387,road,68.0,34.0,10.0,10.0,1.0,16.0,58.0,25.0,17.0,12.0,9.0,11.0,3.0,16.0,71.0,2026-04-28 18:45:00+00:00,41,Playoffs,40.0,PAN,PAM,33.0,5.0,71.0,67.48
E2025,386,local,86.0,40.0,21.0,10.0,4.0,16.0,72.0,30.0,20.0,18.0,16.0,8.0,4.0,20.0,101.0,2026-04-29 18:45:00+00:00,41,Playoffs,40.0,MAD,HTA,42.0,2.0,101.0,72.8
E2025,386,road,82.0,35.0,13.0,3.0,4.0,20.0,61.0,30.0,14.0,11.0,9.0,14.0,4.0,16.0,89.0,2026-04-29 18:45:00+00:00,41,Playoffs,40.0,HTA,MAD,31.0,3.0,89.0,72.16
E2025,389,local,86.0,37.0,22.0,3.0,2.0,17.0,66.0,31.0,12.0,11.0,17.0,13.0,4.0,17.0,97.0,2026-04-30 17:45:00+00:00,42,Playoffs,40.0,ULK,ZAL,35.0,1.0,97.0,67.28
E2025,389,road,74.0,24.0,21.0,9.0,4.0,17.0,56.0,29.0,16.0,11.0,9.0,11.0,2.0,17.0,87.0,2026-04-30 17:45:00+00:00,42,Playoffs,40.0,ZAL,ULK,27.0,5.0,87.0,65.03999999999999
E2025,388,local,94.0,43.0,23.0,7.0,1.0,15.0,69.0,35.0,12.0,9.0,11.0,12.0,1.0,19.0,114.0,2026-04-30 18:00:00+00:00,42,Playoffs,40.0,OLY,MCO,34.0,3.0,114.0,75.28
E2025,388,road,64.0,29.0,17.0,4.0,1.0,19.0,64.0,25.0,9.0,8.0,5.0,13.0,1.0,18.0,62.0,2026-04-30 18:00:00+00:00,42,Playoffs,40.0,MCO,OLY,39.0,1.0,62.0,75.96
E2025,391,local,105.0,35.0,27.0,7.0,3.0,23.0,71.0,38.0,23.0,13.0,10.0,11.0,2.0,21.0,123.0,2026-04-30 18:45:00+00:00,42,Playoffs,45.0,PAM,PAN,33.0,10.0,123.0,82.12
E2025,391,road,107.0,31.0,20.0,9.0,2.0,20.0,70.0,38.0,15.0,15.0,7.0,12.0,3.0,23.0,119.0,2026-04-30 18:45:00+00:00,42,Playoffs,45.0,PAN,PAM,32.0,0.0,119.0,81.6
E2025,390,local,102.0,43.0,22.0,7.0,3.0,18.0,76.0,39.0,12.0,10.0,13.0,7.0,1.0,23.0,125.0,2026-05-01 18:45:00+00:00,42,Playoffs,40.0,MAD,HTA,37.0,2.0,125.0,75.28
E2025,390,road,75.0,34.0,13.0,5.0,1.0,23.0,66.0,26.0,20.0,16.0,11.0,12.0,3.0,20.0,72.0,2026-05-01 18:45:00+00:00,42,Playoffs,40.0,HTA,MAD,40.0,4.0,72.0,75.8
E2025,394,local,76.0,44.0,7.0,4.0,2.0,23.0,62.0,27.0,24.0,18.0,9.0,12.0,4.0,17.0,82.0,2026-05-05 16:00:00+00:00,43,Playoffs,40.0,HTA,MAD,35.0,6.0,82.0,75.56
E2025,394,road,69.0,33.0,17.0,6.0,4.0,17.0,65.0,25.0,15.0,7.0,7.0,12.0,2.0,23.0,61.0,2026-05-05 16:00:00+00:00,43,Playoffs,40.0,MAD,HTA,40.0,8.0,61.0,76.6
E2025,392,local,82.0,25.0,16.0,8.0,1.0,18.0,61.0,29.0,20.0,16.0,6.0,13.0,2.0,19.0,80.0,2026-05-05 17:45:00+00:00,43,Playoffs,40.0,MCO,OLY,32.0,4.0,80.0,76.8
E2025,392,road,105.0,37.0,29.0,8.0,2.0,19.0,65.0,37.0,15.0,13.0,9.0,11.0,1.0,19.0,139.0,2026-05-05 17:45:00+00:00,43,Playoffs,40.0,OLY,MCO,28.0,2.0,139.0,73.6
E2025,393,local,81.0,36.0,20.0,6.0,3.0,23.0,63.0,27.0,23.0,18.0,14.0,10.0,5.0,18.0,95.0,2026-05-06 17:00:00+00:00,43,Playoffs,40.0,ZAL,ULK,36.0,5.0,95.0,69.12
E2025,393,road,78.0,31.0,17.0,2.0,5.0,18.0,65.0,32.0,10.0,7.0,9.0,12.0,3.0,23.0,77.0,2026-05-06 17:00:00+00:00,43,Playoffs,40.0,ULK,ZAL,33.0,3.0,77.0,72.4
E2025,395,local,87.0,33.0,22.0,4.0,4.0,15.0,66.0,32.0,16.0,13.0,9.0,12.0,1.0,18.0,97.0,2026-05-06 18:15:00+00:00,43,Playoffs,40.0,PAN,PAM,34.0,3.0,97.0,76.04
E2025,395,road,91.0,41.0,23.0,8.0,1.0,18.0,73.0,38.0,13.0,5.0,14.0,10.0,4.0,15.0,110.0,2026-05-06 18:15:00+00:00,43,Playoffs,40.0,PAM,PAN,35.0,8.0,110.0,74.72
E2025,398,local,81.0,29.0,20.0,11.0,6.0,21.0,70.0,30.0,17.0,13.0,11.0,7.0,6.0,20.0,91.0,2026-05-07 18:00:00+00:00,44,Playoffs,40.0,HTA,MAD,40.0,4.0,91.0,73.48
E2025,398,road,87.0,41.0,21.0,4.0,6.0,20.0,62.0,33.0,16.0,14.0,11.0,17.0,6.0,21.0,104.0,2026-05-07 18:00:00+00:00,44,Playoffs,40.0,MAD,HTA,29.0,2.0,104.0,75.04
E2025,397,local,90.0,34.0,19.0,6.0,1.0,27.0,69.0,25.0,36.0,28.0,16.0,10.0,5.0,27.0,83.0,2026-05-08 17:00:00+00:00,44,Playoffs,45.0,ZAL,ULK,44.0,8.0,83.0,78.84
E2025,397,road,94.0,43.0,16.0,4.0,5.0,26.0,64.0,34.0,28.0,19.0,15.0,15.0,1.0,27.0,106.0,2026-05-08 17:00:00+00:00,44,Playoffs,45.0,ULK,ZAL,30.0,9.0,106.0,76.32
E2025,399,local,86.0,40.0,20.0,9.0,1.0,17.0,78.0,34.0,12.0,11.0,22.0,12.0,5.0,24.0,87.0,2026-05-08 18:15:00+00:00,44,Playoffs,40.0,PAN,PAM,44.0,1.0,87.0,73.28
E2025,399,road,89.0,38.0,19.0,8.0,5.0,23.0,63.0,29.0,24.0,21.0,16.0,15.0,1.0,18.0,111.0,2026-05-08 18:15:00+00:00,44,Playoffs,40.0,PAM,PAN,34.0,3.0,111.0,72.56
E2025,403,local,81.0,46.0,16.0,7.0,8.0,22.0,64.0,25.0,29.0,22.0,14.0,10.0,2.0,20.0,102.0,2026-05-13 19:00:00+00:00,45,Playoffs,40.0,PAM,PAN,39.0,7.0,102.0,72.76
E2025,403,road,64.0,38.0,13.0,4.0,2.0,19.0,67.0,24.0,8.0,6.0,11.0,13.0,8.0,23.0,51.0,2026-05-13 19:00:00+00:00,45,Playoffs,40.0,PAN,PAM,43.0,2.0,51.0,72.52
E2025,404,local,79.0,43.0,16.0,3.0,0.0,21.0,59.0,28.0,20.0,12.0,7.0,9.0,3.0,19.0,92.0,2026-05-22 15:00:00+00:00,46,Final Four,40.0,OLY,ULK,31.0,8.0,92.0,69.8
E2025,404,road,61.0,34.0,14.0,5.0,3.0,19.0,62.0,21.0,15.0,11.0,8.0,9.0,0.0,21.0,61.0,2026-05-22 15:00:00+00:00,46,Final Four,40.0,ULK,OLY,41.0,4.0,61.0,69.6
E2025,405,local,90.0,31.0,23.0,5.0,5.0,18.0,73.0,37.0,9.0,6.0,9.0,9.0,2.0,21.0,101.0,2026-05-22 18:00:00+00:00,46,Final Four,40.0,PAM,MAD,36.0,3.0,101.0,76.96
E2025,405,road,105.0,48.0,23.0,3.0,2.0,21.0,77.0,35.0,25.0,21.0,19.0,9.0,5.0,18.0,124.0,2026-05-22 18:00:00+00:00,46,Final Four,40.0,MAD,PAM,42.0,4.0,124.0,78.0
E2025,406,local,92.0,42.0,16.0,3.0,1.0,26.0,58.0,30.0,27.0,22.0,12.0,17.0,3.0,23.0,104.0,2026-05-24 18:00:00+00:00,47,Final Four,40.0,OLY,MAD,28.0,5.0,104.0,74.88
E2025,406,road,85.0,26.0,18.0,11.0,3.0,22.0,64.0,30.0,18.0,12.0,7.0,9.0,1.0,27.0,88.0,2026-05-24 18:00:00+00:00,47,Final Four,40.0,MAD,OLY,34.0,6.0,88.0,73.92
