Season,GameCode,Date,Round,Phase,GameMinutes,GamePossessions,Winner,Loser,DeltaPTS,DeltaTR,DeltaAST,DeltaSTL,DeltaBLK,DeltaFD,DeltaMFG,DeltaMFT,DeltaTO,DeltaBLKA,DeltaFC,Experiment,CalibrationSeasons,OfficialNonpointDiff,VPNonpointDiff,OfficialFullDiff,VPFullDiff
E2021,1,2021-09-30 17:00:00+00:00,1,Regular Season,40.0,66.44,MCO,PAN,12.0,-4.0,10.0,4.0,-1.0,-1.0,-6.0,0.0,-1.0,1.0,-1.0,X1,E2020,15.0,13.735046995321529,27.0,25.73504699532153
E2021,2,2021-09-30 18:05:00+00:00,1,Regular Season,40.0,65.97999999999999,TEL,MUN,1.0,-6.0,-4.0,1.0,1.0,-6.0,8.0,-2.0,-6.0,-1.0,6.0,X1,E2020,-19.0,-13.726261179141282,-18.0,-12.726261179141282
E2021,3,2021-09-30 18:30:00+00:00,1,Regular Season,40.0,74.3,MIL,CSK,10.0,-7.0,2.0,3.0,1.0,-4.0,-12.0,4.0,-1.0,-1.0,4.0,X1,E2020,1.0,5.342444362067738,11.0,15.342444362067738
E2021,4,2021-09-30 18:45:00+00:00,1,Regular Season,40.0,70.6,MAD,IST,13.0,26.0,8.0,1.0,3.0,-13.0,1.0,-3.0,5.0,-3.0,14.0,X1,E2020,11.0,23.280827512146175,24.0,36.280827512146175
E2021,5,2021-10-01 16:00:00+00:00,1,Regular Season,40.0,68.16,DYR,UNK,1.0,14.0,-5.0,-4.0,0.0,3.0,1.0,-6.0,8.0,0.0,-3.0,X1,E2020,8.0,7.8979096358448055,9.0,8.897909635844805
E2021,6,2021-10-01 17:45:00+00:00,1,Regular Season,40.0,67.18,ULK,RED,4.0,-10.0,3.0,8.0,6.0,4.0,-3.0,4.0,-11.0,-6.0,-4.0,X1,E2020,31.0,26.006648498306,35.0,30.006648498306
E2021,7,2021-10-01 18:00:00+00:00,1,Regular Season,40.0,69.48,ASV,ZAL,12.0,9.0,0.0,4.0,1.0,-4.0,-4.0,-3.0,1.0,-1.0,4.0,X1,E2020,13.0,21.209682244442664,25.0,33.20968224444266
E2021,8,2021-10-01 18:00:00+00:00,1,Regular Season,40.0,69.68,OLY,BAS,25.0,-7.0,7.0,8.0,-1.0,-3.0,-2.0,2.0,-15.0,1.0,3.0,X1,E2020,15.0,24.36784982349195,40.0,49.36784982349195
E2021,9,2021-10-01 19:00:00+00:00,1,Regular Season,40.0,67.52000000000001,BAR,BER,32.0,14.0,12.0,-1.0,2.0,-5.0,-21.0,-2.0,6.0,-2.0,5.0,X1,E2020,36.0,43.84104009044822,68.0,75.84104009044822
E2021,10,2021-10-07 17:00:00+00:00,2,Regular Season,40.0,70.03999999999999,DYR,ZAL,6.0,0.0,3.0,8.0,-3.0,2.0,4.0,0.0,-5.0,3.0,-2.0,X1,E2020,10.0,12.125716820431608,16.0,18.125716820431606
E2021,11,2021-10-07 18:00:00+00:00,2,Regular Season,40.0,76.18,PAN,ULK,4.0,0.0,-5.0,2.0,0.0,5.0,9.0,-4.0,-1.0,0.0,-5.0,X1,E2020,3.0,-1.095356562333425,7.0,2.904643437666575
E2021,12,2021-10-07 18:05:00+00:00,2,Regular Season,40.0,68.86000000000001,RED,TEL,12.0,4.0,6.0,6.0,2.0,-5.0,-7.0,1.0,-2.0,-2.0,4.0,X1,E2020,19.0,24.83983937855416,31.0,36.83983937855416
E2021,13,2021-10-07 18:30:00+00:00,2,Regular Season,40.0,66.32000000000001,BAR,MUN,8.0,3.0,4.0,1.0,-2.0,7.0,-8.0,1.0,2.0,2.0,-6.0,X1,E2020,22.0,19.283839780635248,30.0,27.283839780635248
E2021,14,2021-10-08 16:00:00+00:00,2,Regular Season,45.0,83.19999999999999,MCO,UNK,8.0,-2.0,-2.0,1.0,0.0,8.0,-9.0,3.0,0.0,0.0,-8.0,X1,E2020,19.0,15.318524706114772,27.0,23.318524706114772
E2021,15,2021-10-08 17:30:00+00:00,2,Regular Season,40.0,75.14,CSK,IST,4.0,5.0,5.0,0.0,0.0,0.0,-3.0,3.0,0.0,0.0,0.0,X1,E2020,10.0,10.125907328956956,14.0,14.125907328956956
E2021,16,2021-10-08 18:00:00+00:00,2,Regular Season,40.0,70.44,ASV,BER,4.0,-3.0,-6.0,-3.0,6.0,-7.0,-24.0,-1.0,7.0,-6.0,7.0,X1,E2020,4.0,11.95556990728987,8.0,15.95556990728987
E2021,17,2021-10-08 18:00:00+00:00,2,Regular Season,40.0,70.2,OLY,MAD,6.0,-1.0,-3.0,-4.0,-4.0,2.0,-4.0,6.0,0.0,4.0,-2.0,X1,E2020,-14.0,-11.668103054342495,-8.0,-5.668103054342495
E2021,18,2021-10-08 18:30:00+00:00,2,Regular Season,40.0,67.94,MIL,BAS,14.0,2.0,10.0,-2.0,-1.0,-6.0,-3.0,-3.0,0.0,1.0,6.0,X1,E2020,2.0,6.326841592256266,16.0,20.326841592256265
E2021,19,2021-10-12 16:00:00+00:00,3,Regular Season,40.0,67.88,UNK,MUN,3.0,12.0,1.0,1.0,-1.0,3.0,-10.0,7.0,6.0,1.0,-3.0,X1,E2020,15.0,15.626748616900304,18.0,18.626748616900304
E2021,20,2021-10-12 17:00:00+00:00,3,Regular Season,40.0,65.2,CSK,DYR,10.0,6.0,5.0,5.0,-2.0,0.0,9.0,-5.0,-8.0,2.0,0.0,X1,E2020,16.0,21.210540263777887,26.0,31.210540263777887
E2021,21,2021-10-12 18:00:00+00:00,3,Regular Season,40.0,71.82,BER,ULK,14.0,-8.0,1.0,7.0,3.0,-1.0,-2.0,-6.0,-8.0,-3.0,0.0,X1,E2020,21.0,24.20228093441154,35.0,38.20228093441154
E2021,22,2021-10-12 18:00:00+00:00,3,Regular Season,40.0,72.82,ASV,IST,2.0,-6.0,7.0,3.0,0.0,0.0,-1.0,-2.0,-5.0,0.0,0.0,X1,E2020,12.0,11.459274193533528,14.0,13.459274193533528
E2021,23,2021-10-12 18:30:00+00:00,3,Regular Season,40.0,72.14,MIL,TEL,11.0,6.0,-1.0,-2.0,3.0,5.0,-2.0,3.0,0.0,-3.0,-6.0,X1,E2020,19.0,14.049064877863863,30.0,25.049064877863863
E2021,24,2021-10-12 18:30:00+00:00,3,Regular Season,40.0,61.88,BAS,PAN,2.0,12.0,6.0,-2.0,0.0,4.0,-1.0,1.0,5.0,0.0,-4.0,X1,E2020,19.0,13.75249944980257,21.0,15.75249944980257
E2021,25,2021-10-13 17:00:00+00:00,3,Regular Season,40.0,62.5,RED,ZAL,12.0,7.0,4.0,1.0,-1.0,6.0,2.0,5.0,-7.0,1.0,-5.0,X1,E2020,21.0,20.552854200557853,33.0,32.55285420055785
E2021,26,2021-10-13 18:45:00+00:00,3,Regular Season,40.0,74.74000000000001,MAD,MCO,8.0,4.0,3.0,-2.0,0.0,1.0,-7.0,2.0,1.0,0.0,-3.0,X1,E2020,13.0,12.957755122369633,21.0,20.957755122369633
E2021,27,2021-10-13 19:00:00+00:00,3,Regular Season,45.0,78.94,BAR,OLY,1.0,1.0,5.0,6.0,1.0,-4.0,-3.0,-2.0,0.0,-1.0,4.0,X1,E2020,11.0,14.315553449104176,12.0,15.315553449104176
E2021,28,2021-10-14 17:00:00+00:00,4,Regular Season,40.0,66.53999999999999,DYR,MUN,8.0,9.0,3.0,-2.0,1.0,0.0,-3.0,0.0,2.0,-1.0,0.0,X1,E2020,13.0,13.796868452765317,21.0,21.796868452765317
E2021,29,2021-10-14 17:45:00+00:00,4,Regular Season,40.0,69.68,ULK,UNK,39.0,15.0,8.0,-3.0,5.0,1.0,-22.0,-1.0,1.0,-5.0,-1.0,X1,E2020,54.0,59.46264335234611,93.0,98.4626433523461
E2021,30,2021-10-14 18:00:00+00:00,4,Regular Season,40.0,68.53999999999999,BAS,BER,4.0,3.0,2.0,-1.0,6.0,-2.0,-1.0,-5.0,4.0,-6.0,1.0,X1,E2020,15.0,10.253452916617551,19.0,14.253452916617551
E2021,31,2021-10-14 18:00:00+00:00,4,Regular Season,40.0,69.75999999999999,TEL,ASV,8.0,-1.0,4.0,3.0,-2.0,-4.0,1.0,3.0,-3.0,2.0,4.0,X1,E2020,-7.0,-2.714015179703218,1.0,5.2859848202967825
E2021,32,2021-10-15 17:00:00+00:00,4,Regular Season,40.0,64.96000000000001,CSK,RED,2.0,-1.0,-1.0,-1.0,4.0,6.0,2.0,1.0,-3.0,-4.0,-6.0,X1,E2020,17.0,9.168305124050791,19.0,11.168305124050791
E2021,33,2021-10-15 17:00:00+00:00,4,Regular Season,45.0,74.14,BAR,MCO,4.0,-4.0,1.0,1.0,-4.0,1.0,1.0,-4.0,-4.0,4.0,-1.0,X1,E2020,-1.0,3.1566846556749506,3.0,7.156684655674951
E2021,34,2021-10-15 18:00:00+00:00,4,Regular Season,40.0,66.75999999999999,OLY,ZAL,15.0,8.0,-3.0,1.0,4.0,5.0,1.0,3.0,-3.0,-4.0,-5.0,X1,E2020,23.0,20.33209181344747,38.0,35.33209181344747
E2021,35,2021-10-15 18:30:00+00:00,4,Regular Season,40.0,70.1,MIL,IST,4.0,0.0,7.0,5.0,-1.0,-11.0,8.0,0.0,-5.0,1.0,12.0,X1,E2020,-16.0,-7.570808211234092,-12.0,-3.570808211234092
E2021,36,2021-10-15 19:00:00+00:00,4,Regular Season,40.0,74.80000000000001,MAD,PAN,23.0,13.0,9.0,6.0,-1.0,3.0,-3.0,4.0,-4.0,1.0,-3.0,X1,E2020,35.0,37.669580676347096,58.0,60.669580676347096
E2021,37,2021-10-21 17:00:00+00:00,5,Regular Season,40.0,68.66,IST,UNK,3.0,4.0,-1.0,2.0,2.0,6.0,1.0,-2.0,-1.0,-2.0,-6.0,X1,E2020,23.0,18.914056681112385,26.0,21.914056681112385
E2021,38,2021-10-21 17:00:00+00:00,5,Regular Season,40.0,67.22,MUN,ZAL,2.0,-13.0,2.0,5.0,-1.0,0.0,0.0,2.0,-8.0,1.0,0.0,X1,E2020,-2.0,-1.24485317458901,0.0,0.7551468254109901
E2021,39,2021-10-21 18:05:00+00:00,5,Regular Season,40.0,75.16,TEL,PAN,4.0,10.0,1.0,-2.0,-1.0,1.0,-7.0,2.0,4.0,1.0,0.0,X1,E2020,9.0,12.151076113266694,13.0,16.151076113266694
E2021,40,2021-10-21 18:30:00+00:00,5,Regular Season,40.0,68.32,MIL,ASV,1.0,1.0,5.0,-2.0,-1.0,1.0,4.0,1.0,-3.0,1.0,-1.0,X1,E2020,2.0,-0.0022384227623687414,3.0,0.9977615772376313
E2021,41,2021-10-21 19:00:00+00:00,5,Regular Season,40.0,67.56,MAD,ULK,1.0,5.0,-4.0,-2.0,0.0,-1.0,8.0,-1.0,4.0,0.0,1.0,X1,E2020,-14.0,-15.682047852683752,-13.0,-14.682047852683752
E2021,42,2021-10-22 17:00:00+00:00,5,Regular Season,40.0,61.12,BER,RED,15.0,-3.0,3.0,4.0,-1.0,4.0,-1.0,-7.0,-5.0,1.0,-5.0,X1,E2020,24.0,24.658384831713118,39.0,39.65838483171312
E2021,43,2021-10-22 17:00:00+00:00,5,Regular Season,40.0,65.92,CSK,OLY,6.0,-8.0,0.0,4.0,-6.0,-1.0,13.0,-2.0,-7.0,6.0,2.0,X1,E2020,-23.0,-19.238869764397737,-17.0,-13.238869764397737
E2021,44,2021-10-22 18:30:00+00:00,5,Regular Season,40.0,68.25999999999999,BAS,MCO,12.0,3.0,7.0,-3.0,0.0,-3.0,-15.0,-6.0,4.0,0.0,2.0,X1,E2020,19.0,24.177070914915703,31.0,36.1770709149157
E2021,45,2021-10-22 19:00:00+00:00,5,Regular Season,40.0,66.16,BAR,DYR,26.0,3.0,6.0,2.0,0.0,-5.0,1.0,-4.0,-8.0,0.0,4.0,X1,E2020,13.0,21.734665064953035,39.0,47.734665064953035
E2021,46,2021-10-26 17:00:00+00:00,6,Regular Season,40.0,72.94,MCO,RED,8.0,13.0,1.0,3.0,1.0,7.0,13.0,0.0,-2.0,-1.0,-6.0,X1,E2020,21.0,14.851357216271463,29.0,22.851357216271463
E2021,47,2021-10-26 17:45:00+00:00,6,Regular Season,40.0,70.62,BAR,ULK,2.0,11.0,-5.0,-1.0,0.0,6.0,0.0,-1.0,4.0,0.0,-6.0,X1,E2020,14.0,12.354977598547505,16.0,14.354977598547505
E2021,48,2021-10-26 18:00:00+00:00,6,Regular Season,40.0,71.38,OLY,BER,4.0,-8.0,-4.0,3.0,-1.0,4.0,-9.0,0.0,-1.0,1.0,-4.0,X1,E2020,7.0,8.08575830477902,11.0,12.08575830477902
E2021,49,2021-10-26 18:05:00+00:00,6,Regular Season,40.0,72.56,TEL,ZAL,14.0,4.0,5.0,2.0,0.0,9.0,0.0,2.0,-5.0,0.0,-9.0,X1,E2020,32.0,26.484420289845296,46.0,40.484420289845296
E2021,50,2021-10-26 18:45:00+00:00,6,Regular Season,40.0,68.28,MUN,MIL,6.0,3.0,-9.0,5.0,-1.0,-3.0,9.0,-6.0,-3.0,1.0,3.0,X1,E2020,-9.0,-0.12702545569655577,-3.0,5.872974544303444
E2021,51,2021-10-27 16:00:00+00:00,6,Regular Season,40.0,73.72,UNK,BAS,14.0,1.0,10.0,10.0,0.0,-10.0,-8.0,1.0,1.0,0.0,10.0,X1,E2020,7.0,15.376423369800605,21.0,29.376423369800605
E2021,52,2021-10-27 17:00:00+00:00,6,Regular Season,40.0,67.04,MAD,DYR,7.0,-5.0,3.0,10.0,2.0,3.0,-5.0,3.0,-5.0,-2.0,-4.0,X1,E2020,26.0,23.971186837873322,33.0,30.971186837873322
E2021,53,2021-10-27 18:00:00+00:00,6,Regular Season,40.0,70.28,ASV,CSK,2.0,17.0,5.0,-1.0,-1.0,-4.0,3.0,0.0,5.0,1.0,4.0,X1,E2020,3.0,6.555251511810511,5.0,8.55525151181051
E2021,54,2021-10-27 18:00:00+00:00,6,Regular Season,40.0,73.2,PAN,IST,26.0,8.0,6.0,-1.0,6.0,-10.0,-17.0,-6.0,4.0,-6.0,10.0,X1,E2020,24.0,33.92370687195878,50.0,59.92370687195878
E2021,55,2021-10-28 18:00:00+00:00,7,Regular Season,40.0,67.1,MUN,BER,13.0,1.0,-3.0,2.0,-2.0,-4.0,10.0,-1.0,-6.0,2.0,4.0,X1,E2020,-15.0,-7.787778448654725,-2.0,5.212221551345275
E2021,56,2021-10-28 18:00:00+00:00,7,Regular Season,40.0,68.4,OLY,ULK,2.0,-4.0,5.0,0.0,1.0,3.0,-6.0,-1.0,2.0,-1.0,-3.0,X1,E2020,14.0,8.328598000573887,16.0,10.328598000573887
E2021,57,2021-10-28 18:05:00+00:00,7,Regular Season,40.0,70.38,TEL,BAR,17.0,0.0,7.0,5.0,1.0,0.0,0.0,3.0,-10.0,-1.0,0.0,X1,E2020,21.0,23.676651277642705,38.0,40.676651277642705
E2021,58,2021-10-28 18:30:00+00:00,7,Regular Season,40.0,65.48,MIL,RED,17.0,4.0,7.0,3.0,1.0,0.0,0.0,2.0,-6.0,-1.0,0.0,X1,E2020,20.0,21.43744921040095,37.0,38.43744921040095
E2021,59,2021-10-29 16:00:00+00:00,7,Regular Season,40.0,70.78,UNK,MAD,7.0,-1.0,2.0,1.0,0.0,-8.0,-6.0,-1.0,-3.0,0.0,8.0,X1,E2020,-4.0,6.78660925454654,3.0,13.78660925454654
E2021,60,2021-10-29 17:00:00+00:00,7,Regular Season,40.0,66.66,DYR,BAS,29.0,25.0,10.0,-4.0,2.0,-1.0,-3.0,-4.0,5.0,-2.0,1.0,X1,E2020,35.0,37.352128424607095,64.0,66.35212842460709
E2021,62,2021-10-29 17:30:00+00:00,7,Regular Season,40.0,71.46000000000001,IST,ZAL,34.0,16.0,11.0,0.0,-3.0,4.0,-16.0,0.0,3.0,3.0,-4.0,X1,E2020,42.0,46.91655165225789,76.0,80.91655165225788
E2021,61,2021-10-29 18:00:00+00:00,7,Regular Season,40.0,80.68,MCO,CSK,17.0,-6.0,-2.0,6.0,3.0,1.0,-7.0,2.0,-9.0,-3.0,-1.0,X1,E2020,20.0,24.536571223312595,37.0,41.53657122331259
E2021,63,2021-10-29 18:00:00+00:00,7,Regular Season,40.0,73.72,ASV,PAN,14.0,3.0,-2.0,7.0,-1.0,-5.0,6.0,-1.0,-5.0,1.0,5.0,X1,E2020,-4.0,5.11893471311918,10.0,19.11893471311918
E2021,64,2021-11-04 17:00:00+00:00,8,Regular Season,40.0,66.1,ULK,CSK,9.0,-7.0,4.0,-1.0,-2.0,1.0,-13.0,1.0,0.0,2.0,-1.0,X1,E2020,6.0,7.755062665770231,15.0,16.755062665770232
E2021,65,2021-11-04 17:00:00+00:00,8,Regular Season,40.0,69.44,RED,PAN,33.0,16.0,10.0,1.0,-2.0,0.0,-2.0,1.0,-4.0,2.0,0.0,X1,E2020,28.0,34.617376417632315,61.0,67.61737641763231
E2021,67,2021-11-04 19:30:00+00:00,8,Regular Season,40.0,68.48,MIL,BAR,5.0,-4.0,3.0,3.0,1.0,3.0,3.0,-4.0,-4.0,-1.0,-2.0,X1,E2020,14.0,11.011048026645808,19.0,16.01104802664581
E2021,66,2021-11-04 20:00:00+00:00,8,Regular Season,40.0,72.72,ASV,UNK,3.0,6.0,-2.0,-8.0,-1.0,8.0,-10.0,4.0,5.0,1.0,-8.0,X1,E2020,11.0,6.825557710719535,14.0,9.825557710719535
E2021,68,2021-11-05 17:30:00+00:00,8,Regular Season,40.0,68.84,DYR,IST,11.0,7.0,4.0,0.0,1.0,-2.0,-4.0,4.0,3.0,-1.0,1.0,X1,E2020,7.0,6.86033819554584,18.0,17.86033819554584
E2021,69,2021-11-05 18:00:00+00:00,8,Regular Season,40.0,64.96000000000001,BER,ZAL,8.0,-4.0,7.0,1.0,3.0,9.0,-7.0,1.0,-2.0,-3.0,-9.0,X1,E2020,36.0,25.208687011403256,44.0,33.208687011403256
E2021,70,2021-11-05 19:00:00+00:00,8,Regular Season,40.0,77.52,OLY,MCO,21.0,12.0,2.0,3.0,0.0,4.0,-8.0,5.0,-4.0,0.0,-4.0,X1,E2020,32.0,37.180471980123535,53.0,58.180471980123535
E2021,71,2021-11-05 19:30:00+00:00,8,Regular Season,40.0,71.22,TEL,BAS,18.0,8.0,4.0,-1.0,1.0,4.0,0.0,1.0,-3.0,-1.0,-4.0,X1,E2020,23.0,21.46182218874362,41.0,39.461822188743625
E2021,72,2021-11-05 19:45:00+00:00,8,Regular Season,40.0,67.8,MAD,MUN,4.0,7.0,6.0,-2.0,2.0,-1.0,1.0,-2.0,2.0,-2.0,3.0,X1,E2020,10.0,8.451645865769681,14.0,12.451645865769681
E2021,73,2021-11-11 17:00:00+00:00,9,Regular Season,40.0,67.82,CSK,TEL,1.0,2.0,-1.0,-2.0,0.0,-6.0,6.0,-3.0,-1.0,0.0,6.0,X1,E2020,-15.0,-9.896820271661621,-14.0,-8.896820271661621
E2021,74,2021-11-11 18:00:00+00:00,9,Regular Season,40.0,68.32,RED,ASV,6.0,-4.0,5.0,5.0,-1.0,1.0,3.0,7.0,-7.0,1.0,-1.0,X1,E2020,3.0,1.5468667083394787,9.0,7.546866708339479
E2021,75,2021-11-11 19:00:00+00:00,9,Regular Season,40.0,71.14,IST,BER,27.0,9.0,4.0,4.0,3.0,-2.0,-8.0,-2.0,-1.0,-3.0,2.0,X1,E2020,30.0,35.79551943994229,57.0,62.79551943994229
E2021,76,2021-11-11 19:00:00+00:00,9,Regular Season,40.0,68.16,UNK,PAN,2.0,-7.0,-2.0,2.0,-1.0,1.0,-8.0,4.0,-1.0,1.0,-1.0,X1,E2020,-2.0,-0.39564906085678453,0.0,1.6043509391432154
E2021,77,2021-11-11 20:00:00+00:00,9,Regular Season,40.0,70.36,BAR,BAS,26.0,0.0,11.0,6.0,-4.0,-7.0,-5.0,1.0,-5.0,4.0,7.0,X1,E2020,4.0,14.755468015599979,30.0,40.75546801559998
E2021,78,2021-11-12 17:00:00+00:00,9,Regular Season,40.0,65.22,DYR,OLY,6.0,11.0,2.0,-2.0,0.0,-6.0,-5.0,-3.0,4.0,0.0,6.0,X1,E2020,3.0,11.378710846096572,9.0,17.378710846096574
E2021,79,2021-11-12 17:45:00+00:00,9,Regular Season,40.0,65.4,MIL,ULK,25.0,9.0,6.0,-2.0,3.0,-3.0,-2.0,-6.0,-3.0,-3.0,2.0,X1,E2020,25.0,29.522389856944272,50.0,54.52238985694427
E2021,80,2021-11-12 19:00:00+00:00,9,Regular Season,40.0,70.64,MCO,MUN,23.0,-3.0,3.0,0.0,2.0,5.0,-1.0,0.0,-11.0,-2.0,-4.0,X1,E2020,25.0,24.86606650088922,48.0,47.86606650088922
E2021,81,2021-11-12 19:45:00+00:00,9,Regular Season,40.0,72.03999999999999,MAD,ZAL,13.0,8.0,0.0,0.0,1.0,7.0,-3.0,4.0,-3.0,-1.0,-7.0,X1,E2020,26.0,24.194378362844198,39.0,37.1943783628442
E2021,82,2021-11-16 18:00:00+00:00,10,Regular Season,40.0,69.62,ZAL,PAN,7.0,-6.0,6.0,1.0,1.0,-1.0,-5.0,-5.0,-4.0,-1.0,1.0,X1,E2020,15.0,16.514400540498958,22.0,23.514400540498958
E2021,83,2021-11-16 19:00:00+00:00,10,Regular Season,40.0,73.53999999999999,MAD,ASV,13.0,14.0,9.0,-5.0,2.0,2.0,-6.0,3.0,6.0,-2.0,-3.0,X1,E2020,24.0,18.351502943993165,37.0,31.351502943993165
E2021,84,2021-11-16 19:30:00+00:00,10,Regular Season,40.0,67.54,MUN,ULK,8.0,-5.0,1.0,3.0,0.0,-5.0,-1.0,-3.0,-5.0,0.0,5.0,X1,E2020,-2.0,5.10788515570688,6.0,13.10788515570688
E2021,85,2021-11-16 19:30:00+00:00,10,Regular Season,40.0,64.44,BAS,RED,19.0,2.0,14.0,4.0,1.0,5.0,-4.0,1.0,-5.0,-1.0,-5.0,X1,E2020,40.0,34.66372277184156,59.0,53.66372277184156
E2021,87,2021-11-17 16:00:00+00:00,10,Regular Season,40.0,68.88,DYR,BER,9.0,-2.0,0.0,7.0,0.0,-4.0,-1.0,1.0,-8.0,0.0,4.0,X1,E2020,5.0,14.209909446289787,14.0,23.209909446289785
E2021,86,2021-11-17 17:00:00+00:00,10,Regular Season,40.0,69.18,UNK,MIL,26.0,21.0,1.0,-5.0,-5.0,2.0,-4.0,3.0,3.0,5.0,-2.0,X1,E2020,9.0,17.089650770302622,35.0,43.089650770302626
E2021,88,2021-11-17 17:30:00+00:00,10,Regular Season,40.0,68.82,IST,OLY,19.0,2.0,2.0,4.0,1.0,-2.0,4.0,-2.0,-7.0,-1.0,2.0,X1,E2020,11.0,15.791703567474933,30.0,34.79170356747493
E2021,89,2021-11-17 19:05:00+00:00,10,Regular Season,40.0,78.9,TEL,MCO,11.0,-2.0,4.0,-2.0,-3.0,1.0,-18.0,-2.0,3.0,3.0,-1.0,X1,E2020,13.0,18.219945695725784,24.0,29.219945695725784
E2021,90,2021-11-17 20:00:00+00:00,10,Regular Season,40.0,68.42,BAR,CSK,8.0,5.0,-1.0,-2.0,-1.0,0.0,-6.0,-5.0,-2.0,1.0,0.0,X1,E2020,13.0,21.16817232118579,21.0,29.16817232118579
E2021,91,2021-11-18 19:30:00+00:00,11,Regular Season,40.0,64.42,MUN,PAN,3.0,4.0,0.0,-1.0,2.0,-1.0,9.0,-6.0,0.0,-2.0,1.0,X1,E2020,2.0,0.2116232170760325,5.0,3.2116232170760326
E2021,92,2021-11-18 19:45:00+00:00,11,Regular Season,40.0,69.06,MAD,RED,12.0,4.0,3.0,2.0,6.0,-4.0,3.0,-1.0,-5.0,-6.0,4.0,X1,E2020,16.0,17.08969293998586,28.0,29.08969293998586
E2021,93,2021-11-19 16:00:00+00:00,11,Regular Season,40.0,73.08000000000001,UNK,BER,14.0,-11.0,8.0,9.0,-1.0,-2.0,-4.0,4.0,-12.0,1.0,2.0,X1,E2020,12.0,16.986388017834205,26.0,30.986388017834205
E2021,95,2021-11-19 17:15:00+00:00,11,Regular Season,40.0,73.46000000000001,IST,MCO,21.0,2.0,10.0,4.0,1.0,1.0,-4.0,0.0,-5.0,-1.0,-1.0,X1,E2020,29.0,29.19285623292694,50.0,50.19285623292694
E2021,94,2021-11-19 17:45:00+00:00,11,Regular Season,40.0,66.08000000000001,DYR,MIL,4.0,10.0,2.0,-9.0,1.0,-2.0,-1.0,4.0,5.0,-1.0,2.0,X1,E2020,-7.0,-8.407048622384488,-3.0,-4.4070486223844885
E2021,96,2021-11-19 18:45:00+00:00,11,Regular Season,40.0,65.0,ZAL,ULK,11.0,5.0,5.0,3.0,-1.0,-1.0,2.0,0.0,-3.0,1.0,2.0,X1,E2020,9.0,12.340526428321718,20.0,23.340526428321716
E2021,97,2021-11-19 19:00:00+00:00,11,Regular Season,40.0,68.64,OLY,TEL,17.0,-6.0,7.0,6.0,-1.0,4.0,-16.0,-1.0,-2.0,1.0,-4.0,X1,E2020,32.0,33.28682200185767,49.0,50.28682200185767
E2021,99,2021-11-19 19:30:00+00:00,11,Regular Season,40.0,75.72,CSK,BAS,6.0,-8.0,2.0,4.0,-1.0,5.0,-5.0,-2.0,-5.0,1.0,-5.0,X1,E2020,18.0,17.233425019028875,24.0,23.233425019028875
E2021,98,2021-11-19 20:00:00+00:00,11,Regular Season,40.0,66.66,BAR,ASV,20.0,13.0,11.0,2.0,-2.0,-3.0,2.0,-4.0,1.0,2.0,3.0,X1,E2020,17.0,21.013652168401297,37.0,41.01365216840129
E2021,100,2021-11-25 17:00:00+00:00,12,Regular Season,40.0,64.8,CSK,MUN,3.0,1.0,2.0,-4.0,0.0,-1.0,1.0,-3.0,1.0,0.0,1.0,X1,E2020,-2.0,-2.4092233463156103,1.0,0.5907766536843897
E2021,101,2021-11-25 17:45:00+00:00,12,Regular Season,40.0,76.03999999999999,IST,ULK,5.0,-1.0,2.0,-2.0,-1.0,4.0,-8.0,1.0,2.0,1.0,-4.0,X1,E2020,10.0,7.693025667364088,15.0,12.693025667364088
E2021,102,2021-11-25 19:30:00+00:00,12,Regular Season,40.0,66.32000000000001,PAN,DYR,6.0,-2.0,5.0,-5.0,2.0,4.0,-13.0,2.0,2.0,-2.0,-3.0,X1,E2020,18.0,13.40536055076294,24.0,19.40536055076294
E2021,103,2021-11-25 19:30:00+00:00,12,Regular Season,40.0,74.84,BER,TEL,5.0,3.0,-1.0,0.0,1.0,0.0,-4.0,-1.0,2.0,-1.0,0.0,X1,E2020,7.0,8.285354743888846,12.0,13.285354743888846
E2021,104,2021-11-25 19:30:00+00:00,12,Regular Season,40.0,75.3,MAD,BAS,28.0,14.0,7.0,0.0,2.0,1.0,-6.0,3.0,0.0,-2.0,-1.0,X1,E2020,30.0,31.214555444695332,58.0,59.214555444695335
E2021,105,2021-11-26 18:00:00+00:00,12,Regular Season,40.0,69.08,UNK,RED,20.0,5.0,7.0,2.0,0.0,-2.0,-3.0,-8.0,-1.0,0.0,3.0,X1,E2020,21.0,26.26094023570111,41.0,46.26094023570111
E2021,106,2021-11-26 19:00:00+00:00,12,Regular Season,40.0,76.58,ASV,MCO,1.0,10.0,8.0,-5.0,1.0,-3.0,-9.0,0.0,9.0,-1.0,2.0,X1,E2020,10.0,8.614641941756854,11.0,9.614641941756854
E2021,107,2021-11-26 19:30:00+00:00,12,Regular Season,40.0,64.92,OLY,MIL,21.0,2.0,4.0,0.0,0.0,2.0,-4.0,-2.0,-1.0,0.0,-3.0,X1,E2020,18.0,17.713097959445594,39.0,38.71309795944559
E2021,108,2021-11-26 20:00:00+00:00,12,Regular Season,40.0,67.18,BAR,ZAL,23.0,2.0,15.0,-3.0,-1.0,-2.0,-5.0,-3.0,0.0,1.0,2.0,X1,E2020,16.0,15.370025572276043,39.0,38.37002557227604
E2021,109,2021-12-02 17:00:00+00:00,13,Regular Season,40.0,70.56,CSK,PAN,20.0,-3.0,4.0,2.0,0.0,0.0,-6.0,-4.0,-3.0,0.0,0.0,X1,E2020,16.0,19.066888498687874,36.0,39.066888498687874
E2021,110,2021-12-02 17:45:00+00:00,13,Regular Season,40.0,73.62,ULK,MCO,10.0,7.0,12.0,1.0,-2.0,-1.0,-9.0,-1.0,3.0,2.0,1.0,X1,E2020,21.0,23.088161842556914,31.0,33.088161842556914
E2021,111,2021-12-02 18:00:00+00:00,13,Regular Season,40.0,68.08000000000001,ZAL,BAS,4.0,2.0,3.0,-1.0,-1.0,-1.0,-10.0,-1.0,2.0,1.0,1.0,X1,E2020,9.0,13.237327437009611,13.0,17.23732743700961
E2021,112,2021-12-02 18:30:00+00:00,13,Regular Season,40.0,68.26,MUN,ASV,8.0,6.0,-5.0,-4.0,-2.0,0.0,-11.0,-2.0,4.0,2.0,0.0,X1,E2020,2.0,10.178527192777308,10.0,18.17852719277731
E2021,113,2021-12-02 19:45:00+00:00,13,Regular Season,40.0,73.84,MAD,TEL,2.0,1.0,0.0,-2.0,0.0,1.0,6.0,3.0,-4.0,0.0,-1.0,X1,E2020,-4.0,-5.3772647805493605,-2.0,-3.3772647805493605
E2021,114,2021-12-03 16:00:00+00:00,13,Regular Season,45.0,80.42,OLY,UNK,3.0,6.0,10.0,2.0,-1.0,3.0,0.0,0.0,1.0,1.0,-3.0,X1,E2020,21.0,16.57428091541,24.0,19.57428091541
E2021,116,2021-12-03 17:30:00+00:00,13,Regular Season,45.0,82.5,BAR,IST,2.0,18.0,10.0,1.0,-2.0,1.0,8.0,1.0,4.0,2.0,-1.0,X1,E2020,14.0,10.698794392899531,16.0,12.698794392899531
E2021,115,2021-12-03 18:00:00+00:00,13,Regular Season,40.0,70.69999999999999,RED,DYR,11.0,1.0,6.0,-2.0,-4.0,-5.0,-4.0,4.0,-2.0,4.0,5.0,X1,E2020,-11.0,-3.6222866391804467,0.0,7.377713360819554
E2021,117,2021-12-03 19:00:00+00:00,13,Regular Season,40.0,70.53999999999999,BER,MIL,5.0,16.0,4.0,-4.0,-1.0,3.0,0.0,-4.0,5.0,1.0,-3.0,X1,E2020,19.0,18.49484658236965,24.0,23.49484658236965
E2021,118,2021-12-09 17:00:00+00:00,14,Regular Season,40.0,70.3,ULK,DYR,6.0,-1.0,4.0,3.0,1.0,4.0,-12.0,2.0,-2.0,-1.0,-4.0,X1,E2020,28.0,27.845373803244005,34.0,33.845373803244
E2021,119,2021-12-09 18:00:00+00:00,14,Regular Season,40.0,68.04,RED,OLY,5.0,0.0,7.0,1.0,0.0,-2.0,0.0,-1.0,-1.0,0.0,1.0,X1,E2020,7.0,6.306611775785715,12.0,11.306611775785715
E2021,121,2021-12-09 18:45:00+00:00,14,Regular Season,40.0,68.14,MUN,IST,12.0,6.0,8.0,-3.0,2.0,-3.0,-3.0,-3.0,3.0,-2.0,2.0,X1,E2020,13.0,11.835523419541344,25.0,23.835523419541346
E2021,120,2021-12-09 19:05:00+00:00,14,Regular Season,40.0,71.9,UNK,TEL,11.0,-6.0,3.0,7.0,-1.0,-6.0,-3.0,-5.0,-6.0,1.0,6.0,X1,E2020,4.0,14.132825481558928,15.0,25.13282548155893
E2021,122,2021-12-09 19:30:00+00:00,14,Regular Season,40.0,65.16,BAS,ASV,25.0,6.0,11.0,-1.0,-4.0,-1.0,-11.0,1.0,-4.0,4.0,1.0,X1,E2020,20.0,28.78104164358054,45.0,53.78104164358054
E2021,123,2021-12-10 18:00:00+00:00,14,Regular Season,40.0,65.76,CSK,ZAL,22.0,8.0,-4.0,3.0,0.0,5.0,4.0,-2.0,-7.0,0.0,-5.0,X1,E2020,22.0,26.219715780071418,44.0,48.21971578007142
E2021,124,2021-12-10 19:00:00+00:00,14,Regular Season,40.0,66.98,MIL,MCO,6.0,-1.0,3.0,1.0,0.0,-4.0,2.0,-4.0,-2.0,0.0,5.0,X1,E2020,-2.0,1.9464007431065937,4.0,7.946400743106594
E2021,125,2021-12-10 19:00:00+00:00,14,Regular Season,40.0,72.06,PAN,BER,15.0,7.0,2.0,-5.0,3.0,-1.0,-11.0,-4.0,3.0,-3.0,1.0,X1,E2020,20.0,23.130118289781773,35.0,38.13011828978178
E2021,126,2021-12-10 20:00:00+00:00,14,Regular Season,40.0,70.5,BAR,MAD,13.0,7.0,4.0,1.0,3.0,1.0,-14.0,-7.0,7.0,-3.0,-2.0,X1,E2020,35.0,35.08669397238428,48.0,48.08669397238428
E2021,127,2021-12-14 17:30:00+00:00,15,Regular Season,40.0,74.34,IST,BAS,15.0,-2.0,2.0,6.0,1.0,3.0,3.0,-1.0,-10.0,-1.0,-4.0,X1,E2020,23.0,23.9510573603402,38.0,38.9510573603402
E2021,128,2021-12-14 17:45:00+00:00,15,Regular Season,40.0,73.98,ULK,TEL,11.0,3.0,4.0,-1.0,4.0,3.0,-7.0,0.0,-4.0,-4.0,-3.0,X1,E2020,31.0,29.88327215598292,42.0,40.88327215598292
E2021,129,2021-12-14 18:00:00+00:00,15,Regular Season,40.0,64.74,BAR,RED,7.0,0.0,12.0,-3.0,-1.0,-1.0,-9.0,-7.0,6.0,1.0,1.0,X1,E2020,15.0,12.754214612047933,22.0,19.75421461204793
E2021,130,2021-12-14 19:30:00+00:00,15,Regular Season,40.0,65.18,MIL,PAN,21.0,1.0,3.0,6.0,1.0,2.0,1.0,-1.0,-11.0,-1.0,-2.0,X1,E2020,27.0,31.465976031699974,48.0,52.465976031699974
E2021,131,2021-12-14 19:45:00+00:00,15,Regular Season,40.0,69.5,MAD,BER,23.0,13.0,5.0,-6.0,2.0,0.0,-15.0,-1.0,2.0,-2.0,0.0,X1,E2020,30.0,35.48481193685563,53.0,58.48481193685563
E2021,132,2021-12-15 17:00:00+00:00,15,Regular Season,40.0,72.92,UNK,CSK,21.0,-2.0,9.0,3.0,1.0,-6.0,-9.0,-2.0,-1.0,-1.0,6.0,X1,E2020,12.0,17.145596355480343,33.0,38.14559635548034
E2021,133,2021-12-15 18:00:00+00:00,15,Regular Season,45.0,81.9,MCO,ZAL,9.0,6.0,2.0,0.0,1.0,2.0,-10.0,4.0,0.0,-1.0,-2.0,X1,E2020,20.0,21.93341879495042,29.0,30.93341879495042
E2021,135,2021-12-15 19:30:00+00:00,15,Regular Season,40.0,68.03999999999999,OLY,MUN,23.0,0.0,5.0,1.0,1.0,2.0,-17.0,-3.0,-1.0,-1.0,-2.0,X1,E2020,33.0,37.08757656063156,56.0,60.08757656063156
E2021,134,2021-12-15 20:00:00+00:00,15,Regular Season,40.0,66.64,DYR,ASV,10.0,9.0,4.0,-4.0,-8.0,5.0,2.0,4.0,2.0,8.0,-5.0,X1,E2020,-5.0,-4.689625747907957,5.0,5.310374252092043
E2021,136,2021-12-16 17:45:00+00:00,16,Regular Season,40.0,65.46000000000001,ULK,BAS,22.0,-1.0,10.0,9.0,3.0,2.0,3.0,1.0,-12.0,-3.0,-2.0,X1,E2020,36.0,34.573259239634936,58.0,56.573259239634936
E2021,137,2021-12-16 19:00:00+00:00,16,Regular Season,40.0,72.46000000000001,BAR,PAN,3.0,10.0,10.0,0.0,2.0,2.0,-1.0,-3.0,6.0,-2.0,-2.0,X1,E2020,26.0,18.89629907925468,29.0,21.89629907925468
E2021,138,2021-12-16 19:05:00+00:00,16,Regular Season,40.0,72.16,IST,TEL,14.0,-1.0,8.0,1.0,-2.0,-2.0,-1.0,-1.0,-2.0,2.0,2.0,X1,E2020,4.0,5.7832975652647045,18.0,19.783297565264704
E2021,139,2021-12-16 19:30:00+00:00,16,Regular Season,40.0,72.97999999999999,MAD,MIL,2.0,1.0,2.0,-3.0,3.0,-1.0,-10.0,1.0,3.0,-3.0,1.0,X1,E2020,10.0,9.4173341218585,12.0,11.4173341218585
E2021,140,2021-12-17 16:00:00+00:00,16,Regular Season,40.0,65.86000000000001,UNK,ZAL,13.0,2.0,-3.0,1.0,2.0,-2.0,-8.0,-2.0,-1.0,-2.0,3.0,X1,E2020,10.0,17.27719467748237,23.0,30.27719467748237
E2021,142,2021-12-17 18:00:00+00:00,16,Regular Season,40.0,68.14,DYR,MCO,11.0,5.0,-4.0,-5.0,0.0,3.0,-7.0,-2.0,4.0,0.0,-3.0,X1,E2020,7.0,8.182212156819503,18.0,19.182212156819503
E2021,144,2021-12-17 18:00:00+00:00,16,Regular Season,40.0,74.44,CSK,BER,3.0,1.0,-1.0,-3.0,2.0,-1.0,2.0,1.0,-1.0,-2.0,1.0,X1,E2020,-3.0,-3.8271499681331256,0.0,-0.8271499681331256
E2021,143,2021-12-17 19:00:00+00:00,16,Regular Season,40.0,68.22,OLY,ASV,35.0,17.0,2.0,-1.0,0.0,-1.0,-7.0,-1.0,-2.0,0.0,-1.0,X1,E2020,28.0,37.84872855781572,63.0,72.84872855781572
E2021,141,2021-12-17 19:45:00+00:00,16,Regular Season,40.0,64.82,RED,MUN,3.0,-8.0,7.0,0.0,-2.0,0.0,-13.0,3.0,-1.0,2.0,0.0,X1,E2020,6.0,7.22008216537794,9.0,10.22008216537794
E2021,145,2021-12-22 17:30:00+00:00,17,Regular Season,40.0,69.32,IST,RED,1.0,-8.0,-1.0,2.0,2.0,7.0,-12.0,0.0,0.0,-2.0,-7.0,X1,E2020,23.0,18.038812473070724,24.0,19.038812473070724
E2021,147,2021-12-22 19:00:00+00:00,17,Regular Season,40.0,76.92,BER,MCO,8.0,4.0,2.0,3.0,1.0,-2.0,-6.0,1.0,1.0,-1.0,2.0,X1,E2020,11.0,14.443512795900993,19.0,22.443512795900993
E2021,148,2021-12-22 20:00:00+00:00,17,Regular Season,45.0,84.0,BAR,UNK,2.0,10.0,2.0,-8.0,-1.0,4.0,-14.0,-5.0,10.0,1.0,-4.0,X1,E2020,19.0,18.71916299067983,21.0,20.71916299067983
E2021,149,2021-12-23 17:00:00+00:00,17,Regular Season,40.0,66.38,DYR,TEL,2.0,-11.0,-7.0,1.0,-1.0,-2.0,12.0,0.0,-9.0,1.0,2.0,X1,E2020,-26.0,-23.212514239414812,-24.0,-21.212514239414812
E2021,152,2021-12-23 18:00:00+00:00,17,Regular Season,40.0,72.02000000000001,BAS,MUN,5.0,2.0,6.0,2.0,3.0,5.0,-3.0,2.0,1.0,-3.0,-4.0,X1,E2020,25.0,16.860924535354407,30.0,21.860924535354407
E2021,151,2021-12-23 19:00:00+00:00,17,Regular Season,40.0,76.34,OLY,PAN,19.0,1.0,0.0,2.0,-4.0,2.0,8.0,-2.0,-6.0,4.0,-3.0,X1,E2020,0.0,3.044391010679552,19.0,22.04439101067955
E2021,153,2021-12-23 19:45:00+00:00,17,Regular Season,40.0,68.66,MAD,CSK,6.0,-15.0,-3.0,5.0,1.0,-1.0,-10.0,4.0,-6.0,-1.0,2.0,X1,E2020,-2.0,2.211652850551925,4.0,8.211652850551925
E2021,150,2021-12-23 20:00:00+00:00,17,Regular Season,40.0,73.7,ASV,ULK,2.0,-11.0,0.0,3.0,2.0,-6.0,-2.0,1.0,-5.0,-2.0,5.0,X1,E2020,-9.0,-5.557164456735551,-7.0,-3.557164456735551
E2021,155,2021-12-29 18:00:00+00:00,18,Regular Season,40.0,71.7,MCO,TEL,6.0,-4.0,0.0,-6.0,-1.0,1.0,-12.0,2.0,3.0,1.0,-1.0,X1,E2020,-3.0,-2.5723948038388893,3.0,3.4276051961611107
E2021,158,2021-12-30 16:00:00+00:00,18,Regular Season,40.0,69.28,UNK,IST,8.0,-2.0,0.0,5.0,-2.0,-7.0,5.0,-3.0,-6.0,2.0,7.0,X1,E2020,-11.0,-0.546724096631225,-3.0,7.453275903368775
E2021,159,2021-12-30 18:00:00+00:00,18,Regular Season,45.0,72.98,DYR,RED,4.0,16.0,4.0,-8.0,1.0,-3.0,-9.0,-5.0,11.0,-1.0,2.0,X1,E2020,12.0,14.171427340546416,16.0,18.171427340546416
E2021,162,2021-12-30 19:30:00+00:00,18,Regular Season,40.0,70.86,BAS,BAR,19.0,7.0,10.0,1.0,-1.0,-1.0,-6.0,4.0,-1.0,1.0,1.0,X1,E2020,17.0,19.22522453241719,36.0,38.22522453241719
E2021,173,2022-01-11 17:45:00+00:00,20,Regular Season,40.0,74.66,ULK,OLY,14.0,2.0,7.0,2.0,-3.0,-6.0,2.0,1.0,-4.0,3.0,7.0,X1,E2020,-7.0,0.7902212864984506,7.0,14.79022128649845
E2021,176,2022-01-11 19:30:00+00:00,20,Regular Season,40.0,68.16,MUN,ZAL,9.0,-9.0,4.0,1.0,0.0,-1.0,-6.0,0.0,-3.0,0.0,1.0,X1,E2020,3.0,3.586027808679456,12.0,12.586027808679455
E2021,178,2022-01-11 20:00:00+00:00,20,Regular Season,40.0,68.56,MIL,BAR,2.0,0.0,-6.0,4.0,-3.0,2.0,1.0,0.0,-1.0,3.0,-2.0,X1,E2020,-4.0,0.1757039977298993,-2.0,2.175703997729899
E2021,179,2022-01-12 19:00:00+00:00,20,Regular Season,40.0,72.66,CSK,PAN,24.0,12.0,9.0,-1.0,3.0,-5.0,1.0,-2.0,0.0,-3.0,6.0,X1,E2020,16.0,18.646597261862578,40.0,42.64659726186258
E2021,183,2022-01-13 19:30:00+00:00,21,Regular Season,40.0,66.94,MCO,MUN,5.0,-2.0,-2.0,-3.0,1.0,-1.0,-10.0,4.0,2.0,-1.0,1.0,X1,E2020,-3.0,-1.3033843084008105,2.0,3.6966156915991895
E2021,185,2022-01-13 20:00:00+00:00,21,Regular Season,40.0,71.16,BAR,IST,5.0,-5.0,9.0,-3.0,3.0,-4.0,-12.0,-1.0,4.0,-3.0,5.0,X1,E2020,7.0,4.93486336212415,12.0,9.934863362124151
E2021,186,2022-01-14 17:00:00+00:00,21,Regular Season,40.0,75.2,CSK,ASV,7.0,-1.0,5.0,-6.0,2.0,9.0,-6.0,6.0,1.0,-2.0,-10.0,X1,E2020,20.0,7.008295488429535,27.0,14.008295488429535
E2021,189,2022-01-14 19:45:00+00:00,21,Regular Season,40.0,71.18,MAD,BAS,15.0,18.0,4.0,-2.0,1.0,0.0,1.0,2.0,2.0,-1.0,0.0,X1,E2020,17.0,18.390551385160318,32.0,33.39055138516032
E2021,170,2022-01-18 19:00:00+00:00,19,Regular Season,40.0,67.42,MCO,ASV,25.0,11.0,5.0,0.0,0.0,1.0,-5.0,-2.0,0.0,0.0,-1.0,X1,E2020,25.0,28.61781303235346,50.0,53.61781303235346
E2021,157,2022-01-18 19:30:00+00:00,18,Regular Season,40.0,73.88,MIL,BER,8.0,0.0,-1.0,0.0,1.0,-5.0,-1.0,-1.0,-3.0,-1.0,5.0,X1,E2020,-4.0,2.708098334944504,4.0,10.708098334944504
E2021,190,2022-01-20 16:00:00+00:00,22,Regular Season,40.0,71.2,UNK,BAR,6.0,3.0,7.0,3.0,3.0,3.0,-14.0,4.0,2.0,-3.0,-3.0,X1,E2020,33.0,29.733321952177786,39.0,35.73332195217779
E2021,191,2022-01-20 17:00:00+00:00,22,Regular Season,40.0,71.18,MCO,DYR,9.0,6.0,-3.0,2.0,-2.0,-2.0,-3.0,3.0,-2.0,2.0,2.0,X1,E2020,-1.0,8.076907765159966,8.0,17.076907765159966
E2021,192,2022-01-20 17:45:00+00:00,22,Regular Season,40.0,69.34,ULK,ZAL,6.0,-1.0,2.0,2.0,-1.0,8.0,-5.0,4.0,0.0,1.0,-8.0,X1,E2020,18.0,11.920923714975768,24.0,17.920923714975768
E2021,193,2022-01-20 19:00:00+00:00,22,Regular Season,40.0,77.03999999999999,MAD,BER,15.0,4.0,0.0,7.0,2.0,-13.0,3.0,-5.0,-9.0,-2.0,13.0,X1,E2020,0.0,18.117289234467393,15.0,33.11728923446739
E2021,194,2022-01-20 19:05:00+00:00,22,Regular Season,40.0,66.36,TEL,OLY,15.0,-7.0,0.0,5.0,2.0,-2.0,4.0,-1.0,-11.0,-2.0,2.0,X1,E2020,6.0,10.10849082422673,21.0,25.108490824226728
E2021,195,2022-01-21 17:00:00+00:00,22,Regular Season,40.0,64.64,MIL,CSK,10.0,-9.0,4.0,1.0,6.0,-5.0,-15.0,-1.0,-2.0,-6.0,5.0,X1,E2020,16.0,18.363794189273563,26.0,28.363794189273563
E2021,196,2022-01-21 17:30:00+00:00,22,Regular Season,40.0,71.6,IST,PAN,1.0,-7.0,5.0,4.0,2.0,-3.0,6.0,0.0,-7.0,-2.0,3.0,X1,E2020,1.0,-0.18061041476708173,2.0,0.8193895852329183
E2021,198,2022-01-21 19:30:00+00:00,22,Regular Season,40.0,68.97999999999999,MUN,BAS,7.0,-7.0,3.0,4.0,-1.0,4.0,9.0,2.0,-10.0,1.0,-4.0,X1,E2020,5.0,1.3785835898456043,12.0,8.378583589845604
E2021,197,2022-01-21 20:00:00+00:00,22,Regular Season,40.0,68.97999999999999,ASV,RED,2.0,10.0,-9.0,-4.0,1.0,5.0,-5.0,0.0,4.0,-1.0,-5.0,X1,E2020,10.0,11.304596474606868,12.0,13.304596474606868
E2021,180,2022-01-25 19:15:00+00:00,20,Regular Season,40.0,68.38,TEL,BER,9.0,-5.0,1.0,9.0,-1.0,-9.0,8.0,-1.0,-11.0,1.0,9.0,X1,E2020,-11.0,0.8655983461692376,-2.0,9.865598346169238
E2021,166,2022-01-25 19:45:00+00:00,19,Regular Season,40.0,70.52000000000001,MAD,UNK,17.0,16.0,2.0,-5.0,-1.0,2.0,0.0,-1.0,4.0,1.0,-3.0,X1,E2020,13.0,13.588336613223035,30.0,30.588336613223035
E2021,160,2022-01-25 20:00:00+00:00,18,Regular Season,40.0,63.86,MUN,ASV,9.0,9.0,-1.0,-9.0,3.0,-3.0,-7.0,-5.0,9.0,-3.0,3.0,X1,E2020,2.0,2.9187466466056144,11.0,11.918746646605614
E2021,199,2022-01-27 17:00:00+00:00,23,Regular Season,40.0,71.56,DYR,IST,9.0,3.0,6.0,-2.0,-4.0,1.0,-3.0,4.0,-2.0,4.0,-1.0,X1,E2020,2.0,4.412144613449875,11.0,13.412144613449875
E2021,200,2022-01-27 19:00:00+00:00,23,Regular Season,40.0,74.34,RED,OLY,4.0,5.0,3.0,6.0,-2.0,-4.0,2.0,0.0,-5.0,2.0,4.0,X1,E2020,5.0,13.98289227203135,9.0,17.98289227203135
E2021,202,2022-01-27 20:00:00+00:00,23,Regular Season,40.0,72.82,BAR,ASV,13.0,8.0,-4.0,1.0,0.0,-2.0,-2.0,0.0,2.0,0.0,2.0,X1,E2020,1.0,7.031970503461051,14.0,20.03197050346105
E2021,203,2022-01-28 16:00:00+00:00,23,Regular Season,40.0,70.58,CSK,UNK,11.0,-6.0,-3.0,1.0,-1.0,9.0,-4.0,2.0,-5.0,1.0,-10.0,X1,E2020,16.0,12.380159910933742,27.0,23.38015991093374
E2021,204,2022-01-28 18:00:00+00:00,23,Regular Season,50.0,83.62,MAD,MCO,6.0,17.0,9.0,-9.0,5.0,1.0,-11.0,-4.0,13.0,-5.0,-1.0,X1,E2020,31.0,23.930942116018674,37.0,29.930942116018674
E2021,205,2022-01-28 19:00:00+00:00,23,Regular Season,40.0,70.30000000000001,PAN,BAS,12.0,-1.0,9.0,-2.0,2.0,0.0,-17.0,1.0,5.0,-2.0,0.0,X1,E2020,21.0,18.358857003580653,33.0,30.358857003580653
E2021,206,2022-01-28 19:30:00+00:00,23,Regular Season,40.0,63.88,MIL,ZAL,7.0,-2.0,0.0,0.0,0.0,4.0,0.0,1.0,-4.0,0.0,-4.0,X1,E2020,9.0,7.23191153673867,16.0,14.23191153673867
E2021,207,2022-01-28 19:30:00+00:00,23,Regular Season,40.0,67.88,MUN,BER,6.0,-3.0,5.0,2.0,3.0,-4.0,0.0,-3.0,-2.0,-3.0,4.0,X1,E2020,7.0,7.018732682909555,13.0,13.018732682909555
E2021,208,2022-02-01 17:45:00+00:00,24,Regular Season,40.0,74.44,ULK,ASV,9.0,6.0,3.0,0.0,-2.0,3.0,1.0,0.0,-3.0,2.0,-3.0,X1,E2020,13.0,14.587798081154766,22.0,23.587798081154766
E2021,209,2022-02-01 18:00:00+00:00,24,Regular Season,40.0,66.67999999999999,MIL,RED,6.0,7.0,-3.0,-2.0,4.0,-5.0,-4.0,0.0,3.0,-4.0,3.0,X1,E2020,3.0,6.364879939954076,9.0,12.364879939954076
E2021,210,2022-02-01 18:00:00+00:00,24,Regular Season,40.0,63.260000000000005,TEL,ZAL,16.0,4.0,-1.0,-1.0,4.0,-2.0,-17.0,3.0,3.0,-4.0,1.0,X1,E2020,18.0,22.10981965564105,34.0,38.10981965564105
E2021,211,2022-02-01 19:00:00+00:00,24,Regular Season,40.0,68.25999999999999,MCO,PAN,8.0,2.0,-2.0,2.0,2.0,-2.0,-3.0,0.0,-1.0,-2.0,2.0,X1,E2020,6.0,9.834375014177294,14.0,17.834375014177294
E2021,212,2022-02-01 19:30:00+00:00,24,Regular Season,40.0,73.12,DYR,BAS,8.0,1.0,-6.0,1.0,1.0,6.0,-4.0,2.0,0.0,-1.0,-7.0,X1,E2020,13.0,10.734128715020798,21.0,18.7341287150208
E2021,213,2022-02-01 20:00:00+00:00,24,Regular Season,40.0,65.16,BAR,MUN,5.0,2.0,2.0,-3.0,-3.0,12.0,-15.0,5.0,5.0,3.0,-12.0,X1,E2020,24.0,17.281991276021415,29.0,22.281991276021415
E2021,214,2022-02-02 17:00:00+00:00,24,Regular Season,45.0,79.53999999999999,IST,CSK,2.0,-2.0,4.0,-5.0,3.0,10.0,-13.0,9.0,4.0,-3.0,-10.0,X1,E2020,23.0,9.058445254035519,25.0,11.058445254035519
E2021,215,2022-02-02 19:00:00+00:00,24,Regular Season,40.0,72.14,BER,UNK,28.0,13.0,12.0,-4.0,2.0,7.0,-22.0,-1.0,9.0,-2.0,-7.0,X1,E2020,53.0,47.72122244021661,81.0,75.72122244021661
E2021,216,2022-02-02 19:45:00+00:00,24,Regular Season,40.0,68.75999999999999,MAD,OLY,8.0,17.0,0.0,0.0,4.0,4.0,5.0,0.0,3.0,-4.0,-3.0,X1,E2020,24.0,19.470309399593052,32.0,27.470309399593052
E2021,217,2022-02-03 18:00:00+00:00,25,Regular Season,40.0,71.03999999999999,MCO,RED,11.0,1.0,3.0,4.0,0.0,0.0,-5.0,3.0,-4.0,0.0,1.0,X1,E2020,13.0,17.032243690663766,24.0,28.032243690663766
E2021,218,2022-02-03 19:30:00+00:00,25,Regular Season,40.0,63.28,ULK,MIL,11.0,4.0,5.0,4.0,-1.0,-4.0,-8.0,2.0,-2.0,1.0,4.0,X1,E2020,11.0,19.36999983419442,22.0,30.36999983419442
E2021,219,2022-02-03 19:30:00+00:00,25,Regular Season,40.0,66.1,MUN,TEL,18.0,1.0,10.0,2.0,-1.0,-1.0,-3.0,-4.0,-2.0,1.0,2.0,X1,E2020,17.0,19.098972142050446,35.0,37.09897214205044
E2021,220,2022-02-03 20:00:00+00:00,25,Regular Season,40.0,71.34,BAR,PAN,26.0,10.0,7.0,1.0,1.0,-7.0,-2.0,-3.0,-4.0,-1.0,7.0,X1,E2020,15.0,25.354757127869853,41.0,51.35475712786985
E2021,221,2022-02-04 17:00:00+00:00,25,Regular Season,40.0,70.75999999999999,CSK,BER,19.0,6.0,11.0,4.0,-2.0,0.0,3.0,0.0,-9.0,2.0,0.0,X1,E2020,23.0,27.406510780026387,42.0,46.40651078002639
E2021,222,2022-02-04 17:30:00+00:00,25,Regular Season,40.0,71.18,IST,ASV,6.0,-14.0,8.0,2.0,-1.0,0.0,-6.0,0.0,-6.0,1.0,0.0,X1,E2020,6.0,5.159312059928822,12.0,11.159312059928823
E2021,223,2022-02-04 18:00:00+00:00,25,Regular Season,40.0,64.9,UNK,ZAL,9.0,5.0,5.0,6.0,0.0,0.0,16.0,-2.0,-7.0,0.0,0.0,X1,E2020,9.0,7.744980634070025,18.0,16.744980634070025
E2021,224,2022-02-04 19:30:00+00:00,25,Regular Season,40.0,69.39999999999999,OLY,BAS,10.0,-2.0,-8.0,6.0,2.0,5.0,-6.0,2.0,-2.0,-2.0,-5.0,X1,E2020,16.0,16.76442334782485,26.0,26.76442334782485
E2021,225,2022-02-04 19:45:00+00:00,25,Regular Season,40.0,67.84,MAD,DYR,21.0,5.0,4.0,2.0,0.0,-1.0,-14.0,-4.0,2.0,0.0,1.0,X1,E2020,25.0,31.881573354243546,46.0,52.88157335424354
E2021,154,2022-02-08 17:45:00+00:00,18,Regular Season,40.0,69.12,ULK,MAD,15.0,3.0,7.0,3.0,1.0,-1.0,-6.0,0.0,-1.0,-1.0,1.0,X1,E2020,20.0,21.639889737956807,35.0,36.63988973795681
E2021,146,2022-02-08 18:00:00+00:00,17,Regular Season,40.0,65.66,MIL,ZAL,4.0,13.0,1.0,1.0,-2.0,2.0,6.0,1.0,3.0,2.0,-2.0,X1,E2020,5.0,4.490813230023986,9.0,8.490813230023985
E2021,226,2022-02-10 19:00:00+00:00,26,Regular Season,40.0,65.3,ZAL,MCO,1.0,5.0,12.0,-3.0,0.0,-4.0,-2.0,-4.0,4.0,0.0,4.0,X1,E2020,8.0,6.910305056351225,9.0,7.910305056351225
E2021,227,2022-02-10 19:00:00+00:00,26,Regular Season,40.0,69.16,BER,DYR,9.0,12.0,0.0,-2.0,-1.0,8.0,-6.0,6.0,3.0,1.0,-8.0,X1,E2020,21.0,17.93425912972161,30.0,26.93425912972161
E2021,228,2022-02-10 19:00:00+00:00,26,Regular Season,45.0,77.03999999999999,OLY,IST,2.0,8.0,-9.0,-4.0,-2.0,2.0,9.0,3.0,1.0,2.0,-3.0,X1,E2020,-17.0,-16.401073152330053,-15.0,-14.401073152330053
E2021,229,2022-02-10 19:05:00+00:00,26,Regular Season,40.0,73.88,TEL,CSK,9.0,3.0,-7.0,4.0,6.0,-1.0,-4.0,-1.0,1.0,-6.0,1.0,X1,E2020,14.0,15.613542821615106,23.0,24.613542821615106
E2021,230,2022-02-10 19:30:00+00:00,26,Regular Season,40.0,73.82,MIL,BAS,11.0,18.0,-5.0,-5.0,0.0,-6.0,-10.0,3.0,9.0,0.0,6.0,X1,E2020,-6.0,4.806227313080429,5.0,15.806227313080429
E2021,231,2022-02-11 16:00:00+00:00,26,Regular Season,40.0,70.94,RED,UNK,7.0,-1.0,-1.0,5.0,0.0,6.0,-1.0,1.0,-5.0,0.0,-6.0,X1,E2020,20.0,18.96059655926459,27.0,25.96059655926459
E2021,233,2022-02-11 19:00:00+00:00,26,Regular Season,40.0,65.2,PAN,ASV,13.0,7.0,4.0,2.0,0.0,-4.0,-1.0,-2.0,0.0,0.0,4.0,X1,E2020,8.0,13.492262640244924,21.0,26.492262640244924
E2021,234,2022-02-11 19:45:00+00:00,26,Regular Season,40.0,72.92,BAR,MAD,18.0,3.0,8.0,-1.0,1.0,-5.0,-17.0,0.0,4.0,-1.0,5.0,X1,E2020,15.0,20.56838291863387,33.0,38.56838291863387
E2021,175,2022-02-22 19:00:00+00:00,20,Regular Season,40.0,73.54,MCO,UNK,3.0,5.0,-2.0,-2.0,4.0,2.0,4.0,-2.0,-2.0,-4.0,-2.0,X1,E2020,13.0,10.440400248404002,16.0,13.440400248404002
E2021,235,2022-02-24 17:30:00+00:00,27,Regular Season,40.0,72.4,IST,TEL,32.0,4.0,11.0,-2.0,4.0,2.0,-18.0,0.0,2.0,-4.0,-2.0,X1,E2020,41.0,38.567690962298016,73.0,70.56769096229802
E2021,236,2022-02-24 18:00:00+00:00,27,Regular Season,40.0,69.56,ZAL,MAD,21.0,5.0,-1.0,1.0,0.0,4.0,0.0,1.0,-5.0,0.0,-4.0,X1,E2020,17.0,19.01972906394259,38.0,40.01972906394259
E2021,237,2022-02-24 19:45:00+00:00,27,Regular Season,40.0,70.84,OLY,MIL,9.0,4.0,-4.0,2.0,1.0,7.0,-1.0,7.0,-3.0,-1.0,-8.0,X1,E2020,16.0,12.625744219175607,25.0,21.62574421917561
E2021,238,2022-02-24 20:00:00+00:00,27,Regular Season,40.0,72.91999999999999,BER,ASV,2.0,11.0,3.0,-5.0,0.0,4.0,-5.0,-1.0,9.0,0.0,-4.0,X1,E2020,14.0,8.87763366079043,16.0,10.87763366079043
E2021,241,2022-02-25 19:00:00+00:00,27,Regular Season,40.0,73.34,MCO,ULK,14.0,11.0,3.0,-6.0,-2.0,-1.0,-7.0,1.0,3.0,2.0,1.0,X1,E2020,5.0,10.313113729241557,19.0,24.313113729241557
E2021,242,2022-02-25 19:00:00+00:00,27,Regular Season,40.0,68.68,PAN,RED,6.0,-8.0,3.0,-5.0,1.0,-1.0,-15.0,-4.0,2.0,-1.0,1.0,X1,E2020,7.0,8.354052451251311,13.0,14.354052451251311
E2021,163,2022-02-27 20:00:00+00:00,19,Regular Season,40.0,60.92,RED,ULK,5.0,9.0,2.0,4.0,1.0,-1.0,-5.0,2.0,5.0,-1.0,1.0,X1,E2020,13.0,14.072551869010448,18.0,19.072551869010447
E2021,161,2022-03-01 19:00:00+00:00,18,Regular Season,40.0,67.32,ZAL,PAN,13.0,12.0,1.0,2.0,-2.0,-5.0,6.0,-4.0,-1.0,2.0,4.0,X1,E2020,1.0,10.000288746877654,14.0,23.000288746877654
E2021,165,2022-03-01 19:05:00+00:00,19,Regular Season,40.0,71.3,TEL,BAS,1.0,-5.0,-8.0,0.0,-1.0,3.0,9.0,-3.0,-5.0,1.0,-3.0,X1,E2020,-10.0,-9.739105746173095,-9.0,-8.739105746173095
E2021,245,2022-03-03 17:30:00+00:00,28,Regular Season,40.0,67.88,IST,ULK,5.0,3.0,-2.0,-1.0,5.0,4.0,-4.0,0.0,2.0,-5.0,-4.0,X1,E2020,20.0,14.38163012734797,25.0,19.381630127347968
E2021,246,2022-03-03 18:00:00+00:00,28,Regular Season,40.0,70.19999999999999,RED,BAS,3.0,1.0,-8.0,0.0,1.0,5.0,4.0,6.0,-6.0,-1.0,-4.0,X1,E2020,0.0,-0.1412931463070315,3.0,2.8587068536929685
E2021,247,2022-03-03 19:00:00+00:00,28,Regular Season,40.0,65.84,BER,ZAL,8.0,9.0,0.0,2.0,0.0,-1.0,2.0,-4.0,-3.0,0.0,1.0,X1,E2020,14.0,20.634282044764593,22.0,28.634282044764593
E2021,249,2022-03-03 20:00:00+00:00,28,Regular Season,40.0,70.52000000000001,BAR,MCO,5.0,-8.0,10.0,2.0,-1.0,4.0,0.0,-2.0,-5.0,1.0,-4.0,X1,E2020,17.0,11.224593689744264,22.0,16.224593689744264
E2021,251,2022-03-04 19:00:00+00:00,28,Regular Season,40.0,69.02000000000001,MIL,PAN,1.0,9.0,5.0,-5.0,-3.0,-7.0,5.0,1.0,0.0,3.0,7.0,X1,E2020,-17.0,-10.159926873757179,-16.0,-9.159926873757179
E2021,252,2022-03-04 19:45:00+00:00,28,Regular Season,40.0,66.44,OLY,MUN,10.0,1.0,0.0,-2.0,1.0,3.0,-14.0,3.0,3.0,-1.0,-3.0,X1,E2020,15.0,14.816818318801566,25.0,24.816818318801566
E2021,174,2022-03-08 18:00:00+00:00,20,Regular Season,40.0,69.14,RED,MAD,3.0,-15.0,-13.0,5.0,-2.0,5.0,-9.0,5.0,-8.0,2.0,-5.0,X1,E2020,-5.0,1.1599249240239509,-2.0,4.159924924023951
E2021,177,2022-03-08 20:00:00+00:00,20,Regular Season,40.0,73.0,BAS,IST,13.0,14.0,8.0,0.0,1.0,1.0,1.0,3.0,-1.0,-1.0,-1.0,X1,E2020,23.0,22.31357073555327,36.0,35.31357073555327
E2021,254,2022-03-10 18:00:00+00:00,29,Regular Season,40.0,69.32,RED,TEL,7.0,19.0,6.0,-1.0,-1.0,-3.0,12.0,0.0,0.0,1.0,3.0,X1,E2020,4.0,6.517538899647397,11.0,13.517538899647397
E2021,255,2022-03-10 19:00:00+00:00,29,Regular Season,40.0,68.94,BAS,ASV,3.0,9.0,2.0,-2.0,0.0,7.0,-8.0,3.0,9.0,0.0,-7.0,X1,E2020,19.0,11.527074476591649,22.0,14.527074476591649
E2021,256,2022-03-10 19:00:00+00:00,29,Regular Season,40.0,69.5,BER,OLY,15.0,3.0,6.0,-4.0,-2.0,-5.0,-12.0,-5.0,5.0,2.0,5.0,X1,E2020,3.0,10.18546078643197,18.0,25.185460786431968
E2021,257,2022-03-10 19:45:00+00:00,29,Regular Season,45.0,77.42,MAD,MIL,4.0,9.0,-4.0,-3.0,2.0,-1.0,-3.0,-6.0,4.0,-2.0,2.0,X1,E2020,8.0,12.425891276158765,12.0,16.425891276158765
E2021,259,2022-03-11 18:00:00+00:00,29,Regular Season,40.0,76.58,ZAL,BAR,7.0,-6.0,-7.0,12.0,5.0,8.0,2.0,3.0,-10.0,-5.0,-8.0,X1,E2020,30.0,26.09003674130369,37.0,33.09003674130369
E2021,260,2022-03-11 19:00:00+00:00,29,Regular Season,40.0,69.82,MCO,IST,22.0,8.0,-3.0,4.0,3.0,2.0,-2.0,2.0,-5.0,-3.0,-2.0,X1,E2020,24.0,28.090049590225295,46.0,50.09004959022529
E2021,169,2022-03-15 18:00:00+00:00,19,Regular Season,40.0,65.56,OLY,ZAL,11.0,0.0,-2.0,4.0,4.0,3.0,10.0,3.0,-8.0,-4.0,-4.0,X1,E2020,12.0,7.1822515073647235,23.0,18.182251507364725
E2021,263,2022-03-17 18:00:00+00:00,30,Regular Season,40.0,63.94,IST,ZAL,14.0,2.0,1.0,3.0,0.0,2.0,1.0,0.0,-4.0,0.0,-2.0,X1,E2020,13.0,14.180699955443835,27.0,28.180699955443835
E2021,264,2022-03-17 19:00:00+00:00,30,Regular Season,40.0,69.28,OLY,PAN,28.0,11.0,9.0,3.0,-3.0,-1.0,-8.0,-2.0,-2.0,3.0,1.0,X1,E2020,27.0,36.20646619614056,55.0,64.20646619614055
E2021,265,2022-03-17 19:45:00+00:00,30,Regular Season,40.0,68.34,MAD,ASV,12.0,20.0,9.0,-1.0,-2.0,6.0,4.0,5.0,1.0,2.0,-6.0,X1,E2020,26.0,21.966506980354303,38.0,33.9665069803543
E2021,269,2022-03-18 19:30:00+00:00,30,Regular Season,40.0,71.78,BAS,BER,17.0,4.0,5.0,-1.0,2.0,5.0,-9.0,0.0,-2.0,-2.0,-5.0,X1,E2020,33.0,31.273974962393115,50.0,48.27397496239311
E2021,270,2022-03-18 20:00:00+00:00,30,Regular Season,40.0,67.1,BAR,RED,12.0,-8.0,6.0,5.0,2.0,-4.0,-14.0,-2.0,-3.0,-2.0,4.0,X1,E2020,18.0,23.399834266150823,30.0,35.39983426615082
E2021,272,2022-03-22 17:30:00+00:00,31,Regular Season,40.0,66.38,IST,MAD,3.0,-2.0,-7.0,1.0,-1.0,5.0,-7.0,0.0,2.0,1.0,-6.0,X1,E2020,6.0,6.135160743136816,9.0,9.135160743136815
E2021,273,2022-03-22 19:00:00+00:00,31,Regular Season,40.0,74.7,BAR,BER,16.0,12.0,11.0,-1.0,-1.0,-6.0,2.0,-4.0,1.0,1.0,6.0,X1,E2020,9.0,14.07781211871594,25.0,30.07781211871594
E2021,274,2022-03-22 19:00:00+00:00,31,Regular Season,40.0,65.42,PAN,MUN,13.0,4.0,3.0,4.0,4.0,2.0,-7.0,-4.0,1.0,-4.0,-2.0,X1,E2020,33.0,31.769056984172984,46.0,44.769056984172984
E2021,275,2022-03-22 19:05:00+00:00,31,Regular Season,40.0,71.96,TEL,MIL,17.0,-1.0,8.0,2.0,0.0,2.0,-7.0,0.0,-8.0,0.0,-1.0,X1,E2020,27.0,30.516378261502094,44.0,47.5163782615021
E2021,277,2022-03-23 18:00:00+00:00,31,Regular Season,40.0,69.0,ASV,ZAL,4.0,5.0,-5.0,-1.0,5.0,5.0,-11.0,1.0,3.0,-5.0,-4.0,X1,E2020,25.0,23.0498059461938,29.0,27.0498059461938
E2021,279,2022-03-23 19:30:00+00:00,31,Regular Season,40.0,67.52000000000001,BAS,ULK,15.0,8.0,-1.0,2.0,1.0,3.0,9.0,-2.0,-3.0,-1.0,-3.0,X1,E2020,13.0,11.796278805040059,28.0,26.79627880504006
E2021,278,2022-03-23 20:00:00+00:00,31,Regular Season,40.0,70.9,MCO,OLY,20.0,3.0,3.0,4.0,-1.0,-2.0,-9.0,-2.0,-4.0,1.0,1.0,X1,E2020,20.0,29.544467150339496,40.0,49.5444671503395
E2021,281,2022-03-24 17:30:00+00:00,32,Regular Season,40.0,69.08,MIL,IST,6.0,2.0,9.0,1.0,1.0,-5.0,6.0,-5.0,-6.0,-1.0,5.0,X1,E2020,9.0,12.26251532110922,15.0,18.26251532110922
E2021,282,2022-03-24 19:05:00+00:00,32,Regular Season,40.0,74.06,TEL,MAD,1.0,-15.0,-9.0,1.0,-3.0,1.0,-8.0,0.0,-5.0,3.0,-1.0,X1,E2020,-14.0,-6.834053016839688,-13.0,-5.834053016839688
E2021,285,2022-03-25 18:00:00+00:00,32,Regular Season,40.0,67.0,MCO,BAS,10.0,1.0,-3.0,4.0,3.0,0.0,-2.0,-3.0,-6.0,-3.0,0.0,X1,E2020,19.0,24.298819647265425,29.0,34.298819647265425
E2021,286,2022-03-25 19:00:00+00:00,32,Regular Season,40.0,73.16,OLY,ASV,14.0,11.0,4.0,-3.0,-1.0,1.0,-7.0,-1.0,1.0,1.0,-1.0,X1,E2020,19.0,23.492090478539318,33.0,37.49209047853932
E2021,287,2022-03-25 19:00:00+00:00,32,Regular Season,40.0,65.25999999999999,BER,RED,4.0,10.0,-3.0,1.0,1.0,3.0,0.0,-3.0,4.0,0.0,-2.0,X1,E2020,13.0,13.507591957939148,17.0,17.507591957939148
E2021,288,2022-03-25 20:00:00+00:00,32,Regular Season,40.0,66.16,BAR,ULK,21.0,4.0,10.0,2.0,1.0,-5.0,-4.0,2.0,-1.0,-1.0,5.0,X1,E2020,11.0,13.69604282809733,32.0,34.69604282809733
E2021,188,2022-03-29 16:00:00+00:00,21,Regular Season,40.0,77.38,TEL,PAN,12.0,4.0,8.0,5.0,-2.0,-1.0,4.0,1.0,-7.0,2.0,1.0,X1,E2020,13.0,16.922306941725047,25.0,28.922306941725047
E2021,187,2022-03-29 18:00:00+00:00,21,Regular Season,40.0,62.52,BER,ULK,9.0,11.0,-1.0,1.0,0.0,2.0,-4.0,0.0,6.0,0.0,-2.0,X1,E2020,13.0,13.424344319386682,22.0,22.424344319386684
E2021,268,2022-03-29 18:30:00+00:00,30,Regular Season,40.0,65.66,MIL,MUN,7.0,8.0,2.0,-1.0,1.0,3.0,-4.0,1.0,1.0,-1.0,-3.0,X1,E2020,19.0,18.201352560818464,26.0,25.201352560818464
E2021,290,2022-03-31 18:00:00+00:00,33,Regular Season,40.0,69.84,PAN,MAD,1.0,-16.0,1.0,-2.0,3.0,3.0,-7.0,2.0,-6.0,-3.0,-4.0,X1,E2020,7.0,1.423209171424595,8.0,2.423209171424595
E2021,291,2022-03-31 18:05:00+00:00,33,Regular Season,40.0,77.9,TEL,ASV,21.0,-1.0,-4.0,9.0,-2.0,10.0,5.0,0.0,-14.0,2.0,-10.0,X1,E2020,29.0,31.786555183280342,50.0,52.78655518328034
E2021,292,2022-03-31 18:45:00+00:00,33,Regular Season,40.0,65.94,MCO,MIL,9.0,8.0,-6.0,5.0,1.0,7.0,-2.0,-5.0,0.0,-1.0,-7.0,X1,E2020,30.0,31.291453926793164,39.0,40.29145392679317
E2021,295,2022-04-01 17:30:00+00:00,33,Regular Season,40.0,72.4,IST,BER,10.0,3.0,-1.0,2.0,3.0,2.0,-1.0,0.0,-5.0,-3.0,-2.0,X1,E2020,20.0,21.26198689321947,30.0,31.26198689321947
E2021,296,2022-04-01 18:00:00+00:00,33,Regular Season,40.0,71.24,OLY,BAR,7.0,-17.0,-3.0,-1.0,4.0,5.0,-14.0,6.0,-5.0,-4.0,-5.0,X1,E2020,10.0,5.01531848192573,17.0,12.01531848192573
E2021,293,2022-04-01 18:30:00+00:00,33,Regular Season,40.0,64.98,MUN,RED,25.0,-6.0,8.0,4.0,-2.0,-2.0,-5.0,0.0,-5.0,2.0,1.0,X1,E2020,9.0,12.368578968740055,34.0,37.36857896874005
E2021,297,2022-04-01 18:30:00+00:00,33,Regular Season,40.0,70.08,BAS,ZAL,17.0,5.0,12.0,0.0,0.0,3.0,-9.0,-2.0,-1.0,0.0,-3.0,X1,E2020,35.0,34.00811296420284,52.0,51.00811296420284
E2021,181,2022-04-03 16:00:00+00:00,21,Regular Season,45.0,77.74000000000001,ZAL,RED,5.0,5.0,-2.0,-6.0,2.0,3.0,-7.0,-2.0,1.0,-2.0,-3.0,X1,E2020,15.0,15.515443259234132,20.0,20.515443259234132
E2021,232,2022-04-04 17:45:00+00:00,26,Regular Season,40.0,67.8,ULK,MUN,5.0,8.0,3.0,0.0,0.0,6.0,-3.0,4.0,2.0,0.0,-5.0,X1,E2020,19.0,14.639023654286714,24.0,19.639023654286714
E2021,168,2022-04-06 17:30:00+00:00,19,Regular Season,40.0,60.88,IST,MUN,5.0,6.0,0.0,0.0,0.0,5.0,0.0,0.0,0.0,0.0,-5.0,X1,E2020,16.0,13.800127548908154,21.0,18.800127548908154
E2021,164,2022-04-06 18:00:00+00:00,19,Regular Season,40.0,73.22,BER,PAN,9.0,3.0,10.0,2.0,-4.0,0.0,14.0,-4.0,-5.0,4.0,0.0,X1,E2020,2.0,0.8450416540846728,11.0,9.845041654084673
E2021,306,2022-04-07 18:00:00+00:00,34,Regular Season,40.0,71.16,TEL,BAR,24.0,4.0,-1.0,5.0,-5.0,4.0,6.0,1.0,-10.0,5.0,-4.0,X1,E2020,9.0,16.266281732717342,33.0,40.266281732717346
E2021,301,2022-04-07 19:00:00+00:00,34,Regular Season,40.0,69.88,MIL,ASV,1.0,6.0,-3.0,-2.0,-1.0,1.0,0.0,8.0,3.0,1.0,-1.0,X1,E2020,-10.0,-10.903414423908266,-9.0,-9.903414423908266
E2021,305,2022-04-08 17:00:00+00:00,34,Regular Season,40.0,66.06,PAN,ULK,3.0,-1.0,3.0,3.0,1.0,-4.0,-4.0,-2.0,-2.0,-1.0,4.0,X1,E2020,7.0,11.92157447571876,10.0,14.92157447571876
E2021,302,2022-04-08 18:45:00+00:00,34,Regular Season,40.0,69.06,MUN,MAD,9.0,9.0,-14.0,3.0,1.0,2.0,-2.0,2.0,-3.0,-1.0,-2.0,X1,E2020,7.0,16.527146757312394,16.0,25.527146757312394
E2021,298,2022-04-08 19:00:00+00:00,34,Regular Season,40.0,72.06,RED,IST,8.0,5.0,0.0,4.0,-1.0,-1.0,12.0,0.0,-6.0,1.0,1.0,X1,E2020,-1.0,1.96046771611331,7.0,9.96046771611331
E2021,303,2022-04-08 19:00:00+00:00,34,Regular Season,40.0,68.86,MCO,BER,17.0,-3.0,-2.0,2.0,-1.0,-1.0,-7.0,-3.0,-5.0,1.0,1.0,X1,E2020,8.0,16.97364506064906,25.0,33.97364506064906
E2021,201,2022-04-13 16:30:00+00:00,23,Regular Season,40.0,75.52000000000001,TEL,ULK,9.0,-1.0,-2.0,5.0,3.0,-7.0,3.0,-5.0,-3.0,-3.0,7.0,X1,E2020,-1.0,5.7139376695989785,8.0,14.713937669598979
E2021,309,2022-04-19 17:00:00+00:00,35,Playoffs,40.0,66.28,IST,MIL,16.0,8.0,6.0,1.0,-1.0,2.0,-4.0,-1.0,0.0,1.0,-3.0,X1,E2020,23.0,24.05186010505041,39.0,40.05186010505041
E2021,307,2022-04-19 19:00:00+00:00,35,Playoffs,40.0,63.92,BAR,MUN,10.0,-3.0,9.0,8.0,2.0,3.0,-2.0,3.0,-6.0,-2.0,-3.0,X1,E2020,29.0,24.6739793957093,39.0,34.673979395709296
E2021,310,2022-04-20 18:00:00+00:00,35,Playoffs,40.0,66.62,OLY,MCO,17.0,-3.0,-3.0,4.0,1.0,1.0,1.0,-2.0,-10.0,-1.0,-1.0,X1,E2020,13.0,18.87150869652531,30.0,35.87150869652531
E2021,308,2022-04-20 19:00:00+00:00,35,Playoffs,40.0,71.03999999999999,MAD,TEL,10.0,-2.0,8.0,2.0,3.0,-9.0,-5.0,-8.0,4.0,-3.0,9.0,X1,E2020,5.0,7.823363689824941,15.0,17.82336368982494
E2021,311,2022-04-21 18:00:00+00:00,36,Playoffs,40.0,72.66,MUN,BAR,15.0,2.0,0.0,4.0,-3.0,-1.0,0.0,0.0,-6.0,3.0,1.0,X1,E2020,4.0,12.753897141285385,19.0,27.753897141285385
E2021,313,2022-04-21 18:30:00+00:00,36,Playoffs,40.0,70.03999999999999,MIL,IST,7.0,8.0,0.0,2.0,-5.0,1.0,0.0,3.0,-1.0,5.0,0.0,X1,E2020,-1.0,5.913682537592439,6.0,12.91368253759244
E2021,314,2022-04-22 16:00:00+00:00,36,Playoffs,40.0,71.08000000000001,MCO,OLY,24.0,-4.0,-3.0,4.0,-2.0,-4.0,-4.0,-8.0,-8.0,2.0,4.0,X1,E2020,5.0,19.85405484426758,29.0,43.85405484426758
E2021,312,2022-04-22 18:45:00+00:00,36,Playoffs,40.0,71.56,MAD,TEL,29.0,11.0,9.0,4.0,4.0,1.0,-7.0,0.0,-4.0,-4.0,-1.0,X1,E2020,45.0,46.92759321973025,74.0,75.92759321973026
E2021,317,2022-04-26 17:30:00+00:00,37,Playoffs,40.0,65.18,IST,MIL,12.0,-9.0,0.0,-3.0,0.0,1.0,-13.0,0.0,-1.0,0.0,-1.0,X1,E2020,4.0,5.774990617281684,16.0,17.774990617281684
E2021,316,2022-04-26 18:15:00+00:00,37,Playoffs,40.0,72.52000000000001,MAD,TEL,11.0,11.0,14.0,2.0,4.0,0.0,-14.0,7.0,5.0,-4.0,-1.0,X1,E2020,38.0,32.95071097746314,49.0,43.95071097746314
E2021,315,2022-04-27 18:30:00+00:00,37,Playoffs,40.0,62.08,BAR,MUN,9.0,-5.0,4.0,-2.0,1.0,-7.0,-13.0,-4.0,4.0,-1.0,7.0,X1,E2020,-2.0,3.3860847723841228,7.0,12.386084772384123
E2021,318,2022-04-27 19:00:00+00:00,37,Playoffs,40.0,72.0,OLY,MCO,4.0,5.0,0.0,-2.0,1.0,4.0,-10.0,3.0,7.0,-1.0,-3.0,X1,E2020,12.0,8.38120124619089,16.0,12.38120124619089
E2021,321,2022-04-28 17:30:00+00:00,38,Playoffs,40.0,65.82,IST,MIL,5.0,-9.0,-7.0,0.0,1.0,9.0,-14.0,3.0,-4.0,0.0,-9.0,X1,E2020,18.0,17.422699549634228,23.0,22.422699549634228
E2021,319,2022-04-29 18:45:00+00:00,38,Playoffs,40.0,65.02,MUN,BAR,7.0,5.0,6.0,2.0,0.0,-1.0,1.0,-5.0,-4.0,0.0,2.0,X1,E2020,18.0,22.360567516253308,25.0,29.360567516253308
E2021,322,2022-04-29 19:00:00+00:00,38,Playoffs,40.0,67.82,MCO,OLY,1.0,-1.0,-6.0,3.0,1.0,-1.0,1.0,-4.0,-3.0,-1.0,1.0,X1,E2020,2.0,7.300518143664228,3.0,8.300518143664227
E2021,323,2022-05-03 18:00:00+00:00,39,Playoffs,40.0,67.16,BAR,MUN,9.0,6.0,5.0,-2.0,-1.0,2.0,3.0,-3.0,-2.0,1.0,-2.0,X1,E2020,13.0,12.746907887949519,22.0,21.74690788794952
E2021,326,2022-05-04 18:30:00+00:00,39,Playoffs,40.0,68.52000000000001,OLY,MCO,6.0,-5.0,2.0,-3.0,2.0,10.0,-14.0,3.0,0.0,-2.0,-10.0,X1,E2020,29.0,20.68419184471618,35.0,26.68419184471618
E2021,328,2022-05-19 16:00:00+00:00,40,Final Four,40.0,64.52000000000001,IST,OLY,3.0,0.0,2.0,-3.0,0.0,-7.0,5.0,-1.0,-1.0,0.0,7.0,X1,E2020,-18.0,-14.276817339426495,-15.0,-11.276817339426495
E2021,327,2022-05-19 19:00:00+00:00,40,Final Four,40.0,69.46000000000001,MAD,BAR,3.0,1.0,-6.0,0.0,5.0,-1.0,2.0,-2.0,0.0,-5.0,1.0,X1,E2020,3.0,2.224589833833484,6.0,5.224589833833484
E2021,329,2022-05-21 14:00:00+00:00,41,Final Four,40.0,72.3,BAR,OLY,10.0,10.0,5.0,-4.0,0.0,-4.0,-1.0,1.0,2.0,0.0,4.0,X1,E2020,1.0,4.306581228001425,11.0,14.306581228001425
E2021,330,2022-05-21 17:00:00+00:00,41,Final Four,40.0,61.72,IST,MAD,1.0,4.0,-7.0,-1.0,0.0,4.0,-14.0,-3.0,6.0,0.0,-4.0,X1,E2020,15.0,18.616155424047058,16.0,19.616155424047058
E2022,1,2022-10-06 18:00:00+00:00,1,Regular Season,40.0,74.1,MAD,PAN,3.0,15.0,-2.0,-5.0,6.0,-6.0,-11.0,-7.0,11.0,-6.0,6.0,X2,E2020+E2021,15.0,16.387502199950262,18.0,19.387502199950262
E2022,2,2022-10-06 18:00:00+00:00,1,Regular Season,40.0,71.94,MIL,ASV,7.0,8.0,3.0,-1.0,1.0,0.0,2.0,0.0,0.0,-1.0,0.0,X2,E2020+E2021,10.0,10.107521858120496,17.0,17.107521858120496
E2022,3,2022-10-06 18:05:00+00:00,1,Regular Season,40.0,71.03999999999999,TEL,ZAL,1.0,-17.0,13.0,7.0,4.0,-3.0,-3.0,0.0,-8.0,-4.0,3.0,X2,E2020+E2021,16.0,12.123278244707747,17.0,13.123278244707747
E2022,4,2022-10-06 18:30:00+00:00,1,Regular Season,40.0,65.58,ULK,MUN,12.0,-2.0,4.0,4.0,-4.0,4.0,0.0,2.0,-11.0,4.0,-4.0,X2,E2020+E2021,15.0,21.34968265235695,27.0,33.34968265235695
E2022,5,2022-10-06 18:30:00+00:00,1,Regular Season,40.0,76.42,BAS,PAM,10.0,-1.0,14.0,2.0,1.0,-7.0,0.0,-6.0,-4.0,-1.0,8.0,X2,E2020+E2021,12.0,15.895560124818678,22.0,25.89556012481868
E2022,6,2022-10-07 17:30:00+00:00,1,Regular Season,40.0,66.6,IST,RED,13.0,-10.0,-6.0,6.0,3.0,0.0,8.0,-1.0,-11.0,-3.0,-1.0,X2,E2020+E2021,1.0,3.7334148738151307,14.0,16.733414873815132
E2022,7,2022-10-07 18:00:00+00:00,1,Regular Season,40.0,72.86,BER,PAR,16.0,16.0,17.0,-3.0,-3.0,-5.0,1.0,-2.0,5.0,3.0,5.0,X2,E2020+E2021,10.0,11.366603705815809,26.0,27.36660370581581
E2022,8,2022-10-07 18:30:00+00:00,1,Regular Season,40.0,71.86,OLY,BAR,10.0,6.0,5.0,2.0,0.0,4.0,-3.0,-2.0,2.0,0.0,-4.0,X2,E2020+E2021,24.0,20.603731017452237,34.0,30.603731017452237
E2022,9,2022-10-07 18:30:00+00:00,1,Regular Season,40.0,66.86,MCO,VIR,17.0,1.0,0.0,2.0,-3.0,-4.0,0.0,-8.0,-5.0,3.0,4.0,X2,E2020+E2021,2.0,13.31842222252398,19.0,30.318422222523978
E2022,10,2022-10-13 17:00:00+00:00,2,Regular Season,45.0,81.12,MCO,IST,3.0,-5.0,4.0,6.0,-3.0,1.0,4.0,-1.0,-9.0,3.0,-1.0,X2,E2020+E2021,7.0,11.68503714375282,10.0,14.68503714375282
E2022,11,2022-10-13 17:00:00+00:00,2,Regular Season,40.0,72.88,PAN,RED,2.0,2.0,-1.0,-2.0,2.0,1.0,-7.0,0.0,2.0,-2.0,-2.0,X2,E2020+E2021,11.0,9.731725500851923,13.0,11.731725500851923
E2022,12,2022-10-13 18:30:00+00:00,2,Regular Season,40.0,67.47999999999999,BAR,MAD,2.0,5.0,6.0,-4.0,-3.0,-1.0,-6.0,3.0,4.0,3.0,1.0,X2,E2020+E2021,-2.0,-1.317303680949029,0.0,0.682696319050971
E2022,13,2022-10-13 18:30:00+00:00,2,Regular Season,40.0,72.03999999999999,VIR,MUN,3.0,4.0,3.0,-3.0,1.0,-1.0,-12.0,3.0,5.0,-1.0,1.0,X2,E2020+E2021,8.0,7.30646321307525,11.0,10.30646321307525
E2022,14,2022-10-14 18:00:00+00:00,2,Regular Season,40.0,67.80000000000001,ULK,TEL,15.0,9.0,6.0,0.0,-2.0,6.0,-9.0,3.0,3.0,2.0,-6.0,X2,E2020+E2021,26.0,23.371058817315905,41.0,38.371058817315905
E2022,15,2022-10-14 18:00:00+00:00,2,Regular Season,40.0,73.52,OLY,ZAL,10.0,4.0,3.0,4.0,0.0,10.0,-1.0,1.0,-2.0,0.0,-9.0,X2,E2020+E2021,32.0,26.388670669415625,42.0,36.388670669415625
E2022,16,2022-10-14 18:30:00+00:00,2,Regular Season,45.0,83.0,BER,MIL,6.0,6.0,4.0,1.0,3.0,1.0,-5.0,3.0,5.0,-3.0,-2.0,X2,E2020+E2021,17.0,10.925493009696776,23.0,16.925493009696776
E2022,17,2022-10-14 18:30:00+00:00,2,Regular Season,45.0,79.25999999999999,BAS,PAR,7.0,-6.0,1.0,2.0,2.0,-2.0,-5.0,3.0,-1.0,-2.0,2.0,X2,E2020+E2021,0.0,-0.5212445447296838,7.0,6.478755455270316
E2022,18,2022-10-14 19:00:00+00:00,2,Regular Season,40.0,68.44,ASV,PAM,1.0,-4.0,-8.0,0.0,2.0,3.0,-11.0,2.0,4.0,-2.0,-3.0,X2,E2020+E2021,3.0,0.4634658844935524,4.0,1.4634658844935524
E2022,19,2022-10-18 17:00:00+00:00,3,Regular Season,40.0,71.64,ZAL,VIR,3.0,8.0,-2.0,-1.0,0.0,2.0,5.0,-6.0,-1.0,0.0,-2.0,X2,E2020+E2021,11.0,13.075712534041218,14.0,16.075712534041216
E2022,20,2022-10-18 17:00:00+00:00,3,Regular Season,40.0,72.25999999999999,PAM,IST,1.0,3.0,4.0,-1.0,0.0,-9.0,9.0,0.0,0.0,0.0,9.0,X2,E2020+E2021,-21.0,-17.038705535696238,-20.0,-16.038705535696238
E2022,21,2022-10-18 17:45:00+00:00,3,Regular Season,40.0,74.6,ULK,ASV,21.0,-8.0,2.0,5.0,0.0,-3.0,-9.0,-2.0,-1.0,0.0,3.0,X2,E2020+E2021,5.0,7.956137223344269,26.0,28.95613722334427
E2022,22,2022-10-18 18:05:00+00:00,3,Regular Season,40.0,71.82,TEL,MCO,8.0,4.0,9.0,-2.0,-2.0,-5.0,-1.0,-6.0,2.0,2.0,6.0,X2,E2020+E2021,1.0,4.670562104087883,9.0,12.670562104087882
E2022,23,2022-10-18 18:30:00+00:00,3,Regular Season,40.0,66.54,BAR,MUN,11.0,12.0,17.0,-4.0,0.0,-1.0,-8.0,-2.0,6.0,0.0,1.0,X2,E2020+E2021,27.0,23.354969476145666,38.0,34.35496947614567
E2022,24,2022-10-18 18:45:00+00:00,3,Regular Season,40.0,67.78,MIL,PAR,5.0,-8.0,4.0,-1.0,-3.0,0.0,-2.0,0.0,-6.0,3.0,0.0,X2,E2020+E2021,-3.0,0.6430498064731847,2.0,5.643049806473185
E2022,25,2022-10-19 18:00:00+00:00,3,Regular Season,40.0,77.02000000000001,BER,PAN,29.0,5.0,9.0,5.0,-4.0,-2.0,-2.0,-8.0,-7.0,4.0,2.0,X2,E2020+E2021,24.0,34.73644916605216,53.0,63.73644916605216
E2022,26,2022-10-19 18:30:00+00:00,3,Regular Season,40.0,67.68,BAS,RED,17.0,-11.0,-6.0,5.0,0.0,4.0,6.0,-2.0,-10.0,0.0,-4.0,X2,E2020+E2021,2.0,3.965174025462883,19.0,20.965174025462883
E2022,27,2022-10-19 18:45:00+00:00,3,Regular Season,40.0,73.2,OLY,MAD,2.0,5.0,-5.0,5.0,-1.0,6.0,-3.0,3.0,-2.0,1.0,-5.0,X2,E2020+E2021,16.0,17.993490646512857,18.0,19.993490646512857
E2022,28,2022-10-20 17:00:00+00:00,4,Regular Season,40.0,67.66,ZAL,BAR,1.0,1.0,-8.0,0.0,-1.0,1.0,8.0,2.0,1.0,1.0,0.0,X2,E2020+E2021,-19.0,-18.852908370859847,-18.0,-17.852908370859847
E2022,29,2022-10-20 17:45:00+00:00,4,Regular Season,40.0,72.0,ULK,PAM,2.0,-5.0,9.0,4.0,1.0,-1.0,2.0,0.0,-4.0,-1.0,2.0,X2,E2020+E2021,9.0,7.0339805378212725,11.0,9.033980537821272
E2022,30,2022-10-20 18:05:00+00:00,4,Regular Season,40.0,73.82,TEL,ASV,19.0,2.0,10.0,2.0,6.0,-1.0,-11.0,1.0,-1.0,-6.0,1.0,X2,E2020+E2021,35.0,31.929759960198542,54.0,50.92975996019854
E2022,31,2022-10-20 18:30:00+00:00,4,Regular Season,40.0,67.2,MIL,MUN,2.0,-1.0,2.0,-1.0,0.0,3.0,-6.0,0.0,-1.0,0.0,-3.0,X2,E2020+E2021,13.0,12.125788590337756,15.0,14.125788590337756
E2022,32,2022-10-20 18:30:00+00:00,4,Regular Season,40.0,73.58,PAR,VIR,28.0,11.0,-1.0,-3.0,0.0,-3.0,-7.0,2.0,-1.0,0.0,3.0,X2,E2020+E2021,7.0,15.96148249345486,35.0,43.96148249345486
E2022,33,2022-10-21 17:30:00+00:00,4,Regular Season,40.0,74.52,IST,BER,4.0,10.0,-5.0,-1.0,0.0,7.0,4.0,0.0,-2.0,0.0,-7.0,X2,E2020+E2021,16.0,15.936636074155041,20.0,19.93663607415504
E2022,34,2022-10-21 18:00:00+00:00,4,Regular Season,40.0,73.24000000000001,MCO,PAN,3.0,-9.0,-2.0,6.0,1.0,6.0,8.0,1.0,-11.0,-1.0,-6.0,X2,E2020+E2021,11.0,9.429739433613104,14.0,12.429739433613104
E2022,36,2022-10-21 18:30:00+00:00,4,Regular Season,40.0,75.74000000000001,OLY,BAS,5.0,5.0,3.0,3.0,0.0,6.0,-2.0,1.0,0.0,0.0,-6.0,X2,E2020+E2021,24.0,20.215615271654002,29.0,25.215615271654002
E2022,35,2022-10-21 18:45:00+00:00,4,Regular Season,40.0,69.75999999999999,MAD,RED,16.0,12.0,10.0,-2.0,3.0,3.0,-16.0,1.0,7.0,-3.0,-2.0,X2,E2020+E2021,39.0,33.91377527858583,55.0,49.91377527858583
E2022,40,2022-10-27 16:45:00+00:00,5,Regular Season,40.0,70.0,MCO,OLY,5.0,6.0,-3.0,2.0,-1.0,2.0,-3.0,5.0,2.0,1.0,-3.0,X2,E2020+E2021,4.0,4.4032517817842844,9.0,9.403251781784284
E2022,37,2022-10-27 18:05:00+00:00,5,Regular Season,40.0,69.16,TEL,PAN,11.0,6.0,1.0,2.0,0.0,-6.0,5.0,-9.0,-2.0,0.0,7.0,X2,E2020+E2021,2.0,10.456610707856147,13.0,21.456610707856147
E2022,38,2022-10-27 18:30:00+00:00,5,Regular Season,40.0,70.56,PAR,ZAL,11.0,0.0,-7.0,-1.0,-1.0,8.0,2.0,-7.0,-3.0,1.0,-8.0,X2,E2020+E2021,14.0,13.962512442068025,25.0,24.962512442068025
E2022,39,2022-10-27 18:30:00+00:00,5,Regular Season,40.0,75.3,PAM,BER,14.0,1.0,0.0,0.0,2.0,-5.0,4.0,-1.0,-6.0,-2.0,5.0,X2,E2020+E2021,-2.0,4.478795774544477,12.0,18.478795774544476
E2022,41,2022-10-27 18:45:00+00:00,5,Regular Season,40.0,73.82,VIR,MAD,4.0,-11.0,-6.0,5.0,1.0,-1.0,-12.0,0.0,-2.0,-1.0,1.0,X2,E2020+E2021,2.0,5.913712783509723,6.0,9.913712783509723
E2022,42,2022-10-28 17:00:00+00:00,5,Regular Season,40.0,72.76,RED,MUN,6.0,12.0,8.0,-5.0,-3.0,-5.0,-3.0,-4.0,4.0,3.0,5.0,X2,E2020+E2021,2.0,7.720628641703638,8.0,13.720628641703637
E2022,43,2022-10-28 17:30:00+00:00,5,Regular Season,40.0,71.9,ULK,IST,9.0,6.0,2.0,-2.0,-2.0,-7.0,4.0,1.0,1.0,2.0,7.0,X2,E2020+E2021,-18.0,-11.762469708834242,-9.0,-2.7624697088342423
E2022,45,2022-10-28 18:00:00+00:00,5,Regular Season,40.0,77.4,ASV,BAS,26.0,15.0,3.0,1.0,0.0,-6.0,-1.0,-7.0,-3.0,0.0,6.0,X2,E2020+E2021,18.0,30.559447461993813,44.0,56.55944746199381
E2022,44,2022-10-28 18:30:00+00:00,5,Regular Season,40.0,68.56,BAR,MIL,18.0,10.0,1.0,4.0,2.0,0.0,-5.0,2.0,-2.0,-2.0,0.0,X2,E2020+E2021,24.0,28.17698643229661,42.0,46.17698643229661
E2022,53,2022-11-03 19:15:00+00:00,6,Regular Season,40.0,76.1,BAS,TEL,29.0,12.0,14.0,-4.0,-2.0,1.0,-10.0,2.0,3.0,2.0,-1.0,X2,E2020+E2021,25.0,24.79847780686914,54.0,53.798477806869144
E2022,47,2022-11-03 19:30:00+00:00,6,Regular Season,40.0,72.16,PAR,PAN,2.0,6.0,-1.0,-1.0,0.0,1.0,-5.0,0.0,4.0,0.0,-1.0,X2,E2020+E2021,7.0,6.870707411790513,9.0,8.870707411790512
E2022,48,2022-11-03 19:30:00+00:00,6,Regular Season,40.0,73.66,MAD,MIL,6.0,16.0,2.0,-1.0,1.0,-1.0,-7.0,4.0,5.0,-1.0,1.0,X2,E2020+E2021,15.0,16.997354449736395,21.0,22.997354449736395
E2022,49,2022-11-03 19:30:00+00:00,6,Regular Season,40.0,68.36,MUN,IST,3.0,5.0,2.0,0.0,0.0,1.0,9.0,2.0,-2.0,0.0,-1.0,X2,E2020+E2021,0.0,-1.3679627994381929,3.0,1.6320372005618071
E2022,50,2022-11-04 18:00:00+00:00,6,Regular Season,40.0,70.22,ZAL,BER,7.0,2.0,-10.0,0.0,0.0,-1.0,9.0,-4.0,0.0,0.0,1.0,X2,E2020+E2021,-15.0,-11.862925558609293,-8.0,-4.862925558609293
E2022,52,2022-11-04 19:00:00+00:00,6,Regular Season,40.0,72.88,PAM,OLY,1.0,-11.0,0.0,3.0,1.0,-3.0,7.0,-3.0,-8.0,-1.0,3.0,X2,E2020+E2021,-8.0,-5.228132322917936,-7.0,-4.228132322917936
E2022,51,2022-11-04 19:30:00+00:00,6,Regular Season,40.0,68.92,BAR,ULK,1.0,0.0,5.0,5.0,1.0,-1.0,-2.0,2.0,1.0,-1.0,1.0,X2,E2020+E2021,9.0,6.6821941511579075,10.0,7.6821941511579075
E2022,46,2022-11-04 20:00:00+00:00,6,Regular Season,40.0,66.58,MCO,RED,8.0,-1.0,-4.0,6.0,0.0,-2.0,-2.0,-3.0,-6.0,0.0,2.0,X2,E2020+E2021,8.0,16.762019446326978,16.0,24.762019446326978
E2022,54,2022-11-04 20:00:00+00:00,6,Regular Season,40.0,72.66,ASV,VIR,5.0,-7.0,1.0,6.0,-2.0,0.0,1.0,-2.0,-4.0,2.0,0.0,X2,E2020+E2021,1.0,3.2308294437386236,6.0,8.230829443738624
E2022,62,2022-11-09 19:30:00+00:00,7,Regular Season,40.0,64.92,VIR,MIL,5.0,2.0,-2.0,0.0,-1.0,-5.0,6.0,-5.0,2.0,1.0,4.0,X2,E2020+E2021,-14.0,-10.757456537541835,-9.0,-5.7574565375418345
E2022,60,2022-11-10 17:00:00+00:00,7,Regular Season,40.0,69.92,ULK,RED,14.0,9.0,13.0,-1.0,-3.0,2.0,-3.0,-1.0,5.0,3.0,-3.0,X2,E2020+E2021,19.0,14.607785722388059,33.0,28.60778572238806
E2022,59,2022-11-10 18:45:00+00:00,7,Regular Season,40.0,74.6,MAD,IST,9.0,4.0,12.0,-2.0,4.0,-2.0,3.0,4.0,-2.0,-4.0,1.0,X2,E2020+E2021,14.0,8.822470817190448,23.0,17.82247081719045
E2022,55,2022-11-10 19:00:00+00:00,7,Regular Season,40.0,75.24000000000001,MUN,BER,2.0,-3.0,-7.0,5.0,-5.0,-4.0,12.0,-4.0,-6.0,5.0,4.0,X2,E2020+E2021,-25.0,-14.274541973923117,-23.0,-12.274541973923117
E2022,56,2022-11-10 19:00:00+00:00,7,Regular Season,40.0,67.58,OLY,PAR,29.0,-1.0,12.0,6.0,-1.0,2.0,-2.0,2.0,-9.0,1.0,-1.0,X2,E2020+E2021,27.0,29.338337100074767,56.0,58.33833710007477
E2022,58,2022-11-10 19:05:00+00:00,7,Regular Season,40.0,71.68,BAR,TEL,7.0,3.0,8.0,-3.0,-2.0,-5.0,-2.0,-3.0,3.0,2.0,3.0,X2,E2020+E2021,-2.0,-0.5080850295252857,5.0,6.491914970474714
E2022,57,2022-11-10 20:00:00+00:00,7,Regular Season,40.0,69.52000000000001,ZAL,ASV,17.0,10.0,8.0,-3.0,5.0,2.0,-20.0,-2.0,5.0,-5.0,-2.0,X2,E2020+E2021,46.0,43.10121776755196,63.0,60.10121776755196
E2022,61,2022-11-11 19:30:00+00:00,7,Regular Season,40.0,77.72,PAN,BAS,15.0,0.0,0.0,6.0,-1.0,4.0,3.0,2.0,-7.0,1.0,-4.0,X2,E2020+E2021,14.0,16.026733234594335,29.0,31.026733234594335
E2022,63,2022-11-11 20:00:00+00:00,7,Regular Season,40.0,77.32,PAM,MCO,5.0,12.0,1.0,-5.0,0.0,-11.0,-11.0,-2.0,13.0,0.0,11.0,X2,E2020+E2021,-14.0,-8.358337306457493,-9.0,-3.358337306457493
E2022,64,2022-11-17 17:30:00+00:00,8,Regular Season,40.0,72.53999999999999,IST,BAR,10.0,-4.0,0.0,8.0,2.0,6.0,-9.0,3.0,-2.0,-2.0,-7.0,X2,E2020+E2021,29.0,24.811563435706237,39.0,34.81156343570623
E2022,65,2022-11-17 18:00:00+00:00,8,Regular Season,40.0,70.16,RED,ASV,4.0,8.0,-1.0,-3.0,0.0,0.0,3.0,-1.0,1.0,0.0,-1.0,X2,E2020+E2021,2.0,3.036620113271406,6.0,7.036620113271406
E2022,66,2022-11-17 19:30:00+00:00,8,Regular Season,40.0,66.2,OLY,MUN,11.0,0.0,6.0,3.0,0.0,8.0,-6.0,-1.0,-4.0,0.0,-8.0,X2,E2020+E2021,36.0,32.585963395541754,47.0,43.585963395541754
E2022,67,2022-11-17 19:30:00+00:00,8,Regular Season,40.0,68.52,VIR,PAM,30.0,5.0,11.0,-3.0,0.0,-4.0,-24.0,1.0,7.0,0.0,4.0,X2,E2020+E2021,21.0,23.24750563939148,51.0,53.24750563939148
E2022,68,2022-11-17 19:45:00+00:00,8,Regular Season,40.0,74.26,MAD,BER,18.0,11.0,10.0,2.0,5.0,-6.0,-9.0,-5.0,2.0,-5.0,6.0,X2,E2020+E2021,33.0,35.73317915506953,51.0,53.73317915506953
E2022,69,2022-11-18 17:45:00+00:00,8,Regular Season,40.0,73.88,ULK,PAN,30.0,10.0,5.0,1.0,4.0,-5.0,-19.0,1.0,2.0,-4.0,4.0,X2,E2020+E2021,31.0,36.87234974893333,61.0,66.87234974893333
E2022,70,2022-11-18 18:00:00+00:00,8,Regular Season,40.0,71.52000000000001,MCO,BAS,5.0,-2.0,-4.0,-1.0,0.0,4.0,-2.0,-5.0,-3.0,0.0,-3.0,X2,E2020+E2021,10.0,11.86102967536442,15.0,16.86102967536442
E2022,71,2022-11-18 18:00:00+00:00,8,Regular Season,40.0,72.26,ZAL,MIL,9.0,4.0,0.0,-3.0,-1.0,7.0,-14.0,1.0,7.0,1.0,-7.0,X2,E2020+E2021,19.0,13.969224814580839,28.0,22.96922481458084
E2022,72,2022-11-18 19:30:00+00:00,8,Regular Season,40.0,69.97999999999999,PAR,TEL,8.0,9.0,-3.0,-2.0,-1.0,5.0,-4.0,-2.0,0.0,1.0,-5.0,X2,E2020+E2021,18.0,20.420878613931574,26.0,28.420878613931574
E2022,73,2022-11-22 18:00:00+00:00,9,Regular Season,40.0,71.56,ULK,MCO,3.0,2.0,7.0,2.0,-1.0,-3.0,0.0,-2.0,-1.0,1.0,3.0,X2,E2020+E2021,6.0,8.42440340815862,9.0,11.42440340815862
E2022,74,2022-11-22 19:00:00+00:00,9,Regular Season,45.0,82.58,RED,BER,4.0,-1.0,-6.0,0.0,-2.0,-6.0,6.0,-11.0,-5.0,2.0,6.0,X2,E2020+E2021,-13.0,-0.650596958421148,-9.0,3.349403041578852
E2022,75,2022-11-22 19:05:00+00:00,9,Regular Season,40.0,75.74000000000001,TEL,OLY,6.0,14.0,-6.0,-3.0,3.0,2.0,1.0,-2.0,4.0,-3.0,-2.0,X2,E2020+E2021,12.0,11.667170075037532,18.0,17.667170075037532
E2022,76,2022-11-22 19:30:00+00:00,9,Regular Season,40.0,64.74000000000001,IST,MIL,29.0,6.0,2.0,-3.0,1.0,6.0,-20.0,3.0,4.0,-1.0,-6.0,X2,E2020+E2021,32.0,29.96417105891362,61.0,58.96417105891362
E2022,77,2022-11-22 19:30:00+00:00,9,Regular Season,40.0,71.44,MAD,PAM,7.0,8.0,2.0,-3.0,1.0,-4.0,0.0,-3.0,1.0,-1.0,4.0,X2,E2020+E2021,3.0,6.972350288538193,10.0,13.972350288538193
E2022,78,2022-11-22 19:45:00+00:00,9,Regular Season,40.0,66.34,BAR,PAR,11.0,10.0,8.0,1.0,-3.0,0.0,-2.0,6.0,1.0,3.0,0.0,X2,E2020+E2021,8.0,9.5399981833952,19.0,20.5399981833952
E2022,79,2022-11-23 19:00:00+00:00,9,Regular Season,40.0,69.54,MUN,ASV,1.0,1.0,-2.0,4.0,0.0,1.0,2.0,-3.0,0.0,0.0,-1.0,X2,E2020+E2021,6.0,6.238839902233565,7.0,7.238839902233565
E2022,80,2022-11-23 19:00:00+00:00,9,Regular Season,45.0,77.14,PAN,VIR,3.0,-8.0,-5.0,3.0,2.0,3.0,10.0,4.0,-7.0,-2.0,-3.0,X2,E2020+E2021,-7.0,-9.87399175781092,-4.0,-6.87399175781092
E2022,81,2022-11-23 19:30:00+00:00,9,Regular Season,40.0,68.54,BAS,ZAL,20.0,0.0,7.0,9.0,0.0,-1.0,-6.0,1.0,-7.0,0.0,2.0,X2,E2020+E2021,25.0,30.971559444618396,45.0,50.97155944461839
E2022,82,2022-11-24 16:30:00+00:00,10,Regular Season,40.0,68.92,RED,TEL,1.0,-6.0,1.0,7.0,-6.0,4.0,3.0,3.0,-3.0,6.0,-4.0,X2,E2020+E2021,-5.0,-4.67662065584506,-4.0,-3.67662065584506
E2022,83,2022-11-24 19:00:00+00:00,10,Regular Season,40.0,75.82,OLY,BER,10.0,-1.0,8.0,4.0,-3.0,2.0,3.0,-1.0,-8.0,3.0,0.0,X2,E2020+E2021,13.0,16.993192584441047,23.0,26.993192584441047
E2022,84,2022-11-24 19:30:00+00:00,10,Regular Season,40.0,73.53999999999999,ULK,MIL,10.0,7.0,3.0,-2.0,1.0,5.0,-10.0,1.0,1.0,-1.0,-4.0,X2,E2020+E2021,27.0,25.834786803019842,37.0,35.83478680301984
E2022,85,2022-11-24 19:45:00+00:00,10,Regular Season,40.0,74.62,MAD,PAR,8.0,10.0,-2.0,4.0,-1.0,2.0,-8.0,2.0,0.0,1.0,-2.0,X2,E2020+E2021,20.0,25.412070682120156,28.0,33.41207068212016
E2022,86,2022-11-25 18:00:00+00:00,10,Regular Season,40.0,67.53999999999999,MCO,MUN,1.0,-9.0,4.0,4.0,1.0,7.0,-5.0,7.0,-6.0,-1.0,-7.0,X2,E2020+E2021,19.0,13.301182939159819,20.0,14.301182939159819
E2022,88,2022-11-25 19:00:00+00:00,10,Regular Season,40.0,72.0,PAN,ASV,19.0,-5.0,7.0,5.0,1.0,0.0,-11.0,-1.0,-3.0,-1.0,1.0,X2,E2020+E2021,23.0,24.31631573958998,42.0,43.31631573958998
E2022,87,2022-11-25 19:30:00+00:00,10,Regular Season,40.0,70.8,BAR,BAS,12.0,7.0,11.0,-2.0,0.0,2.0,-12.0,1.0,5.0,0.0,-2.0,X2,E2020+E2021,26.0,22.068923545437837,38.0,34.06892354543784
E2022,89,2022-11-25 19:30:00+00:00,10,Regular Season,40.0,74.42,IST,VIR,5.0,0.0,-1.0,3.0,0.0,3.0,-6.0,-3.0,2.0,0.0,-3.0,X2,E2020+E2021,15.0,13.751433902438327,20.0,18.75143390243833
E2022,90,2022-11-25 19:45:00+00:00,10,Regular Season,40.0,75.46000000000001,ZAL,PAM,4.0,5.0,-2.0,0.0,2.0,8.0,-4.0,1.0,1.0,-2.0,-8.0,X2,E2020+E2021,25.0,19.63953973702006,29.0,23.63953973702006
E2022,91,2022-12-01 17:30:00+00:00,11,Regular Season,40.0,67.0,IST,OLY,11.0,-3.0,-1.0,2.0,2.0,-1.0,-2.0,0.0,-4.0,-2.0,1.0,X2,E2020+E2021,6.0,8.409921042080429,17.0,19.409921042080427
E2022,92,2022-12-01 17:30:00+00:00,11,Regular Season,40.0,70.56,BAR,BER,2.0,-6.0,0.0,2.0,1.0,-2.0,1.0,0.0,-3.0,-1.0,2.0,X2,E2020+E2021,-4.0,-3.065050612015615,-2.0,-1.065050612015615
E2022,93,2022-12-01 19:00:00+00:00,11,Regular Season,40.0,74.14,MCO,ASV,9.0,8.0,4.0,7.0,-4.0,4.0,15.0,3.0,-10.0,4.0,-4.0,X2,E2020+E2021,11.0,15.182823415860945,20.0,24.182823415860945
E2022,94,2022-12-01 19:30:00+00:00,11,Regular Season,40.0,66.8,BAS,MIL,16.0,1.0,0.0,4.0,0.0,-6.0,0.0,-1.0,-6.0,0.0,5.0,X2,E2020+E2021,1.0,10.758719174260175,17.0,26.758719174260175
E2022,95,2022-12-01 19:45:00+00:00,11,Regular Season,45.0,78.62,PAM,PAR,4.0,14.0,4.0,2.0,-3.0,-7.0,3.0,-1.0,4.0,3.0,6.0,X2,E2020+E2021,-5.0,1.8524827663824404,-1.0,5.85248276638244
E2022,97,2022-12-02 17:00:00+00:00,11,Regular Season,40.0,67.22,RED,VIR,9.0,3.0,1.0,-1.0,-1.0,-6.0,-1.0,-1.0,-2.0,1.0,6.0,X2,E2020+E2021,-7.0,1.2835293972644832,2.0,10.283529397264484
E2022,96,2022-12-02 17:45:00+00:00,11,Regular Season,40.0,69.38,MAD,ULK,14.0,8.0,5.0,-4.0,4.0,-1.0,-19.0,-2.0,7.0,-4.0,2.0,X2,E2020+E2021,28.0,27.24638604579552,42.0,41.24638604579552
E2022,98,2022-12-02 18:00:00+00:00,11,Regular Season,40.0,69.6,PAN,ZAL,14.0,3.0,1.0,1.0,5.0,1.0,-16.0,2.0,-1.0,-5.0,-1.0,X2,E2020+E2021,32.0,33.15158592950817,46.0,47.15158592950817
E2022,99,2022-12-02 19:30:00+00:00,11,Regular Season,40.0,73.03999999999999,MUN,TEL,9.0,10.0,2.0,0.0,-5.0,-2.0,9.0,0.0,-2.0,5.0,2.0,X2,E2020+E2021,-9.0,-1.9632785405720732,0.0,7.036721459427927
E2022,100,2022-12-08 19:00:00+00:00,12,Regular Season,40.0,83.08,ULK,BER,29.0,12.0,10.0,-3.0,-3.0,3.0,-18.0,2.0,1.0,3.0,-3.0,X2,E2020+E2021,34.0,38.53278089391677,63.0,67.53278089391677
E2022,101,2022-12-08 19:00:00+00:00,12,Regular Season,45.0,80.18,PAN,MIL,13.0,0.0,-12.0,3.0,-1.0,9.0,-1.0,3.0,-7.0,1.0,-10.0,X2,E2020+E2021,13.0,16.09662018625288,26.0,29.09662018625288
E2022,102,2022-12-08 19:05:00+00:00,12,Regular Season,40.0,68.5,TEL,PAM,16.0,3.0,5.0,7.0,2.0,-4.0,15.0,0.0,-13.0,-2.0,3.0,X2,E2020+E2021,10.0,16.25859763926076,26.0,32.258597639260756
E2022,103,2022-12-08 19:30:00+00:00,12,Regular Season,40.0,69.78,RED,PAR,3.0,-13.0,2.0,1.0,2.0,2.0,-11.0,5.0,-2.0,-2.0,-2.0,X2,E2020+E2021,6.0,1.8491317104558687,9.0,4.849131710455868
E2022,104,2022-12-08 20:00:00+00:00,12,Regular Season,45.0,81.62,MCO,MAD,1.0,-3.0,-6.0,0.0,-2.0,5.0,-4.0,10.0,-2.0,2.0,-4.0,X2,E2020+E2021,-8.0,-7.642438479412276,-7.0,-6.642438479412276
E2022,105,2022-12-09 18:00:00+00:00,12,Regular Season,40.0,66.24000000000001,IST,ZAL,26.0,10.0,4.0,-4.0,3.0,3.0,-16.0,-2.0,7.0,-3.0,-3.0,X2,E2020+E2021,33.0,29.566563581905587,59.0,55.566563581905584
E2022,107,2022-12-09 19:00:00+00:00,12,Regular Season,40.0,75.74000000000001,OLY,VIR,46.0,8.0,15.0,3.0,0.0,7.0,-9.0,1.0,-6.0,0.0,-7.0,X2,E2020+E2021,54.0,52.850100979502635,100.0,98.85010097950263
E2022,106,2022-12-09 19:30:00+00:00,12,Regular Season,40.0,69.48,ASV,BAR,1.0,1.0,-11.0,2.0,-2.0,2.0,5.0,2.0,-4.0,2.0,-2.0,X2,E2020+E2021,-11.0,-5.2001042820430365,-10.0,-4.2001042820430365
E2022,108,2022-12-09 19:30:00+00:00,12,Regular Season,40.0,66.74000000000001,BAS,MUN,25.0,0.0,8.0,2.0,-2.0,-2.0,-8.0,1.0,-5.0,2.0,2.0,X2,E2020+E2021,14.0,20.504605213242687,39.0,45.504605213242684
E2022,109,2022-12-13 18:00:00+00:00,13,Regular Season,40.0,65.41999999999999,RED,ZAL,4.0,2.0,-3.0,-1.0,1.0,7.0,4.0,4.0,-2.0,-1.0,-7.0,X2,E2020+E2021,8.0,3.0603024932746434,12.0,7.060302493274643
E2022,111,2022-12-13 18:00:00+00:00,13,Regular Season,40.0,75.18,OLY,ULK,27.0,0.0,16.0,4.0,0.0,9.0,-10.0,-2.0,-6.0,0.0,-9.0,X2,E2020+E2021,56.0,51.0522046541979,83.0,78.05220465419791
E2022,110,2022-12-13 19:00:00+00:00,13,Regular Season,40.0,70.6,ASV,PAR,4.0,6.0,-4.0,-1.0,-1.0,-5.0,-4.0,1.0,3.0,1.0,5.0,X2,E2020+E2021,-11.0,-4.077805513662668,-7.0,-0.07780551366266764
E2022,112,2022-12-13 19:30:00+00:00,13,Regular Season,40.0,65.32,TEL,MIL,6.0,13.0,-1.0,2.0,-1.0,-2.0,6.0,-8.0,-1.0,1.0,2.0,X2,E2020+E2021,11.0,18.44640088685496,17.0,24.44640088685496
E2022,113,2022-12-13 19:30:00+00:00,13,Regular Season,40.0,68.53999999999999,MAD,MUN,4.0,10.0,4.0,-4.0,6.0,3.0,-13.0,3.0,4.0,-6.0,-1.0,X2,E2020+E2021,32.0,27.59974857254627,36.0,31.59974857254627
E2022,114,2022-12-13 19:45:00+00:00,13,Regular Season,45.0,79.32,PAM,PAN,3.0,1.0,4.0,-3.0,2.0,0.0,-9.0,-3.0,4.0,-2.0,1.0,X2,E2020+E2021,13.0,10.642033440994515,16.0,13.642033440994515
E2022,115,2022-12-14 17:30:00+00:00,13,Regular Season,40.0,71.12,BAS,IST,5.0,3.0,-1.0,1.0,-6.0,2.0,-5.0,-1.0,0.0,6.0,-2.0,X2,E2020+E2021,1.0,7.2759489795876116,6.0,12.27594897958761
E2022,116,2022-12-14 18:00:00+00:00,13,Regular Season,40.0,65.02000000000001,BAR,MCO,6.0,3.0,9.0,1.0,1.0,-2.0,-4.0,1.0,3.0,-1.0,2.0,X2,E2020+E2021,11.0,8.104441856206146,17.0,14.104441856206146
E2022,117,2022-12-14 19:30:00+00:00,13,Regular Season,40.0,75.74000000000001,VIR,BER,9.0,-10.0,6.0,-4.0,5.0,-5.0,-11.0,-2.0,-2.0,-5.0,4.0,X2,E2020+E2021,8.0,7.265247754803225,17.0,16.265247754803227
E2022,118,2022-12-15 18:00:00+00:00,14,Regular Season,40.0,65.82,MIL,RED,4.0,2.0,-1.0,4.0,0.0,-2.0,1.0,-1.0,0.0,0.0,3.0,X2,E2020+E2021,0.0,2.9657018594230795,4.0,6.9657018594230795
E2022,119,2022-12-15 18:00:00+00:00,14,Regular Season,40.0,68.91999999999999,ZAL,MAD,9.0,3.0,-6.0,2.0,-3.0,3.0,6.0,-2.0,-6.0,3.0,-3.0,X2,E2020+E2021,1.0,7.568828354788462,10.0,16.56882835478846
E2022,121,2022-12-15 19:30:00+00:00,14,Regular Season,40.0,76.38,MUN,PAM,5.0,5.0,1.0,3.0,0.0,-1.0,3.0,4.0,-1.0,0.0,1.0,X2,E2020+E2021,1.0,2.3392657644286614,6.0,7.339265764428662
E2022,120,2022-12-15 20:00:00+00:00,14,Regular Season,40.0,64.4,ASV,OLY,2.0,-11.0,0.0,9.0,-4.0,0.0,-3.0,1.0,-4.0,4.0,0.0,X2,E2020+E2021,-4.0,-0.3664053085484693,-2.0,1.6335946914515307
E2022,122,2022-12-16 17:45:00+00:00,14,Regular Season,40.0,72.75999999999999,BAS,ULK,6.0,4.0,6.0,1.0,-1.0,-1.0,-3.0,-2.0,-1.0,1.0,2.0,X2,E2020+E2021,12.0,15.154806200047318,18.0,21.154806200047318
E2022,124,2022-12-16 19:30:00+00:00,14,Regular Season,40.0,70.98,BAR,PAN,6.0,-9.0,9.0,0.0,2.0,-5.0,-13.0,1.0,2.0,-2.0,5.0,X2,E2020+E2021,4.0,2.248515181492656,10.0,8.248515181492657
E2022,125,2022-12-16 19:30:00+00:00,14,Regular Season,40.0,70.7,PAR,IST,3.0,-9.0,4.0,3.0,0.0,2.0,-10.0,-3.0,-3.0,0.0,-3.0,X2,E2020+E2021,19.0,18.51224591440938,22.0,21.51224591440938
E2022,126,2022-12-16 19:30:00+00:00,14,Regular Season,40.0,73.46000000000001,VIR,TEL,5.0,-7.0,-4.0,7.0,-2.0,12.0,-4.0,4.0,-2.0,2.0,-12.0,X2,E2020+E2021,18.0,11.4033502994596,23.0,16.4033502994596
E2022,123,2022-12-16 20:00:00+00:00,14,Regular Season,40.0,71.24000000000001,MCO,BER,3.0,2.0,7.0,-3.0,0.0,0.0,-7.0,7.0,2.0,0.0,0.0,X2,E2020+E2021,4.0,1.3488984177837828,7.0,4.348898417783783
E2022,127,2022-12-22 17:45:00+00:00,15,Regular Season,40.0,69.38,PAR,ULK,1.0,5.0,-7.0,0.0,0.0,4.0,1.0,5.0,-3.0,0.0,-4.0,X2,E2020+E2021,3.0,5.3066059563969485,4.0,6.3066059563969485
E2022,128,2022-12-22 19:00:00+00:00,15,Regular Season,40.0,70.25999999999999,TEL,BER,13.0,5.0,6.0,-5.0,-1.0,-5.0,-1.0,-4.0,0.0,1.0,5.0,X2,E2020+E2021,-1.0,4.130636305166666,12.0,17.130636305166668
E2022,129,2022-12-22 19:00:00+00:00,15,Regular Season,40.0,68.58,RED,OLY,4.0,3.0,-3.0,-6.0,3.0,-8.0,-18.0,-1.0,9.0,-3.0,8.0,X2,E2020+E2021,-6.0,-1.519221891107073,-2.0,2.480778108892927
E2022,130,2022-12-22 19:30:00+00:00,15,Regular Season,40.0,78.66,BAS,VIR,11.0,-5.0,14.0,4.0,9.0,-1.0,-16.0,2.0,-2.0,-9.0,0.0,X2,E2020+E2021,46.0,38.493549442408046,57.0,49.493549442408046
E2022,131,2022-12-22 20:00:00+00:00,15,Regular Season,40.0,73.84,MAD,ASV,19.0,-4.0,5.0,8.0,1.0,6.0,2.0,-1.0,-9.0,-1.0,-6.0,X2,E2020+E2021,31.0,29.072187918210236,50.0,48.07218791821023
E2022,132,2022-12-23 17:30:00+00:00,15,Regular Season,40.0,69.16,IST,PAN,19.0,5.0,7.0,0.0,4.0,9.0,-6.0,3.0,-3.0,-4.0,-10.0,X2,E2020+E2021,45.0,36.94077759578383,64.0,55.94077759578383
E2022,133,2022-12-23 18:00:00+00:00,15,Regular Season,40.0,77.06,ZAL,MUN,8.0,3.0,-4.0,-8.0,0.0,4.0,-10.0,10.0,1.0,0.0,-4.0,X2,E2020+E2021,-2.0,-2.296764451316671,6.0,5.703235548683329
E2022,134,2022-12-23 19:30:00+00:00,15,Regular Season,40.0,70.88,PAM,BAR,1.0,-2.0,1.0,2.0,1.0,0.0,7.0,-3.0,-4.0,-1.0,-1.0,X2,E2020+E2021,4.0,3.3683730530754383,5.0,4.368373053075438
E2022,135,2022-12-23 19:30:00+00:00,15,Regular Season,40.0,68.02000000000001,MIL,MCO,8.0,-5.0,5.0,-1.0,0.0,-5.0,-5.0,-3.0,0.0,0.0,7.0,X2,E2020+E2021,-5.0,-1.702295694741446,3.0,6.297704305258554
E2022,140,2022-12-29 18:00:00+00:00,16,Regular Season,40.0,73.6,BAS,MAD,6.0,-3.0,-1.0,1.0,-1.0,4.0,0.0,0.0,-4.0,1.0,-4.0,X2,E2020+E2021,7.0,7.1845361105974295,13.0,13.18453611059743
E2022,137,2022-12-29 19:05:00+00:00,16,Regular Season,40.0,70.53999999999999,TEL,IST,8.0,0.0,1.0,6.0,0.0,-4.0,11.0,-1.0,-10.0,0.0,4.0,X2,E2020+E2021,-1.0,6.73400828652964,7.0,14.73400828652964
E2022,138,2022-12-29 19:30:00+00:00,16,Regular Season,40.0,70.03999999999999,MIL,PAM,11.0,-2.0,3.0,-1.0,3.0,5.0,-9.0,6.0,-4.0,-3.0,-5.0,X2,E2020+E2021,23.0,19.70518841042059,34.0,30.70518841042059
E2022,139,2022-12-29 19:30:00+00:00,16,Regular Season,40.0,68.97999999999999,PAR,MUN,6.0,-7.0,-2.0,2.0,4.0,1.0,-5.0,1.0,-2.0,-4.0,-1.0,X2,E2020+E2021,9.0,6.398538952643563,15.0,12.398538952643563
E2022,136,2022-12-29 20:00:00+00:00,16,Regular Season,40.0,64.88,MCO,ZAL,2.0,-6.0,7.0,4.0,0.0,2.0,-3.0,1.0,-7.0,0.0,-1.0,X2,E2020+E2021,17.0,17.591485443678973,19.0,19.591485443678973
E2022,141,2022-12-30 18:00:00+00:00,16,Regular Season,45.0,75.02000000000001,BAR,RED,5.0,-2.0,4.0,1.0,-1.0,-1.0,-7.0,2.0,7.0,1.0,1.0,X2,E2020+E2021,-3.0,-7.3375712653101415,2.0,-2.3375712653101415
E2022,142,2022-12-30 19:00:00+00:00,16,Regular Season,40.0,71.78,BER,ASV,12.0,12.0,9.0,2.0,-3.0,3.0,1.0,-3.0,-1.0,3.0,-3.0,X2,E2020+E2021,26.0,27.653271285929357,38.0,39.65327128592936
E2022,143,2022-12-30 19:00:00+00:00,16,Regular Season,40.0,71.28,OLY,PAN,24.0,8.0,18.0,3.0,1.0,0.0,-7.0,-2.0,-1.0,-1.0,0.0,X2,E2020+E2021,41.0,39.446789646910425,65.0,63.446789646910425
E2022,144,2022-12-30 19:30:00+00:00,16,Regular Season,40.0,72.38,VIR,ULK,4.0,-16.0,11.0,3.0,-2.0,2.0,-7.0,-3.0,-2.0,2.0,-2.0,X2,E2020+E2021,10.0,4.874389487580427,14.0,8.874389487580427
E2022,145,2023-01-05 18:00:00+00:00,17,Regular Season,40.0,66.38,ZAL,ULK,20.0,5.0,-2.0,4.0,3.0,-3.0,-8.0,-9.0,-2.0,-3.0,3.0,X2,E2020+E2021,26.0,34.018763049837204,46.0,54.018763049837204
E2022,146,2023-01-05 18:00:00+00:00,17,Regular Season,40.0,74.82,BER,BAS,1.0,7.0,10.0,-4.0,-2.0,-4.0,-8.0,0.0,2.0,2.0,4.0,X2,E2020+E2021,7.0,11.168926630542384,8.0,12.168926630542384
E2022,147,2023-01-05 19:30:00+00:00,17,Regular Season,40.0,68.86,VIR,BAR,8.0,-7.0,4.0,6.0,0.0,-9.0,-10.0,-1.0,-2.0,0.0,9.0,X2,E2020+E2021,-2.0,6.296082172562498,6.0,14.296082172562498
E2022,148,2023-01-05 19:30:00+00:00,17,Regular Season,40.0,67.92,MUN,PAN,16.0,9.0,7.0,-3.0,3.0,-1.0,-11.0,-6.0,2.0,-3.0,1.0,X2,E2020+E2021,32.0,33.48666364033041,48.0,49.48666364033041
E2022,149,2023-01-05 20:00:00+00:00,17,Regular Season,40.0,72.36000000000001,PAR,MCO,20.0,-6.0,-2.0,-4.0,4.0,5.0,-19.0,-2.0,2.0,-4.0,-6.0,X2,E2020+E2021,26.0,21.602670125165268,46.0,41.60267012516527
E2022,150,2023-01-06 17:30:00+00:00,17,Regular Season,40.0,69.1,IST,ASV,6.0,-3.0,-1.0,6.0,1.0,10.0,1.0,3.0,-6.0,-1.0,-10.0,X2,E2020+E2021,26.0,20.636808502097818,32.0,26.636808502097818
E2022,151,2023-01-06 19:00:00+00:00,17,Regular Season,40.0,70.96000000000001,OLY,MIL,16.0,-5.0,3.0,3.0,1.0,-1.0,8.0,-1.0,-10.0,-1.0,1.0,X2,E2020+E2021,4.0,6.992420988383282,20.0,22.99242098838328
E2022,152,2023-01-06 19:30:00+00:00,17,Regular Season,40.0,74.53999999999999,RED,PAM,2.0,6.0,7.0,-2.0,1.0,2.0,-5.0,0.0,2.0,-1.0,-2.0,X2,E2020+E2021,20.0,16.865847677777367,22.0,18.865847677777367
E2022,153,2023-01-06 19:45:00+00:00,17,Regular Season,40.0,73.32,MAD,TEL,33.0,7.0,15.0,3.0,4.0,2.0,-21.0,0.0,2.0,-4.0,-2.0,X2,E2020+E2021,56.0,52.74938879147012,89.0,85.74938879147012
E2022,154,2023-01-10 18:00:00+00:00,18,Regular Season,40.0,71.86,MCO,OLY,4.0,5.0,-5.0,-3.0,0.0,-5.0,-1.0,-3.0,4.0,0.0,5.0,X2,E2020+E2021,-13.0,-7.899705693369034,-9.0,-3.899705693369034
E2022,155,2023-01-10 18:00:00+00:00,18,Regular Season,40.0,66.68,MAD,RED,20.0,17.0,2.0,-2.0,6.0,1.0,-5.0,2.0,5.0,-6.0,-1.0,X2,E2020+E2021,29.0,25.437084777064225,49.0,45.43708477706423
E2022,156,2023-01-10 19:00:00+00:00,18,Regular Season,40.0,67.7,BER,MIL,20.0,4.0,9.0,1.0,-1.0,2.0,4.0,-4.0,-5.0,1.0,-2.0,X2,E2020+E2021,21.0,21.637312252470263,41.0,41.63731225247027
E2022,157,2023-01-10 19:30:00+00:00,18,Regular Season,45.0,76.38,ULK,PAN,6.0,-14.0,9.0,8.0,-4.0,-4.0,-11.0,-5.0,-2.0,4.0,3.0,X2,E2020+E2021,6.0,9.923069505205053,12.0,15.923069505205053
E2022,158,2023-01-10 19:30:00+00:00,18,Regular Season,40.0,75.4,MUN,BAS,13.0,1.0,-7.0,1.0,5.0,6.0,-6.0,-1.0,-1.0,-5.0,-6.0,X2,E2020+E2021,25.0,21.937198296432843,38.0,34.93719829643284
E2022,159,2023-01-10 19:30:00+00:00,18,Regular Season,40.0,70.1,ZAL,VIR,10.0,14.0,-13.0,0.0,2.0,1.0,4.0,-2.0,0.0,-2.0,-1.0,X2,E2020+E2021,5.0,11.208293277131894,15.0,21.208293277131894
E2022,160,2023-01-11 19:00:00+00:00,18,Regular Season,40.0,69.86000000000001,BAR,ASV,7.0,-4.0,6.0,4.0,2.0,-1.0,-8.0,0.0,-4.0,-2.0,1.0,X2,E2020+E2021,20.0,21.32177663746339,27.0,28.32177663746339
E2022,161,2023-01-11 19:05:00+00:00,18,Regular Season,40.0,72.96000000000001,TEL,PAR,9.0,3.0,7.0,4.0,5.0,-4.0,3.0,-1.0,-5.0,-5.0,4.0,X2,E2020+E2021,19.0,19.89324167001432,28.0,28.89324167001432
E2022,162,2023-01-11 19:30:00+00:00,18,Regular Season,40.0,70.06,PAM,IST,10.0,-3.0,2.0,-5.0,3.0,-2.0,-9.0,0.0,2.0,-3.0,2.0,X2,E2020+E2021,3.0,1.52030668759855,13.0,11.52030668759855
E2022,163,2023-01-12 17:45:00+00:00,19,Regular Season,40.0,71.14,ULK,MUN,8.0,19.0,-1.0,0.0,0.0,1.0,7.0,0.0,4.0,0.0,-1.0,X2,E2020+E2021,9.0,9.546811361799893,17.0,17.546811361799893
E2022,164,2023-01-12 18:00:00+00:00,19,Regular Season,40.0,67.16,RED,MCO,24.0,-5.0,16.0,0.0,0.0,-4.0,-15.0,-4.0,-2.0,0.0,5.0,X2,E2020+E2021,23.0,25.81383926490518,47.0,49.813839264905184
E2022,165,2023-01-12 19:00:00+00:00,19,Regular Season,40.0,73.36,MAD,BER,7.0,4.0,3.0,3.0,3.0,4.0,-3.0,2.0,-2.0,-3.0,-4.0,X2,E2020+E2021,27.0,23.81420982632168,34.0,30.81420982632168
E2022,166,2023-01-12 19:30:00+00:00,19,Regular Season,40.0,69.36,OLY,VIR,2.0,-2.0,-2.0,0.0,-1.0,7.0,7.0,6.0,-6.0,1.0,-9.0,X2,E2020+E2021,3.0,-0.8790914271044796,5.0,1.1209085728955204
E2022,169,2023-01-13 19:00:00+00:00,19,Regular Season,40.0,70.32,PAM,ASV,4.0,11.0,3.0,1.0,-4.0,-1.0,-4.0,-1.0,5.0,4.0,1.0,X2,E2020+E2021,5.0,8.940113177679944,9.0,12.940113177679944
E2022,170,2023-01-13 19:00:00+00:00,19,Regular Season,40.0,68.04,PAN,TEL,2.0,-7.0,-3.0,0.0,2.0,6.0,-3.0,3.0,-3.0,-2.0,-6.0,X2,E2020+E2021,9.0,4.188834329506689,11.0,6.188834329506689
E2022,167,2023-01-13 19:30:00+00:00,19,Regular Season,40.0,61.1,ZAL,MIL,5.0,4.0,-1.0,0.0,0.0,0.0,-3.0,-1.0,3.0,0.0,0.0,X2,E2020+E2021,4.0,4.3846396054215475,9.0,9.384639605421548
E2022,168,2023-01-13 19:30:00+00:00,19,Regular Season,40.0,68.4,IST,BAR,5.0,5.0,-3.0,-4.0,0.0,6.0,-3.0,0.0,2.0,0.0,-6.0,X2,E2020+E2021,11.0,8.22265418200216,16.0,13.22265418200216
E2022,171,2023-01-13 19:30:00+00:00,19,Regular Season,40.0,65.03999999999999,PAR,BAS,18.0,3.0,-1.0,0.0,3.0,2.0,-10.0,0.0,0.0,-3.0,-1.0,X2,E2020+E2021,21.0,21.80123041176864,39.0,39.80123041176864
E2022,172,2023-01-19 17:45:00+00:00,20,Regular Season,45.0,81.76,ULK,MCO,4.0,3.0,3.0,-4.0,3.0,2.0,-5.0,5.0,1.0,-3.0,-1.0,X2,E2020+E2021,10.0,6.081728496188541,14.0,10.081728496188541
E2022,173,2023-01-19 19:05:00+00:00,20,Regular Season,40.0,68.25999999999999,TEL,BER,13.0,-1.0,-6.0,1.0,1.0,-1.0,-6.0,0.0,-2.0,-1.0,1.0,X2,E2020+E2021,2.0,7.342230552837161,15.0,20.34223055283716
E2022,174,2023-01-19 19:30:00+00:00,20,Regular Season,40.0,65.46000000000001,BAR,BAS,7.0,15.0,5.0,0.0,-1.0,-2.0,6.0,2.0,1.0,1.0,2.0,X2,E2020+E2021,5.0,7.547537848618132,12.0,14.547537848618132
E2022,175,2023-01-19 19:30:00+00:00,20,Regular Season,40.0,72.36000000000001,VIR,PAN,10.0,12.0,10.0,-1.0,0.0,-1.0,-6.0,-1.0,2.0,0.0,0.0,X2,E2020+E2021,25.0,26.02767386662879,35.0,36.02767386662879
E2022,176,2023-01-19 19:45:00+00:00,20,Regular Season,40.0,70.46000000000001,PAM,PAR,8.0,10.0,5.0,0.0,-1.0,2.0,1.0,-1.0,3.0,1.0,-2.0,X2,E2020+E2021,14.0,12.118026684128811,22.0,20.11802668412881
E2022,177,2023-01-20 17:30:00+00:00,20,Regular Season,40.0,67.48,MUN,IST,8.0,13.0,5.0,-1.0,-1.0,-6.0,6.0,-1.0,2.0,1.0,6.0,X2,E2020+E2021,-4.0,0.7842369133631335,4.0,8.784236913363134
E2022,178,2023-01-20 18:00:00+00:00,20,Regular Season,40.0,63.24,ZAL,RED,5.0,-6.0,-1.0,0.0,2.0,2.0,-7.0,0.0,-2.0,-2.0,-2.0,X2,E2020+E2021,10.0,8.90460843300392,15.0,13.90460843300392
E2022,179,2023-01-20 19:00:00+00:00,20,Regular Season,40.0,70.28,OLY,MAD,13.0,7.0,-1.0,-4.0,-1.0,-2.0,0.0,2.0,-2.0,1.0,2.0,X2,E2020+E2021,-4.0,2.2916949724116726,9.0,15.291694972411673
E2022,180,2023-01-20 19:30:00+00:00,20,Regular Season,40.0,66.08,ASV,MIL,6.0,-17.0,1.0,6.0,-1.0,-5.0,0.0,-4.0,-5.0,1.0,5.0,X2,E2020+E2021,-13.0,-9.436867290472254,-7.0,-3.4368672904722537
E2022,184,2023-01-26 18:00:00+00:00,21,Regular Season,45.0,85.14,MAD,BAR,5.0,-3.0,-8.0,2.0,0.0,5.0,6.0,-2.0,-5.0,0.0,-4.0,X2,E2020+E2021,1.0,1.9234475077776083,6.0,6.923447507777608
E2022,181,2023-01-26 19:00:00+00:00,21,Regular Season,40.0,74.34,PAM,BER,6.0,-2.0,4.0,0.0,-2.0,-1.0,-4.0,2.0,-4.0,2.0,0.0,X2,E2020+E2021,3.0,6.9178920612551655,9.0,12.917892061255166
E2022,182,2023-01-26 20:00:00+00:00,21,Regular Season,40.0,69.25999999999999,ASV,ULK,14.0,5.0,10.0,3.0,-1.0,1.0,0.0,1.0,-1.0,1.0,-2.0,X2,E2020+E2021,19.0,17.201138394725973,33.0,31.201138394725973
E2022,183,2023-01-26 20:00:00+00:00,21,Regular Season,40.0,66.9,PAN,ZAL,24.0,-13.0,5.0,7.0,-2.0,7.0,-14.0,11.0,-9.0,2.0,-7.0,X2,E2020+E2021,21.0,20.504062284364206,45.0,44.50406228436421
E2022,185,2023-01-26 20:00:00+00:00,21,Regular Season,40.0,75.24000000000001,MCO,MIL,13.0,3.0,3.0,1.0,1.0,4.0,-8.0,6.0,-1.0,-1.0,-4.0,X2,E2020+E2021,20.0,18.097001689559704,33.0,31.097001689559704
E2022,186,2023-01-27 18:00:00+00:00,21,Regular Season,40.0,66.68,PAR,RED,1.0,-6.0,1.0,9.0,1.0,3.0,8.0,2.0,-9.0,-1.0,-3.0,X2,E2020+E2021,11.0,9.987901668543152,12.0,10.987901668543152
E2022,187,2023-01-27 19:30:00+00:00,21,Regular Season,40.0,76.53999999999999,OLY,TEL,6.0,2.0,11.0,-1.0,1.0,4.0,-13.0,7.0,3.0,-1.0,-5.0,X2,E2020+E2021,26.0,18.506759687721452,32.0,24.506759687721452
E2022,188,2023-01-27 19:30:00+00:00,21,Regular Season,45.0,83.06,BAS,IST,3.0,16.0,15.0,-1.0,0.0,0.0,7.0,3.0,2.0,0.0,0.0,X2,E2020+E2021,18.0,13.458327055936067,21.0,16.458327055936067
E2022,189,2023-01-27 19:45:00+00:00,21,Regular Season,40.0,74.22,MUN,VIR,7.0,9.0,-7.0,3.0,1.0,-3.0,1.0,5.0,0.0,-1.0,3.0,X2,E2020+E2021,-5.0,1.0896330306778297,2.0,8.08963303067783
E2022,190,2023-01-31 17:45:00+00:00,22,Regular Season,40.0,67.53999999999999,OLY,ULK,20.0,5.0,5.0,-1.0,1.0,3.0,-15.0,1.0,1.0,-1.0,-5.0,X2,E2020+E2021,32.0,31.361546873543247,52.0,51.36154687354325
E2022,192,2023-01-31 18:00:00+00:00,22,Regular Season,40.0,72.94,MIL,BAS,6.0,13.0,-3.0,-2.0,-6.0,3.0,-4.0,-1.0,5.0,6.0,-3.0,X2,E2020+E2021,2.0,7.192477685149248,8.0,13.192477685149248
E2022,191,2023-01-31 19:30:00+00:00,22,Regular Season,40.0,66.91999999999999,BAR,TEL,5.0,7.0,7.0,-1.0,1.0,4.0,-5.0,-2.0,4.0,-1.0,-3.0,X2,E2020+E2021,25.0,19.753434401032973,30.0,24.753434401032973
E2022,193,2023-01-31 19:30:00+00:00,22,Regular Season,40.0,68.19999999999999,PAR,ASV,21.0,-4.0,-3.0,8.0,3.0,7.0,1.0,0.0,-10.0,-3.0,-7.0,X2,E2020+E2021,30.0,29.58561291436944,51.0,50.58561291436944
E2022,194,2023-01-31 19:30:00+00:00,22,Regular Season,40.0,68.03999999999999,PAM,MUN,9.0,4.0,5.0,-5.0,1.0,-2.0,0.0,1.0,1.0,-1.0,1.0,X2,E2020+E2021,1.0,-0.18399331344050474,10.0,8.816006686559495
E2022,195,2023-01-31 20:00:00+00:00,22,Regular Season,40.0,68.4,VIR,RED,12.0,-1.0,13.0,0.0,2.0,5.0,-4.0,1.0,-3.0,-2.0,-5.0,X2,E2020+E2021,32.0,24.65311287321463,44.0,36.65311287321463
E2022,196,2023-02-01 17:30:00+00:00,22,Regular Season,40.0,67.28,IST,ZAL,10.0,-1.0,5.0,-1.0,2.0,5.0,-12.0,-3.0,0.0,-2.0,-5.0,X2,E2020+E2021,32.0,28.336308973090162,42.0,38.33630897309016
E2022,197,2023-02-01 19:00:00+00:00,22,Regular Season,40.0,78.0,MCO,BER,18.0,-1.0,6.0,4.0,-2.0,8.0,9.0,3.0,-14.0,2.0,-8.0,X2,E2020+E2021,23.0,23.61883217046789,41.0,41.61883217046789
E2022,198,2023-02-01 19:45:00+00:00,22,Regular Season,40.0,74.97999999999999,MAD,PAN,15.0,5.0,8.0,1.0,-4.0,1.0,-9.0,-1.0,-5.0,4.0,-1.0,X2,E2020+E2021,23.0,30.988002510284183,38.0,45.98800251028418
E2022,199,2023-02-02 19:30:00+00:00,23,Regular Season,40.0,62.440000000000005,BAR,MUN,2.0,5.0,12.0,-2.0,2.0,-1.0,0.0,2.0,1.0,-2.0,1.0,X2,E2020+E2021,14.0,9.211284670384975,16.0,11.211284670384975
E2022,200,2023-02-02 19:30:00+00:00,23,Regular Season,40.0,64.78,MIL,RED,6.0,-1.0,-1.0,0.0,0.0,3.0,-8.0,0.0,1.0,0.0,-3.0,X2,E2020+E2021,11.0,10.271270566027411,17.0,16.27127056602741
E2022,201,2023-02-02 19:30:00+00:00,23,Regular Season,40.0,70.62,TEL,PAM,1.0,18.0,-6.0,2.0,-1.0,-3.0,-5.0,3.0,5.0,1.0,3.0,X2,E2020+E2021,3.0,11.456408369963613,4.0,12.456408369963613
E2022,202,2023-02-03 17:45:00+00:00,23,Regular Season,40.0,79.64,ULK,BER,15.0,0.0,-10.0,1.0,-4.0,6.0,4.0,-1.0,-8.0,4.0,-7.0,X2,E2020+E2021,1.0,8.083607205426862,16.0,23.083607205426862
E2022,203,2023-02-03 18:00:00+00:00,23,Regular Season,40.0,75.34,MAD,MCO,4.0,10.0,7.0,-3.0,1.0,0.0,-4.0,-1.0,9.0,-1.0,1.0,X2,E2020+E2021,11.0,5.455719719382531,15.0,9.45571971938253
E2022,204,2023-02-03 18:00:00+00:00,23,Regular Season,40.0,59.260000000000005,PAR,ZAL,14.0,7.0,-1.0,-1.0,-1.0,-3.0,-6.0,1.0,2.0,1.0,3.0,X2,E2020+E2021,0.0,5.938542004687909,14.0,19.93854200468791
E2022,205,2023-02-03 19:00:00+00:00,23,Regular Season,40.0,66.53999999999999,OLY,IST,6.0,8.0,6.0,-3.0,2.0,-3.0,-4.0,6.0,2.0,-2.0,3.0,X2,E2020+E2021,5.0,4.768992417615794,11.0,10.768992417615795
E2022,207,2023-02-03 19:30:00+00:00,23,Regular Season,40.0,79.02000000000001,BAS,PAN,5.0,6.0,8.0,-1.0,0.0,-1.0,2.0,-5.0,3.0,0.0,0.0,X2,E2020+E2021,12.0,9.234351939846597,17.0,14.234351939846597
E2022,206,2023-02-03 20:00:00+00:00,23,Regular Season,40.0,66.82,VIR,ASV,13.0,5.0,6.0,4.0,0.0,-1.0,-2.0,-1.0,-2.0,0.0,-1.0,X2,E2020+E2021,20.0,21.854474011365273,33.0,34.85447401136527
E2022,209,2023-02-08 19:00:00+00:00,24,Regular Season,40.0,71.88,OLY,BER,33.0,13.0,9.0,2.0,-2.0,0.0,-15.0,-2.0,-1.0,2.0,0.0,X2,E2020+E2021,38.0,46.27970805297342,71.0,79.27970805297342
E2022,210,2023-02-09 19:05:00+00:00,24,Regular Season,40.0,71.02000000000001,RED,TEL,3.0,6.0,8.0,9.0,0.0,-6.0,7.0,-4.0,-6.0,0.0,6.0,X2,E2020+E2021,14.0,21.290437789516904,17.0,24.290437789516904
E2022,211,2023-02-09 19:30:00+00:00,24,Regular Season,40.0,68.24,PAR,MUN,11.0,0.0,3.0,-1.0,-2.0,2.0,-11.0,2.0,0.0,2.0,-2.0,X2,E2020+E2021,11.0,12.869366717562233,22.0,23.869366717562233
E2022,212,2023-02-09 19:30:00+00:00,24,Regular Season,40.0,71.53999999999999,BAR,VIR,17.0,11.0,5.0,1.0,0.0,6.0,0.0,2.0,-1.0,0.0,-6.0,X2,E2020+E2021,28.0,25.447892102889103,45.0,42.4478921028891
E2022,214,2023-02-10 18:00:00+00:00,24,Regular Season,40.0,72.4,MCO,ASV,12.0,3.0,0.0,-8.0,1.0,10.0,-5.0,5.0,-2.0,-1.0,-12.0,X2,E2020+E2021,21.0,14.526095689362176,33.0,26.526095689362176
E2022,215,2023-02-10 18:00:00+00:00,24,Regular Season,40.0,61.08,ZAL,BAS,4.0,-1.0,-3.0,-3.0,-1.0,1.0,-7.0,-3.0,1.0,1.0,-1.0,X2,E2020+E2021,2.0,4.579265498424672,6.0,8.579265498424672
E2022,216,2023-02-10 19:00:00+00:00,24,Regular Season,40.0,75.82,PAM,PAN,1.0,1.0,-1.0,1.0,-2.0,-12.0,-6.0,-1.0,2.0,2.0,12.0,X2,E2020+E2021,-22.0,-9.66869469871116,-21.0,-8.66869469871116
E2022,217,2023-02-23 19:05:00+00:00,25,Regular Season,40.0,74.4,TEL,MUN,8.0,-12.0,2.0,7.0,0.0,1.0,-13.0,-2.0,-4.0,0.0,-1.0,X2,E2020+E2021,18.0,20.067882548052904,26.0,28.067882548052904
E2022,218,2023-02-23 19:30:00+00:00,25,Regular Season,40.0,68.46000000000001,MIL,PAN,2.0,12.0,2.0,-4.0,2.0,1.0,2.0,-2.0,3.0,-2.0,-2.0,X2,E2020+E2021,14.0,11.701141650739254,16.0,13.701141650739254
E2022,220,2023-02-23 19:45:00+00:00,25,Regular Season,40.0,72.03999999999999,MAD,ZAL,27.0,6.0,9.0,3.0,3.0,2.0,-15.0,1.0,-3.0,-3.0,-2.0,X2,E2020+E2021,45.0,46.45592959710134,72.0,73.45592959710135
E2022,219,2023-02-23 20:00:00+00:00,25,Regular Season,40.0,68.62,ULK,PAR,3.0,-11.0,7.0,4.0,-1.0,-1.0,-9.0,5.0,-1.0,1.0,1.0,X2,E2020+E2021,1.0,-0.9066416402763118,4.0,2.0933583597236884
E2022,221,2023-02-24 18:00:00+00:00,25,Regular Season,40.0,74.42,BER,RED,15.0,14.0,10.0,2.0,4.0,2.0,-11.0,3.0,2.0,-4.0,-2.0,X2,E2020+E2021,44.0,41.370603544248915,59.0,56.370603544248915
E2022,222,2023-02-24 19:00:00+00:00,25,Regular Season,40.0,71.86000000000001,IST,ASV,1.0,8.0,-5.0,-4.0,-1.0,3.0,-5.0,5.0,6.0,1.0,-2.0,X2,E2020+E2021,-4.0,-4.8660499094563425,-3.0,-3.8660499094563425
E2022,223,2023-02-24 19:30:00+00:00,25,Regular Season,40.0,77.47999999999999,OLY,PAM,7.0,10.0,5.0,-1.0,2.0,4.0,-14.0,6.0,7.0,-2.0,-4.0,X2,E2020+E2021,27.0,21.275101121179862,34.0,28.275101121179862
E2022,224,2023-02-24 19:30:00+00:00,25,Regular Season,40.0,78.74000000000001,VIR,BAS,5.0,0.0,4.0,1.0,-2.0,4.0,-12.0,0.0,3.0,2.0,-4.0,X2,E2020+E2021,18.0,16.17298668189763,23.0,21.17298668189763
E2022,225,2023-02-24 19:45:00+00:00,25,Regular Season,40.0,68.13999999999999,BAR,MCO,10.0,2.0,3.0,2.0,0.0,0.0,-9.0,-2.0,3.0,0.0,1.0,X2,E2020+E2021,14.0,14.654297849117324,24.0,24.654297849117324
E2022,227,2023-03-02 18:00:00+00:00,26,Regular Season,40.0,66.5,BAR,ZAL,19.0,4.0,15.0,2.0,-2.0,2.0,10.0,5.0,-7.0,2.0,-1.0,X2,E2020+E2021,12.0,9.863185389185434,31.0,28.863185389185432
E2022,229,2023-03-02 18:00:00+00:00,26,Regular Season,40.0,69.3,MUN,RED,7.0,7.0,-8.0,-1.0,3.0,-8.0,-3.0,-4.0,5.0,-3.0,8.0,X2,E2020+E2021,-10.0,-3.1081538311154153,-3.0,3.8918461688845847
E2022,228,2023-03-02 19:00:00+00:00,26,Regular Season,40.0,70.68,IST,PAN,5.0,5.0,6.0,4.0,-2.0,-5.0,1.0,0.0,-4.0,2.0,6.0,X2,E2020+E2021,3.0,11.37805041848588,8.0,16.37805041848588
E2022,226,2023-03-02 20:00:00+00:00,26,Regular Season,40.0,70.25999999999999,MCO,TEL,19.0,11.0,4.0,-4.0,0.0,4.0,0.0,1.0,-5.0,0.0,-3.0,X2,E2020+E2021,22.0,25.109719586046584,41.0,44.10971958604658
E2022,233,2023-03-02 20:00:00+00:00,26,Regular Season,40.0,77.74000000000001,PAR,BER,14.0,-8.0,1.0,1.0,1.0,0.0,-3.0,0.0,-8.0,-1.0,0.0,X2,E2020+E2021,7.0,10.48912919566629,21.0,24.48912919566629
E2022,230,2023-03-03 17:45:00+00:00,26,Regular Season,40.0,75.84,ULK,VIR,32.0,13.0,6.0,2.0,4.0,3.0,-1.0,0.0,-4.0,-4.0,-3.0,X2,E2020+E2021,40.0,39.99011371404056,72.0,71.99011371404056
E2022,231,2023-03-03 19:00:00+00:00,26,Regular Season,40.0,67.75999999999999,MAD,ASV,4.0,-3.0,2.0,-4.0,1.0,-2.0,-15.0,0.0,4.0,-1.0,2.0,X2,E2020+E2021,4.0,4.364585636308212,8.0,8.364585636308213
E2022,232,2023-03-03 19:30:00+00:00,26,Regular Season,40.0,67.78,MIL,OLY,21.0,5.0,3.0,8.0,-1.0,-3.0,6.0,1.0,-8.0,1.0,2.0,X2,E2020+E2021,10.0,17.858605775144852,31.0,38.85860577514485
E2022,234,2023-03-03 19:30:00+00:00,26,Regular Season,40.0,77.62,BAS,PAM,39.0,22.0,11.0,1.0,4.0,-1.0,-11.0,-1.0,-1.0,-4.0,0.0,X2,E2020+E2021,54.0,58.70926877265921,93.0,97.70926877265921
E2022,235,2023-03-07 19:00:00+00:00,27,Regular Season,40.0,71.12,ZAL,BER,3.0,-6.0,0.0,3.0,0.0,5.0,-9.0,6.0,-3.0,0.0,-5.0,X2,E2020+E2021,13.0,11.16525753819046,16.0,14.16525753819046
E2022,236,2023-03-07 19:00:00+00:00,27,Regular Season,40.0,64.02000000000001,OLY,BAR,7.0,1.0,-2.0,-1.0,0.0,0.0,3.0,0.0,-3.0,0.0,0.0,X2,E2020+E2021,-2.0,0.5453446099854398,5.0,7.54534460998544
E2022,238,2023-03-07 19:30:00+00:00,27,Regular Season,40.0,72.2,MIL,PAM,4.0,3.0,4.0,-3.0,2.0,-1.0,-12.0,2.0,7.0,-2.0,1.0,X2,E2020+E2021,9.0,5.373888419300767,13.0,9.373888419300767
E2022,239,2023-03-07 19:30:00+00:00,27,Regular Season,40.0,72.64,PAR,VIR,9.0,2.0,-7.0,8.0,-2.0,1.0,7.0,-2.0,-9.0,2.0,-1.0,X2,E2020+E2021,5.0,14.595120535566606,14.0,23.595120535566608
E2022,240,2023-03-07 19:45:00+00:00,27,Regular Season,40.0,70.28,BAS,MAD,4.0,-4.0,-3.0,4.0,-5.0,0.0,16.0,-2.0,-11.0,5.0,0.0,X2,E2020+E2021,-16.0,-7.880656007057417,-12.0,-3.880656007057417
E2022,237,2023-03-07 20:00:00+00:00,27,Regular Season,40.0,68.48,MUN,ASV,4.0,11.0,-7.0,6.0,-4.0,-4.0,19.0,-5.0,-4.0,4.0,4.0,X2,E2020+E2021,-16.0,-4.975769556114444,-12.0,-0.9757695561144439
E2022,243,2023-03-08 17:30:00+00:00,27,Regular Season,40.0,70.96000000000001,TEL,ULK,4.0,-1.0,-6.0,-1.0,1.0,3.0,-5.0,-4.0,3.0,-1.0,-4.0,X2,E2020+E2021,7.0,5.089216846797015,11.0,9.089216846797015
E2022,242,2023-03-08 19:30:00+00:00,27,Regular Season,40.0,67.88,RED,IST,19.0,1.0,9.0,1.0,-2.0,2.0,0.0,4.0,-4.0,2.0,-3.0,X2,E2020+E2021,12.0,11.104231087268035,31.0,30.104231087268033
E2022,241,2023-03-08 20:00:00+00:00,27,Regular Season,40.0,63.06,MCO,PAN,14.0,4.0,-1.0,5.0,1.0,5.0,8.0,-1.0,-8.0,0.0,-5.0,X2,E2020+E2021,20.0,21.494675663963964,34.0,35.49467566396396
E2022,250,2023-03-09 17:00:00+00:00,28,Regular Season,40.0,73.66,VIR,BER,22.0,3.0,9.0,-6.0,-1.0,-1.0,-17.0,0.0,4.0,1.0,1.0,X2,E2020+E2021,15.0,16.119801802852102,37.0,38.1198018028521
E2022,244,2023-03-09 18:00:00+00:00,28,Regular Season,40.0,70.22,ZAL,ASV,18.0,10.0,-7.0,2.0,-1.0,-2.0,-3.0,-2.0,0.0,1.0,2.0,X2,E2020+E2021,4.0,13.60953218758809,22.0,31.60953218758809
E2022,245,2023-03-09 19:00:00+00:00,28,Regular Season,40.0,68.72,OLY,MUN,28.0,11.0,10.0,-1.0,4.0,-2.0,-10.0,-3.0,-1.0,-4.0,2.0,X2,E2020+E2021,38.0,40.64353202803242,66.0,68.64353202803241
E2022,246,2023-03-09 19:30:00+00:00,28,Regular Season,40.0,67.64,MIL,PAR,14.0,1.0,10.0,3.0,0.0,-5.0,3.0,0.0,-6.0,0.0,5.0,X2,E2020+E2021,7.0,11.531430433627104,21.0,25.531430433627104
E2022,247,2023-03-09 19:45:00+00:00,28,Regular Season,40.0,74.96000000000001,MAD,PAM,4.0,8.0,4.0,2.0,3.0,3.0,-7.0,-1.0,2.0,-3.0,-3.0,X2,E2020+E2021,32.0,29.083286305993134,36.0,33.083286305993134
E2022,248,2023-03-10 17:30:00+00:00,28,Regular Season,40.0,68.92,TEL,IST,22.0,-4.0,10.0,6.0,2.0,-6.0,-4.0,3.0,-7.0,-2.0,7.0,X2,E2020+E2021,11.0,15.937204466588362,33.0,37.93720446658836
E2022,249,2023-03-10 17:45:00+00:00,28,Regular Season,40.0,68.38,ULK,BAR,8.0,-1.0,1.0,-1.0,3.0,5.0,-5.0,1.0,-4.0,-3.0,-5.0,X2,E2020+E2021,23.0,20.41493639720627,31.0,28.41493639720627
E2022,251,2023-03-10 19:00:00+00:00,28,Regular Season,40.0,68.7,PAN,RED,9.0,-2.0,6.0,-1.0,0.0,6.0,-5.0,-4.0,-4.0,0.0,-5.0,X2,E2020+E2021,27.0,25.069308494674196,36.0,34.069308494674196
E2022,252,2023-03-10 19:30:00+00:00,28,Regular Season,40.0,75.7,MCO,BAS,9.0,12.0,-6.0,0.0,-1.0,9.0,12.0,-1.0,-8.0,1.0,-9.0,X2,E2020+E2021,19.0,21.715198324146318,28.0,30.715198324146318
E2022,213,2023-03-14 17:30:00+00:00,24,Regular Season,40.0,70.36,IST,MAD,1.0,-5.0,-5.0,0.0,-2.0,0.0,3.0,2.0,-2.0,2.0,-1.0,X2,E2020+E2021,-16.0,-14.244313155971078,-15.0,-13.244313155971078
E2022,253,2023-03-16 17:30:00+00:00,29,Regular Season,40.0,70.46,PAR,IST,13.0,0.0,-6.0,2.0,0.0,3.0,-10.0,-2.0,-1.0,0.0,-3.0,X2,E2020+E2021,15.0,19.042177751744322,28.0,32.04217775174432
E2022,254,2023-03-16 18:00:00+00:00,29,Regular Season,40.0,70.03999999999999,MCO,VIR,13.0,15.0,-3.0,0.0,2.0,5.0,3.0,3.0,-2.0,-2.0,-6.0,X2,E2020+E2021,23.0,23.25734277024046,36.0,36.257342770240456
E2022,255,2023-03-16 18:00:00+00:00,29,Regular Season,40.0,65.53999999999999,OLY,ZAL,2.0,-7.0,4.0,11.0,-2.0,2.0,1.0,-2.0,-8.0,2.0,-2.0,X2,E2020+E2021,17.0,19.780077239719706,19.0,21.780077239719706
E2022,256,2023-03-16 19:05:00+00:00,29,Regular Season,40.0,76.24,TEL,BAS,14.0,17.0,-7.0,-5.0,-3.0,-1.0,-5.0,1.0,6.0,3.0,1.0,X2,E2020+E2021,-5.0,2.9311436148609524,9.0,16.931143614860954
E2022,261,2023-03-16 19:30:00+00:00,29,Regular Season,40.0,72.91999999999999,PAM,ULK,2.0,9.0,-2.0,1.0,0.0,5.0,3.0,2.0,-2.0,0.0,-4.0,X2,E2020+E2021,14.0,14.484484119497036,16.0,16.484484119497036
E2022,257,2023-03-16 19:45:00+00:00,29,Regular Season,40.0,72.1,MAD,MIL,4.0,4.0,-3.0,3.0,1.0,8.0,4.0,2.0,-3.0,-1.0,-7.0,X2,E2020+E2021,18.0,14.521611615487291,22.0,18.52161161548729
E2022,259,2023-03-16 20:00:00+00:00,29,Regular Season,40.0,71.86,PAN,ASV,4.0,-1.0,-1.0,-1.0,-2.0,1.0,0.0,-2.0,1.0,2.0,-1.0,X2,E2020+E2021,-4.0,-3.631815065076369,0.0,0.3681849349236308
E2022,258,2023-03-17 19:30:00+00:00,29,Regular Season,40.0,68.98,BAR,RED,6.0,2.0,3.0,3.0,3.0,1.0,-6.0,0.0,-1.0,-3.0,-2.0,X2,E2020+E2021,24.0,22.606786087342588,30.0,28.606786087342588
E2022,260,2023-03-17 19:30:00+00:00,29,Regular Season,40.0,69.64,BER,MUN,1.0,1.0,3.0,-3.0,4.0,0.0,-7.0,-4.0,2.0,-4.0,0.0,X2,E2020+E2021,18.0,15.170836759099435,19.0,16.170836759099437
E2022,208,2023-03-21 17:15:00+00:00,24,Regular Season,40.0,68.56,MIL,ULK,7.0,2.0,3.0,-4.0,2.0,-2.0,-22.0,0.0,8.0,-2.0,2.0,X2,E2020+E2021,15.0,14.781141470322178,22.0,21.781141470322176
E2022,262,2023-03-23 18:00:00+00:00,30,Regular Season,40.0,72.66,RED,BAS,11.0,-8.0,2.0,4.0,1.0,-2.0,10.0,6.0,-11.0,-1.0,2.0,X2,E2020+E2021,-9.0,-6.80882387329384,2.0,4.19117612670616
E2022,265,2023-03-23 18:30:00+00:00,30,Regular Season,40.0,68.12,BAR,PAN,14.0,24.0,4.0,-5.0,-3.0,-2.0,-12.0,-4.0,13.0,3.0,2.0,X2,E2020+E2021,16.0,20.335473451356826,30.0,34.335473451356826
E2022,263,2023-03-23 19:00:00+00:00,30,Regular Season,40.0,73.47999999999999,BER,IST,2.0,-5.0,13.0,-1.0,1.0,-4.0,-8.0,0.0,3.0,-1.0,4.0,X2,E2020+E2021,6.0,1.9182265278253445,8.0,3.9182265278253445
E2022,264,2023-03-23 19:00:00+00:00,30,Regular Season,40.0,69.30000000000001,TEL,ASV,18.0,-4.0,3.0,5.0,4.0,-5.0,-12.0,0.0,-6.0,-4.0,5.0,X2,E2020+E2021,20.0,26.870716541989193,38.0,44.8707165419892
E2022,266,2023-03-24 17:45:00+00:00,30,Regular Season,40.0,65.08000000000001,ULK,ZAL,8.0,-9.0,-2.0,4.0,1.0,2.0,-6.0,1.0,-4.0,-1.0,-2.0,X2,E2020+E2021,8.0,8.269437266146358,16.0,16.269437266146358
E2022,267,2023-03-24 18:00:00+00:00,30,Regular Season,40.0,66.58000000000001,MCO,PAM,11.0,2.0,6.0,1.0,4.0,1.0,-10.0,5.0,-5.0,-4.0,-2.0,X2,E2020+E2021,30.0,30.216979254699506,41.0,41.21697925469951
E2022,270,2023-03-24 18:00:00+00:00,30,Regular Season,40.0,74.18,MAD,VIR,17.0,8.0,-1.0,0.0,4.0,7.0,-11.0,11.0,0.0,-4.0,-7.0,X2,E2020+E2021,29.0,24.689189005096626,46.0,41.68918900509662
E2022,269,2023-03-24 19:00:00+00:00,30,Regular Season,40.0,71.92,PAR,OLY,15.0,-1.0,1.0,3.0,-4.0,2.0,6.0,-4.0,-5.0,4.0,-2.0,X2,E2020+E2021,2.0,5.790807735507355,17.0,20.790807735507354
E2022,268,2023-03-24 20:00:00+00:00,30,Regular Season,40.0,70.12,MIL,MUN,25.0,12.0,6.0,-4.0,0.0,3.0,-18.0,1.0,3.0,0.0,-3.0,X2,E2020+E2021,34.0,36.179001574557496,59.0,61.179001574557496
E2022,273,2023-03-28 16:00:00+00:00,31,Regular Season,40.0,72.25999999999999,TEL,VIR,31.0,5.0,18.0,2.0,0.0,-1.0,0.0,-2.0,-10.0,0.0,1.0,X2,E2020+E2021,35.0,39.097466138236044,66.0,70.09746613823604
E2022,271,2023-03-28 17:30:00+00:00,31,Regular Season,40.0,66.28,IST,MIL,20.0,8.0,-3.0,7.0,-1.0,6.0,6.0,-1.0,-8.0,1.0,-6.0,X2,E2020+E2021,25.0,29.605239078174687,45.0,49.60523907817469
E2022,272,2023-03-28 17:30:00+00:00,31,Regular Season,40.0,70.52000000000001,PAN,MUN,10.0,-9.0,4.0,2.0,2.0,4.0,-10.0,9.0,-5.0,-2.0,-4.0,X2,E2020+E2021,15.0,11.254534679187927,25.0,21.254534679187927
E2022,274,2023-03-28 18:30:00+00:00,31,Regular Season,40.0,66.30000000000001,BAR,PAR,9.0,10.0,20.0,-5.0,0.0,-1.0,-16.0,0.0,11.0,0.0,2.0,X2,E2020+E2021,27.0,20.05862065099076,36.0,29.05862065099076
E2022,275,2023-03-28 18:30:00+00:00,31,Regular Season,40.0,74.02000000000001,BAS,BER,6.0,1.0,0.0,4.0,2.0,10.0,-6.0,4.0,-4.0,-2.0,-10.0,X2,E2020+E2021,35.0,30.11835408062205,41.0,36.118354080622055
E2022,277,2023-03-29 16:00:00+00:00,31,Regular Season,40.0,65.42,ZAL,MCO,9.0,-12.0,7.0,5.0,0.0,-5.0,-4.0,-3.0,-1.0,0.0,5.0,X2,E2020+E2021,-2.0,-1.9820422009420957,7.0,7.017957799057904
E2022,276,2023-03-29 17:00:00+00:00,31,Regular Season,40.0,70.08,RED,PAM,19.0,3.0,3.0,5.0,2.0,5.0,-3.0,7.0,-8.0,-2.0,-5.0,X2,E2020+E2021,29.0,29.455826616618246,48.0,48.455826616618246
E2022,278,2023-03-29 18:00:00+00:00,31,Regular Season,40.0,70.6,OLY,ASV,26.0,14.0,12.0,4.0,0.0,0.0,-5.0,-3.0,-5.0,0.0,0.0,X2,E2020+E2021,43.0,49.244663912200195,69.0,75.2446639122002
E2022,279,2023-03-29 18:45:00+00:00,31,Regular Season,40.0,69.53999999999999,MAD,ULK,15.0,2.0,15.0,1.0,4.0,2.0,-16.0,-1.0,4.0,-4.0,-1.0,X2,E2020+E2021,42.0,34.51571611645809,57.0,49.51571611645809
E2022,280,2023-03-30 17:30:00+00:00,32,Regular Season,40.0,71.84,IST,VIR,19.0,2.0,13.0,1.0,-1.0,1.0,-10.0,2.0,-4.0,1.0,-1.0,X2,E2020+E2021,28.0,29.722392714472754,47.0,48.722392714472754
E2022,281,2023-03-30 18:05:00+00:00,32,Regular Season,40.0,69.52,TEL,MIL,19.0,10.0,8.0,3.0,-2.0,-7.0,-4.0,-8.0,0.0,2.0,7.0,X2,E2020+E2021,15.0,25.157945284179025,34.0,44.15794528417902
E2022,282,2023-03-30 18:30:00+00:00,32,Regular Season,40.0,63.34,BAR,BER,16.0,0.0,4.0,4.0,0.0,5.0,0.0,5.0,-10.0,0.0,-5.0,X2,E2020+E2021,23.0,24.699767973731912,39.0,40.69976797373191
E2022,283,2023-03-31 17:00:00+00:00,32,Regular Season,40.0,67.56,ZAL,PAM,21.0,8.0,1.0,3.0,-2.0,6.0,-6.0,0.0,-1.0,2.0,-5.0,X2,E2020+E2021,26.0,28.141999914642813,47.0,49.14199991464281
E2022,287,2023-03-31 17:00:00+00:00,32,Regular Season,40.0,68.3,MCO,MUN,3.0,4.0,-3.0,3.0,-1.0,3.0,2.0,5.0,-2.0,1.0,-2.0,X2,E2020+E2021,2.0,3.429871146577415,5.0,6.429871146577415
E2022,285,2023-03-31 18:30:00+00:00,32,Regular Season,40.0,68.54,OLY,PAN,8.0,0.0,6.0,-1.0,2.0,8.0,-5.0,6.0,-2.0,-2.0,-8.0,X2,E2020+E2021,26.0,17.834348463621133,34.0,25.834348463621133
E2022,286,2023-03-31 18:30:00+00:00,32,Regular Season,40.0,70.5,BAS,ULK,23.0,16.0,1.0,-1.0,4.0,5.0,-3.0,-7.0,2.0,-4.0,-5.0,X2,E2020+E2021,42.0,40.205665898168846,65.0,63.205665898168846
E2022,288,2023-03-31 18:30:00+00:00,32,Regular Season,40.0,75.74000000000001,PAR,MAD,14.0,3.0,-3.0,5.0,-2.0,-2.0,-1.0,1.0,-5.0,2.0,3.0,X2,E2020+E2021,1.0,10.921071897542259,15.0,24.92107189754226
E2022,284,2023-03-31 19:00:00+00:00,32,Regular Season,40.0,71.94,RED,ASV,16.0,6.0,5.0,2.0,-3.0,-4.0,-1.0,-1.0,-2.0,3.0,4.0,X2,E2020+E2021,3.0,10.831758697980547,19.0,26.831758697980547
E2022,289,2023-04-06 17:00:00+00:00,33,Regular Season,40.0,74.47999999999999,RED,OLY,8.0,-6.0,0.0,6.0,0.0,3.0,-6.0,-1.0,-4.0,0.0,-2.0,X2,E2020+E2021,16.0,17.28802960979192,24.0,25.28802960979192
E2022,295,2023-04-06 17:00:00+00:00,33,Regular Season,40.0,67.18,ZAL,TEL,1.0,5.0,-9.0,2.0,-5.0,2.0,-2.0,0.0,0.0,5.0,-2.0,X2,E2020+E2021,-6.0,2.055657919619537,-5.0,3.055657919619537
E2022,290,2023-04-06 17:45:00+00:00,33,Regular Season,40.0,66.16,ULK,IST,17.0,11.0,7.0,-6.0,-1.0,-1.0,-5.0,-2.0,0.0,1.0,0.0,X2,E2020+E2021,16.0,20.001880088983494,33.0,37.0018800889835
E2022,292,2023-04-06 18:30:00+00:00,33,Regular Season,40.0,66.84,PAM,VIR,11.0,4.0,3.0,5.0,0.0,-4.0,9.0,1.0,-10.0,0.0,4.0,X2,E2020+E2021,4.0,12.566629399783364,15.0,23.566629399783366
E2022,293,2023-04-06 18:45:00+00:00,33,Regular Season,40.0,68.62,MAD,MUN,12.0,-1.0,6.0,2.0,7.0,2.0,-10.0,4.0,-2.0,-7.0,-2.0,X2,E2020+E2021,33.0,27.209005208616567,45.0,39.20900520861657
E2022,291,2023-04-06 19:00:00+00:00,33,Regular Season,40.0,77.69999999999999,BAS,ASV,20.0,5.0,20.0,2.0,-1.0,-2.0,7.0,4.0,-7.0,1.0,2.0,X2,E2020+E2021,17.0,16.41357116121175,37.0,36.41357116121175
E2022,296,2023-04-07 18:00:00+00:00,33,Regular Season,40.0,74.94,BER,PAN,4.0,2.0,9.0,3.0,-1.0,-4.0,6.0,-4.0,0.0,1.0,2.0,X2,E2020+E2021,4.0,3.4111905996877088,8.0,7.411190599687709
E2022,297,2023-04-07 18:30:00+00:00,33,Regular Season,40.0,68.52000000000001,MIL,BAR,8.0,-16.0,3.0,6.0,2.0,5.0,-18.0,1.0,-4.0,-2.0,-5.0,X2,E2020+E2021,28.0,24.55826396058128,36.0,32.55826396058128
E2022,294,2023-04-07 19:00:00+00:00,33,Regular Season,40.0,74.24,PAR,MCO,4.0,1.0,0.0,-2.0,-1.0,2.0,-1.0,2.0,1.0,1.0,-2.0,X2,E2020+E2021,-1.0,-2.3341890288712492,3.0,1.6658109711287508
E2022,298,2023-04-13 17:00:00+00:00,34,Regular Season,45.0,77.02000000000001,RED,ULK,2.0,-9.0,-9.0,0.0,-2.0,-3.0,-13.0,-3.0,0.0,2.0,4.0,X2,E2020+E2021,-13.0,-3.759567299714874,-11.0,-1.759567299714874
E2022,299,2023-04-13 17:00:00+00:00,34,Regular Season,40.0,68.9,BER,ASV,17.0,7.0,9.0,-1.0,3.0,-4.0,-2.0,-1.0,-2.0,-3.0,4.0,X2,E2020+E2021,18.0,20.12229400564623,35.0,37.122294005646225
E2022,300,2023-04-13 18:00:00+00:00,34,Regular Season,40.0,73.52000000000001,OLY,BAS,8.0,13.0,5.0,1.0,1.0,8.0,-16.0,1.0,9.0,-1.0,-8.0,X2,E2020+E2021,43.0,35.755777982681764,51.0,43.755777982681764
E2022,301,2023-04-13 18:05:00+00:00,34,Regular Season,45.0,85.98,TEL,MAD,4.0,12.0,-5.0,-2.0,2.0,-4.0,9.0,-9.0,-1.0,-2.0,5.0,X2,E2020+E2021,1.0,8.402823039325899,5.0,12.402823039325899
E2022,302,2023-04-13 18:45:00+00:00,34,Regular Season,40.0,73.8,VIR,MIL,5.0,-6.0,3.0,6.0,0.0,8.0,0.0,9.0,-6.0,0.0,-8.0,X2,E2020+E2021,16.0,9.840291626643815,21.0,14.840291626643815
E2022,303,2023-04-14 17:30:00+00:00,34,Regular Season,40.0,70.53999999999999,IST,MCO,15.0,0.0,4.0,2.0,0.0,5.0,-11.0,3.0,-1.0,0.0,-6.0,X2,E2020+E2021,26.0,23.765318614504835,41.0,38.765318614504835
E2022,304,2023-04-14 18:30:00+00:00,34,Regular Season,40.0,73.96000000000001,BAR,PAM,14.0,20.0,6.0,-7.0,4.0,3.0,-5.0,2.0,8.0,-4.0,-3.0,X2,E2020+E2021,28.0,21.467066545387702,42.0,35.4670665453877
E2022,305,2023-04-14 18:30:00+00:00,34,Regular Season,40.0,66.1,PAR,PAN,2.0,-6.0,5.0,0.0,1.0,5.0,-2.0,0.0,-7.0,-1.0,-5.0,X2,E2020+E2021,20.0,17.53671335957283,22.0,19.53671335957283
E2022,306,2023-04-14 18:30:00+00:00,34,Regular Season,40.0,65.62,ZAL,MUN,3.0,3.0,1.0,1.0,0.0,0.0,-2.0,1.0,-2.0,0.0,0.0,X2,E2020+E2021,8.0,10.671394037384003,11.0,13.671394037384003
E2022,308,2023-04-25 18:15:00+00:00,35,Playoffs,40.0,74.9,TEL,MCO,12.0,6.0,-1.0,1.0,-3.0,-9.0,-3.0,-2.0,1.0,3.0,9.0,X2,E2020+E2021,-14.0,-1.5578568102580501,-2.0,10.44214318974195
E2022,309,2023-04-25 18:45:00+00:00,35,Playoffs,40.0,68.94,PAR,MAD,2.0,-5.0,-3.0,-3.0,-1.0,6.0,-4.0,-4.0,3.0,1.0,-4.0,X2,E2020+E2021,2.0,-2.2893535390783466,4.0,-0.2893535390783466
E2022,310,2023-04-26 18:00:00+00:00,35,Playoffs,40.0,67.24,BAR,ZAL,22.0,9.0,11.0,1.0,0.0,-1.0,-3.0,-2.0,-1.0,0.0,1.0,X2,E2020+E2021,25.0,26.74492552193873,47.0,48.744925521938725
E2022,307,2023-04-26 18:45:00+00:00,35,Playoffs,40.0,64.9,OLY,ULK,11.0,-6.0,0.0,2.0,0.0,1.0,2.0,0.0,-7.0,0.0,-1.0,X2,E2020+E2021,3.0,5.222331187607797,14.0,16.222331187607796
E2022,312,2023-04-27 18:15:00+00:00,36,Playoffs,40.0,72.96000000000001,MCO,TEL,12.0,-8.0,1.0,0.0,0.0,5.0,-1.0,2.0,-7.0,0.0,-9.0,X2,E2020+E2021,13.0,9.921815326730885,25.0,21.921815326730886
E2022,313,2023-04-27 18:45:00+00:00,36,Playoffs,40.0,71.78,PAR,MAD,15.0,1.0,-1.0,0.0,1.0,4.0,-3.0,0.0,-2.0,-1.0,-3.0,X2,E2020+E2021,14.0,13.607909463058025,29.0,28.607909463058025
E2022,314,2023-04-28 18:00:00+00:00,36,Playoffs,40.0,66.91999999999999,BAR,ZAL,8.0,-1.0,8.0,1.0,1.0,2.0,4.0,0.0,-5.0,-1.0,-2.0,X2,E2020+E2021,15.0,12.072957613586736,23.0,20.072957613586738
E2022,311,2023-04-28 18:30:00+00:00,36,Playoffs,40.0,67.34,ULK,OLY,4.0,4.0,5.0,0.0,-4.0,1.0,13.0,1.0,-7.0,4.0,-1.0,X2,E2020+E2021,-4.0,-0.6681593331695055,0.0,3.3318406668304945
E2022,316,2023-05-02 18:05:00+00:00,37,Playoffs,40.0,70.94,MCO,TEL,5.0,0.0,2.0,5.0,-1.0,-2.0,5.0,-3.0,-5.0,1.0,2.0,X2,E2020+E2021,4.0,8.71533762008211,9.0,13.71533762008211
E2022,317,2023-05-02 18:30:00+00:00,37,Playoffs,40.0,71.58,MAD,PAR,2.0,6.0,5.0,-2.0,2.0,-4.0,-6.0,1.0,5.0,-2.0,4.0,X2,E2020+E2021,5.0,4.35650136305688,7.0,6.35650136305688
E2022,318,2023-05-03 17:00:00+00:00,37,Playoffs,40.0,68.66,BAR,ZAL,11.0,-8.0,8.0,-1.0,1.0,0.0,-12.0,0.0,0.0,-1.0,0.0,X2,E2020+E2021,13.0,10.195551713069145,24.0,21.195551713069143
E2022,315,2023-05-03 17:45:00+00:00,37,Playoffs,40.0,69.82,OLY,ULK,1.0,5.0,-1.0,-2.0,2.0,2.0,-1.0,3.0,2.0,-2.0,-2.0,X2,E2020+E2021,6.0,2.9929899716830763,7.0,3.9929899716830763
E2022,320,2023-05-04 18:05:00+00:00,38,Playoffs,40.0,76.16,TEL,MCO,35.0,11.0,7.0,2.0,0.0,-2.0,-7.0,0.0,-3.0,0.0,1.0,X2,E2020+E2021,27.0,33.788734616132864,62.0,68.78873461613287
E2022,321,2023-05-04 18:30:00+00:00,38,Playoffs,40.0,70.86,MAD,PAR,7.0,5.0,6.0,-4.0,1.0,0.0,-9.0,-7.0,5.0,-1.0,-1.0,X2,E2020+E2021,21.0,19.0860942018108,28.0,26.0860942018108
E2022,319,2023-05-05 17:45:00+00:00,38,Playoffs,40.0,68.38,ULK,OLY,4.0,-2.0,5.0,-1.0,-1.0,6.0,-10.0,5.0,-1.0,1.0,-6.0,X2,E2020+E2021,18.0,14.440860049490103,22.0,18.440860049490105
E2022,323,2023-05-09 18:30:00+00:00,39,Playoffs,40.0,70.18,OLY,ULK,12.0,9.0,4.0,0.0,5.0,2.0,-7.0,2.0,4.0,-5.0,-2.0,X2,E2020+E2021,28.0,22.477220536674494,40.0,34.477220536674494
E2022,324,2023-05-10 18:00:00+00:00,39,Playoffs,40.0,75.19999999999999,MCO,TEL,11.0,10.0,1.0,4.0,5.0,-1.0,10.0,-2.0,-5.0,-5.0,1.0,X2,E2020+E2021,20.0,21.089719511702466,31.0,32.08971951170247
E2022,325,2023-05-10 19:00:00+00:00,39,Playoffs,40.0,72.6,MAD,PAR,4.0,8.0,-1.0,1.0,-3.0,-5.0,-4.0,-2.0,2.0,3.0,5.0,X2,E2020+E2021,-4.0,5.406034189016714,0.0,9.406034189016715
E2022,327,2023-05-19 15:00:00+00:00,40,Final Four,40.0,66.53999999999999,OLY,MCO,14.0,4.0,13.0,2.0,0.0,3.0,-12.0,7.0,0.0,0.0,-3.0,X2,E2020+E2021,30.0,26.563556495049266,44.0,40.56355649504927
E2022,328,2023-05-19 18:00:00+00:00,40,Final Four,40.0,73.6,MAD,BAR,12.0,2.0,4.0,-2.0,3.0,2.0,-6.0,-3.0,-3.0,-3.0,-2.0,X2,E2020+E2021,26.0,25.86181478522231,38.0,37.86181478522231
E2022,329,2023-05-21 14:00:00+00:00,41,Final Four,40.0,70.72,MCO,BAR,12.0,8.0,-4.0,-2.0,1.0,2.0,-7.0,3.0,1.0,-1.0,-2.0,X2,E2020+E2021,11.0,13.528954245136545,23.0,25.528954245136546
E2022,330,2023-05-21 17:00:00+00:00,41,Final Four,40.0,64.22,MAD,OLY,1.0,7.0,-2.0,5.0,-1.0,-1.0,-1.0,-3.0,4.0,1.0,1.0,X2,E2020+E2021,6.0,8.363873600461135,7.0,9.363873600461135
E2023,1,2023-10-05 17:00:00+00:00,1,Regular Season,40.0,69.98,RED,ASV,21.0,9.0,2.0,5.0,-1.0,-7.0,10.0,-7.0,-6.0,1.0,7.0,X3,E2020+E2021+E2022,3.0,14.947920372336895,24.0,35.947920372336895
E2023,4,2023-10-05 18:05:00+00:00,1,Regular Season,40.0,73.86,TEL,PAR,15.0,8.0,13.0,4.0,0.0,-1.0,8.0,1.0,-4.0,0.0,1.0,X3,E2020+E2021+E2022,18.0,16.559296521738222,33.0,31.559296521738222
E2023,2,2023-10-05 18:30:00+00:00,1,Regular Season,40.0,70.96000000000001,BAR,IST,17.0,10.0,-3.0,-4.0,2.0,0.0,-12.0,0.0,3.0,-2.0,0.0,X3,E2020+E2021+E2022,16.0,20.97577517666233,33.0,37.97577517666233
E2023,3,2023-10-05 18:30:00+00:00,1,Regular Season,40.0,67.88,MUN,BER,12.0,32.0,-2.0,-5.0,0.0,-4.0,4.0,-1.0,7.0,0.0,4.0,X3,E2020+E2021+E2022,7.0,17.372914174629813,19.0,29.372914174629813
E2023,5,2023-10-05 18:30:00+00:00,1,Regular Season,40.0,72.88,ZAL,VIR,3.0,-2.0,-10.0,-2.0,2.0,-2.0,-4.0,3.0,1.0,-2.0,1.0,X3,E2020+E2021+E2022,-13.0,-9.365569290043261,-10.0,-6.365569290043261
E2023,6,2023-10-06 17:45:00+00:00,1,Regular Season,45.0,78.38,ULK,MIL,3.0,-14.0,-3.0,-4.0,-2.0,-6.0,0.0,-1.0,-7.0,2.0,7.0,X3,E2020+E2021+E2022,-30.0,-24.007112214603367,-27.0,-21.007112214603367
E2023,7,2023-10-06 18:15:00+00:00,1,Regular Season,45.0,76.0,OLY,PAN,10.0,-2.0,5.0,5.0,0.0,-2.0,3.0,-2.0,-5.0,0.0,3.0,X3,E2020+E2021+E2022,7.0,9.906011671605274,17.0,19.906011671605274
E2023,8,2023-10-06 18:30:00+00:00,1,Regular Season,40.0,74.66,MAD,BAS,2.0,-15.0,1.0,3.0,1.0,-7.0,-9.0,2.0,-3.0,-1.0,8.0,X3,E2020+E2021+E2022,-14.0,-7.4205041503750655,-12.0,-5.4205041503750655
E2023,9,2023-10-06 18:30:00+00:00,1,Regular Season,40.0,68.47999999999999,PAM,MCO,5.0,9.0,1.0,-7.0,2.0,-2.0,-2.0,0.0,4.0,-2.0,2.0,X3,E2020+E2021+E2022,1.0,-0.26759791181388426,6.0,4.732402088186116
E2023,11,2023-10-12 17:30:00+00:00,2,Regular Season,40.0,73.96,MAD,IST,23.0,6.0,3.0,-4.0,1.0,5.0,-9.0,-2.0,0.0,-1.0,-4.0,X3,E2020+E2021+E2022,27.0,24.283656441462973,50.0,47.28365644146297
E2023,10,2023-10-12 18:00:00+00:00,2,Regular Season,40.0,81.42,BAS,BER,5.0,8.0,0.0,-4.0,0.0,2.0,-1.0,5.0,4.0,0.0,-2.0,X3,E2020+E2021+E2022,0.0,-2.281968035339691,5.0,2.718031964660309
E2023,14,2023-10-12 18:00:00+00:00,2,Regular Season,40.0,71.25999999999999,PAR,ASV,26.0,1.0,9.0,7.0,6.0,-3.0,-15.0,1.0,-4.0,-6.0,2.0,X3,E2020+E2021+E2022,42.0,45.90366419343671,68.0,71.90366419343671
E2023,13,2023-10-12 18:15:00+00:00,2,Regular Season,40.0,69.22,PAN,MUN,7.0,-2.0,1.0,-1.0,-1.0,4.0,-16.0,2.0,4.0,1.0,-4.0,X3,E2020+E2021+E2022,14.0,13.780018922691063,21.0,20.780018922691063
E2023,15,2023-10-13 17:00:00+00:00,2,Regular Season,40.0,65.86,VIR,MCO,24.0,11.0,9.0,0.0,0.0,-8.0,-11.0,-8.0,6.0,0.0,8.0,X3,E2020+E2021+E2022,17.0,26.7783030971592,41.0,50.778303097159196
E2023,18,2023-10-13 17:00:00+00:00,2,Regular Season,40.0,66.97999999999999,ZAL,RED,5.0,-7.0,4.0,2.0,4.0,-1.0,-13.0,2.0,-2.0,-4.0,1.0,X3,E2020+E2021+E2022,18.0,17.471820457695433,23.0,22.471820457695433
E2023,16,2023-10-13 18:15:00+00:00,2,Regular Season,40.0,66.24000000000001,BAR,OLY,9.0,6.0,3.0,-4.0,1.0,1.0,-13.0,0.0,6.0,-1.0,-1.0,X3,E2020+E2021+E2022,16.0,15.458531840379193,25.0,24.458531840379194
E2023,17,2023-10-13 18:30:00+00:00,2,Regular Season,40.0,70.46000000000001,PAM,ULK,3.0,10.0,4.0,-2.0,-4.0,5.0,-5.0,-1.0,3.0,4.0,-6.0,X3,E2020+E2021+E2022,18.0,18.23171759394083,21.0,21.23171759394083
E2023,22,2023-10-17 16:30:00+00:00,3,Regular Season,40.0,70.18,BAR,PAR,9.0,9.0,13.0,1.0,1.0,-3.0,10.0,-6.0,1.0,-1.0,3.0,X3,E2020+E2021+E2022,14.0,9.38411828050318,23.0,18.38411828050318
E2023,21,2023-10-17 17:15:00+00:00,3,Regular Season,40.0,67.32,ULK,PAN,14.0,6.0,9.0,1.0,0.0,-5.0,2.0,-8.0,0.0,0.0,5.0,X3,E2020+E2021+E2022,12.0,14.880637306981889,26.0,28.88063730698189
E2023,19,2023-10-17 17:30:00+00:00,3,Regular Season,40.0,74.96000000000001,IST,ASV,5.0,10.0,5.0,1.0,-1.0,-1.0,-11.0,1.0,3.0,1.0,1.0,X3,E2020+E2021+E2022,19.0,26.08297665957035,24.0,31.08297665957035
E2023,24,2023-10-17 18:30:00+00:00,3,Regular Season,40.0,71.53999999999999,MUN,BAS,8.0,10.0,2.0,0.0,3.0,2.0,-4.0,-3.0,-1.0,-3.0,-2.0,X3,E2020+E2021+E2022,30.0,30.170105950638455,38.0,38.17010595063846
E2023,20,2023-10-17 18:45:00+00:00,3,Regular Season,40.0,62.56,MIL,OLY,12.0,-2.0,2.0,1.0,-2.0,-4.0,-7.0,0.0,-1.0,2.0,3.0,X3,E2020+E2021+E2022,-2.0,5.587518439510071,10.0,17.58751843951007
E2023,23,2023-10-17 18:45:00+00:00,3,Regular Season,40.0,73.94,MAD,ZAL,14.0,3.0,12.0,1.0,5.0,1.0,-16.0,5.0,3.0,-5.0,-1.0,X3,E2020+E2021+E2022,36.0,30.9103828596238,50.0,44.9103828596238
E2023,25,2023-10-18 18:00:00+00:00,3,Regular Season,40.0,66.22,MCO,RED,6.0,5.0,4.0,-4.0,1.0,-1.0,-13.0,2.0,4.0,-1.0,1.0,X3,E2020+E2021+E2022,12.0,13.555675159108869,18.0,19.55567515910887
E2023,26,2023-10-18 18:30:00+00:00,3,Regular Season,40.0,69.98,PAM,TEL,9.0,8.0,2.0,6.0,0.0,1.0,-3.0,-2.0,1.0,0.0,0.0,X3,E2020+E2021+E2022,21.0,26.263155932182183,30.0,35.26315593218219
E2023,27,2023-10-18 18:30:00+00:00,3,Regular Season,40.0,72.6,VIR,BER,11.0,-3.0,9.0,3.0,1.0,1.0,5.0,0.0,-7.0,-1.0,-1.0,X3,E2020+E2021+E2022,15.0,10.303243471595227,26.0,21.303243471595227
E2023,28,2023-10-19 17:45:00+00:00,4,Regular Season,40.0,72.14,ULK,ASV,15.0,6.0,2.0,4.0,-1.0,1.0,3.0,1.0,-4.0,1.0,-2.0,X3,E2020+E2021+E2022,13.0,16.521068911307683,28.0,31.521068911307683
E2023,29,2023-10-19 18:15:00+00:00,4,Regular Season,45.0,79.36,OLY,PAR,4.0,7.0,0.0,2.0,-2.0,9.0,12.0,-2.0,-5.0,2.0,-10.0,X3,E2020+E2021+E2022,19.0,12.767683120117333,23.0,16.767683120117333
E2023,31,2023-10-19 18:30:00+00:00,4,Regular Season,40.0,73.62,ZAL,BAS,17.0,6.0,4.0,-5.0,-2.0,-4.0,-15.0,-4.0,5.0,2.0,4.0,X3,E2020+E2021+E2022,7.0,14.917515081827196,24.0,31.917515081827197
E2023,30,2023-10-19 18:45:00+00:00,4,Regular Season,40.0,72.6,MAD,MIL,17.0,-3.0,11.0,-1.0,0.0,-1.0,-7.0,-3.0,-3.0,0.0,3.0,X3,E2020+E2021+E2022,16.0,15.4854833683059,33.0,32.4854833683059
E2023,33,2023-10-20 17:00:00+00:00,4,Regular Season,40.0,71.72,MCO,BER,11.0,2.0,8.0,1.0,1.0,-1.0,-13.0,1.0,0.0,-1.0,2.0,X3,E2020+E2021+E2022,22.0,25.246770563769758,33.0,36.24677056376976
E2023,32,2023-10-20 17:30:00+00:00,4,Regular Season,40.0,69.25999999999999,IST,PAM,4.0,0.0,5.0,1.0,0.0,7.0,0.0,2.0,0.0,0.0,-7.0,X3,E2020+E2021+E2022,18.0,9.02384616464823,22.0,13.02384616464823
E2023,35,2023-10-20 18:15:00+00:00,4,Regular Season,45.0,82.22,TEL,PAN,5.0,3.0,6.0,0.0,-3.0,-10.0,1.0,-7.0,2.0,3.0,11.0,X3,E2020+E2021+E2022,-14.0,-3.3939532681496987,-9.0,1.6060467318503013
E2023,34,2023-10-20 18:30:00+00:00,4,Regular Season,40.0,69.19999999999999,BAR,MUN,39.0,5.0,10.0,2.0,2.0,4.0,-8.0,0.0,-7.0,-2.0,-4.0,X3,E2020+E2021+E2022,44.0,42.83667718392814,83.0,81.83667718392815
E2023,36,2023-10-20 18:30:00+00:00,4,Regular Season,40.0,76.64,VIR,RED,6.0,0.0,6.0,-8.0,4.0,-4.0,-14.0,-1.0,7.0,-4.0,4.0,X3,E2020+E2021+E2022,6.0,1.7288287143549788,12.0,7.728828714354979
E2023,39,2023-10-26 16:30:00+00:00,5,Regular Season,40.0,73.58000000000001,PAR,RED,2.0,4.0,-5.0,-1.0,-2.0,3.0,1.0,-3.0,-1.0,2.0,-3.0,X3,E2020+E2021+E2022,3.0,5.625282266078643,5.0,7.625282266078643
E2023,37,2023-10-26 18:00:00+00:00,5,Regular Season,40.0,67.91999999999999,BER,MIL,3.0,3.0,1.0,3.0,2.0,3.0,-2.0,-3.0,-1.0,-2.0,-3.0,X3,E2020+E2021+E2022,23.0,21.421541782004336,26.0,24.421541782004336
E2023,40,2023-10-26 18:45:00+00:00,5,Regular Season,40.0,72.30000000000001,MAD,BAR,1.0,5.0,5.0,-3.0,-1.0,-3.0,2.0,2.0,1.0,1.0,3.0,X3,E2020+E2021+E2022,-6.0,-5.075283214039505,-5.0,-4.075283214039505
E2023,38,2023-10-26 19:00:00+00:00,5,Regular Season,40.0,64.58000000000001,OLY,IST,18.0,4.0,7.0,2.0,-2.0,2.0,-11.0,2.0,0.0,2.0,-2.0,X3,E2020+E2021+E2022,22.0,25.652674981758132,40.0,43.65267498175813
E2023,41,2023-10-26 19:00:00+00:00,5,Regular Season,40.0,70.03999999999999,MCO,TEL,28.0,0.0,5.0,4.0,0.0,0.0,-12.0,-1.0,-4.0,0.0,0.0,X3,E2020+E2021+E2022,26.0,32.34020247043158,54.0,60.34020247043158
E2023,45,2023-10-27 17:00:00+00:00,5,Regular Season,40.0,74.38,PAM,ZAL,15.0,4.0,0.0,-2.0,1.0,-3.0,-4.0,-1.0,-1.0,-1.0,2.0,X3,E2020+E2021+E2022,5.0,9.315084446473584,20.0,24.315084446473584
E2023,42,2023-10-27 18:00:00+00:00,5,Regular Season,40.0,71.22,VIR,ASV,3.0,0.0,1.0,2.0,5.0,-7.0,0.0,-3.0,-2.0,-5.0,7.0,X3,E2020+E2021+E2022,4.0,7.476891684229608,7.0,10.476891684229608
E2023,44,2023-10-27 18:15:00+00:00,5,Regular Season,40.0,76.25999999999999,PAN,BAS,14.0,10.0,-1.0,-2.0,2.0,3.0,-1.0,-1.0,1.0,-2.0,-3.0,X3,E2020+E2021+E2022,18.0,16.443431607672082,32.0,30.443431607672082
E2023,43,2023-10-27 18:30:00+00:00,5,Regular Season,40.0,72.1,ULK,MUN,9.0,9.0,-2.0,0.0,0.0,0.0,0.0,0.0,2.0,0.0,-1.0,X3,E2020+E2021+E2022,6.0,9.056296806437665,15.0,18.056296806437665
E2023,12,2023-10-31 19:30:00+00:00,2,Regular Season,40.0,77.52,TEL,MIL,8.0,7.0,-3.0,3.0,1.0,3.0,-1.0,1.0,-4.0,-1.0,-3.0,X3,E2020+E2021+E2022,19.0,22.94742823829485,27.0,30.94742823829485
E2023,47,2023-11-02 17:30:00+00:00,6,Regular Season,40.0,71.6,RED,MUN,6.0,-3.0,-3.0,3.0,1.0,3.0,0.0,4.0,-6.0,-1.0,-3.0,X3,E2020+E2021+E2022,7.0,7.498205436809714,13.0,13.498205436809714
E2023,50,2023-11-02 17:45:00+00:00,6,Regular Season,40.0,66.47999999999999,ULK,OLY,2.0,-4.0,0.0,4.0,1.0,-3.0,1.0,-4.0,-2.0,-1.0,3.0,X3,E2020+E2021+E2022,1.0,3.883074160638529,3.0,5.883074160638529
E2023,49,2023-11-02 18:00:00+00:00,6,Regular Season,40.0,67.03999999999999,ASV,ZAL,3.0,-3.0,9.0,3.0,-1.0,4.0,-7.0,1.0,-2.0,1.0,-4.0,X3,E2020+E2021+E2022,23.0,19.718352241471813,26.0,22.718352241471813
E2023,46,2023-11-02 19:30:00+00:00,6,Regular Season,40.0,66.03999999999999,MCO,MIL,6.0,1.0,-7.0,0.0,2.0,0.0,-1.0,-1.0,-2.0,-2.0,1.0,X3,E2020+E2021+E2022,1.0,4.6220978055607045,7.0,10.622097805560704
E2023,53,2023-11-02 19:30:00+00:00,6,Regular Season,40.0,73.97999999999999,PAM,BER,8.0,3.0,5.0,1.0,-2.0,-3.0,2.0,0.0,-3.0,2.0,3.0,X3,E2020+E2021+E2022,0.0,4.969184760583531,8.0,12.96918476058353
E2023,51,2023-11-03 19:30:00+00:00,6,Regular Season,40.0,74.14,BAR,PAN,8.0,13.0,-5.0,5.0,1.0,1.0,0.0,3.0,2.0,-1.0,-1.0,X3,E2020+E2021+E2022,12.0,18.8449252749187,20.0,26.8449252749187
E2023,52,2023-11-03 19:30:00+00:00,6,Regular Season,40.0,72.4,BAS,PAR,1.0,12.0,1.0,1.0,-5.0,4.0,14.0,5.0,-3.0,5.0,-4.0,X3,E2020+E2021+E2022,-4.0,-2.5075104512347233,-3.0,-1.5075104512347233
E2023,54,2023-11-03 19:30:00+00:00,6,Regular Season,40.0,67.06,VIR,IST,12.0,7.0,11.0,6.0,0.0,0.0,12.0,2.0,-6.0,0.0,0.0,X3,E2020+E2021+E2022,16.0,14.37089332676793,28.0,26.37089332676793
E2023,60,2023-11-09 17:15:00+00:00,7,Regular Season,40.0,69.34,BAS,OLY,1.0,8.0,-2.0,1.0,-2.0,5.0,4.0,0.0,1.0,2.0,-5.0,X3,E2020+E2021+E2022,8.0,7.466800208556886,9.0,8.466800208556887
E2023,55,2023-11-09 17:30:00+00:00,7,Regular Season,45.0,75.84,IST,ZAL,4.0,4.0,-5.0,0.0,2.0,5.0,-4.0,2.0,0.0,-2.0,-5.0,X3,E2020+E2021+E2022,15.0,13.54358306560897,19.0,17.54358306560897
E2023,57,2023-11-09 19:05:00+00:00,7,Regular Season,40.0,79.58,TEL,MUN,3.0,-5.0,6.0,7.0,1.0,2.0,7.0,-3.0,-6.0,-1.0,-2.0,X3,E2020+E2021+E2022,16.0,11.499841686836884,19.0,14.499841686836884
E2023,56,2023-11-09 19:30:00+00:00,7,Regular Season,40.0,71.38,MIL,PAM,31.0,3.0,3.0,5.0,4.0,3.0,-6.0,1.0,-7.0,-4.0,-3.0,X3,E2020+E2021+E2022,37.0,37.91946810658808,68.0,68.91946810658808
E2023,58,2023-11-09 19:30:00+00:00,7,Regular Season,40.0,67.98,PAR,ULK,1.0,-4.0,2.0,4.0,-1.0,-3.0,0.0,0.0,-4.0,1.0,3.0,X3,E2020+E2021+E2022,-2.0,3.2885867345929096,-1.0,4.28858673459291
E2023,59,2023-11-09 19:45:00+00:00,7,Regular Season,40.0,79.1,MAD,VIR,26.0,8.0,11.0,3.0,2.0,7.0,2.0,0.0,-11.0,-2.0,-7.0,X3,E2020+E2021+E2022,49.0,43.895456133085226,75.0,69.89545613308522
E2023,61,2023-11-10 19:00:00+00:00,7,Regular Season,40.0,74.38,PAN,BER,14.0,-1.0,7.0,1.0,2.0,4.0,-12.0,0.0,-2.0,-2.0,-4.0,X3,E2020+E2021+E2022,33.0,29.577602536406296,47.0,43.577602536406296
E2023,63,2023-11-10 19:30:00+00:00,7,Regular Season,40.0,72.97999999999999,BAR,RED,5.0,-17.0,-2.0,-1.0,4.0,0.0,-18.0,5.0,-2.0,-4.0,-1.0,X3,E2020+E2021+E2022,4.0,1.4441372635213883,9.0,6.444137263521388
E2023,62,2023-11-10 20:00:00+00:00,7,Regular Season,40.0,69.28,MCO,ASV,10.0,-8.0,3.0,6.0,-2.0,-2.0,6.0,-1.0,-10.0,2.0,1.0,X3,E2020+E2021+E2022,-1.0,3.15459181523714,9.0,13.15459181523714
E2023,64,2023-11-14 18:00:00+00:00,8,Regular Season,40.0,69.25999999999999,IST,MCO,7.0,-10.0,13.0,3.0,3.0,-6.0,-7.0,-2.0,-3.0,-3.0,6.0,X3,E2020+E2021+E2022,12.0,10.58143488866023,19.0,17.58143488866023
E2023,66,2023-11-14 19:05:00+00:00,8,Regular Season,40.0,67.96000000000001,OLY,TEL,5.0,6.0,4.0,-2.0,-5.0,1.0,-1.0,1.0,5.0,5.0,0.0,X3,E2020+E2021+E2022,-6.0,-3.9697266244473193,-1.0,1.0302733755526807
E2023,67,2023-11-14 19:30:00+00:00,8,Regular Season,40.0,67.56,MAD,PAM,3.0,3.0,0.0,3.0,4.0,6.0,-2.0,-2.0,3.0,-4.0,-7.0,X3,E2020+E2021+E2022,28.0,19.388215273447774,31.0,22.388215273447774
E2023,68,2023-11-14 19:30:00+00:00,8,Regular Season,40.0,68.44,VIR,MIL,7.0,-5.0,2.0,2.0,0.0,2.0,-1.0,-5.0,-6.0,0.0,-2.0,X3,E2020+E2021+E2022,15.0,14.382658608908729,22.0,21.382658608908727
E2023,65,2023-11-14 19:45:00+00:00,8,Regular Season,40.0,65.35999999999999,RED,ULK,31.0,16.0,5.0,6.0,-6.0,2.0,-3.0,-1.0,-2.0,6.0,-2.0,X3,E2020+E2021+E2022,25.0,38.018206364480974,56.0,69.01820636448097
E2023,69,2023-11-15 19:00:00+00:00,8,Regular Season,40.0,77.36,ASV,BER,5.0,2.0,-3.0,-3.0,-1.0,7.0,-8.0,7.0,-1.0,1.0,-8.0,X3,E2020+E2021+E2022,11.0,8.977321938379895,16.0,13.977321938379895
E2023,71,2023-11-15 19:15:00+00:00,8,Regular Season,40.0,68.4,PAN,ZAL,2.0,-9.0,-2.0,3.0,1.0,11.0,-2.0,10.0,-7.0,-1.0,-11.0,X3,E2020+E2021+E2022,15.0,5.823492454132648,17.0,7.823492454132648
E2023,70,2023-11-15 19:30:00+00:00,8,Regular Season,40.0,71.58000000000001,MUN,PAR,9.0,14.0,1.0,4.0,-3.0,-2.0,4.0,-1.0,1.0,3.0,2.0,X3,E2020+E2021+E2022,5.0,14.874613049007117,14.0,23.874613049007117
E2023,72,2023-11-15 19:30:00+00:00,8,Regular Season,40.0,77.44,BAS,BAR,23.0,5.0,3.0,3.0,-1.0,-3.0,-15.0,-5.0,1.0,1.0,2.0,X3,E2020+E2021+E2022,23.0,34.15289945945401,46.0,57.15289945945401
E2023,74,2023-11-16 19:05:00+00:00,9,Regular Season,40.0,73.52000000000001,TEL,ULK,5.0,12.0,-2.0,7.0,0.0,-5.0,14.0,-4.0,-4.0,0.0,5.0,X3,E2020+E2021+E2022,1.0,11.305432454097897,6.0,16.305432454097897
E2023,75,2023-11-16 19:15:00+00:00,9,Regular Season,40.0,69.7,OLY,RED,5.0,8.0,12.0,-4.0,3.0,6.0,-6.0,6.0,1.0,-3.0,-7.0,X3,E2020+E2021+E2022,34.0,21.974815374317032,39.0,26.974815374317032
E2023,73,2023-11-16 19:30:00+00:00,9,Regular Season,40.0,67.86,MIL,IST,16.0,8.0,5.0,-5.0,-1.0,-4.0,-7.0,-2.0,2.0,1.0,4.0,X3,E2020+E2021+E2022,5.0,10.426698565706054,21.0,26.426698565706054
E2023,76,2023-11-16 19:45:00+00:00,9,Regular Season,40.0,72.82,MAD,MCO,18.0,6.0,10.0,-5.0,8.0,3.0,-21.0,1.0,4.0,-8.0,-3.0,X3,E2020+E2021+E2022,49.0,39.853771553053676,67.0,57.853771553053676
E2023,81,2023-11-17 18:00:00+00:00,9,Regular Season,40.0,68.74000000000001,ZAL,MUN,1.0,-7.0,-3.0,0.0,-3.0,-1.0,-4.0,5.0,-1.0,3.0,1.0,X3,E2020+E2021+E2022,-18.0,-13.280733372755405,-17.0,-12.280733372755405
E2023,78,2023-11-17 19:00:00+00:00,9,Regular Season,40.0,70.75999999999999,BAS,ASV,7.0,-2.0,5.0,-1.0,2.0,-3.0,-2.0,-3.0,1.0,-2.0,4.0,X3,E2020+E2021+E2022,3.0,1.228694286024134,10.0,8.228694286024133
E2023,79,2023-11-17 19:15:00+00:00,9,Regular Season,40.0,71.46000000000001,PAN,VIR,14.0,4.0,3.0,5.0,-4.0,7.0,-3.0,-4.0,-3.0,4.0,-8.0,X3,E2020+E2021+E2022,29.0,30.704111942916715,43.0,44.70411194291671
E2023,77,2023-11-17 19:30:00+00:00,9,Regular Season,40.0,68.36,BAR,PAM,4.0,4.0,9.0,1.0,4.0,1.0,3.0,-3.0,-4.0,-4.0,-1.0,X3,E2020+E2021+E2022,28.0,21.531377171500885,32.0,25.531377171500885
E2023,80,2023-11-17 19:45:00+00:00,9,Regular Season,40.0,71.8,PAR,BER,15.0,0.0,0.0,1.0,3.0,2.0,-5.0,-2.0,-4.0,-3.0,-2.0,X3,E2020+E2021+E2022,22.0,21.463555858304254,37.0,36.463555858304254
E2023,82,2023-11-23 19:00:00+00:00,10,Regular Season,50.0,87.96000000000001,MUN,ASV,1.0,12.0,-4.0,-5.0,3.0,-5.0,-4.0,0.0,8.0,-3.0,5.0,X3,E2020+E2021+E2022,-5.0,-0.911406577609581,-4.0,0.08859342239041901
E2023,83,2023-11-23 19:05:00+00:00,10,Regular Season,40.0,77.78,BAR,TEL,2.0,4.0,-7.0,0.0,-3.0,-6.0,4.0,-4.0,-2.0,3.0,4.0,X3,E2020+E2021+E2022,-17.0,-4.633236020134924,-15.0,-2.633236020134924
E2023,84,2023-11-23 19:15:00+00:00,10,Regular Season,40.0,70.24,PAN,PAM,17.0,-2.0,-2.0,1.0,0.0,-1.0,-3.0,4.0,-3.0,0.0,1.0,X3,E2020+E2021+E2022,-3.0,1.2725573405280395,14.0,18.27255734052804
E2023,86,2023-11-23 19:30:00+00:00,10,Regular Season,40.0,72.97999999999999,VIR,ULK,8.0,2.0,2.0,-2.0,1.0,-2.0,-7.0,4.0,2.0,-1.0,2.0,X3,E2020+E2021+E2022,1.0,2.753095962234828,9.0,10.753095962234827
E2023,85,2023-11-23 19:45:00+00:00,10,Regular Season,40.0,71.84,MAD,BER,24.0,4.0,19.0,-1.0,0.0,-1.0,-15.0,1.0,1.0,0.0,1.0,X3,E2020+E2021+E2022,33.0,31.71778531242167,57.0,55.71778531242167
E2023,87,2023-11-24 17:30:00+00:00,10,Regular Season,40.0,72.1,IST,PAR,6.0,-15.0,-6.0,10.0,0.0,3.0,2.0,-2.0,-9.0,0.0,-2.0,X3,E2020+E2021+E2022,3.0,5.6042930770982675,9.0,11.604293077098268
E2023,89,2023-11-24 19:15:00+00:00,10,Regular Season,40.0,64.92,OLY,ZAL,17.0,0.0,10.0,2.0,-1.0,1.0,-5.0,8.0,-4.0,1.0,-1.0,X3,E2020+E2021+E2022,13.0,13.083058952358844,30.0,30.083058952358844
E2023,88,2023-11-24 19:30:00+00:00,10,Regular Season,40.0,69.6,MIL,RED,22.0,6.0,-6.0,2.0,-2.0,0.0,-9.0,0.0,0.0,2.0,0.0,X3,E2020+E2021+E2022,7.0,18.85009256689603,29.0,40.85009256689603
E2023,90,2023-11-24 19:30:00+00:00,10,Regular Season,40.0,68.56,MCO,BAS,2.0,3.0,-4.0,2.0,2.0,-1.0,9.0,0.0,-6.0,-2.0,1.0,X3,E2020+E2021+E2022,0.0,2.2999201759852923,2.0,4.299920175985292
E2023,48,2023-11-28 19:15:00+00:00,6,Regular Season,40.0,76.16,MAD,TEL,29.0,-4.0,18.0,4.0,3.0,-2.0,-6.0,-6.0,-8.0,-3.0,2.0,X3,E2020+E2021+E2022,40.0,37.136839923479,69.0,66.136839923479
E2023,93,2023-11-30 17:45:00+00:00,11,Regular Season,45.0,83.22,ULK,MAD,1.0,-7.0,-1.0,4.0,0.0,-1.0,8.0,1.0,-3.0,0.0,1.0,X3,E2020+E2021+E2022,-12.0,-13.262991387099841,-11.0,-12.262991387099841
E2023,91,2023-11-30 18:00:00+00:00,11,Regular Season,40.0,67.4,MCO,OLY,8.0,12.0,-3.0,3.0,2.0,5.0,4.0,0.0,-5.0,-2.0,-4.0,X3,E2020+E2021+E2022,26.0,27.894730866172218,34.0,35.89473086617222
E2023,94,2023-11-30 19:05:00+00:00,11,Regular Season,40.0,80.47999999999999,TEL,BER,21.0,2.0,9.0,6.0,-3.0,-3.0,-5.0,-2.0,-4.0,3.0,4.0,X3,E2020+E2021+E2022,15.0,24.852980685850948,36.0,45.85298068585095
E2023,92,2023-11-30 19:30:00+00:00,11,Regular Season,40.0,73.36,MUN,VIR,14.0,10.0,-3.0,4.0,4.0,0.0,1.0,-7.0,0.0,-4.0,0.0,X3,E2020+E2021+E2022,25.0,27.915133318439754,39.0,41.91513331843976
E2023,96,2023-11-30 19:30:00+00:00,11,Regular Season,40.0,61.66,ZAL,MIL,13.0,2.0,4.0,-1.0,-4.0,-3.0,-4.0,-2.0,1.0,4.0,3.0,X3,E2020+E2021+E2022,-4.0,2.6339643217092332,9.0,15.633964321709232
E2023,95,2023-11-30 19:45:00+00:00,11,Regular Season,45.0,81.68,PAR,PAN,5.0,0.0,-5.0,-2.0,-3.0,-5.0,-5.0,-2.0,2.0,3.0,5.0,X3,E2020+E2021+E2022,-18.0,-7.425822904300901,-13.0,-2.425822904300901
E2023,97,2023-12-01 19:00:00+00:00,11,Regular Season,40.0,78.92,RED,IST,14.0,17.0,5.0,0.0,1.0,3.0,-2.0,3.0,0.0,-1.0,-1.0,X3,E2020+E2021+E2022,27.0,29.17230994812516,41.0,43.17230994812516
E2023,98,2023-12-01 19:30:00+00:00,11,Regular Season,40.0,71.56,BAR,ASV,9.0,-3.0,3.0,-7.0,2.0,-3.0,-13.0,0.0,4.0,-2.0,3.0,X3,E2020+E2021+E2022,0.0,-1.5184187361403518,9.0,7.481581263859648
E2023,99,2023-12-01 19:30:00+00:00,11,Regular Season,40.0,77.97999999999999,BAS,PAM,14.0,7.0,9.0,-6.0,4.0,5.0,-14.0,1.0,8.0,-4.0,-5.0,X3,E2020+E2021+E2022,33.0,21.456281011454763,47.0,35.45628101145476
E2023,101,2023-12-05 17:30:00+00:00,12,Regular Season,40.0,67.44,IST,PAN,3.0,8.0,3.0,0.0,1.0,1.0,18.0,1.0,-7.0,-1.0,-2.0,X3,E2020+E2021+E2022,4.0,-0.652296035857046,7.0,2.347703964142954
E2023,100,2023-12-05 19:00:00+00:00,12,Regular Season,40.0,69.75999999999999,BER,ZAL,2.0,2.0,-3.0,4.0,-2.0,5.0,18.0,2.0,-10.0,2.0,-5.0,X3,E2020+E2021+E2022,-1.0,-2.3859689007810676,1.0,-0.3859689007810676
E2023,103,2023-12-05 19:15:00+00:00,12,Regular Season,40.0,63.86,MAD,OLY,6.0,-1.0,2.0,0.0,5.0,-1.0,-16.0,-5.0,7.0,-5.0,1.0,X3,E2020+E2021+E2022,23.0,20.76441638506672,29.0,26.76441638506672
E2023,102,2023-12-05 19:30:00+00:00,12,Regular Season,45.0,76.46000000000001,MUN,MIL,7.0,22.0,-2.0,-6.0,3.0,-1.0,-7.0,1.0,9.0,-3.0,1.0,X3,E2020+E2021+E2022,15.0,18.365078550505366,22.0,25.365078550505366
E2023,104,2023-12-05 19:30:00+00:00,12,Regular Season,45.0,77.06,PAR,MCO,4.0,0.0,-1.0,-3.0,2.0,4.0,-10.0,1.0,4.0,-2.0,-5.0,X3,E2020+E2021+E2022,14.0,8.652620189821356,18.0,12.652620189821356
E2023,105,2023-12-06 19:15:00+00:00,12,Regular Season,40.0,76.24000000000001,TEL,ASV,3.0,11.0,0.0,-5.0,2.0,-3.0,0.0,2.0,2.0,-2.0,3.0,X3,E2020+E2021+E2022,0.0,2.080437810565008,3.0,5.080437810565008
E2023,106,2023-12-06 19:30:00+00:00,12,Regular Season,40.0,69.84,BAS,ULK,1.0,6.0,-5.0,1.0,2.0,-3.0,8.0,0.0,2.0,-2.0,3.0,X3,E2020+E2021+E2022,-10.0,-8.006008666895983,-9.0,-7.006008666895983
E2023,107,2023-12-06 19:30:00+00:00,12,Regular Season,40.0,75.38,PAM,RED,4.0,-7.0,0.0,8.0,0.0,-3.0,11.0,-2.0,-8.0,0.0,3.0,X3,E2020+E2021+E2022,-6.0,-2.609882796968089,-2.0,1.3901172030319109
E2023,108,2023-12-06 19:30:00+00:00,12,Regular Season,40.0,73.03999999999999,VIR,BAR,5.0,5.0,-3.0,4.0,0.0,6.0,9.0,3.0,-4.0,0.0,-5.0,X3,E2020+E2021+E2022,9.0,7.003559881695872,14.0,12.003559881695871
E2023,109,2023-12-07 19:00:00+00:00,13,Regular Season,40.0,72.98,IST,BER,8.0,-2.0,8.0,4.0,1.0,3.0,1.0,1.0,-5.0,-1.0,-3.0,X3,E2020+E2021+E2022,21.0,16.26390972824971,29.0,24.26390972824971
E2023,110,2023-12-07 19:15:00+00:00,13,Regular Season,40.0,70.9,MAD,PAN,12.0,8.0,9.0,-1.0,3.0,-6.0,-12.0,-2.0,5.0,-3.0,7.0,X3,E2020+E2021+E2022,18.0,22.42588978599071,30.0,34.425889785990705
E2023,111,2023-12-07 19:30:00+00:00,13,Regular Season,40.0,63.2,PAR,MIL,13.0,-4.0,-3.0,0.0,4.0,-1.0,-9.0,-1.0,-2.0,-4.0,1.0,X3,E2020+E2021+E2022,11.0,12.477776960823558,24.0,25.477776960823558
E2023,117,2023-12-08 18:00:00+00:00,13,Regular Season,40.0,70.8,MCO,ZAL,4.0,-10.0,0.0,3.0,1.0,7.0,-8.0,4.0,-4.0,-1.0,-7.0,X3,E2020+E2021+E2022,17.0,11.533808440765181,21.0,15.533808440765181
E2023,112,2023-12-08 19:15:00+00:00,13,Regular Season,40.0,66.53999999999999,OLY,MUN,8.0,2.0,-3.0,2.0,2.0,8.0,-4.0,4.0,-1.0,-2.0,-9.0,X3,E2020+E2021+E2022,23.0,17.667980986031694,31.0,25.667980986031694
E2023,113,2023-12-08 19:30:00+00:00,13,Regular Season,40.0,67.66,BAR,ULK,8.0,7.0,7.0,4.0,-3.0,1.0,-3.0,3.0,-1.0,3.0,-1.0,X3,E2020+E2021+E2022,15.0,20.003492380904895,23.0,28.003492380904895
E2023,115,2023-12-08 19:30:00+00:00,13,Regular Season,40.0,67.92,BAS,RED,2.0,-8.0,-3.0,1.0,-1.0,3.0,-13.0,5.0,2.0,1.0,-1.0,X3,E2020+E2021+E2022,-2.0,-0.052171135350876696,0.0,1.9478288646491233
E2023,116,2023-12-08 19:30:00+00:00,13,Regular Season,40.0,78.22,VIR,TEL,10.0,1.0,3.0,-4.0,-2.0,0.0,-8.0,-3.0,2.0,2.0,-1.0,X3,E2020+E2021+E2022,6.0,6.945772084491498,16.0,16.945772084491498
E2023,114,2023-12-08 20:00:00+00:00,13,Regular Season,40.0,73.75999999999999,PAM,ASV,23.0,-4.0,3.0,-2.0,0.0,-5.0,-5.0,-2.0,-3.0,0.0,5.0,X3,E2020+E2021+E2022,-3.0,1.6176880721489812,20.0,24.61768807214898
E2023,121,2023-12-14 18:00:00+00:00,14,Regular Season,40.0,69.06,PAR,ZAL,8.0,2.0,-1.0,1.0,1.0,5.0,3.0,-4.0,-4.0,-1.0,-5.0,X3,E2020+E2021+E2022,19.0,15.493694786137032,27.0,23.493694786137034
E2023,124,2023-12-14 18:00:00+00:00,14,Regular Season,40.0,71.53999999999999,RED,BER,14.0,3.0,2.0,5.0,-1.0,-2.0,8.0,-1.0,-8.0,1.0,2.0,X3,E2020+E2021+E2022,5.0,11.256724606732718,19.0,25.256724606732718
E2023,122,2023-12-14 19:05:00+00:00,14,Regular Season,40.0,79.82,TEL,IST,9.0,0.0,3.0,-8.0,5.0,-5.0,-14.0,3.0,4.0,-5.0,5.0,X3,E2020+E2021+E2022,2.0,0.5850976776364796,11.0,9.58509767763648
E2023,120,2023-12-14 19:30:00+00:00,14,Regular Season,40.0,72.52000000000001,VIR,BAS,10.0,-3.0,7.0,-1.0,-1.0,-4.0,-6.0,-5.0,-2.0,1.0,4.0,X3,E2020+E2021+E2022,6.0,9.526771669948065,16.0,19.526771669948065
E2023,119,2023-12-14 19:45:00+00:00,14,Regular Season,40.0,75.42,MAD,MUN,15.0,13.0,5.0,2.0,-4.0,6.0,3.0,3.0,1.0,4.0,-5.0,X3,E2020+E2021+E2022,16.0,16.47719977333403,31.0,31.47719977333403
E2023,118,2023-12-14 20:00:00+00:00,14,Regular Season,40.0,73.34,PAN,ASV,8.0,-2.0,6.0,-2.0,4.0,7.0,-3.0,8.0,0.0,-4.0,-7.0,X3,E2020+E2021+E2022,19.0,4.497790510954291,27.0,12.49779051095429
E2023,123,2023-12-15 17:45:00+00:00,14,Regular Season,40.0,66.58,ULK,MCO,12.0,19.0,9.0,-1.0,-1.0,-7.0,0.0,-3.0,4.0,1.0,6.0,X3,E2020+E2021+E2022,11.0,19.449379991999187,23.0,31.449379991999187
E2023,126,2023-12-15 19:15:00+00:00,14,Regular Season,40.0,66.34,PAM,OLY,7.0,8.0,-4.0,-2.0,1.0,-8.0,-5.0,-7.0,2.0,-1.0,8.0,X3,E2020+E2021+E2022,-2.0,10.343508745081682,5.0,17.34350874508168
E2023,125,2023-12-15 19:30:00+00:00,14,Regular Season,40.0,72.74000000000001,MIL,BAR,4.0,3.0,-8.0,-3.0,1.0,0.0,4.0,-4.0,2.0,-1.0,-2.0,X3,E2020+E2021+E2022,-6.0,-6.963420698357244,-2.0,-2.963420698357244
E2023,128,2023-12-19 18:00:00+00:00,15,Regular Season,40.0,71.12,MAD,RED,14.0,-1.0,7.0,4.0,2.0,-7.0,-10.0,-3.0,2.0,-2.0,6.0,X3,E2020+E2021+E2022,12.0,17.770517023383128,26.0,31.770517023383128
E2023,127,2023-12-19 19:00:00+00:00,15,Regular Season,40.0,71.16,BER,BAR,4.0,-3.0,-1.0,1.0,-5.0,-3.0,0.0,-3.0,-1.0,5.0,1.0,X3,E2020+E2021+E2022,-13.0,-5.69622195733758,-9.0,-1.6962219573375803
E2023,129,2023-12-19 19:05:00+00:00,15,Regular Season,40.0,81.22,TEL,BAS,8.0,15.0,6.0,2.0,0.0,1.0,6.0,-3.0,-2.0,0.0,1.0,X3,E2020+E2021+E2022,22.0,24.62969733886099,30.0,32.62969733886099
E2023,131,2023-12-19 19:30:00+00:00,15,Regular Season,40.0,67.04,VIR,OLY,2.0,-2.0,-4.0,0.0,-4.0,1.0,4.0,-1.0,-2.0,4.0,-1.0,X3,E2020+E2021+E2022,-13.0,-9.51550038942149,-11.0,-7.51550038942149
E2023,130,2023-12-19 20:00:00+00:00,15,Regular Season,40.0,68.48,PAR,PAM,5.0,-10.0,-2.0,7.0,0.0,-1.0,-4.0,-5.0,-3.0,0.0,1.0,X3,E2020+E2021+E2022,5.0,9.360497031738863,10.0,14.360497031738863
E2023,135,2023-12-20 17:30:00+00:00,15,Regular Season,40.0,72.42,ULK,ZAL,2.0,1.0,-2.0,3.0,3.0,-1.0,5.0,-1.0,0.0,-3.0,1.0,X3,E2020+E2021+E2022,2.0,0.6975293080321778,4.0,2.697529308032178
E2023,132,2023-12-20 18:00:00+00:00,15,Regular Season,40.0,74.02000000000001,PAN,MCO,1.0,-8.0,0.0,4.0,2.0,-2.0,4.0,0.0,-7.0,-2.0,1.0,X3,E2020+E2021+E2022,0.0,-0.035911411319570874,1.0,0.9640885886804291
E2023,133,2023-12-20 19:30:00+00:00,15,Regular Season,40.0,71.25999999999999,MIL,ASV,23.0,3.0,16.0,11.0,-2.0,-2.0,-2.0,-5.0,-6.0,2.0,2.0,X3,E2020+E2021+E2022,35.0,41.51419170151031,58.0,64.51419170151031
E2023,134,2023-12-20 19:30:00+00:00,15,Regular Season,40.0,72.78,MUN,IST,15.0,-7.0,10.0,7.0,-8.0,3.0,8.0,-2.0,-12.0,8.0,-3.0,X3,E2020+E2021+E2022,6.0,9.375374056007939,21.0,24.37537405600794
E2023,136,2023-12-21 19:05:00+00:00,16,Regular Season,40.0,76.52,RED,TEL,6.0,1.0,5.0,2.0,-2.0,-3.0,6.0,-1.0,-3.0,2.0,3.0,X3,E2020+E2021+E2022,-4.0,-0.9864293460643863,2.0,5.013570653935614
E2023,138,2023-12-21 19:30:00+00:00,16,Regular Season,40.0,70.36,PAM,VIR,8.0,8.0,-11.0,-10.0,1.0,4.0,-6.0,-3.0,2.0,-1.0,-4.0,X3,E2020+E2021+E2022,4.0,4.275501655641983,12.0,12.275501655641982
E2023,137,2023-12-21 19:45:00+00:00,16,Regular Season,40.0,73.9,MAD,PAR,16.0,-4.0,9.0,4.0,2.0,4.0,-3.0,5.0,-4.0,-2.0,-6.0,X3,E2020+E2021+E2022,25.0,17.066862298157083,41.0,33.06686229815708
E2023,140,2023-12-22 17:15:00+00:00,16,Regular Season,40.0,71.6,BAS,IST,7.0,1.0,2.0,-2.0,-2.0,-2.0,-6.0,2.0,1.0,2.0,1.0,X3,E2020+E2021+E2022,-3.0,0.9746633826469115,4.0,7.974663382646911
E2023,144,2023-12-22 18:00:00+00:00,16,Regular Season,40.0,70.58,BAR,ZAL,5.0,4.0,8.0,-1.0,2.0,0.0,6.0,2.0,-2.0,-2.0,1.0,X3,E2020+E2021+E2022,8.0,2.338262009797149,13.0,7.338262009797149
E2023,143,2023-12-22 18:45:00+00:00,16,Regular Season,40.0,70.03999999999999,OLY,ASV,12.0,-1.0,6.0,1.0,8.0,-9.0,-11.0,-3.0,0.0,-8.0,9.0,X3,E2020+E2021+E2022,18.0,20.733616926214083,30.0,32.73361692621408
E2023,139,2023-12-22 19:15:00+00:00,16,Regular Season,40.0,74.53999999999999,ULK,BER,9.0,15.0,10.0,-7.0,2.0,-1.0,-3.0,-6.0,7.0,-2.0,1.0,X3,E2020+E2021+E2022,22.0,16.843274618233377,31.0,25.843274618233377
E2023,142,2023-12-22 19:30:00+00:00,16,Regular Season,40.0,72.8,MCO,MUN,11.0,-5.0,-6.0,1.0,0.0,11.0,-4.0,6.0,-10.0,0.0,-11.0,X3,E2020+E2021+E2022,20.0,16.74064234600827,31.0,27.74064234600827
E2023,141,2023-12-22 19:45:00+00:00,16,Regular Season,40.0,70.22,PAN,MIL,8.0,5.0,3.0,-1.0,-3.0,2.0,-4.0,1.0,1.0,3.0,-2.0,X3,E2020+E2021+E2022,7.0,9.240051071960952,15.0,17.240051071960952
E2023,145,2023-12-28 17:30:00+00:00,17,Regular Season,40.0,71.94,ULK,IST,5.0,3.0,5.0,3.0,0.0,-1.0,-2.0,0.0,4.0,0.0,2.0,X3,E2020+E2021+E2022,6.0,6.560717549753441,11.0,11.560717549753441
E2023,153,2023-12-28 17:30:00+00:00,17,Regular Season,40.0,68.48,VIR,PAR,2.0,-4.0,7.0,0.0,2.0,-1.0,-4.0,-4.0,0.0,-2.0,0.0,X3,E2020+E2021+E2022,14.0,9.243768818293136,16.0,11.243768818293136
E2023,149,2023-12-28 18:00:00+00:00,17,Regular Season,40.0,73.66,TEL,ZAL,8.0,5.0,11.0,1.0,2.0,2.0,-4.0,1.0,0.0,-2.0,-2.0,X3,E2020+E2021+E2022,28.0,22.824843516462938,36.0,30.824843516462938
E2023,148,2023-12-28 19:00:00+00:00,17,Regular Season,40.0,71.92,MAD,ASV,1.0,3.0,3.0,2.0,3.0,7.0,0.0,4.0,-1.0,-3.0,-7.0,X3,E2020+E2021+E2022,25.0,16.086578109080328,26.0,17.086578109080328
E2023,150,2023-12-28 19:15:00+00:00,17,Regular Season,40.0,69.16,PAN,RED,17.0,10.0,1.0,1.0,-3.0,8.0,1.0,2.0,-3.0,3.0,-8.0,X3,E2020+E2021+E2022,22.0,21.99559828609416,39.0,38.995598286094165
E2023,146,2023-12-28 19:30:00+00:00,17,Regular Season,40.0,75.96000000000001,MIL,BAS,9.0,6.0,2.0,2.0,4.0,-6.0,4.0,-1.0,-1.0,-4.0,6.0,X3,E2020+E2021+E2022,4.0,7.250699962747376,13.0,16.250699962747376
E2023,147,2023-12-28 19:30:00+00:00,17,Regular Season,40.0,72.46000000000001,MUN,PAM,1.0,6.0,2.0,3.0,-1.0,4.0,10.0,2.0,-3.0,1.0,-4.0,X3,E2020+E2021+E2022,8.0,5.189131400313063,9.0,6.189131400313063
E2023,151,2023-12-29 19:00:00+00:00,17,Regular Season,40.0,70.44,OLY,BER,27.0,11.0,10.0,5.0,4.0,8.0,-16.0,3.0,-3.0,-4.0,-8.0,X3,E2020+E2021+E2022,66.0,63.84298408278433,93.0,90.84298408278433
E2023,152,2023-12-29 20:00:00+00:00,17,Regular Season,40.0,69.64,MCO,BAR,20.0,-2.0,4.0,7.0,-1.0,-2.0,-1.0,0.0,-8.0,2.0,3.0,X3,E2020+E2021+E2022,10.0,18.896249434292397,30.0,38.8962494342924
E2023,154,2024-01-02 17:45:00+00:00,18,Regular Season,40.0,70.84,RED,ULK,9.0,4.0,0.0,0.0,1.0,5.0,-3.0,1.0,-5.0,-1.0,-5.0,X3,E2020+E2021+E2022,23.0,22.23520813775923,32.0,31.23520813775923
E2023,158,2024-01-02 18:00:00+00:00,18,Regular Season,40.0,73.30000000000001,ZAL,BER,6.0,-3.0,0.0,0.0,1.0,0.0,2.0,-6.0,-4.0,-1.0,0.0,X3,E2020+E2021+E2022,7.0,6.018519258512296,13.0,12.018519258512296
E2023,155,2024-01-02 19:05:00+00:00,18,Regular Season,40.0,75.74000000000001,TEL,MCO,10.0,13.0,4.0,1.0,0.0,-5.0,-2.0,0.0,1.0,0.0,5.0,X3,E2020+E2021+E2022,9.0,18.098508313474866,19.0,28.098508313474866
E2023,156,2024-01-02 19:15:00+00:00,18,Regular Season,40.0,65.18,OLY,MIL,5.0,21.0,1.0,-8.0,-1.0,-1.0,1.0,1.0,7.0,1.0,1.0,X3,E2020+E2021+E2022,1.0,3.360627395557959,6.0,8.360627395557959
E2023,157,2024-01-02 19:45:00+00:00,18,Regular Season,40.0,75.22,PAR,ASV,13.0,3.0,-4.0,3.0,1.0,0.0,-3.0,0.0,-2.0,-1.0,1.0,X3,E2020+E2021+E2022,8.0,14.188156922969368,21.0,27.18815692296937
E2023,161,2024-01-03 18:30:00+00:00,18,Regular Season,40.0,73.44,PAM,IST,5.0,3.0,2.0,-1.0,-7.0,4.0,-4.0,2.0,-2.0,7.0,-4.0,X3,E2020+E2021+E2022,2.0,7.392368080856371,7.0,12.392368080856372
E2023,160,2024-01-03 19:30:00+00:00,18,Regular Season,40.0,75.4,BAS,PAN,2.0,-4.0,2.0,-8.0,2.0,-1.0,-13.0,0.0,2.0,-2.0,1.0,X3,E2020+E2021+E2022,3.0,0.069346645677272,5.0,2.069346645677272
E2023,162,2024-01-03 19:30:00+00:00,18,Regular Season,40.0,69.7,VIR,MUN,2.0,-1.0,1.0,2.0,-1.0,2.0,6.0,4.0,-6.0,1.0,-2.0,X3,E2020+E2021+E2022,0.0,-0.49667882368101424,2.0,1.5033211763189858
E2023,159,2024-01-03 20:00:00+00:00,18,Regular Season,40.0,71.18,BAR,MAD,5.0,7.0,2.0,1.0,0.0,-3.0,0.0,2.0,-3.0,0.0,3.0,X3,E2020+E2021+E2022,5.0,11.773520712488185,10.0,16.773520712488185
E2023,165,2024-01-04 17:45:00+00:00,19,Regular Season,40.0,72.76,ULK,TEL,35.0,9.0,11.0,4.0,1.0,-1.0,-16.0,-3.0,-4.0,-1.0,1.0,X3,E2020+E2021+E2022,47.0,55.73294094213307,82.0,90.73294094213307
E2023,163,2024-01-04 19:00:00+00:00,19,Regular Season,40.0,65.98,RED,PAR,16.0,-2.0,10.0,2.0,-3.0,-2.0,-7.0,7.0,-4.0,3.0,2.0,X3,E2020+E2021+E2022,4.0,9.138482231256877,20.0,25.138482231256877
E2023,164,2024-01-04 19:00:00+00:00,19,Regular Season,40.0,73.58,ASV,ZAL,14.0,11.0,12.0,-5.0,1.0,4.0,-9.0,-2.0,5.0,-1.0,-4.0,X3,E2020+E2021+E2022,34.0,26.58156868478929,48.0,40.58156868478929
E2023,166,2024-01-04 19:15:00+00:00,19,Regular Season,40.0,65.0,OLY,MCO,2.0,-8.0,0.0,-3.0,-2.0,2.0,-11.0,0.0,3.0,2.0,-2.0,X3,E2020+E2021+E2022,-3.0,-4.569669414731665,-1.0,-2.569669414731665
E2023,167,2024-01-05 18:00:00+00:00,19,Regular Season,40.0,70.7,VIR,BER,15.0,8.0,8.0,4.0,-2.0,-3.0,8.0,-2.0,-6.0,2.0,3.0,X3,E2020+E2021+E2022,10.0,15.976288991694258,25.0,30.976288991694258
E2023,168,2024-01-05 19:30:00+00:00,19,Regular Season,40.0,68.0,MIL,MUN,14.0,-3.0,4.0,-2.0,4.0,-10.0,-8.0,-4.0,0.0,-4.0,9.0,X3,E2020+E2021+E2022,0.0,4.814078923204872,14.0,18.81407892320487
E2023,169,2024-01-05 19:30:00+00:00,19,Regular Season,40.0,74.6,BAR,BAS,4.0,9.0,5.0,-6.0,2.0,4.0,-10.0,-1.0,6.0,-2.0,-4.0,X3,E2020+E2021+E2022,25.0,18.548666413171667,29.0,22.548666413171667
E2023,171,2024-01-05 19:30:00+00:00,19,Regular Season,40.0,74.68,PAN,PAM,1.0,-7.0,-4.0,2.0,-3.0,7.0,5.0,7.0,-5.0,3.0,-7.0,X3,E2020+E2021+E2022,-8.0,-11.648916123482618,-7.0,-10.648916123482618
E2023,170,2024-01-05 19:45:00+00:00,19,Regular Season,60.0,110.86,MAD,IST,4.0,-7.0,10.0,3.0,4.0,4.0,-8.0,4.0,-4.0,-4.0,-2.0,X3,E2020+E2021+E2022,28.0,19.982058900322826,32.0,23.982058900322826
E2023,172,2024-01-09 17:30:00+00:00,20,Regular Season,40.0,70.36,ULK,PAR,15.0,7.0,7.0,-3.0,1.0,-2.0,-7.0,0.0,-2.0,-1.0,3.0,X3,E2020+E2021+E2022,17.0,20.425985384899562,32.0,35.42598538489956
E2023,173,2024-01-09 18:00:00+00:00,20,Regular Season,40.0,75.1,MCO,BAS,10.0,-6.0,-1.0,3.0,-2.0,0.0,12.0,-5.0,-13.0,2.0,1.0,X3,E2020+E2021+E2022,-3.0,0.5400404281686999,7.0,10.5400404281687
E2023,178,2024-01-09 19:00:00+00:00,20,Regular Season,40.0,74.02,MAD,MUN,21.0,4.0,4.0,1.0,2.0,9.0,-4.0,0.0,-4.0,-2.0,-9.0,X3,E2020+E2021+E2022,39.0,31.69535370739959,60.0,52.69535370739959
E2023,174,2024-01-09 19:15:00+00:00,20,Regular Season,40.0,65.66,PAN,IST,7.0,-5.0,5.0,2.0,-1.0,5.0,-15.0,0.0,2.0,1.0,-5.0,X3,E2020+E2021+E2022,23.0,20.659684646284774,30.0,27.659684646284774
E2023,175,2024-01-09 19:30:00+00:00,20,Regular Season,40.0,76.86,ASV,RED,9.0,12.0,3.0,-2.0,-3.0,5.0,-4.0,3.0,0.0,3.0,-5.0,X3,E2020+E2021+E2022,18.0,20.02498525896788,27.0,29.02498525896788
E2023,176,2024-01-09 19:30:00+00:00,20,Regular Season,40.0,71.28,ZAL,PAM,5.0,1.0,-3.0,-1.0,-2.0,-1.0,0.0,0.0,0.0,2.0,2.0,X3,E2020+E2021+E2022,-10.0,-5.117389808778907,-5.0,-0.11738980877890715
E2023,177,2024-01-09 19:30:00+00:00,20,Regular Season,40.0,64.68,MIL,BER,6.0,-5.0,-1.0,4.0,3.0,0.0,0.0,2.0,-5.0,-3.0,0.0,X3,E2020+E2021+E2022,7.0,6.747147900981893,13.0,12.747147900981894
E2023,179,2024-01-10 19:30:00+00:00,20,Regular Season,40.0,67.36000000000001,BAR,OLY,8.0,10.0,6.0,-1.0,2.0,1.0,-4.0,-1.0,1.0,-2.0,1.0,X3,E2020+E2021+E2022,23.0,22.81602562170027,31.0,30.81602562170027
E2023,180,2024-01-10 20:00:00+00:00,20,Regular Season,40.0,77.19999999999999,TEL,VIR,17.0,6.0,-2.0,0.0,2.0,1.0,3.0,-6.0,-5.0,-2.0,-1.0,X3,E2020+E2021+E2022,18.0,19.63489415433199,35.0,36.63489415433199
E2023,181,2024-01-11 17:45:00+00:00,21,Regular Season,45.0,79.4,ULK,MUN,7.0,-3.0,-4.0,1.0,1.0,6.0,-4.0,1.0,-3.0,-1.0,-6.0,X3,E2020+E2021+E2022,14.0,11.223307814854543,21.0,18.223307814854543
E2023,182,2024-01-11 19:15:00+00:00,21,Regular Season,40.0,70.06,PAN,MCO,25.0,-4.0,0.0,-1.0,3.0,-1.0,-19.0,-5.0,-1.0,-3.0,-1.0,X3,E2020+E2021+E2022,26.0,29.22002319887605,51.0,54.22002319887605
E2023,183,2024-01-11 19:30:00+00:00,21,Regular Season,40.0,70.41999999999999,RED,MIL,14.0,6.0,3.0,6.0,1.0,-4.0,-1.0,1.0,0.0,-1.0,4.0,X3,E2020+E2021+E2022,9.0,16.150610711740185,23.0,30.150610711740185
E2023,184,2024-01-11 19:45:00+00:00,21,Regular Season,45.0,82.92,MAD,PAM,10.0,7.0,-2.0,0.0,7.0,7.0,-2.0,4.0,2.0,-7.0,-7.0,X3,E2020+E2021+E2022,29.0,18.45485043655618,39.0,28.45485043655618
E2023,185,2024-01-12 17:30:00+00:00,21,Regular Season,40.0,72.4,IST,VIR,24.0,5.0,0.0,6.0,-1.0,1.0,3.0,3.0,-10.0,1.0,-2.0,X3,E2020+E2021+E2022,16.0,23.924826034831458,40.0,47.924826034831455
E2023,187,2024-01-12 19:30:00+00:00,21,Regular Season,40.0,73.30000000000001,BAR,ZAL,18.0,4.0,2.0,1.0,3.0,-2.0,-9.0,-1.0,-1.0,-3.0,1.0,X3,E2020+E2021+E2022,21.0,24.771210278587276,39.0,42.771210278587276
E2023,188,2024-01-12 19:30:00+00:00,21,Regular Season,40.0,68.58,BAS,OLY,11.0,-12.0,4.0,6.0,-2.0,0.0,1.0,-1.0,-8.0,2.0,0.0,X3,E2020+E2021+E2022,2.0,3.628958487396803,13.0,14.628958487396803
E2023,189,2024-01-12 19:30:00+00:00,21,Regular Season,40.0,72.14,PAR,TEL,9.0,11.0,0.0,-3.0,1.0,0.0,-7.0,0.0,2.0,-1.0,-1.0,X3,E2020+E2021+E2022,16.0,19.36666784887357,25.0,28.36666784887357
E2023,186,2024-01-12 20:00:00+00:00,21,Regular Season,40.0,71.92,BER,ASV,25.0,15.0,12.0,0.0,-1.0,-1.0,-7.0,-1.0,0.0,1.0,1.0,X3,E2020+E2021+E2022,31.0,36.156903266874615,56.0,61.156903266874615
E2023,193,2024-01-18 17:30:00+00:00,22,Regular Season,40.0,74.84,IST,BAR,24.0,9.0,8.0,-2.0,6.0,-1.0,-10.0,-5.0,1.0,-6.0,1.0,X3,E2020+E2021+E2022,39.0,36.47986355621522,63.0,60.47986355621522
E2023,191,2024-01-18 18:00:00+00:00,22,Regular Season,40.0,69.64,BAS,RED,1.0,13.0,7.0,-2.0,-1.0,-6.0,7.0,-3.0,5.0,1.0,6.0,X3,E2020+E2021+E2022,-5.0,-2.3040779072771462,-4.0,-1.3040779072771462
E2023,190,2024-01-18 19:00:00+00:00,22,Regular Season,40.0,72.72,MUN,BER,17.0,2.0,7.0,4.0,3.0,-3.0,-1.0,3.0,-4.0,-3.0,3.0,X3,E2020+E2021+E2022,15.0,16.657717595389226,32.0,33.65771759538923
E2023,194,2024-01-18 19:15:00+00:00,22,Regular Season,40.0,69.64,OLY,TEL,17.0,7.0,9.0,4.0,0.0,-1.0,4.0,3.0,-4.0,0.0,-1.0,X3,E2020+E2021+E2022,17.0,17.664194520162315,34.0,34.66419452016231
E2023,192,2024-01-18 19:30:00+00:00,22,Regular Season,40.0,75.06,VIR,ASV,10.0,-1.0,-2.0,-4.0,4.0,0.0,3.0,-4.0,0.0,-4.0,0.0,X3,E2020+E2021+E2022,2.0,-4.493454635499063,12.0,5.506545364500937
E2023,198,2024-01-19 18:00:00+00:00,22,Regular Season,40.0,69.4,ZAL,ULK,23.0,1.0,12.0,3.0,0.0,-6.0,-19.0,-1.0,-1.0,0.0,5.0,X3,E2020+E2021+E2022,26.0,35.85677194503025,49.0,58.85677194503025
E2023,195,2024-01-19 19:00:00+00:00,22,Regular Season,40.0,78.2,MCO,MAD,24.0,-1.0,15.0,4.0,3.0,-2.0,-9.0,-1.0,-6.0,-3.0,2.0,X3,E2020+E2021+E2022,36.0,35.942223817632815,60.0,59.942223817632815
E2023,196,2024-01-19 19:15:00+00:00,22,Regular Season,40.0,73.06,PAN,PAR,13.0,3.0,1.0,-3.0,1.0,11.0,-13.0,2.0,1.0,-1.0,-10.0,X3,E2020+E2021+E2022,34.0,26.55935888737369,47.0,39.55935888737369
E2023,197,2024-01-19 19:30:00+00:00,22,Regular Season,40.0,70.22,PAM,MIL,12.0,5.0,2.0,2.0,-1.0,-1.0,0.0,-2.0,-1.0,1.0,1.0,X3,E2020+E2021+E2022,8.0,12.493586498103761,20.0,24.49358649810376
E2023,201,2024-01-25 17:45:00+00:00,23,Regular Season,40.0,72.12,ULK,VIR,13.0,2.0,3.0,-1.0,3.0,-7.0,-7.0,-6.0,1.0,-3.0,7.0,X3,E2020+E2021+E2022,8.0,13.362010910431291,21.0,26.36201091043129
E2023,199,2024-01-25 19:00:00+00:00,23,Regular Season,40.0,71.4,BER,RED,9.0,7.0,10.0,-4.0,-1.0,2.0,-7.0,-3.0,0.0,1.0,-1.0,X3,E2020+E2021+E2022,24.0,22.577752994717027,33.0,31.577752994717027
E2023,202,2024-01-25 19:05:00+00:00,23,Regular Season,40.0,69.2,TEL,PAN,15.0,-8.0,4.0,3.0,1.0,-2.0,-7.0,-1.0,-4.0,-1.0,2.0,X3,E2020+E2021+E2022,9.0,11.128353014641252,24.0,26.128353014641252
E2023,200,2024-01-25 19:30:00+00:00,23,Regular Season,40.0,70.53999999999999,ASV,MUN,12.0,14.0,4.0,0.0,1.0,0.0,-5.0,-5.0,1.0,-1.0,0.0,X3,E2020+E2021+E2022,29.0,33.28386761513011,41.0,45.28386761513011
E2023,203,2024-01-25 19:45:00+00:00,23,Regular Season,40.0,71.7,MAD,OLY,5.0,3.0,3.0,-3.0,1.0,-2.0,-7.0,-7.0,3.0,-1.0,4.0,X3,E2020+E2021+E2022,10.0,11.854628924585132,15.0,16.854628924585132
E2023,204,2024-01-26 17:30:00+00:00,23,Regular Season,40.0,71.88,MCO,IST,2.0,4.0,3.0,-2.0,-1.0,2.0,2.0,-1.0,-2.0,1.0,-1.0,X3,E2020+E2021+E2022,7.0,5.9241189436502815,9.0,7.9241189436502815
E2023,205,2024-01-26 19:30:00+00:00,23,Regular Season,40.0,74.06,MIL,BAR,4.0,6.0,-5.0,-1.0,1.0,4.0,-3.0,2.0,3.0,-1.0,-6.0,X3,E2020+E2021+E2022,10.0,8.002095064190005,14.0,12.002095064190005
E2023,206,2024-01-26 19:30:00+00:00,23,Regular Season,40.0,68.58,PAR,ZAL,9.0,-1.0,-4.0,0.0,0.0,3.0,-10.0,0.0,-1.0,0.0,-3.0,X3,E2020+E2021+E2022,12.0,15.054782294410224,21.0,24.054782294410224
E2023,207,2024-01-26 19:30:00+00:00,23,Regular Season,40.0,71.94,PAM,BAS,15.0,2.0,3.0,2.0,1.0,-9.0,-8.0,0.0,0.0,-1.0,8.0,X3,E2020+E2021+E2022,0.0,11.096631007126003,15.0,26.096631007126003
E2023,208,2024-01-30 19:00:00+00:00,24,Regular Season,40.0,65.8,RED,PAM,18.0,4.0,10.0,-3.0,1.0,-8.0,-5.0,-4.0,1.0,-1.0,8.0,X3,E2020+E2021+E2022,5.0,9.086732132405242,23.0,27.086732132405242
E2023,209,2024-01-30 19:00:00+00:00,24,Regular Season,45.0,79.24000000000001,MUN,BAS,3.0,8.0,1.0,-2.0,3.0,3.0,-11.0,1.0,4.0,-3.0,-3.0,X3,E2020+E2021+E2022,25.0,23.266566827331403,28.0,26.266566827331403
E2023,210,2024-01-30 19:00:00+00:00,24,Regular Season,40.0,64.46000000000001,ULK,ASV,10.0,-7.0,7.0,0.0,5.0,-3.0,-10.0,-3.0,1.0,-5.0,3.0,X3,E2020+E2021+E2022,16.0,11.486165898575322,26.0,21.486165898575322
E2023,211,2024-01-30 19:15:00+00:00,24,Regular Season,40.0,77.78,OLY,BER,14.0,9.0,4.0,7.0,4.0,-9.0,4.0,-2.0,-2.0,-4.0,8.0,X3,E2020+E2021+E2022,11.0,19.822300685236808,25.0,33.82230068523681
E2023,212,2024-01-30 19:30:00+00:00,24,Regular Season,40.0,80.53999999999999,MAD,TEL,5.0,-3.0,6.0,3.0,3.0,8.0,-21.0,7.0,2.0,-3.0,-9.0,X3,E2020+E2021+E2022,41.0,34.269315935436396,46.0,39.269315935436396
E2023,213,2024-01-31 18:00:00+00:00,24,Regular Season,40.0,66.92,MCO,PAR,15.0,7.0,2.0,6.0,-5.0,0.0,10.0,2.0,-10.0,5.0,1.0,X3,E2020+E2021+E2022,2.0,12.962471617479247,17.0,27.962471617479245
E2023,216,2024-01-31 18:00:00+00:00,24,Regular Season,40.0,67.86,ZAL,IST,26.0,14.0,14.0,6.0,-1.0,-2.0,0.0,0.0,-5.0,1.0,2.0,X3,E2020+E2021+E2022,33.0,40.17703218330969,59.0,66.17703218330969
E2023,215,2024-01-31 19:15:00+00:00,24,Regular Season,40.0,70.03999999999999,PAN,MIL,17.0,5.0,11.0,3.0,2.0,4.0,-3.0,0.0,-2.0,-2.0,-4.0,X3,E2020+E2021+E2022,36.0,30.325096948598237,53.0,47.32509694859824
E2023,214,2024-01-31 19:30:00+00:00,24,Regular Season,40.0,69.4,BAR,VIR,27.0,14.0,7.0,2.0,-4.0,3.0,-5.0,0.0,-3.0,4.0,-2.0,X3,E2020+E2021+E2022,28.0,36.20471829539121,55.0,63.20471829539121
E2023,217,2024-02-01 19:00:00+00:00,25,Regular Season,40.0,72.76,PAM,BER,15.0,13.0,1.0,2.0,-1.0,-4.0,-6.0,7.0,3.0,1.0,4.0,X3,E2020+E2021+E2022,2.0,13.552948530269553,17.0,28.552948530269553
E2023,218,2024-02-01 19:30:00+00:00,25,Regular Season,40.0,66.84,OLY,MUN,4.0,-3.0,5.0,1.0,-1.0,-2.0,-1.0,-1.0,-5.0,1.0,2.0,X3,E2020+E2021+E2022,4.0,6.782001414164799,8.0,10.7820014141648
E2023,220,2024-02-01 19:30:00+00:00,25,Regular Season,40.0,73.6,BAS,TEL,10.0,0.0,9.0,-6.0,0.0,-3.0,-11.0,-3.0,4.0,0.0,2.0,X3,E2020+E2021+E2022,8.0,6.015089205716717,18.0,16.015089205716716
E2023,219,2024-02-01 19:45:00+00:00,25,Regular Season,40.0,67.75999999999999,MAD,ASV,7.0,-3.0,4.0,5.0,2.0,3.0,5.0,-1.0,-7.0,-2.0,-3.0,X3,E2020+E2021+E2022,19.0,14.59911699324843,26.0,21.59911699324843
E2023,221,2024-02-02 17:30:00+00:00,25,Regular Season,40.0,70.46,IST,MIL,6.0,6.0,-7.0,0.0,1.0,4.0,3.0,0.0,-2.0,-1.0,-4.0,X3,E2020+E2021+E2022,8.0,8.456799443003582,14.0,14.456799443003582
E2023,225,2024-02-02 18:00:00+00:00,25,Regular Season,40.0,67.0,ZAL,PAN,12.0,6.0,2.0,6.0,0.0,-9.0,5.0,-4.0,-6.0,0.0,9.0,X3,E2020+E2021+E2022,1.0,15.221426355975069,13.0,27.22142635597507
E2023,223,2024-02-02 19:00:00+00:00,25,Regular Season,40.0,71.6,BAR,RED,9.0,-3.0,5.0,6.0,0.0,-4.0,-10.0,0.0,-1.0,0.0,4.0,X3,E2020+E2021+E2022,11.0,18.7852323010486,20.0,27.7852323010486
E2023,222,2024-02-02 19:30:00+00:00,25,Regular Season,40.0,70.0,MCO,ULK,7.0,-12.0,2.0,8.0,-2.0,7.0,-1.0,2.0,-11.0,2.0,-7.0,X3,E2020+E2021+E2022,18.0,16.722170591543026,25.0,23.722170591543026
E2023,224,2024-02-02 19:30:00+00:00,25,Regular Season,40.0,72.42,VIR,PAR,4.0,4.0,11.0,1.0,0.0,0.0,1.0,0.0,2.0,0.0,-1.0,X3,E2020+E2021+E2022,14.0,8.934017059831724,18.0,12.934017059831724
E2023,227,2024-02-08 17:30:00+00:00,26,Regular Season,40.0,71.24,IST,TEL,14.0,8.0,1.0,2.0,-3.0,0.0,-2.0,-1.0,-3.0,3.0,0.0,X3,E2020+E2021+E2022,11.0,19.95938895001163,25.0,33.95938895001163
E2023,226,2024-02-08 19:30:00+00:00,26,Regular Season,40.0,71.74000000000001,MIL,MAD,5.0,9.0,-6.0,2.0,-3.0,1.0,11.0,0.0,-3.0,3.0,-2.0,X3,E2020+E2021+E2022,-6.0,-0.13214886387373515,-1.0,4.867851136126265
E2023,228,2024-02-08 19:30:00+00:00,26,Regular Season,40.0,71.9,OLY,PAM,13.0,6.0,1.0,0.0,2.0,0.0,3.0,0.0,-3.0,-2.0,-1.0,X3,E2020+E2021+E2022,12.0,11.658621948510788,25.0,24.65862194851079
E2023,229,2024-02-08 19:30:00+00:00,26,Regular Season,40.0,63.54,MUN,PAR,1.0,0.0,3.0,-3.0,0.0,7.0,-8.0,1.0,1.0,0.0,-6.0,X3,E2020+E2021+E2022,19.0,12.411358520926099,20.0,13.411358520926099
E2023,230,2024-02-08 19:30:00+00:00,26,Regular Season,40.0,68.75999999999999,BAS,ASV,14.0,-2.0,13.0,1.0,1.0,2.0,-3.0,-1.0,-2.0,-1.0,-2.0,X3,E2020+E2021+E2022,24.0,16.684741068840033,38.0,30.684741068840033
E2023,231,2024-02-09 19:00:00+00:00,26,Regular Season,40.0,73.56,ZAL,RED,2.0,-8.0,-3.0,3.0,-1.0,1.0,8.0,-2.0,-4.0,1.0,-2.0,X3,E2020+E2021+E2022,-9.0,-11.154631504030647,-7.0,-9.154631504030647
E2023,233,2024-02-09 19:15:00+00:00,26,Regular Season,40.0,67.47999999999999,PAN,ULK,11.0,9.0,-8.0,0.0,2.0,5.0,5.0,-2.0,-2.0,-2.0,-6.0,X3,E2020+E2021+E2022,15.0,13.82376734954726,26.0,24.82376734954726
E2023,232,2024-02-09 19:30:00+00:00,26,Regular Season,40.0,81.16,BAR,BER,16.0,7.0,10.0,0.0,2.0,-3.0,-6.0,-1.0,0.0,-2.0,3.0,X3,E2020+E2021+E2022,22.0,23.501931659384542,38.0,39.50193165938454
E2023,234,2024-02-09 19:30:00+00:00,26,Regular Season,40.0,74.66,MCO,VIR,3.0,8.0,-13.0,-3.0,-4.0,5.0,0.0,0.0,1.0,4.0,-6.0,X3,E2020+E2021+E2022,-6.0,-0.011366721688016668,-3.0,2.9886332783119833
E2023,235,2024-02-29 19:00:00+00:00,27,Regular Season,40.0,76.16,TEL,BER,35.0,8.0,11.0,5.0,2.0,3.0,-18.0,6.0,-6.0,-2.0,-3.0,X3,E2020+E2021+E2022,52.0,57.46455400769507,87.0,92.46455400769507
E2023,236,2024-02-29 19:30:00+00:00,27,Regular Season,40.0,70.28,PAR,IST,10.0,1.0,-2.0,0.0,-2.0,3.0,-3.0,2.0,-1.0,2.0,-3.0,X3,E2020+E2021+E2022,3.0,5.0365151430857775,13.0,15.036515143085778
E2023,238,2024-02-29 19:30:00+00:00,27,Regular Season,40.0,71.46000000000001,VIR,PAM,13.0,1.0,9.0,7.0,4.0,1.0,6.0,-1.0,-7.0,-4.0,-2.0,X3,E2020+E2021+E2022,30.0,24.831324479072947,43.0,37.83132447907295
E2023,237,2024-02-29 19:45:00+00:00,27,Regular Season,40.0,76.25999999999999,PAN,MAD,11.0,-8.0,8.0,2.0,-1.0,0.0,1.0,-1.0,-9.0,1.0,0.0,X3,E2020+E2021+E2022,9.0,7.963485457243977,20.0,18.963485457243976
E2023,242,2024-03-01 17:45:00+00:00,27,Regular Season,40.0,74.28,ULK,BAS,15.0,-7.0,12.0,5.0,3.0,-1.0,3.0,4.0,-10.0,-3.0,1.0,X3,E2020+E2021+E2022,17.0,12.449016276954731,32.0,27.44901627695473
E2023,239,2024-03-01 18:00:00+00:00,27,Regular Season,40.0,66.64,OLY,ZAL,19.0,-5.0,11.0,1.0,2.0,4.0,-15.0,4.0,-4.0,-2.0,-4.0,X3,E2020+E2021+E2022,34.0,29.24030374693546,53.0,48.24030374693546
E2023,243,2024-03-01 19:00:00+00:00,27,Regular Season,40.0,70.04,ASV,MIL,4.0,-6.0,6.0,4.0,-1.0,0.0,-12.0,1.0,-1.0,1.0,0.0,X3,E2020+E2021+E2022,14.0,16.9767963819654,18.0,20.9767963819654
E2023,240,2024-03-01 19:30:00+00:00,27,Regular Season,40.0,71.58000000000001,MCO,BAR,10.0,7.0,2.0,0.0,3.0,-1.0,-7.0,1.0,1.0,-3.0,1.0,X3,E2020+E2021+E2022,18.0,20.182126606358985,28.0,30.182126606358985
E2023,241,2024-03-01 19:30:00+00:00,27,Regular Season,40.0,67.28,MUN,RED,8.0,-1.0,9.0,2.0,0.0,3.0,-8.0,-1.0,-1.0,0.0,-3.0,X3,E2020+E2021+E2022,26.0,22.993527485038037,34.0,30.993527485038037
E2023,244,2024-03-07 17:30:00+00:00,28,Regular Season,40.0,74.52,IST,MUN,23.0,0.0,3.0,1.0,3.0,1.0,-2.0,0.0,-8.0,-3.0,-1.0,X3,E2020+E2021+E2022,22.0,21.764491387108233,45.0,44.76449138710824
E2023,245,2024-03-07 18:00:00+00:00,28,Regular Season,40.0,69.94,MCO,RED,18.0,6.0,1.0,3.0,-1.0,9.0,8.0,-1.0,-6.0,1.0,-10.0,X3,E2020+E2021+E2022,26.0,20.460412352787696,44.0,38.4604123527877
E2023,246,2024-03-07 19:05:00+00:00,28,Regular Season,40.0,74.32,TEL,ZAL,7.0,12.0,5.0,2.0,3.0,3.0,8.0,0.0,-4.0,-3.0,-2.0,X3,E2020+E2021+E2022,26.0,22.512429626284312,33.0,29.512429626284312
E2023,249,2024-03-07 19:30:00+00:00,28,Regular Season,40.0,76.18,BAR,PAM,10.0,12.0,9.0,-6.0,2.0,-1.0,-8.0,-1.0,7.0,-2.0,2.0,X3,E2020+E2021+E2022,18.0,15.066610367685534,28.0,25.066610367685534
E2023,248,2024-03-07 19:45:00+00:00,28,Regular Season,40.0,75.62,ULK,MAD,10.0,15.0,2.0,-1.0,-2.0,-5.0,5.0,-4.0,1.0,2.0,5.0,X3,E2020+E2021+E2022,0.0,9.127462082088442,10.0,19.127462082088442
E2023,247,2024-03-07 20:00:00+00:00,28,Regular Season,40.0,72.17999999999999,OLY,VIR,5.0,6.0,-2.0,-4.0,2.0,4.0,-12.0,10.0,4.0,-2.0,-4.0,X3,E2020+E2021+E2022,10.0,8.27583109445693,15.0,13.27583109445693
E2023,251,2024-03-08 19:15:00+00:00,28,Regular Season,40.0,68.22,PAN,ASV,18.0,13.0,7.0,0.0,3.0,5.0,3.0,3.0,-1.0,-3.0,-5.0,X3,E2020+E2021+E2022,31.0,24.05185360101928,49.0,42.051853601019275
E2023,250,2024-03-08 19:30:00+00:00,28,Regular Season,40.0,66.66,MIL,PAR,2.0,0.0,6.0,-3.0,2.0,-4.0,-10.0,0.0,6.0,-2.0,3.0,X3,E2020+E2021+E2022,4.0,2.395165316159928,6.0,4.395165316159928
E2023,252,2024-03-08 19:30:00+00:00,28,Regular Season,40.0,71.38,BAS,BER,17.0,1.0,0.0,-4.0,0.0,-1.0,-13.0,2.0,0.0,0.0,1.0,X3,E2020+E2021+E2022,6.0,10.834123276885041,23.0,27.83412327688504
E2023,255,2024-03-14 17:45:00+00:00,29,Regular Season,40.0,69.86,OLY,PAN,6.0,-11.0,5.0,6.0,0.0,-3.0,0.0,3.0,-11.0,0.0,3.0,X3,E2020+E2021+E2022,2.0,6.395567955736794,8.0,12.395567955736794
E2023,258,2024-03-14 17:45:00+00:00,29,Regular Season,40.0,75.2,ULK,PAM,30.0,7.0,5.0,0.0,1.0,-5.0,4.0,-1.0,-3.0,-1.0,5.0,X3,E2020+E2021+E2022,4.0,8.294758049846646,34.0,38.29475804984665
E2023,257,2024-03-14 18:00:00+00:00,29,Regular Season,40.0,70.0,TEL,RED,4.0,7.0,-4.0,0.0,2.0,5.0,4.0,1.0,-3.0,-2.0,-5.0,X3,E2020+E2021+E2022,15.0,12.491640517856656,19.0,16.491640517856656
E2023,253,2024-03-14 19:00:00+00:00,29,Regular Season,40.0,79.56,MCO,BER,8.0,6.0,1.0,3.0,2.0,-2.0,14.0,1.0,-9.0,-2.0,3.0,X3,E2020+E2021+E2022,3.0,5.515909613885442,11.0,13.51590961388544
E2023,254,2024-03-14 19:30:00+00:00,29,Regular Season,40.0,70.03999999999999,BAR,PAR,18.0,3.0,14.0,-3.0,0.0,-3.0,-11.0,0.0,3.0,0.0,3.0,X3,E2020+E2021+E2022,16.0,15.180411878391006,34.0,33.180411878391006
E2023,256,2024-03-14 19:30:00+00:00,29,Regular Season,40.0,73.69999999999999,BAS,MIL,15.0,7.0,-2.0,-7.0,-1.0,-3.0,-15.0,3.0,6.0,1.0,3.0,X3,E2020+E2021+E2022,-4.0,3.6630327006730665,11.0,18.663032700673067
E2023,261,2024-03-15 19:00:00+00:00,29,Regular Season,40.0,71.28,ASV,IST,4.0,15.0,6.0,-9.0,3.0,-4.0,-6.0,-1.0,8.0,-3.0,4.0,X3,E2020+E2021+E2022,9.0,7.506144838307779,13.0,11.50614483830778
E2023,259,2024-03-15 19:30:00+00:00,29,Regular Season,40.0,65.12,MAD,VIR,15.0,11.0,4.0,0.0,-1.0,-1.0,-4.0,-1.0,4.0,1.0,1.0,X3,E2020+E2021+E2022,12.0,16.173430334017446,27.0,31.173430334017446
E2023,260,2024-03-15 19:30:00+00:00,29,Regular Season,40.0,67.08,MUN,ZAL,6.0,2.0,3.0,2.0,4.0,1.0,-6.0,-3.0,1.0,-4.0,-1.0,X3,E2020+E2021+E2022,25.0,22.256555248610674,31.0,28.256555248610674
E2023,263,2024-03-19 17:30:00+00:00,30,Regular Season,40.0,62.72,IST,OLY,13.0,0.0,-1.0,-1.0,5.0,-1.0,-1.0,1.0,-1.0,-5.0,1.0,X3,E2020+E2021+E2022,7.0,3.8803509084930567,20.0,16.880350908493057
E2023,266,2024-03-19 18:00:00+00:00,30,Regular Season,40.0,71.4,ZAL,VIR,15.0,0.0,1.0,-2.0,-3.0,2.0,-4.0,2.0,-3.0,3.0,-2.0,X3,E2020+E2021+E2022,2.0,4.689993987003393,17.0,19.689993987003394
E2023,262,2024-03-19 19:00:00+00:00,30,Regular Season,40.0,72.97999999999999,MAD,BER,7.0,19.0,-2.0,-1.0,-1.0,7.0,-2.0,4.0,3.0,1.0,-7.0,X3,E2020+E2021+E2022,23.0,24.33358028806947,30.0,31.33358028806947
E2023,264,2024-03-19 19:05:00+00:00,30,Regular Season,40.0,72.52000000000001,TEL,ASV,8.0,2.0,-3.0,4.0,2.0,4.0,5.0,1.0,-5.0,-2.0,-4.0,X3,E2020+E2021+E2022,14.0,12.448933660133692,22.0,20.44893366013369
E2023,265,2024-03-19 19:30:00+00:00,30,Regular Season,40.0,70.2,PAR,BAS,4.0,-1.0,4.0,-1.0,4.0,-4.0,2.0,0.0,-2.0,-4.0,4.0,X3,E2020+E2021+E2022,2.0,-0.5939610474795556,6.0,3.4060389525204444
E2023,269,2024-03-20 17:45:00+00:00,30,Regular Season,40.0,71.42,ULK,BAR,14.0,-2.0,2.0,2.0,1.0,4.0,-7.0,-1.0,-3.0,-1.0,-4.0,X3,E2020+E2021+E2022,23.0,21.487995395985312,37.0,35.48799539598531
E2023,267,2024-03-20 18:00:00+00:00,30,Regular Season,40.0,71.24,MIL,MCO,18.0,6.0,11.0,1.0,4.0,-4.0,-4.0,-2.0,-3.0,-4.0,4.0,X3,E2020+E2021+E2022,27.0,27.75564514920596,45.0,45.75564514920596
E2023,268,2024-03-20 19:00:00+00:00,30,Regular Season,40.0,70.32,PAN,RED,13.0,6.0,2.0,-2.0,-3.0,4.0,1.0,2.0,0.0,3.0,-4.0,X3,E2020+E2021+E2022,5.0,4.084475591581447,18.0,17.084475591581448
E2023,270,2024-03-20 19:30:00+00:00,30,Regular Season,40.0,69.72,PAM,MUN,2.0,3.0,0.0,-5.0,0.0,1.0,5.0,-1.0,-1.0,0.0,-2.0,X3,E2020+E2021+E2022,-2.0,-6.153856669144709,0.0,-4.153856669144709
E2023,271,2024-03-21 17:30:00+00:00,31,Regular Season,40.0,69.84,IST,BER,1.0,-9.0,-3.0,2.0,6.0,-4.0,-3.0,-5.0,-5.0,-6.0,4.0,X3,E2020+E2021+E2022,7.0,7.486796865406642,8.0,8.486796865406642
E2023,274,2024-03-21 18:00:00+00:00,31,Regular Season,40.0,74.48,ZAL,BAS,18.0,7.0,2.0,7.0,-1.0,-6.0,4.0,-5.0,-3.0,1.0,6.0,X3,E2020+E2021+E2022,6.0,18.01474669955519,24.0,36.01474669955519
E2023,272,2024-03-21 19:15:00+00:00,31,Regular Season,40.0,69.68,OLY,ASV,16.0,3.0,8.0,0.0,5.0,-3.0,-4.0,-2.0,-2.0,-5.0,3.0,X3,E2020+E2021+E2022,23.0,21.020305489498753,39.0,37.02030548949875
E2023,273,2024-03-21 19:30:00+00:00,31,Regular Season,40.0,68.98,MAD,PAR,12.0,5.0,14.0,-1.0,1.0,-1.0,-2.0,0.0,-3.0,-1.0,1.0,X3,E2020+E2021+E2022,23.0,20.168683508772023,35.0,32.16868350877202
E2023,275,2024-03-22 18:00:00+00:00,31,Regular Season,40.0,69.62,MCO,PAM,1.0,5.0,-2.0,-4.0,3.0,4.0,1.0,-2.0,1.0,-3.0,-4.0,X3,E2020+E2021+E2022,13.0,6.185449261902681,14.0,7.185449261902681
E2023,277,2024-03-22 18:00:00+00:00,31,Regular Season,40.0,77.02000000000001,RED,VIR,15.0,3.0,12.0,-1.0,4.0,5.0,-18.0,4.0,4.0,-4.0,-4.0,X3,E2020+E2021+E2022,41.0,32.808396990191206,56.0,47.808396990191206
E2023,279,2024-03-22 19:15:00+00:00,31,Regular Season,40.0,71.14,PAN,BAR,8.0,-1.0,-5.0,3.0,1.0,1.0,-7.0,-2.0,-1.0,-1.0,-1.0,X3,E2020+E2021+E2022,11.0,15.720632791373808,19.0,23.72063279137381
E2023,276,2024-03-22 19:30:00+00:00,31,Regular Season,40.0,69.44,MIL,ULK,1.0,2.0,-2.0,-3.0,1.0,5.0,1.0,0.0,0.0,-1.0,-5.0,X3,E2020+E2021+E2022,8.0,1.9241822378868778,9.0,2.924182237886878
E2023,278,2024-03-22 19:30:00+00:00,31,Regular Season,40.0,74.64,TEL,MUN,15.0,4.0,3.0,6.0,2.0,8.0,-4.0,-2.0,-6.0,-2.0,-8.0,X3,E2020+E2021+E2022,45.0,42.491288854579636,60.0,57.491288854579636
E2023,283,2024-03-27 19:30:00+00:00,32,Regular Season,40.0,72.75999999999999,TEL,PAM,15.0,-3.0,-1.0,4.0,6.0,2.0,-8.0,0.0,-5.0,-6.0,-2.0,X3,E2020+E2021+E2022,29.0,27.802436808868116,44.0,42.802436808868116
E2023,285,2024-03-28 18:00:00+00:00,32,Regular Season,40.0,67.47999999999999,ZAL,MIL,14.0,7.0,4.0,1.0,-1.0,1.0,2.0,3.0,-4.0,1.0,-1.0,X3,E2020+E2021+E2022,11.0,13.471686637941517,25.0,27.471686637941517
E2023,280,2024-03-28 19:30:00+00:00,32,Regular Season,40.0,73.53999999999999,BAR,MUN,8.0,-3.0,-3.0,8.0,-2.0,-3.0,-5.0,2.0,-6.0,2.0,2.0,X3,E2020+E2021+E2022,2.0,15.413364892497068,10.0,23.413364892497068
E2023,282,2024-03-28 19:30:00+00:00,32,Regular Season,40.0,69.18,IST,BAS,21.0,-4.0,5.0,5.0,2.0,-3.0,0.0,-7.0,-6.0,-2.0,3.0,X3,E2020+E2021+E2022,17.0,19.371863736129427,38.0,40.37186373612943
E2023,284,2024-03-28 19:30:00+00:00,32,Regular Season,40.0,67.64,OLY,PAR,5.0,-13.0,-5.0,6.0,0.0,3.0,-10.0,1.0,-5.0,0.0,-3.0,X3,E2020+E2021+E2022,8.0,11.467199648401511,13.0,16.46719964840151
E2023,281,2024-03-28 20:00:00+00:00,32,Regular Season,40.0,76.19999999999999,MCO,ASV,10.0,3.0,-8.0,1.0,2.0,8.0,-9.0,6.0,-5.0,-2.0,-9.0,X3,E2020+E2021+E2022,25.0,25.965594651332772,35.0,35.96559465133277
E2023,286,2024-03-29 17:45:00+00:00,32,Regular Season,40.0,76.44,ULK,BER,35.0,-1.0,16.0,9.0,4.0,7.0,-5.0,6.0,-12.0,-3.0,-8.0,X3,E2020+E2021+E2022,57.0,49.96209294212364,92.0,84.96209294212363
E2023,287,2024-03-29 19:30:00+00:00,32,Regular Season,40.0,77.25999999999999,MAD,RED,7.0,5.0,3.0,0.0,1.0,10.0,-5.0,4.0,4.0,-1.0,-11.0,X3,E2020+E2021+E2022,28.0,17.031910486329895,35.0,24.031910486329895
E2023,288,2024-03-29 19:30:00+00:00,32,Regular Season,40.0,65.0,PAN,VIR,2.0,4.0,-8.0,0.0,-1.0,2.0,7.0,4.0,-5.0,1.0,-2.0,X3,E2020+E2021+E2022,-8.0,-4.04503721202901,-6.0,-2.04503721202901
E2023,290,2024-04-04 17:00:00+00:00,33,Regular Season,40.0,69.24000000000001,MCO,ZAL,3.0,7.0,-1.0,5.0,-1.0,10.0,-3.0,7.0,-2.0,1.0,-10.0,X3,E2020+E2021+E2022,27.0,25.655599103312756,30.0,28.655599103312756
E2023,291,2024-04-04 17:00:00+00:00,33,Regular Season,40.0,69.42,OLY,RED,3.0,-11.0,5.0,5.0,1.0,0.0,-4.0,5.0,-5.0,-1.0,-1.0,X3,E2020+E2021+E2022,6.0,4.065725089420142,9.0,7.065725089420142
E2023,289,2024-04-04 18:30:00+00:00,33,Regular Season,40.0,76.38,PAR,BER,11.0,0.0,-1.0,3.0,4.0,0.0,-6.0,0.0,-5.0,-4.0,0.0,X3,E2020+E2021+E2022,21.0,23.744349809356798,32.0,34.7443498093568
E2023,292,2024-04-04 18:30:00+00:00,33,Regular Season,40.0,76.75999999999999,BAR,TEL,3.0,5.0,1.0,-1.0,-1.0,2.0,-6.0,0.0,2.0,1.0,-2.0,X3,E2020+E2021+E2022,11.0,12.514977361088267,14.0,15.514977361088267
E2023,293,2024-04-04 18:45:00+00:00,33,Regular Season,40.0,76.62,ASV,PAM,29.0,15.0,14.0,-2.0,0.0,4.0,-17.0,2.0,3.0,0.0,-4.0,X3,E2020+E2021+E2022,47.0,46.81654872674159,76.0,75.81654872674159
E2023,296,2024-04-05 17:45:00+00:00,33,Regular Season,40.0,70.78,IST,ULK,2.0,-6.0,7.0,2.0,2.0,4.0,-5.0,1.0,-4.0,-2.0,-4.0,X3,E2020+E2021+E2022,23.0,16.162704000126737,25.0,18.162704000126737
E2023,294,2024-04-05 18:30:00+00:00,33,Regular Season,40.0,74.66,MIL,VIR,15.0,-1.0,2.0,4.0,-1.0,2.0,-10.0,2.0,-4.0,1.0,-1.0,X3,E2020+E2021+E2022,18.0,24.01508878871644,33.0,39.01508878871644
E2023,295,2024-04-05 18:30:00+00:00,33,Regular Season,40.0,70.16,PAN,MUN,7.0,4.0,-3.0,-4.0,0.0,7.0,-5.0,3.0,1.0,0.0,-7.0,X3,E2020+E2021+E2022,12.0,7.65027280366215,19.0,14.650272803662151
E2023,297,2024-04-05 18:30:00+00:00,33,Regular Season,40.0,82.02000000000001,BAS,MAD,4.0,5.0,-1.0,-6.0,-3.0,4.0,0.0,3.0,0.0,3.0,-5.0,X3,E2020+E2021+E2022,-2.0,-3.841479282945901,2.0,0.15852071705409898
E2023,299,2024-04-11 17:00:00+00:00,34,Regular Season,40.0,67.76,MCO,MUN,4.0,0.0,-1.0,0.0,-1.0,7.0,-9.0,6.0,-1.0,1.0,-7.0,X3,E2020+E2021+E2022,15.0,13.53500330507731,19.0,17.53500330507731
E2023,302,2024-04-11 17:00:00+00:00,34,Regular Season,40.0,66.7,MAD,ZAL,2.0,14.0,1.0,-10.0,2.0,3.0,-8.0,1.0,8.0,-2.0,-3.0,X3,E2020+E2021+E2022,14.0,8.782648987968201,16.0,10.782648987968201
E2023,298,2024-04-11 17:30:00+00:00,34,Regular Season,40.0,76.32,IST,RED,45.0,5.0,10.0,12.0,1.0,2.0,3.0,-3.0,-14.0,-1.0,-4.0,X3,E2020+E2021+E2022,49.0,53.4580202907088,94.0,98.4580202907088
E2023,300,2024-04-11 18:05:00+00:00,34,Regular Season,40.0,81.48,TEL,MIL,6.0,5.0,9.0,-5.0,-2.0,-2.0,-5.0,0.0,0.0,2.0,1.0,X3,E2020+E2021+E2022,7.0,7.965194842775028,13.0,13.965194842775027
E2023,301,2024-04-11 18:15:00+00:00,34,Regular Season,40.0,71.66,PAN,BER,9.0,-5.0,0.0,7.0,6.0,5.0,-3.0,3.0,-6.0,-6.0,-5.0,X3,E2020+E2021+E2022,30.0,24.31701118872243,39.0,33.31701118872243
E2023,305,2024-04-12 18:15:00+00:00,34,Regular Season,45.0,75.9,OLY,ULK,3.0,-9.0,1.0,1.0,2.0,3.0,-4.0,0.0,-4.0,-2.0,-4.0,X3,E2020+E2021+E2022,12.0,6.4629101422754935,15.0,9.462910142275494
E2023,303,2024-04-12 18:30:00+00:00,34,Regular Season,40.0,75.58000000000001,BAS,VIR,4.0,4.0,-7.0,1.0,-3.0,4.0,2.0,-1.0,0.0,3.0,-4.0,X3,E2020+E2021+E2022,-1.0,2.5770190765165113,3.0,6.577019076516511
E2023,306,2024-04-12 18:30:00+00:00,34,Regular Season,40.0,75.32,PAR,PAM,13.0,-5.0,8.0,6.0,-1.0,5.0,3.0,1.0,-11.0,1.0,-5.0,X3,E2020+E2021+E2022,24.0,21.12622447844458,37.0,34.126224478444584
E2023,304,2024-04-12 19:00:00+00:00,34,Regular Season,40.0,71.64,ASV,BAR,4.0,-12.0,7.0,3.0,-4.0,-4.0,-3.0,-9.0,-6.0,4.0,4.0,X3,E2020+E2021+E2022,0.0,5.5882880519483376,4.0,9.588288051948338
E2023,307,2024-04-16 17:00:00+00:00,35,Play-In,40.0,71.62,TEL,BAS,28.0,11.0,2.0,0.0,0.0,-3.0,4.0,-3.0,-4.0,0.0,2.0,X3,E2020+E2021+E2022,11.0,17.324295982620264,39.0,45.324295982620264
E2023,308,2024-04-16 18:00:00+00:00,35,Play-In,40.0,68.44,VIR,IST,3.0,3.0,13.0,-1.0,2.0,-9.0,-8.0,0.0,6.0,-2.0,9.0,X3,E2020+E2021+E2022,3.0,4.902033907830551,6.0,7.902033907830551
E2023,309,2024-04-19 18:30:00+00:00,36,Play-In,40.0,71.94,BAS,VIR,12.0,2.0,11.0,2.0,-3.0,1.0,9.0,-3.0,-5.0,3.0,-1.0,X3,E2020+E2021+E2022,10.0,7.327744561145007,22.0,19.327744561145007
E2023,313,2024-04-23 17:30:00+00:00,37,Playoffs,40.0,73.16,TEL,PAN,4.0,4.0,-9.0,5.0,-1.0,-1.0,14.0,-4.0,-6.0,1.0,1.0,X3,E2020+E2021+E2022,-8.0,-0.5149215805851757,-4.0,3.4850784194148243
E2023,310,2024-04-23 19:00:00+00:00,37,Playoffs,40.0,72.06,MAD,BAS,16.0,-2.0,3.0,6.0,2.0,0.0,-6.0,-1.0,-5.0,-2.0,0.0,X3,E2020+E2021+E2022,23.0,26.451581180671106,39.0,42.451581180671106
E2023,312,2024-04-24 17:00:00+00:00,37,Playoffs,45.0,74.48,ULK,MCO,4.0,11.0,0.0,-2.0,-3.0,-1.0,-7.0,3.0,7.0,3.0,0.0,X3,E2020+E2021+E2022,-1.0,5.361216615347105,3.0,9.361216615347104
E2023,311,2024-04-24 19:00:00+00:00,37,Playoffs,40.0,76.22,OLY,BAR,2.0,-2.0,1.0,3.0,-1.0,-1.0,-10.0,3.0,2.0,1.0,2.0,X3,E2020+E2021+E2022,2.0,7.682878472414278,4.0,9.682878472414277
E2023,317,2024-04-25 18:15:00+00:00,38,Playoffs,40.0,68.16,PAN,TEL,16.0,6.0,-4.0,1.0,-1.0,6.0,-4.0,4.0,-1.0,1.0,-7.0,X3,E2020+E2021+E2022,15.0,16.305091466929035,31.0,32.305091466929035
E2023,314,2024-04-25 19:00:00+00:00,38,Playoffs,40.0,72.0,MAD,BAS,11.0,9.0,5.0,2.0,6.0,4.0,-3.0,2.0,-3.0,-6.0,-1.0,X3,E2020+E2021+E2022,37.0,33.26807348588498,48.0,44.26807348588498
E2023,316,2024-04-26 17:00:00+00:00,38,Playoffs,40.0,74.8,MCO,ULK,5.0,9.0,-2.0,1.0,0.0,3.0,-8.0,2.0,1.0,0.0,-3.0,X3,E2020+E2021+E2022,19.0,23.73457259449093,24.0,28.73457259449093
E2023,315,2024-04-26 19:00:00+00:00,38,Playoffs,40.0,66.56,BAR,OLY,8.0,-2.0,2.0,1.0,-3.0,-1.0,13.0,0.0,-9.0,3.0,-1.0,X3,E2020+E2021+E2022,-9.0,-8.143165500501066,-1.0,-0.14316550050106613
E2023,321,2024-04-30 17:00:00+00:00,39,Playoffs,40.0,68.14,TEL,PAN,2.0,-1.0,5.0,1.0,1.0,-4.0,1.0,-4.0,-3.0,-1.0,5.0,X3,E2020+E2021+E2022,4.0,6.318170044661999,6.0,8.318170044661999
E2023,319,2024-04-30 18:30:00+00:00,39,Playoffs,45.0,75.56,BAR,OLY,2.0,2.0,8.0,-5.0,-1.0,-2.0,-1.0,-3.0,3.0,1.0,2.0,X3,E2020+E2021+E2022,0.0,-3.331295531209267,2.0,-1.3312955312092671
E2023,320,2024-05-01 17:45:00+00:00,39,Playoffs,40.0,70.97999999999999,ULK,MCO,11.0,1.0,2.0,3.0,1.0,-3.0,-3.0,-2.0,-2.0,-1.0,3.0,X3,E2020+E2021+E2022,9.0,14.073654052791303,20.0,25.073654052791305
E2023,318,2024-05-01 18:30:00+00:00,39,Playoffs,40.0,77.62,MAD,BAS,4.0,1.0,9.0,3.0,4.0,5.0,-1.0,0.0,-5.0,-4.0,-5.0,X3,E2020+E2021+E2022,37.0,28.323936274541058,41.0,32.323936274541055
E2023,323,2024-05-02 16:45:00+00:00,40,Playoffs,40.0,72.16,OLY,BAR,34.0,16.0,7.0,-2.0,-1.0,1.0,-13.0,-7.0,1.0,1.0,-1.0,X3,E2020+E2021+E2022,40.0,47.02177960405449,74.0,81.02177960405449
E2023,325,2024-05-02 18:45:00+00:00,40,Playoffs,40.0,69.86000000000001,PAN,TEL,7.0,-3.0,4.0,-3.0,3.0,2.0,-15.0,-1.0,3.0,-3.0,-2.0,X3,E2020+E2021+E2022,21.0,16.13916524330625,28.0,23.13916524330625
E2023,324,2024-05-03 17:45:00+00:00,40,Playoffs,40.0,63.46,MCO,ULK,3.0,-8.0,-1.0,3.0,3.0,-3.0,-4.0,2.0,-5.0,-3.0,3.0,X3,E2020+E2021+E2022,1.0,3.7348393191859914,4.0,6.734839319185991
E2023,329,2024-05-07 18:15:00+00:00,41,Playoffs,40.0,67.4,PAN,TEL,9.0,8.0,-2.0,2.0,-1.0,6.0,0.0,12.0,0.0,1.0,-7.0,X3,E2020+E2021+E2022,7.0,6.3999240386953105,16.0,15.39992403869531
E2023,328,2024-05-08 17:00:00+00:00,41,Playoffs,45.0,68.72,ULK,MCO,1.0,3.0,2.0,-1.0,1.0,1.0,-1.0,-1.0,4.0,-1.0,-1.0,X3,E2020+E2021+E2022,6.0,2.2253831104843504,7.0,3.2253831104843504
E2023,327,2024-05-08 19:00:00+00:00,41,Playoffs,40.0,70.14,OLY,BAR,4.0,6.0,-2.0,-5.0,1.0,8.0,-9.0,9.0,3.0,-1.0,-8.0,X3,E2020+E2021+E2022,14.0,8.078512743218937,18.0,12.078512743218937
E2023,331,2024-05-24 16:00:00+00:00,42,Final Four,40.0,68.82000000000001,PAN,ULK,16.0,8.0,-1.0,2.0,3.0,6.0,-15.0,7.0,2.0,-3.0,-6.0,X3,E2020+E2021+E2022,33.0,33.593587743155474,49.0,49.593587743155474
E2023,330,2024-05-24 19:00:00+00:00,42,Final Four,40.0,69.47999999999999,MAD,OLY,11.0,0.0,4.0,-1.0,6.0,0.0,-12.0,1.0,-1.0,-6.0,0.0,X3,E2020+E2021+E2022,27.0,23.976321636352154,38.0,34.976321636352154
E2023,332,2024-05-26 15:00:00+00:00,43,Final Four,40.0,73.48,OLY,ULK,3.0,10.0,-5.0,-3.0,-2.0,-1.0,-3.0,-2.0,10.0,2.0,1.0,X3,E2020+E2021+E2022,-9.0,-4.674023893023192,-6.0,-1.6740238930231923
E2023,333,2024-05-26 18:00:00+00:00,43,Final Four,40.0,70.56,PAN,MAD,15.0,6.0,-4.0,-3.0,-1.0,4.0,-11.0,4.0,2.0,1.0,-5.0,X3,E2020+E2021+E2022,11.0,13.846836330529815,26.0,28.846836330529815
E2024,1,2024-10-03 16:45:00+00:00,1,Regular Season,40.0,69.34,PAN,BER,10.0,-12.0,2.0,5.0,0.0,5.0,-4.0,-2.0,-7.0,0.0,-5.0,X4,E2021+E2022+E2023,18.0,17.507019890134444,28.0,27.507019890134444
E2024,2,2024-10-03 17:00:00+00:00,1,Regular Season,40.0,67.24000000000001,MCO,MIL,13.0,13.0,4.0,3.0,0.0,-2.0,9.0,-1.0,-5.0,0.0,1.0,X4,E2021+E2022+E2023,14.0,20.74399936512724,27.0,33.74399936512724
E2024,3,2024-10-03 17:00:00+00:00,1,Regular Season,40.0,66.16,ZAL,BAR,7.0,7.0,-11.0,2.0,3.0,-3.0,2.0,-2.0,3.0,-3.0,3.0,X4,E2021+E2022+E2023,-5.0,-3.6098923625878285,2.0,3.3901076374121715
E2024,4,2024-10-03 18:30:00+00:00,1,Regular Season,40.0,70.32,BAS,PAR,6.0,3.0,-6.0,-2.0,6.0,2.0,-6.0,-1.0,0.0,-6.0,-2.0,X4,E2021+E2022+E2023,18.0,17.561179216825792,24.0,23.561179216825792
E2024,5,2024-10-03 18:45:00+00:00,1,Regular Season,40.0,77.68,MUN,MAD,8.0,1.0,4.0,0.0,-2.0,6.0,8.0,-2.0,-1.0,2.0,-8.0,X4,E2021+E2022+E2023,10.0,6.130229243311653,18.0,14.130229243311653
E2024,6,2024-10-03 19:00:00+00:00,1,Regular Season,40.0,75.28,TEL,ASV,7.0,4.0,-3.0,4.0,1.0,2.0,2.0,2.0,-6.0,-1.0,-2.0,X4,E2021+E2022+E2023,13.0,18.10558860307465,20.0,25.10558860307465
E2024,7,2024-10-04 17:30:00+00:00,1,Regular Season,40.0,69.46000000000001,ULK,OLY,11.0,20.0,3.0,1.0,3.0,1.0,-4.0,3.0,5.0,-3.0,-2.0,X4,E2021+E2022+E2023,29.0,26.460641901401328,40.0,37.46064190140133
E2024,8,2024-10-04 19:00:00+00:00,1,Regular Season,40.0,65.14,RED,PRS,3.0,14.0,8.0,-6.0,2.0,-2.0,-8.0,0.0,10.0,-2.0,2.0,X4,E2021+E2022+E2023,14.0,8.340083618772121,17.0,11.340083618772121
E2024,9,2024-10-04 19:00:00+00:00,1,Regular Season,40.0,74.08000000000001,IST,VIR,9.0,3.0,-1.0,3.0,2.0,-1.0,3.0,2.0,-5.0,-2.0,1.0,X4,E2021+E2022+E2023,7.0,11.464092292217355,16.0,20.464092292217355
E2024,10,2024-10-09 17:00:00+00:00,2,Regular Season,40.0,70.19999999999999,MCO,TEL,6.0,9.0,-5.0,-2.0,0.0,4.0,0.0,8.0,0.0,0.0,-4.0,X4,E2021+E2022+E2023,2.0,4.018869053493396,8.0,10.018869053493397
E2024,11,2024-10-09 18:00:00+00:00,2,Regular Season,40.0,67.38,RED,BAS,7.0,-10.0,4.0,2.0,0.0,-3.0,1.0,-1.0,-6.0,0.0,3.0,X4,E2021+E2022+E2023,-4.0,-0.7980032797424252,3.0,6.201996720257575
E2024,12,2024-10-10 17:30:00+00:00,2,Regular Season,40.0,68.47999999999999,ULK,IST,5.0,5.0,3.0,-3.0,-3.0,-5.0,0.0,0.0,3.0,3.0,5.0,X4,E2021+E2022+E2023,-14.0,-10.968464888288796,-9.0,-5.968464888288796
E2024,13,2024-10-10 18:00:00+00:00,2,Regular Season,40.0,67.18,ASV,VIR,2.0,17.0,-8.0,2.0,-1.0,1.0,10.0,2.0,1.0,1.0,0.0,X4,E2021+E2022+E2023,-3.0,1.511761342966106,-1.0,3.511761342966106
E2024,14,2024-10-10 18:15:00+00:00,2,Regular Season,40.0,75.38,PAN,MUN,15.0,19.0,-1.0,4.0,3.0,1.0,-3.0,3.0,-1.0,-3.0,-1.0,X4,E2021+E2022+E2023,31.0,34.93929426825255,46.0,49.93929426825255
E2024,15,2024-10-10 18:45:00+00:00,2,Regular Season,40.0,74.02,MAD,PAR,7.0,8.0,-2.0,-3.0,1.0,3.0,0.0,-1.0,2.0,-1.0,-3.0,X4,E2021+E2022+E2023,10.0,9.498627910853,17.0,16.498627910853
E2024,18,2024-10-11 18:15:00+00:00,2,Regular Season,40.0,71.96000000000001,OLY,ZAL,6.0,5.0,4.0,-2.0,2.0,10.0,-22.0,6.0,8.0,-2.0,-9.0,X4,E2021+E2022+E2023,38.0,26.832866364797663,44.0,32.83286636479767
E2024,16,2024-10-11 18:30:00+00:00,2,Regular Season,40.0,73.34,MIL,PRS,5.0,10.0,-1.0,-1.0,0.0,0.0,-6.0,-3.0,9.0,0.0,-1.0,X4,E2021+E2022+E2023,9.0,3.908539928925994,14.0,8.908539928925993
E2024,17,2024-10-11 18:30:00+00:00,2,Regular Season,40.0,75.34,BAR,BER,15.0,-5.0,13.0,10.0,3.0,-5.0,-1.0,-5.0,-6.0,-3.0,5.0,X4,E2021+E2022+E2023,26.0,25.69406812465394,41.0,40.69406812465394
E2024,19,2024-10-15 17:30:00+00:00,3,Regular Season,40.0,73.72,BER,ASV,5.0,12.0,9.0,-1.0,3.0,-5.0,5.0,-2.0,3.0,-3.0,5.0,X4,E2021+E2022+E2023,10.0,8.64360464682517,15.0,13.64360464682517
E2024,20,2024-10-15 17:45:00+00:00,3,Regular Season,40.0,67.53999999999999,RED,ULK,19.0,1.0,6.0,4.0,1.0,2.0,-6.0,2.0,-7.0,-1.0,-2.0,X4,E2021+E2022+E2023,28.0,31.859596761861482,47.0,50.85959676186148
E2024,27,2024-10-15 18:05:00+00:00,3,Regular Season,40.0,73.64,TEL,IST,2.0,0.0,-2.0,-3.0,-1.0,9.0,2.0,1.0,2.0,1.0,-10.0,X4,E2021+E2022+E2023,7.0,1.0042839501745293,9.0,3.0042839501745293
E2024,21,2024-10-15 18:15:00+00:00,3,Regular Season,40.0,73.19999999999999,OLY,MIL,21.0,-8.0,0.0,2.0,1.0,-1.0,-13.0,0.0,-5.0,-1.0,1.0,X4,E2021+E2022+E2023,12.0,16.29134985681049,33.0,37.29134985681049
E2024,22,2024-10-15 18:30:00+00:00,3,Regular Season,40.0,71.52000000000001,BAS,MAD,4.0,0.0,-7.0,1.0,-4.0,0.0,1.0,0.0,0.0,4.0,-1.0,X4,E2021+E2022+E2023,-14.0,-10.350466655422892,-10.0,-6.350466655422892
E2024,23,2024-10-15 18:30:00+00:00,3,Regular Season,40.0,71.72,PRS,PAN,4.0,-4.0,0.0,3.0,-2.0,-2.0,7.0,2.0,-7.0,2.0,2.0,X4,E2021+E2022+E2023,-11.0,-4.541287658348346,-7.0,-0.5412876583483461
E2024,24,2024-10-15 18:30:00+00:00,3,Regular Season,40.0,71.62,ZAL,VIR,3.0,5.0,2.0,3.0,-3.0,3.0,-5.0,8.0,3.0,3.0,-4.0,X4,E2021+E2022+E2023,5.0,1.9360224969324644,8.0,4.936022496932464
E2024,26,2024-10-15 18:45:00+00:00,3,Regular Season,40.0,71.3,PAR,MUN,8.0,3.0,4.0,-2.0,3.0,0.0,-8.0,5.0,0.0,-3.0,0.0,X4,E2021+E2022+E2023,14.0,13.546855579875722,22.0,21.54685557987572
E2024,25,2024-10-16 18:30:00+00:00,3,Regular Season,40.0,71.47999999999999,BAR,MCO,15.0,7.0,4.0,-6.0,2.0,0.0,-4.0,-1.0,2.0,-2.0,-1.0,X4,E2021+E2022+E2023,13.0,12.81581868960659,28.0,27.81581868960659
E2024,28,2024-10-17 17:30:00+00:00,4,Regular Season,40.0,69.08000000000001,ULK,BER,7.0,-10.0,-5.0,3.0,1.0,3.0,-2.0,1.0,-4.0,-1.0,-3.0,X4,E2021+E2022+E2023,1.0,0.6860447642574421,8.0,7.686044764257442
E2024,32,2024-10-17 18:05:00+00:00,4,Regular Season,40.0,67.4,PAR,TEL,12.0,-17.0,5.0,4.0,6.0,-5.0,-1.0,-4.0,-10.0,-6.0,5.0,X4,E2021+E2022+E2023,9.0,11.556673756251907,21.0,23.556673756251907
E2024,29,2024-10-17 18:30:00+00:00,4,Regular Season,40.0,68.9,ZAL,MIL,3.0,-1.0,1.0,-4.0,1.0,6.0,-5.0,1.0,2.0,-1.0,-6.0,X4,E2021+E2022+E2023,12.0,7.080858880002907,15.0,10.080858880002907
E2024,30,2024-10-17 18:45:00+00:00,4,Regular Season,40.0,78.12,MUN,PRS,2.0,2.0,-4.0,-4.0,0.0,-2.0,-6.0,-7.0,2.0,0.0,2.0,X4,E2021+E2022+E2023,1.0,4.317606041868845,3.0,6.317606041868845
E2024,31,2024-10-17 18:45:00+00:00,4,Regular Season,40.0,70.0,MAD,PAN,4.0,-2.0,-2.0,3.0,3.0,-5.0,9.0,-5.0,-4.0,-3.0,5.0,X4,E2021+E2022+E2023,-5.0,-1.6249465310876232,-1.0,2.375053468912377
E2024,33,2024-10-18 17:00:00+00:00,4,Regular Season,40.0,71.62,MCO,VIR,16.0,-6.0,-1.0,6.0,1.0,3.0,-4.0,3.0,-8.0,-1.0,-3.0,X4,E2021+E2022+E2023,16.0,19.2959227771777,32.0,35.2959227771777
E2024,34,2024-10-18 17:30:00+00:00,4,Regular Season,40.0,68.53999999999999,IST,OLY,2.0,15.0,-7.0,-2.0,-1.0,5.0,-3.0,2.0,4.0,1.0,-5.0,X4,E2021+E2022+E2023,11.0,11.99081787203589,13.0,13.99081787203589
E2024,35,2024-10-18 18:00:00+00:00,4,Regular Season,45.0,79.76,BAR,RED,4.0,3.0,9.0,8.0,2.0,3.0,2.0,2.0,-6.0,-2.0,-2.0,X4,E2021+E2022+E2023,31.0,30.239240832105825,35.0,34.23924083210582
E2024,36,2024-10-18 18:30:00+00:00,4,Regular Season,40.0,70.25999999999999,ASV,BAS,7.0,-5.0,-3.0,3.0,0.0,-3.0,-9.0,-1.0,0.0,0.0,3.0,X4,E2021+E2022+E2023,-1.0,0.6852159624751737,6.0,7.685215962475174
E2024,37,2024-10-23 18:30:00+00:00,5,Regular Season,40.0,67.26,VIR,PAR,1.0,6.0,1.0,-4.0,-2.0,-1.0,4.0,-2.0,-1.0,2.0,1.0,X4,E2021+E2022+E2023,-4.0,1.0098426274443049,-3.0,2.009842627444305
E2024,38,2024-10-24 17:00:00+00:00,5,Regular Season,40.0,76.97999999999999,PRS,MCO,7.0,-11.0,-1.0,3.0,4.0,-8.0,-13.0,-6.0,3.0,-4.0,8.0,X4,E2021+E2022+E2023,-1.0,-3.4285990962418644,6.0,3.5714009037581356
E2024,39,2024-10-24 17:00:00+00:00,5,Regular Season,40.0,68.58,ZAL,TEL,15.0,5.0,10.0,-5.0,0.0,-3.0,-10.0,1.0,3.0,0.0,2.0,X4,E2021+E2022+E2023,11.0,10.849715481317572,26.0,25.849715481317574
E2024,40,2024-10-24 18:30:00+00:00,5,Regular Season,40.0,70.58,IST,MIL,12.0,-5.0,9.0,-3.0,3.0,-7.0,-24.0,-2.0,2.0,-3.0,8.0,X4,E2021+E2022+E2023,16.0,17.07682434011395,28.0,29.07682434011395
E2024,41,2024-10-24 18:30:00+00:00,5,Regular Season,40.0,71.30000000000001,BAS,BER,23.0,11.0,5.0,5.0,-3.0,-5.0,7.0,-5.0,-3.0,3.0,5.0,X4,E2021+E2022+E2023,6.0,13.471015669112653,29.0,36.47101566911265
E2024,42,2024-10-24 18:45:00+00:00,5,Regular Season,40.0,77.4,MAD,RED,23.0,8.0,14.0,5.0,4.0,5.0,-18.0,1.0,1.0,-4.0,-5.0,X4,E2021+E2022+E2023,61.0,54.29744473590262,84.0,77.29744473590262
E2024,43,2024-10-25 17:45:00+00:00,5,Regular Season,40.0,70.64,PAN,ULK,5.0,-1.0,4.0,2.0,3.0,8.0,-1.0,4.0,-5.0,-3.0,-8.0,X4,E2021+E2022+E2023,29.0,25.73284448788956,34.0,30.73284448788956
E2024,44,2024-10-25 18:30:00+00:00,5,Regular Season,40.0,73.68,BAR,ASV,7.0,1.0,7.0,1.0,4.0,-7.0,-1.0,-3.0,0.0,-4.0,7.0,X4,E2021+E2022+E2023,7.0,7.037940923390409,14.0,14.037940923390408
E2024,45,2024-10-25 18:45:00+00:00,5,Regular Season,40.0,68.6,MUN,OLY,4.0,3.0,0.0,1.0,-3.0,-7.0,0.0,-1.0,-2.0,3.0,7.0,X4,E2021+E2022+E2023,-13.0,-4.351343899245443,-9.0,-0.3513438992454434
E2024,46,2024-10-29 17:30:00+00:00,6,Regular Season,40.0,76.74000000000001,BAR,IST,9.0,-5.0,5.0,4.0,-1.0,0.0,4.0,-4.0,-3.0,1.0,-1.0,X4,E2021+E2022+E2023,6.0,4.904780108590389,15.0,13.904780108590389
E2024,47,2024-10-29 18:30:00+00:00,6,Regular Season,40.0,72.52,ULK,TEL,2.0,7.0,2.0,3.0,0.0,-3.0,10.0,-5.0,1.0,0.0,3.0,X4,E2021+E2022+E2023,0.0,0.08469866262573955,2.0,2.0846986626257396
E2024,49,2024-10-29 18:30:00+00:00,6,Regular Season,40.0,76.16,PRS,BER,9.0,1.0,1.0,8.0,-3.0,1.0,12.0,1.0,-4.0,3.0,-1.0,X4,E2021+E2022+E2023,-3.0,-1.8435087328655362,6.0,7.156491267134464
E2024,50,2024-10-29 19:15:00+00:00,6,Regular Season,40.0,71.66,OLY,MAD,10.0,12.0,2.0,1.0,0.0,-6.0,10.0,-2.0,-3.0,0.0,6.0,X4,E2021+E2022+E2023,-2.0,6.024761885744487,8.0,16.02476188574449
E2024,52,2024-10-29 19:30:00+00:00,6,Regular Season,40.0,69.14,BAS,MIL,5.0,9.0,1.0,0.0,0.0,-3.0,3.0,0.0,0.0,0.0,3.0,X4,E2021+E2022+E2023,1.0,4.742311025319449,6.0,9.742311025319449
E2024,54,2024-10-29 20:00:00+00:00,6,Regular Season,40.0,72.36,MUN,VIR,3.0,7.0,0.0,2.0,0.0,-3.0,-3.0,1.0,2.0,0.0,3.0,X4,E2021+E2022+E2023,3.0,4.600672183822838,6.0,7.600672183822838
E2024,48,2024-10-30 18:00:00+00:00,6,Regular Season,40.0,66.18,ZAL,RED,2.0,-8.0,1.0,3.0,1.0,1.0,6.0,-2.0,-5.0,-1.0,-2.0,X4,E2021+E2022+E2023,2.0,1.3952660528966723,4.0,3.3952660528966723
E2024,51,2024-10-30 19:15:00+00:00,6,Regular Season,40.0,71.94,PAN,ASV,24.0,19.0,2.0,2.0,3.0,7.0,-5.0,5.0,1.0,-3.0,-8.0,X4,E2021+E2022+E2023,43.0,40.926183959806316,67.0,64.92618395980631
E2024,53,2024-10-30 19:45:00+00:00,6,Regular Season,40.0,70.08,MCO,PAR,5.0,-4.0,0.0,4.0,3.0,3.0,2.0,3.0,-5.0,-3.0,-4.0,X4,E2021+E2022+E2023,13.0,11.624930854018803,18.0,16.624930854018803
E2024,55,2024-10-31 19:00:00+00:00,7,Regular Season,40.0,74.91999999999999,IST,BER,16.0,3.0,9.0,10.0,0.0,5.0,-6.0,0.0,-4.0,0.0,-6.0,X4,E2021+E2022+E2023,43.0,40.30346010805028,59.0,56.30346010805028
E2024,58,2024-10-31 19:05:00+00:00,7,Regular Season,40.0,68.97999999999999,TEL,MAD,1.0,15.0,-2.0,-4.0,-4.0,0.0,3.0,2.0,3.0,4.0,0.0,X4,E2021+E2022+E2023,-7.0,-2.0784780347644354,-6.0,-1.0784780347644354
E2024,56,2024-10-31 19:15:00+00:00,7,Regular Season,40.0,73.18,OLY,BAR,21.0,16.0,5.0,0.0,0.0,5.0,-1.0,4.0,4.0,0.0,-5.0,X4,E2021+E2022+E2023,24.0,20.19307422768967,45.0,41.19307422768967
E2024,57,2024-10-31 19:30:00+00:00,7,Regular Season,40.0,78.44,MIL,VIR,9.0,16.0,-2.0,-1.0,-2.0,-1.0,9.0,0.0,-1.0,2.0,1.0,X4,E2021+E2022+E2023,-1.0,6.174105659239214,8.0,15.174105659239213
E2024,59,2024-11-01 17:45:00+00:00,7,Regular Season,40.0,70.82,ULK,PAR,17.0,-2.0,9.0,6.0,-1.0,0.0,-2.0,-2.0,-1.0,1.0,1.0,X4,E2021+E2022+E2023,15.0,12.35607775784297,32.0,29.356077757842968
E2024,60,2024-11-01 18:00:00+00:00,7,Regular Season,40.0,66.0,ZAL,MCO,1.0,7.0,4.0,-2.0,-1.0,-2.0,-3.0,1.0,5.0,1.0,2.0,X4,E2021+E2022+E2023,0.0,-1.5762627943180236,1.0,-0.5762627943180236
E2024,61,2024-11-01 19:00:00+00:00,7,Regular Season,40.0,71.26,PAN,RED,4.0,10.0,-7.0,6.0,2.0,14.0,2.0,8.0,-4.0,-2.0,-13.0,X4,E2021+E2022+E2023,34.0,31.760426075912946,38.0,35.760426075912946
E2024,62,2024-11-01 19:00:00+00:00,7,Regular Season,40.0,70.25999999999999,MUN,ASV,13.0,4.0,9.0,2.0,-3.0,8.0,-1.0,1.0,-1.0,3.0,-8.0,X4,E2021+E2022+E2023,26.0,22.233828165932348,39.0,35.23382816593235
E2024,63,2024-11-01 19:45:00+00:00,7,Regular Season,40.0,71.3,PRS,BAS,2.0,2.0,2.0,-4.0,-3.0,-7.0,1.0,-2.0,3.0,3.0,7.0,X4,E2021+E2022+E2023,-22.0,-18.174512402970585,-20.0,-16.174512402970585
E2024,65,2024-11-07 18:00:00+00:00,8,Regular Season,40.0,77.24000000000001,RED,BER,21.0,6.0,4.0,3.0,-3.0,8.0,-3.0,7.0,-7.0,3.0,-8.0,X4,E2021+E2022+E2023,26.0,30.354283470116464,47.0,51.354283470116464
E2024,66,2024-11-07 19:30:00+00:00,8,Regular Season,40.0,74.88,MIL,MAD,9.0,-5.0,-1.0,3.0,-2.0,5.0,-7.0,0.0,-1.0,2.0,-6.0,X4,E2021+E2022+E2023,12.0,9.988336076930107,21.0,18.988336076930107
E2024,67,2024-11-07 19:45:00+00:00,8,Regular Season,40.0,72.66,MUN,ZAL,3.0,1.0,3.0,-3.0,0.0,-2.0,-12.0,-3.0,3.0,0.0,2.0,X4,E2021+E2022+E2023,9.0,9.328380243304128,12.0,12.328380243304128
E2024,68,2024-11-07 19:45:00+00:00,8,Regular Season,40.0,66.72,PRS,PAR,3.0,-1.0,-3.0,0.0,-1.0,0.0,-1.0,-1.0,-1.0,1.0,0.0,X4,E2021+E2022+E2023,-3.0,-0.5727763072333554,0.0,2.4272236927666446
E2024,64,2024-11-08 17:00:00+00:00,8,Regular Season,40.0,72.86,MCO,IST,12.0,-6.0,-5.0,2.0,-1.0,1.0,-4.0,4.0,-7.0,1.0,-1.0,X4,E2021+E2022+E2023,-2.0,4.865897013733218,10.0,16.865897013733218
E2024,69,2024-11-08 19:00:00+00:00,8,Regular Season,40.0,71.84,ULK,ASV,4.0,12.0,-1.0,-5.0,2.0,-6.0,3.0,-6.0,4.0,-2.0,6.0,X4,E2021+E2022+E2023,-3.0,0.38130668019060643,1.0,4.381306680190606
E2024,70,2024-11-08 19:15:00+00:00,8,Regular Season,40.0,74.25999999999999,OLY,PAN,5.0,8.0,2.0,3.0,-3.0,-7.0,8.0,-3.0,-1.0,3.0,7.0,X4,E2021+E2022+E2023,-11.0,-4.19185412908247,-6.0,0.8081458709175298
E2024,71,2024-11-08 19:30:00+00:00,8,Regular Season,40.0,70.08,BAR,BAS,23.0,1.0,3.0,6.0,2.0,-2.0,0.0,-1.0,-9.0,-2.0,2.0,X4,E2021+E2022+E2023,20.0,27.255804887347107,43.0,50.25580488734711
E2024,72,2024-11-08 19:30:00+00:00,8,Regular Season,40.0,68.22,VIR,TEL,7.0,-3.0,8.0,2.0,1.0,3.0,-6.0,5.0,-2.0,-1.0,-3.0,X4,E2021+E2022+E2023,18.0,14.596361455682798,25.0,21.596361455682796
E2024,73,2024-11-12 17:45:00+00:00,9,Regular Season,40.0,71.34,ULK,MUN,11.0,7.0,0.0,-2.0,-2.0,-3.0,-2.0,-1.0,3.0,2.0,3.0,X4,E2021+E2022+E2023,-5.0,-2.1637885981078293,6.0,8.836211401892172
E2024,74,2024-11-12 18:00:00+00:00,9,Regular Season,40.0,73.9,RED,MCO,8.0,4.0,8.0,0.0,0.0,0.0,-1.0,-2.0,1.0,0.0,0.0,X4,E2021+E2022+E2023,14.0,12.08368970786034,22.0,20.08368970786034
E2024,75,2024-11-12 19:00:00+00:00,9,Regular Season,45.0,90.16,BER,MIL,4.0,-2.0,2.0,-2.0,0.0,-4.0,-7.0,-1.0,0.0,0.0,4.0,X4,E2021+E2022+E2023,-2.0,0.8746579903034943,2.0,4.874657990303494
E2024,76,2024-11-12 19:00:00+00:00,9,Regular Season,40.0,76.06,OLY,ASV,2.0,-10.0,6.0,2.0,0.0,9.0,2.0,5.0,-5.0,0.0,-9.0,X4,E2021+E2022+E2023,14.0,8.05182049068194,16.0,10.05182049068194
E2024,77,2024-11-12 19:15:00+00:00,9,Regular Season,40.0,75.58,PAN,TEL,6.0,-4.0,3.0,-1.0,1.0,5.0,-11.0,2.0,3.0,-1.0,-4.0,X4,E2021+E2022+E2023,15.0,8.400443476747174,21.0,14.400443476747174
E2024,78,2024-11-12 19:30:00+00:00,9,Regular Season,40.0,67.54,IST,BAS,5.0,3.0,-2.0,-2.0,4.0,-3.0,-1.0,-4.0,3.0,-4.0,2.0,X4,E2021+E2022+E2023,4.0,2.4034564368018274,9.0,7.403456436801827
E2024,79,2024-11-12 19:45:00+00:00,9,Regular Season,40.0,71.72,MAD,VIR,12.0,13.0,8.0,2.0,-1.0,2.0,0.0,0.0,3.0,1.0,-2.0,X4,E2021+E2022+E2023,22.0,19.276388447834318,34.0,31.276388447834318
E2024,80,2024-11-13 17:00:00+00:00,9,Regular Season,40.0,74.56,BAR,PAR,8.0,10.0,7.0,-2.0,4.0,-5.0,-7.0,-3.0,3.0,-4.0,6.0,X4,E2021+E2022+E2023,19.0,19.53987258683214,27.0,27.53987258683214
E2024,81,2024-11-13 19:30:00+00:00,9,Regular Season,40.0,75.0,PRS,ZAL,6.0,1.0,6.0,-9.0,5.0,1.0,-13.0,3.0,3.0,-5.0,-1.0,X4,E2021+E2022+E2023,17.0,13.353400230807193,23.0,19.353400230807193
E2024,86,2024-11-14 18:00:00+00:00,10,Regular Season,40.0,77.4,OLY,TEL,3.0,0.0,1.0,-5.0,1.0,4.0,-3.0,1.0,0.0,-1.0,-4.0,X4,E2021+E2022+E2023,8.0,6.656245807413747,11.0,9.656245807413747
E2024,82,2024-11-14 19:00:00+00:00,10,Regular Season,40.0,69.42,ASV,RED,3.0,1.0,-4.0,-3.0,4.0,4.0,-8.0,-3.0,4.0,-4.0,-4.0,X4,E2021+E2022+E2023,17.0,11.842060995255673,20.0,14.842060995255673
E2024,83,2024-11-14 19:30:00+00:00,10,Regular Season,40.0,75.66,MCO,BAS,12.0,3.0,7.0,2.0,4.0,-2.0,-4.0,1.0,1.0,-4.0,2.0,X4,E2021+E2022+E2023,18.0,14.619097614068373,30.0,26.619097614068373
E2024,84,2024-11-14 19:30:00+00:00,10,Regular Season,40.0,84.03999999999999,MUN,BER,27.0,2.0,11.0,8.0,0.0,-6.0,1.0,-3.0,-5.0,0.0,6.0,X4,E2021+E2022+E2023,16.0,19.86326678274058,43.0,46.86326678274058
E2024,85,2024-11-14 19:45:00+00:00,10,Regular Season,40.0,71.86,IST,MAD,10.0,-5.0,-2.0,5.0,2.0,2.0,1.0,2.0,-7.0,-2.0,-2.0,X4,E2021+E2022+E2023,10.0,12.403832477452553,20.0,22.403832477452553
E2024,87,2024-11-15 18:00:00+00:00,10,Regular Season,40.0,71.72,ULK,ZAL,7.0,12.0,1.0,-1.0,1.0,4.0,-4.0,0.0,2.0,-1.0,-4.0,X4,E2021+E2022+E2023,24.0,23.237956761875168,31.0,30.237956761875168
E2024,88,2024-11-15 19:30:00+00:00,10,Regular Season,40.0,80.46000000000001,PRS,BAR,16.0,-1.0,-5.0,3.0,0.0,-3.0,-2.0,-1.0,-7.0,0.0,1.0,X4,E2021+E2022+E2023,3.0,12.2293547691534,19.0,28.2293547691534
E2024,89,2024-11-15 19:30:00+00:00,10,Regular Season,40.0,73.02,MIL,PAR,7.0,0.0,7.0,2.0,0.0,5.0,-12.0,0.0,1.0,0.0,-5.0,X4,E2021+E2022+E2023,30.0,25.24646737198868,37.0,32.24646737198868
E2024,90,2024-11-15 19:30:00+00:00,10,Regular Season,40.0,68.46000000000001,PAN,VIR,5.0,0.0,1.0,4.0,1.0,-3.0,-10.0,-2.0,2.0,-1.0,4.0,X4,E2021+E2022+E2023,10.0,9.546140725394817,15.0,14.546140725394817
E2024,91,2024-11-20 19:30:00+00:00,11,Regular Season,40.0,75.74000000000001,ULK,VIR,4.0,4.0,-4.0,1.0,1.0,-4.0,-3.0,-5.0,2.0,-1.0,2.0,X4,E2021+E2022+E2023,3.0,4.889051816045351,7.0,8.88905181604535
E2024,97,2024-11-21 17:30:00+00:00,11,Regular Season,40.0,73.86,PRS,IST,9.0,4.0,-1.0,3.0,-4.0,3.0,1.0,0.0,0.0,4.0,-3.0,X4,E2021+E2022+E2023,3.0,4.064659617258819,12.0,13.064659617258819
E2024,92,2024-11-21 18:00:00+00:00,11,Regular Season,40.0,75.24000000000001,MCO,ASV,11.0,-1.0,1.0,6.0,3.0,-1.0,12.0,-8.0,-12.0,-3.0,2.0,X4,E2021+E2022+E2023,17.0,25.042879287917224,28.0,36.04287928791722
E2024,93,2024-11-21 19:00:00+00:00,11,Regular Season,40.0,71.06,PAR,RED,12.0,9.0,-4.0,0.0,1.0,2.0,-1.0,1.0,-3.0,-1.0,-2.0,X4,E2021+E2022+E2023,14.0,19.438353721738782,26.0,31.438353721738782
E2024,94,2024-11-21 19:15:00+00:00,11,Regular Season,40.0,66.1,OLY,BAS,23.0,-2.0,9.0,3.0,2.0,2.0,-9.0,-3.0,-5.0,-2.0,-2.0,X4,E2021+E2022+E2023,35.0,35.39356594478369,58.0,58.39356594478369
E2024,95,2024-11-21 19:30:00+00:00,11,Regular Season,40.0,71.96000000000001,MIL,TEL,12.0,0.0,3.0,3.0,-1.0,-4.0,-6.0,-1.0,1.0,1.0,4.0,X4,E2021+E2022+E2023,2.0,3.0994302966628986,14.0,15.099430296662899
E2024,96,2024-11-21 19:45:00+00:00,11,Regular Season,40.0,77.30000000000001,MAD,BER,14.0,0.0,4.0,1.0,2.0,9.0,-10.0,4.0,0.0,-2.0,-9.0,X4,E2021+E2022+E2023,33.0,26.435761384824772,47.0,40.43576138482477
E2024,98,2024-11-22 18:00:00+00:00,11,Regular Season,40.0,69.80000000000001,ZAL,PAN,7.0,-1.0,-2.0,4.0,2.0,-2.0,9.0,-1.0,-5.0,-2.0,1.0,X4,E2021+E2022+E2023,-1.0,1.765925005144453,6.0,8.765925005144453
E2024,99,2024-11-22 19:30:00+00:00,11,Regular Season,40.0,76.03999999999999,MUN,BAR,22.0,0.0,-4.0,2.0,1.0,-8.0,4.0,-6.0,-2.0,-1.0,7.0,X4,E2021+E2022+E2023,-11.0,-4.788348672623485,11.0,17.211651327376515
E2024,100,2024-11-28 18:00:00+00:00,12,Regular Season,40.0,68.64,BAS,ZAL,13.0,2.0,2.0,3.0,-1.0,5.0,-5.0,1.0,-2.0,1.0,-5.0,X4,E2021+E2022+E2023,21.0,20.646538824508188,34.0,33.646538824508184
E2024,101,2024-11-28 19:00:00+00:00,12,Regular Season,40.0,81.02000000000001,TEL,BER,18.0,-1.0,0.0,4.0,2.0,3.0,0.0,1.0,-8.0,-2.0,-2.0,X4,E2021+E2022+E2023,19.0,23.30743535380775,37.0,41.30743535380775
E2024,102,2024-11-28 19:30:00+00:00,12,Regular Season,40.0,76.02000000000001,PRS,VIR,3.0,10.0,-5.0,-1.0,2.0,-6.0,5.0,-2.0,0.0,-2.0,6.0,X4,E2021+E2022+E2023,-7.0,-0.5209780582430668,-4.0,2.4790219417569332
E2024,103,2024-11-28 19:30:00+00:00,12,Regular Season,40.0,61.08,PAR,OLY,8.0,-2.0,3.0,6.0,0.0,-3.0,5.0,-4.0,-7.0,0.0,3.0,X4,E2021+E2022+E2023,7.0,12.363795769951864,15.0,20.363795769951864
E2024,107,2024-11-28 19:45:00+00:00,12,Regular Season,50.0,86.75999999999999,MAD,BAR,7.0,0.0,5.0,-2.0,0.0,5.0,-17.0,1.0,7.0,0.0,-6.0,X4,E2021+E2022+E2023,23.0,14.079661904912141,30.0,21.079661904912143
E2024,104,2024-11-29 17:45:00+00:00,12,Regular Season,40.0,78.18,MIL,ULK,6.0,4.0,5.0,0.0,-1.0,2.0,-3.0,0.0,0.0,1.0,-3.0,X4,E2021+E2022+E2023,15.0,14.34530884223711,21.0,20.34530884223711
E2024,105,2024-11-29 19:00:00+00:00,12,Regular Season,40.0,73.94,RED,MUN,24.0,2.0,17.0,1.0,1.0,2.0,-8.0,2.0,-7.0,-1.0,-2.0,X4,E2021+E2022+E2023,39.0,41.13417823905594,63.0,65.13417823905594
E2024,106,2024-11-29 19:15:00+00:00,12,Regular Season,40.0,73.94,MCO,PAN,3.0,-13.0,9.0,4.0,-2.0,-3.0,-5.0,1.0,-6.0,2.0,4.0,X4,E2021+E2022+E2023,-1.0,1.5263185317288244,2.0,4.526318531728824
E2024,108,2024-11-29 20:00:00+00:00,12,Regular Season,40.0,73.3,ASV,IST,15.0,-4.0,7.0,5.0,-2.0,-3.0,0.0,-4.0,-10.0,2.0,4.0,X4,E2021+E2022+E2023,11.0,20.293826968385574,26.0,35.293826968385574
E2024,109,2024-12-03 17:30:00+00:00,13,Regular Season,40.0,70.12,IST,MUN,11.0,-4.0,-4.0,2.0,0.0,0.0,-8.0,-2.0,-3.0,0.0,0.0,X4,E2021+E2022+E2023,7.0,10.895087401156442,18.0,21.89508740115644
E2024,110,2024-12-03 19:00:00+00:00,13,Regular Season,40.0,70.22,ASV,MAD,2.0,-11.0,-3.0,2.0,1.0,-3.0,-10.0,-2.0,-1.0,-1.0,3.0,X4,E2021+E2022+E2023,-3.0,-2.1690343884087238,-1.0,-0.16903438840872376
E2024,114,2024-12-03 19:05:00+00:00,13,Regular Season,40.0,73.47999999999999,PRS,TEL,12.0,5.0,-1.0,5.0,1.0,-2.0,5.0,-1.0,-6.0,-1.0,3.0,X4,E2021+E2022+E2023,8.0,14.86288030148677,20.0,26.86288030148677
E2024,111,2024-12-03 19:15:00+00:00,13,Regular Season,40.0,73.47999999999999,PAN,BAR,1.0,-5.0,-3.0,-3.0,-3.0,10.0,-3.0,2.0,-1.0,3.0,-10.0,X4,E2021+E2022+E2023,5.0,2.550307396970802,6.0,3.550307396970802
E2024,112,2024-12-03 19:30:00+00:00,13,Regular Season,40.0,73.84,BAS,ULK,12.0,-2.0,11.0,0.0,2.0,2.0,-16.0,2.0,0.0,-2.0,-3.0,X4,E2021+E2022+E2023,32.0,27.916399366343203,44.0,39.9163993663432
E2024,113,2024-12-03 19:30:00+00:00,13,Regular Season,40.0,64.96000000000001,PAR,ZAL,6.0,-7.0,5.0,1.0,2.0,6.0,-10.0,6.0,-3.0,-2.0,-6.0,X4,E2021+E2022+E2023,22.0,17.832325181124986,28.0,23.832325181124986
E2024,115,2024-12-04 18:00:00+00:00,13,Regular Season,40.0,66.58000000000001,OLY,MCO,9.0,5.0,-6.0,0.0,-3.0,0.0,-1.0,-1.0,2.0,3.0,-1.0,X4,E2021+E2022+E2023,-6.0,-3.1631819585377556,3.0,5.836818041462244
E2024,116,2024-12-04 19:30:00+00:00,13,Regular Season,40.0,73.66,MIL,RED,15.0,-5.0,2.0,4.0,3.0,1.0,-3.0,0.0,-6.0,-3.0,-3.0,X4,E2021+E2022+E2023,20.0,20.612084412884293,35.0,35.61208441288429
E2024,117,2024-12-04 19:45:00+00:00,13,Regular Season,45.0,88.12,BER,VIR,2.0,12.0,3.0,-3.0,-6.0,1.0,4.0,-1.0,4.0,6.0,-1.0,X4,E2021+E2022+E2023,-5.0,-3.216258810374737,-3.0,-1.216258810374737
E2024,118,2024-12-05 18:00:00+00:00,14,Regular Season,40.0,68.6,ZAL,IST,13.0,3.0,-4.0,3.0,0.0,-4.0,7.0,-3.0,-1.0,0.0,4.0,X4,E2021+E2022+E2023,-9.0,-5.317766657248132,4.0,7.682233342751868
E2024,122,2024-12-05 19:05:00+00:00,14,Regular Season,40.0,71.38,BAR,TEL,2.0,-4.0,0.0,3.0,-2.0,0.0,-4.0,-3.0,0.0,2.0,0.0,X4,E2021+E2022+E2023,2.0,1.8574478677758828,4.0,3.8574478677758828
E2024,119,2024-12-05 19:30:00+00:00,14,Regular Season,40.0,71.28,MUN,BAS,14.0,-1.0,0.0,5.0,-2.0,2.0,-1.0,0.0,-1.0,2.0,-2.0,X4,E2021+E2022+E2023,6.0,5.445986535245144,20.0,19.445986535245144
E2024,120,2024-12-05 19:30:00+00:00,14,Regular Season,40.0,70.56,PAR,PAN,18.0,8.0,0.0,4.0,-2.0,-3.0,-9.0,1.0,1.0,2.0,1.0,X4,E2021+E2022+E2023,11.0,14.898074885964984,29.0,32.89807488596499
E2024,121,2024-12-05 19:45:00+00:00,14,Regular Season,40.0,69.1,ULK,MAD,12.0,5.0,-4.0,2.0,2.0,-1.0,3.0,1.0,-5.0,-2.0,-1.0,X4,E2021+E2022+E2023,8.0,13.713843179149482,20.0,25.71384317914948
E2024,123,2024-12-06 18:00:00+00:00,14,Regular Season,40.0,78.78,MCO,BER,20.0,5.0,-2.0,2.0,4.0,9.0,-4.0,0.0,-5.0,-4.0,-9.0,X4,E2021+E2022+E2023,40.0,39.832224387979934,60.0,59.832224387979934
E2024,124,2024-12-06 19:15:00+00:00,14,Regular Season,40.0,79.36,PRS,OLY,6.0,14.0,2.0,-2.0,0.0,-4.0,6.0,-4.0,5.0,0.0,3.0,X4,E2021+E2022+E2023,0.0,0.3083749190798537,6.0,6.308374919079854
E2024,125,2024-12-06 19:30:00+00:00,14,Regular Season,40.0,73.62,RED,VIR,7.0,-5.0,8.0,-2.0,-2.0,0.0,-7.0,-1.0,-1.0,2.0,0.0,X4,E2021+E2022+E2023,6.0,6.0914744205911475,13.0,13.091474420591148
E2024,126,2024-12-06 19:45:00+00:00,14,Regular Season,40.0,75.1,MIL,ASV,8.0,-5.0,3.0,3.0,1.0,7.0,1.0,-5.0,-6.0,-1.0,-8.0,X4,E2021+E2022+E2023,28.0,26.212146675203567,36.0,34.21214667520357
E2024,127,2024-12-12 17:45:00+00:00,15,Regular Season,40.0,68.68,MCO,ULK,30.0,1.0,11.0,1.0,0.0,1.0,-13.0,-2.0,-4.0,0.0,-1.0,X4,E2021+E2022+E2023,34.0,36.57395604663496,64.0,66.57395604663496
E2024,128,2024-12-12 18:00:00+00:00,15,Regular Season,40.0,74.5,PAR,BER,1.0,-5.0,-7.0,1.0,-1.0,3.0,3.0,-2.0,-6.0,1.0,-3.0,X4,E2021+E2022+E2023,-2.0,3.055790425777717,-1.0,4.055790425777717
E2024,129,2024-12-12 19:30:00+00:00,15,Regular Season,40.0,71.52,VIR,BAS,1.0,-5.0,3.0,1.0,1.0,-7.0,-1.0,-6.0,0.0,-1.0,7.0,X4,E2021+E2022+E2023,-6.0,-4.7026713955636925,-5.0,-3.7026713955636925
E2024,130,2024-12-12 19:45:00+00:00,15,Regular Season,40.0,77.32,MUN,TEL,5.0,4.0,-5.0,-4.0,1.0,-4.0,-4.0,-7.0,4.0,-1.0,4.0,X4,E2021+E2022+E2023,-4.0,-1.6232642609625136,1.0,3.3767357390374864
E2024,131,2024-12-12 19:45:00+00:00,15,Regular Season,40.0,77.6,ZAL,MAD,9.0,-2.0,-3.0,0.0,0.0,-3.0,2.0,-3.0,-1.0,0.0,2.0,X4,E2021+E2022+E2023,-8.0,-5.357935100373515,1.0,3.642064899626485
E2024,132,2024-12-13 17:30:00+00:00,15,Regular Season,40.0,69.48,IST,PAN,26.0,-1.0,9.0,3.0,6.0,-4.0,-18.0,-4.0,-2.0,-6.0,4.0,X4,E2021+E2022+E2023,39.0,39.14677941899323,65.0,65.14677941899323
E2024,133,2024-12-13 19:30:00+00:00,15,Regular Season,40.0,66.88,RED,OLY,14.0,-8.0,7.0,5.0,-2.0,0.0,-1.0,-1.0,-9.0,2.0,0.0,X4,E2021+E2022+E2023,11.0,15.958568458778819,25.0,29.95856845877882
E2024,134,2024-12-13 19:30:00+00:00,15,Regular Season,40.0,75.14000000000001,MIL,BAR,13.0,1.0,-3.0,2.0,0.0,10.0,1.0,3.0,-5.0,0.0,-11.0,X4,E2021+E2022+E2023,22.0,21.427669971572847,35.0,34.42766997157285
E2024,135,2024-12-13 20:00:00+00:00,15,Regular Season,40.0,77.56,ASV,PRS,5.0,7.0,10.0,-1.0,0.0,0.0,-3.0,-3.0,4.0,0.0,-2.0,X4,E2021+E2022+E2023,20.0,15.30918590770652,25.0,20.30918590770652
E2024,136,2024-12-17 18:00:00+00:00,16,Regular Season,40.0,71.2,MCO,MUN,19.0,0.0,11.0,4.0,1.0,-1.0,2.0,0.0,-12.0,-1.0,1.0,X4,E2021+E2022+E2023,25.0,33.0061228122914,44.0,52.0061228122914
E2024,141,2024-12-17 19:05:00+00:00,16,Regular Season,40.0,75.82,BAS,TEL,10.0,15.0,2.0,-3.0,3.0,1.0,-7.0,4.0,6.0,-3.0,-1.0,X4,E2021+E2022+E2023,19.0,16.04502822228033,29.0,26.04502822228033
E2024,137,2024-12-17 19:15:00+00:00,16,Regular Season,40.0,71.4,PAN,MIL,29.0,19.0,11.0,-2.0,4.0,-10.0,-5.0,1.0,2.0,-4.0,10.0,X4,E2021+E2022+E2023,18.0,23.279759008403538,47.0,52.27975900840354
E2024,138,2024-12-17 19:30:00+00:00,16,Regular Season,40.0,70.72,BAR,ULK,27.0,-3.0,11.0,8.0,-3.0,-1.0,-10.0,-4.0,-9.0,3.0,1.0,X4,E2021+E2022+E2023,31.0,38.1685230341718,58.0,65.1685230341718
E2024,139,2024-12-17 19:30:00+00:00,16,Regular Season,40.0,75.52000000000001,MAD,PRS,11.0,18.0,10.0,0.0,3.0,4.0,-10.0,1.0,7.0,-3.0,-4.0,X4,E2021+E2022+E2023,44.0,36.5547303476631,55.0,47.5547303476631
E2024,140,2024-12-17 19:45:00+00:00,16,Regular Season,40.0,76.62,ZAL,BER,20.0,12.0,-3.0,2.0,-1.0,-1.0,-3.0,-4.0,1.0,1.0,0.0,X4,E2021+E2022+E2023,14.0,18.45613248239927,34.0,38.45613248239927
E2024,144,2024-12-17 19:45:00+00:00,16,Regular Season,40.0,73.69999999999999,ASV,PAR,3.0,12.0,-1.0,0.0,-6.0,0.0,4.0,-1.0,2.0,6.0,0.0,X4,E2021+E2022+E2023,-6.0,-1.220203344420371,-3.0,1.779796655579629
E2024,142,2024-12-18 17:30:00+00:00,16,Regular Season,40.0,75.97999999999999,IST,RED,22.0,15.0,5.0,4.0,1.0,3.0,2.0,-7.0,-1.0,-1.0,-3.0,X4,E2021+E2022+E2023,38.0,38.727479043563264,60.0,60.727479043563264
E2024,143,2024-12-18 19:15:00+00:00,16,Regular Season,40.0,70.92,OLY,VIR,10.0,16.0,4.0,-1.0,3.0,3.0,5.0,2.0,-1.0,-3.0,-3.0,X4,E2021+E2022+E2023,25.0,25.66307898765512,35.0,35.66307898765512
E2024,145,2024-12-19 17:45:00+00:00,17,Regular Season,40.0,69.22,PAN,BAS,35.0,4.0,7.0,4.0,-1.0,5.0,-9.0,2.0,-7.0,1.0,-5.0,X4,E2021+E2022+E2023,37.0,41.36334834401343,72.0,76.36334834401343
E2024,147,2024-12-19 19:45:00+00:00,17,Regular Season,40.0,79.74000000000001,MAD,MCO,22.0,12.0,5.0,1.0,1.0,0.0,-9.0,-1.0,2.0,-1.0,0.0,X4,E2021+E2022+E2023,28.0,28.65540465985984,50.0,50.65540465985984
E2024,148,2024-12-20 17:30:00+00:00,17,Regular Season,40.0,66.58,IST,PAR,9.0,-2.0,10.0,4.0,1.0,-1.0,-1.0,0.0,-2.0,-1.0,0.0,X4,E2021+E2022+E2023,16.0,13.272913531904646,25.0,22.272913531904646
E2024,149,2024-12-20 18:00:00+00:00,17,Regular Season,40.0,70.4,ASV,ZAL,6.0,-6.0,-5.0,4.0,0.0,3.0,0.0,-2.0,-7.0,0.0,-3.0,X4,E2021+E2022+E2023,8.0,12.227500782752312,14.0,18.227500782752312
E2024,150,2024-12-20 19:00:00+00:00,17,Regular Season,40.0,71.03999999999999,VIR,BAR,5.0,5.0,4.0,-3.0,2.0,7.0,-5.0,6.0,0.0,-2.0,-7.0,X4,E2021+E2022+E2023,23.0,19.41634483765128,28.0,24.41634483765128
E2024,151,2024-12-20 19:15:00+00:00,17,Regular Season,40.0,75.74000000000001,OLY,BER,5.0,-2.0,-5.0,2.0,4.0,4.0,9.0,3.0,-8.0,-4.0,-4.0,X4,E2021+E2022+E2023,7.0,9.493844208617977,12.0,14.493844208617977
E2024,152,2024-12-20 19:30:00+00:00,17,Regular Season,40.0,71.82,RED,TEL,8.0,-7.0,1.0,3.0,4.0,3.0,0.0,2.0,-4.0,-4.0,-3.0,X4,E2021+E2022+E2023,13.0,9.72345121608365,21.0,17.72345121608365
E2024,153,2024-12-20 20:00:00+00:00,17,Regular Season,40.0,71.32,MUN,MIL,1.0,4.0,2.0,-2.0,-1.0,-4.0,4.0,-1.0,-3.0,1.0,4.0,X4,E2021+E2022+E2023,-6.0,0.7561472064665464,-5.0,1.7561472064665464
E2024,154,2024-12-26 18:00:00+00:00,18,Regular Season,40.0,73.53999999999999,MCO,IST,19.0,-2.0,11.0,-4.0,0.0,-1.0,-15.0,1.0,2.0,0.0,1.0,X4,E2021+E2022+E2023,15.0,13.087616379386684,34.0,32.08761637938669
E2024,155,2024-12-26 18:00:00+00:00,18,Regular Season,40.0,69.62,MAD,BER,11.0,3.0,4.0,-3.0,0.0,-1.0,-8.0,0.0,7.0,0.0,1.0,X4,E2021+E2022+E2023,3.0,-1.9604907042717254,14.0,9.039509295728275
E2024,157,2024-12-26 19:05:00+00:00,18,Regular Season,40.0,74.8,TEL,ZAL,17.0,10.0,4.0,4.0,0.0,3.0,-9.0,-2.0,-3.0,0.0,-3.0,X4,E2021+E2022+E2023,38.0,41.638229207321814,55.0,58.638229207321814
E2024,156,2024-12-26 19:30:00+00:00,18,Regular Season,40.0,72.75999999999999,OLY,MIL,1.0,8.0,3.0,-1.0,-1.0,0.0,6.0,0.0,1.0,1.0,-1.0,X4,E2021+E2022+E2023,2.0,2.155395241911018,3.0,3.155395241911018
E2024,158,2024-12-27 19:30:00+00:00,18,Regular Season,40.0,70.14,RED,BAR,4.0,8.0,-1.0,-4.0,-1.0,3.0,1.0,-1.0,1.0,1.0,-3.0,X4,E2021+E2022+E2023,6.0,7.572843139895687,10.0,11.572843139895687
E2024,159,2024-12-27 19:30:00+00:00,18,Regular Season,40.0,72.14,PAR,ULK,9.0,7.0,-7.0,-1.0,-2.0,3.0,-5.0,-1.0,-1.0,2.0,-3.0,X4,E2021+E2022+E2023,8.0,13.782611624813704,17.0,22.782611624813704
E2024,160,2024-12-27 19:30:00+00:00,18,Regular Season,40.0,78.08,BAS,PRS,13.0,8.0,-4.0,-2.0,3.0,5.0,-13.0,9.0,2.0,-3.0,-3.0,X4,E2021+E2022+E2023,18.0,17.51501847585594,31.0,30.51501847585594
E2024,161,2024-12-27 19:30:00+00:00,18,Regular Season,40.0,72.26,PAN,MUN,11.0,1.0,-8.0,4.0,5.0,3.0,-6.0,4.0,-4.0,-5.0,-3.0,X4,E2021+E2022+E2023,19.0,20.74497797956129,30.0,31.74497797956129
E2024,162,2024-12-27 19:30:00+00:00,18,Regular Season,40.0,73.46000000000001,VIR,ASV,14.0,-5.0,3.0,5.0,-1.0,5.0,2.0,-2.0,-9.0,1.0,-6.0,X4,E2021+E2022+E2023,21.0,23.82699443162055,35.0,37.82699443162055
E2024,163,2025-01-02 18:00:00+00:00,19,Regular Season,40.0,72.0,OLY,ZAL,7.0,-8.0,1.0,4.0,1.0,2.0,-1.0,4.0,-9.0,-1.0,-2.0,X4,E2021+E2022+E2023,9.0,12.809264088318503,16.0,19.809264088318503
E2024,164,2025-01-02 19:00:00+00:00,19,Regular Season,40.0,77.8,MCO,BER,15.0,9.0,4.0,-3.0,5.0,3.0,-7.0,-3.0,4.0,-5.0,-3.0,X4,E2021+E2022+E2023,32.0,26.785344908296967,47.0,41.78534490829696
E2024,165,2025-01-02 19:00:00+00:00,19,Regular Season,40.0,72.80000000000001,MIL,ASV,9.0,9.0,6.0,4.0,0.0,-1.0,10.0,1.0,-9.0,0.0,1.0,X4,E2021+E2022+E2023,15.0,23.32484937996593,24.0,32.324849379965926
E2024,166,2025-01-02 19:30:00+00:00,19,Regular Season,40.0,69.92,RED,BAS,2.0,-4.0,8.0,-2.0,3.0,-7.0,-1.0,-3.0,0.0,-3.0,7.0,X4,E2021+E2022+E2023,-2.0,-2.3165370740585995,0.0,-0.31653707405859954
E2024,167,2025-01-03 17:45:00+00:00,19,Regular Season,40.0,70.62,ULK,IST,8.0,4.0,9.0,3.0,-2.0,4.0,-1.0,4.0,0.0,2.0,-4.0,X4,E2021+E2022+E2023,17.0,13.475624529026245,25.0,21.475624529026245
E2024,168,2025-01-03 19:15:00+00:00,19,Regular Season,40.0,71.16,PAN,VIR,21.0,11.0,5.0,-5.0,3.0,0.0,-8.0,1.0,2.0,-3.0,0.0,X4,E2021+E2022+E2023,22.0,22.6717048477894,43.0,43.6717048477894
E2024,169,2025-01-03 19:15:00+00:00,19,Regular Season,40.0,78.06,BAR,PRS,11.0,11.0,16.0,0.0,1.0,2.0,-3.0,5.0,1.0,-1.0,-2.0,X4,E2021+E2022+E2023,30.0,26.05271747720963,41.0,37.052717477209626
E2024,170,2025-01-03 19:30:00+00:00,19,Regular Season,40.0,75.32,PAR,TEL,23.0,-11.0,10.0,13.0,6.0,-4.0,-3.0,-4.0,-11.0,-6.0,4.0,X4,E2021+E2022+E2023,34.0,35.07391313846172,57.0,58.07391313846172
E2024,171,2025-01-03 20:00:00+00:00,19,Regular Season,40.0,74.66,MAD,MUN,12.0,9.0,-3.0,-1.0,1.0,1.0,-4.0,2.0,0.0,-1.0,-2.0,X4,E2021+E2022+E2023,12.0,14.966561783352738,24.0,26.966561783352738
E2024,172,2025-01-09 17:45:00+00:00,20,Regular Season,40.0,74.44,ULK,BER,17.0,-2.0,3.0,-2.0,5.0,6.0,-8.0,4.0,-5.0,-5.0,-6.0,X4,E2021+E2022+E2023,30.0,28.980217836198545,47.0,45.98021783619855
E2024,173,2025-01-09 18:00:00+00:00,20,Regular Season,40.0,74.69999999999999,BAR,MCO,14.0,7.0,7.0,0.0,-2.0,-5.0,-4.0,2.0,0.0,2.0,5.0,X4,E2021+E2022+E2023,2.0,6.698048053942114,16.0,20.698048053942113
E2024,175,2025-01-09 19:05:00+00:00,20,Regular Season,40.0,75.78,MIL,TEL,33.0,0.0,6.0,7.0,0.0,6.0,-6.0,-3.0,-7.0,0.0,-6.0,X4,E2021+E2022+E2023,41.0,42.191450593694036,74.0,75.19145059369404
E2024,174,2025-01-09 19:15:00+00:00,20,Regular Season,40.0,74.96000000000001,PAN,PAR,12.0,12.0,-3.0,-5.0,-1.0,6.0,-11.0,1.0,5.0,1.0,-6.0,X4,E2021+E2022+E2023,19.0,18.437308117769707,31.0,30.437308117769707
E2024,176,2025-01-10 17:30:00+00:00,20,Regular Season,40.0,65.5,ASV,IST,6.0,2.0,7.0,-4.0,-1.0,0.0,-7.0,5.0,3.0,1.0,0.0,X4,E2021+E2022+E2023,2.0,-0.041798964594873755,8.0,5.958201035405127
E2024,177,2025-01-10 18:00:00+00:00,20,Regular Season,40.0,72.56,MAD,ZAL,19.0,9.0,4.0,3.0,-4.0,2.0,3.0,0.0,-3.0,4.0,-1.0,X4,E2021+E2022+E2023,11.0,15.870348771119236,30.0,34.87034877111924
E2024,178,2025-01-10 19:00:00+00:00,20,Regular Season,40.0,68.41999999999999,RED,PRS,16.0,6.0,8.0,-1.0,4.0,2.0,-14.0,3.0,4.0,-4.0,-3.0,X4,E2021+E2022+E2023,33.0,26.75556418535306,49.0,42.75556418535306
E2024,179,2025-01-10 19:15:00+00:00,20,Regular Season,40.0,72.28,OLY,MUN,43.0,13.0,18.0,9.0,1.0,9.0,-3.0,5.0,-10.0,-1.0,-9.0,X4,E2021+E2022+E2023,68.0,68.99409951459415,111.0,111.99409951459415
E2024,180,2025-01-10 19:45:00+00:00,20,Regular Season,40.0,69.66,VIR,BAS,2.0,-1.0,4.0,-1.0,-1.0,-2.0,-1.0,-1.0,0.0,1.0,2.0,X4,E2021+E2022+E2023,-2.0,-1.217153842520616,0.0,0.7828461574793839
E2024,181,2025-01-14 19:00:00+00:00,21,Regular Season,40.0,67.96000000000001,PAR,ASV,31.0,11.0,13.0,1.0,3.0,-3.0,-1.0,0.0,-6.0,-3.0,3.0,X4,E2021+E2022+E2023,32.0,37.76724512212963,63.0,68.76724512212962
E2024,182,2025-01-14 19:30:00+00:00,21,Regular Season,45.0,77.12,OLY,BAS,1.0,-5.0,-5.0,2.0,-3.0,5.0,1.0,4.0,-5.0,3.0,-5.0,X4,E2021+E2022+E2023,-4.0,-0.8956103510797675,-3.0,0.1043896489202325
E2024,183,2025-01-14 19:30:00+00:00,21,Regular Season,40.0,70.14,MIL,BER,32.0,7.0,8.0,-1.0,6.0,2.0,-18.0,-1.0,2.0,-6.0,-2.0,X4,E2021+E2022+E2023,47.0,43.13968781399183,79.0,75.13968781399183
E2024,184,2025-01-14 19:30:00+00:00,21,Regular Season,40.0,72.82,PRS,IST,4.0,-20.0,2.0,4.0,-5.0,2.0,4.0,-1.0,-11.0,5.0,-2.0,X4,E2021+E2022+E2023,-12.0,-7.020349027821534,-8.0,-3.020349027821534
E2024,185,2025-01-14 19:45:00+00:00,21,Regular Season,40.0,77.22,MAD,TEL,3.0,1.0,-1.0,3.0,2.0,5.0,6.0,1.0,-5.0,-2.0,-5.0,X4,E2021+E2022+E2023,15.0,14.929143035269007,18.0,17.929143035269007
E2024,186,2025-01-15 18:00:00+00:00,21,Regular Season,40.0,68.25999999999999,ZAL,VIR,9.0,-4.0,1.0,1.0,1.0,-2.0,-7.0,5.0,1.0,-1.0,2.0,X4,E2021+E2022+E2023,-3.0,-4.461474406996359,6.0,4.538525593003641
E2024,187,2025-01-15 19:00:00+00:00,21,Regular Season,40.0,68.62,ULK,RED,5.0,-6.0,6.0,6.0,-1.0,0.0,8.0,-1.0,-5.0,1.0,-1.0,X4,E2021+E2022+E2023,3.0,2.0546132677384867,8.0,7.054613267738487
E2024,188,2025-01-15 19:30:00+00:00,21,Regular Season,40.0,70.84,BAR,PAN,9.0,-6.0,3.0,1.0,0.0,1.0,-3.0,-3.0,-6.0,0.0,-1.0,X4,E2021+E2022+E2023,12.0,15.396748509859808,21.0,24.39674850985981
E2024,189,2025-01-15 19:30:00+00:00,21,Regular Season,40.0,66.94,MUN,MCO,1.0,-3.0,1.0,-2.0,-3.0,-4.0,-2.0,-1.0,5.0,3.0,3.0,X4,E2021+E2022+E2023,-19.0,-20.74689887282068,-18.0,-19.74689887282068
E2024,190,2025-01-16 19:00:00+00:00,22,Regular Season,45.0,80.18,ASV,BER,7.0,10.0,1.0,-5.0,5.0,1.0,-6.0,-1.0,8.0,-5.0,-1.0,X4,E2021+E2022+E2023,17.0,10.224739590751629,24.0,17.22473959075163
E2024,191,2025-01-16 19:30:00+00:00,22,Regular Season,40.0,70.47999999999999,PAR,MIL,20.0,8.0,3.0,6.0,1.0,-1.0,-5.0,-5.0,-3.0,-1.0,0.0,X4,E2021+E2022+E2023,31.0,34.73939433145098,51.0,54.73939433145098
E2024,192,2025-01-16 19:30:00+00:00,22,Regular Season,40.0,76.4,PRS,TEL,13.0,5.0,5.0,-2.0,1.0,-3.0,1.0,2.0,0.0,-1.0,3.0,X4,E2021+E2022+E2023,1.0,2.5539322824249533,14.0,15.553932282424952
E2024,193,2025-01-16 19:45:00+00:00,22,Regular Season,40.0,79.36,OLY,MAD,10.0,5.0,0.0,-2.0,-1.0,4.0,0.0,4.0,4.0,1.0,-5.0,X4,E2021+E2022+E2023,2.0,-2.3910993566388443,12.0,7.608900643361156
E2024,194,2025-01-17 17:45:00+00:00,22,Regular Season,40.0,69.62,ULK,ZAL,12.0,15.0,-3.0,2.0,4.0,5.0,1.0,-1.0,2.0,-4.0,-5.0,X4,E2021+E2022+E2023,30.0,27.38065891298745,42.0,39.38065891298745
E2024,195,2025-01-17 19:00:00+00:00,22,Regular Season,45.0,79.66,RED,MCO,6.0,-5.0,3.0,6.0,1.0,0.0,-8.0,-1.0,3.0,-1.0,0.0,X4,E2021+E2022+E2023,12.0,5.376826190306834,18.0,11.376826190306833
E2024,196,2025-01-17 19:30:00+00:00,22,Regular Season,40.0,76.32,BAS,PAN,14.0,-3.0,0.0,-1.0,0.0,1.0,-3.0,2.0,-2.0,0.0,-1.0,X4,E2021+E2022+E2023,1.0,2.2682935217306754,15.0,16.268293521730676
E2024,197,2025-01-17 19:30:00+00:00,22,Regular Season,40.0,71.64,VIR,MUN,10.0,1.0,5.0,-2.0,5.0,4.0,-16.0,1.0,4.0,-5.0,-4.0,X4,E2021+E2022+E2023,33.0,25.35719341841298,43.0,35.357193418412976
E2024,198,2025-01-17 19:45:00+00:00,22,Regular Season,40.0,69.44,BAR,IST,10.0,9.0,9.0,0.0,4.0,-9.0,-2.0,0.0,-1.0,-4.0,8.0,X4,E2021+E2022+E2023,12.0,16.115598905690028,22.0,26.115598905690028
E2024,207,2025-01-22 19:30:00+00:00,23,Regular Season,40.0,69.02,PAR,PRS,6.0,6.0,6.0,-3.0,1.0,-1.0,-1.0,2.0,1.0,-1.0,1.0,X4,E2021+E2022+E2023,7.0,6.940333852053071,13.0,12.94033385205307
E2024,199,2025-01-23 17:30:00+00:00,23,Regular Season,40.0,66.98,IST,MIL,44.0,6.0,14.0,2.0,4.0,4.0,-11.0,5.0,-9.0,-4.0,-5.0,X4,E2021+E2022+E2023,54.0,57.14202079480689,98.0,101.14202079480688
E2024,203,2025-01-23 19:05:00+00:00,23,Regular Season,40.0,72.97999999999999,TEL,RED,12.0,3.0,3.0,-1.0,2.0,-2.0,-17.0,-3.0,7.0,-2.0,1.0,X4,E2021+E2022+E2023,19.0,14.431487850571482,31.0,26.431487850571482
E2024,200,2025-01-23 19:15:00+00:00,23,Regular Season,40.0,69.84,PAN,ZAL,13.0,6.0,1.0,5.0,-2.0,4.0,10.0,8.0,-7.0,2.0,-6.0,X4,E2021+E2022+E2023,7.0,10.741240680593837,20.0,23.741240680593837
E2024,201,2025-01-23 19:30:00+00:00,23,Regular Season,40.0,70.1,MCO,VIR,6.0,-3.0,-2.0,-1.0,3.0,0.0,-9.0,-1.0,-4.0,-3.0,1.0,X4,E2021+E2022+E2023,13.0,17.189642996073616,19.0,23.189642996073616
E2024,202,2025-01-23 19:45:00+00:00,23,Regular Season,40.0,71.68,MAD,BAS,1.0,-6.0,1.0,-5.0,2.0,1.0,-15.0,-1.0,4.0,-2.0,-1.0,X4,E2021+E2022+E2023,8.0,3.7360196310494826,9.0,4.736019631049483
E2024,204,2025-01-24 19:00:00+00:00,23,Regular Season,40.0,74.91999999999999,MUN,BER,15.0,6.0,6.0,1.0,-1.0,-3.0,-4.0,2.0,4.0,1.0,1.0,X4,E2021+E2022+E2023,5.0,2.815482629607147,20.0,17.815482629607146
E2024,205,2025-01-24 19:00:00+00:00,23,Regular Season,40.0,73.8,ASV,BAR,6.0,4.0,3.0,2.0,2.0,-3.0,5.0,-6.0,0.0,-2.0,3.0,X4,E2021+E2022+E2023,8.0,7.889761409378674,14.0,13.889761409378675
E2024,206,2025-01-24 19:15:00+00:00,23,Regular Season,40.0,72.0,ULK,OLY,10.0,9.0,7.0,-4.0,-1.0,-6.0,1.0,-6.0,5.0,1.0,6.0,X4,E2021+E2022+E2023,-2.0,-1.1598132783048216,8.0,8.84018672169518
E2024,208,2025-01-30 18:00:00+00:00,24,Regular Season,40.0,74.76,MUN,ZAL,15.0,14.0,3.0,-5.0,-4.0,3.0,-5.0,1.0,8.0,4.0,-3.0,X4,E2021+E2022+E2023,6.0,3.693312240812342,21.0,18.693312240812343
E2024,212,2025-01-30 19:05:00+00:00,24,Regular Season,40.0,76.36,BER,TEL,6.0,-5.0,10.0,3.0,1.0,-6.0,1.0,-2.0,-7.0,-1.0,6.0,X4,E2021+E2022+E2023,6.0,10.962393759693661,12.0,16.96239375969366
E2024,209,2025-01-30 19:30:00+00:00,24,Regular Season,40.0,75.66,BAS,BAR,2.0,7.0,3.0,-3.0,5.0,2.0,-7.0,2.0,5.0,-5.0,-3.0,X4,E2021+E2022+E2023,22.0,15.430449668518614,24.0,17.430449668518612
E2024,210,2025-01-30 19:30:00+00:00,24,Regular Season,40.0,72.26,MIL,PAN,12.0,4.0,-5.0,1.0,4.0,5.0,-7.0,-2.0,-1.0,-4.0,-4.0,X4,E2021+E2022+E2023,27.0,26.67151742976276,39.0,38.67151742976276
E2024,211,2025-01-30 19:30:00+00:00,24,Regular Season,40.0,74.52000000000001,PRS,ASV,9.0,6.0,-1.0,5.0,-2.0,1.0,0.0,1.0,-3.0,2.0,-1.0,X4,E2021+E2022+E2023,10.0,14.367626356696132,19.0,23.36762635669613
E2024,213,2025-01-31 17:30:00+00:00,24,Regular Season,40.0,70.64,ULK,VIR,14.0,2.0,-2.0,0.0,2.0,-2.0,-7.0,0.0,2.0,-2.0,2.0,X4,E2021+E2022+E2023,5.0,5.166483731912395,19.0,19.166483731912393
E2024,214,2025-01-31 18:00:00+00:00,24,Regular Season,40.0,76.4,MCO,MAD,4.0,-3.0,4.0,6.0,-3.0,-1.0,7.0,7.0,-10.0,3.0,-2.0,X4,E2021+E2022+E2023,-2.0,4.7425010001770564,2.0,8.742501000177057
E2024,215,2025-01-31 19:15:00+00:00,24,Regular Season,40.0,73.0,OLY,IST,3.0,-5.0,1.0,1.0,0.0,11.0,-12.0,9.0,-1.0,0.0,-11.0,X4,E2021+E2022+E2023,23.0,16.887479583172464,26.0,19.887479583172464
E2024,216,2025-01-31 19:30:00+00:00,24,Regular Season,40.0,69.02000000000001,RED,PAR,2.0,13.0,4.0,-4.0,0.0,5.0,-2.0,-1.0,7.0,0.0,-5.0,X4,E2021+E2022+E2023,19.0,12.991238495176535,21.0,14.991238495176535
E2024,217,2025-02-04 17:30:00+00:00,25,Regular Season,40.0,74.52000000000001,IST,MAD,6.0,3.0,-12.0,4.0,0.0,1.0,5.0,-3.0,-6.0,0.0,-1.0,X4,E2021+E2022+E2023,1.0,9.410149190095936,7.0,15.410149190095936
E2024,218,2025-02-04 18:00:00+00:00,25,Regular Season,40.0,72.72,ZAL,BER,20.0,-5.0,-4.0,3.0,8.0,10.0,-12.0,5.0,-7.0,-8.0,-10.0,X4,E2021+E2022+E2023,44.0,41.23861833391239,64.0,61.23861833391239
E2024,219,2025-02-04 19:00:00+00:00,25,Regular Season,40.0,71.52000000000001,RED,ASV,7.0,-3.0,1.0,0.0,0.0,3.0,-12.0,3.0,1.0,0.0,-3.0,X4,E2021+E2022+E2023,12.0,9.68097344391283,19.0,16.68097344391283
E2024,220,2025-02-04 19:15:00+00:00,25,Regular Season,40.0,75.74000000000001,PAN,ULK,1.0,0.0,-4.0,-3.0,-5.0,7.0,-4.0,7.0,-3.0,5.0,-7.0,X4,E2021+E2022+E2023,-3.0,1.2975920747010345,-2.0,2.2975920747010345
E2024,221,2025-02-04 19:45:00+00:00,25,Regular Season,40.0,66.98,MUN,MIL,17.0,10.0,13.0,3.0,-2.0,0.0,8.0,1.0,-5.0,2.0,-1.0,X4,E2021+E2022+E2023,19.0,22.24161636683303,36.0,39.24161636683303
E2024,222,2025-02-05 18:00:00+00:00,25,Regular Season,40.0,74.80000000000001,MCO,BAS,7.0,-3.0,10.0,2.0,7.0,-1.0,-15.0,3.0,-1.0,-7.0,1.0,X4,E2021+E2022+E2023,34.0,29.28972136391878,41.0,36.28972136391878
E2024,223,2025-02-05 19:30:00+00:00,25,Regular Season,40.0,76.02000000000001,BAR,TEL,29.0,5.0,1.0,3.0,2.0,6.0,-7.0,2.0,-6.0,-2.0,-6.0,X4,E2021+E2022+E2023,36.0,39.0056026655625,65.0,68.00560266556249
E2024,224,2025-02-05 19:30:00+00:00,25,Regular Season,40.0,65.82,OLY,PRS,17.0,3.0,6.0,-2.0,4.0,1.0,-15.0,4.0,0.0,-4.0,-1.0,X4,E2021+E2022+E2023,28.0,26.933829671868924,45.0,43.93382967186892
E2024,225,2025-02-05 19:30:00+00:00,25,Regular Season,40.0,63.22,PAR,VIR,10.0,7.0,0.0,-3.0,1.0,1.0,-2.0,2.0,2.0,-1.0,-1.0,X4,E2021+E2022+E2023,6.0,5.927371533917224,16.0,15.927371533917224
E2024,226,2025-02-06 17:30:00+00:00,26,Regular Season,40.0,66.58,ULK,MAD,11.0,-10.0,13.0,-2.0,3.0,0.0,-6.0,0.0,-4.0,-3.0,0.0,X4,E2021+E2022+E2023,17.0,14.142836286695246,28.0,25.142836286695246
E2024,227,2025-02-06 18:00:00+00:00,26,Regular Season,40.0,72.14000000000001,RED,BER,6.0,-4.0,-1.0,10.0,0.0,6.0,4.0,7.0,-10.0,0.0,-5.0,X4,E2021+E2022+E2023,15.0,17.513636194143473,21.0,23.513636194143473
E2024,228,2025-02-06 18:00:00+00:00,26,Regular Season,40.0,72.88,MIL,ZAL,2.0,3.0,6.0,1.0,3.0,7.0,-16.0,6.0,3.0,-3.0,-7.0,X4,E2021+E2022+E2023,37.0,28.998879126511007,39.0,30.998879126511007
E2024,229,2025-02-06 19:15:00+00:00,26,Regular Season,40.0,74.88,PAN,IST,15.0,5.0,-1.0,4.0,-2.0,3.0,6.0,2.0,-7.0,2.0,-3.0,X4,E2021+E2022+E2023,9.0,15.432775359608321,24.0,30.43277535960832
E2024,230,2025-02-06 19:30:00+00:00,26,Regular Season,40.0,69.03999999999999,MUN,ASV,9.0,9.0,3.0,5.0,3.0,-4.0,-2.0,-5.0,1.0,-3.0,4.0,X4,E2021+E2022+E2023,21.0,21.51265018247506,30.0,30.51265018247506
E2024,231,2025-02-07 18:00:00+00:00,26,Regular Season,40.0,68.19999999999999,PAR,MCO,17.0,3.0,-2.0,2.0,-1.0,3.0,-6.0,2.0,-3.0,1.0,-4.0,X4,E2021+E2022+E2023,15.0,18.4534896748672,32.0,35.4534896748672
E2024,232,2025-02-07 19:30:00+00:00,26,Regular Season,40.0,72.68,BAS,TEL,7.0,4.0,1.0,-1.0,-1.0,2.0,-5.0,4.0,4.0,1.0,-2.0,X4,E2021+E2022+E2023,3.0,-0.0402482485399176,10.0,6.959751751460082
E2024,233,2025-02-07 19:30:00+00:00,26,Regular Season,40.0,68.36,OLY,BAR,2.0,6.0,1.0,0.0,2.0,2.0,0.0,1.0,3.0,-2.0,-2.0,X4,E2021+E2022+E2023,11.0,6.964859168073337,13.0,8.964859168073337
E2024,234,2025-02-07 19:30:00+00:00,26,Regular Season,40.0,73.0,PRS,VIR,6.0,0.0,-4.0,3.0,2.0,3.0,1.0,-2.0,-2.0,-2.0,-3.0,X4,E2021+E2022+E2023,12.0,11.436580917667596,18.0,17.436580917667598
E2024,235,2025-02-27 19:00:00+00:00,27,Regular Season,40.0,67.08,ZAL,RED,6.0,4.0,3.0,4.0,1.0,-3.0,-14.0,2.0,6.0,-1.0,3.0,X4,E2021+E2022+E2023,13.0,9.05763135674987,19.0,15.05763135674987
E2024,236,2025-02-27 19:30:00+00:00,27,Regular Season,40.0,74.14,MIL,MCO,6.0,4.0,2.0,-6.0,2.0,6.0,-16.0,7.0,6.0,-2.0,-6.0,X4,E2021+E2022+E2023,19.0,12.463252389538393,25.0,18.463252389538393
E2024,237,2025-02-27 19:30:00+00:00,27,Regular Season,40.0,74.34,PRS,MUN,5.0,7.0,-3.0,3.0,1.0,-2.0,8.0,3.0,-2.0,-1.0,2.0,X4,E2021+E2022+E2023,-4.0,-0.5684726142032579,1.0,4.431527385796742
E2024,238,2025-02-27 19:45:00+00:00,27,Regular Season,40.0,80.38,MAD,BAR,5.0,-5.0,2.0,4.0,4.0,5.0,-5.0,3.0,-5.0,-4.0,-6.0,X4,E2021+E2022+E2023,27.0,24.067209342265805,32.0,29.067209342265805
E2024,239,2025-02-27 20:00:00+00:00,27,Regular Season,40.0,75.34,TEL,ULK,18.0,7.0,9.0,-4.0,-2.0,7.0,-20.0,2.0,1.0,2.0,-7.0,X4,E2021+E2022+E2023,39.0,38.688662674009855,57.0,56.688662674009855
E2024,240,2025-02-28 17:30:00+00:00,27,Regular Season,40.0,80.02000000000001,IST,BER,25.0,15.0,7.0,-4.0,2.0,6.0,-7.0,6.0,-2.0,-2.0,-6.0,X4,E2021+E2022+E2023,37.0,38.895977352574185,62.0,63.895977352574185
E2024,241,2025-02-28 19:00:00+00:00,27,Regular Season,40.0,75.64,OLY,VIR,22.0,13.0,13.0,-2.0,0.0,-6.0,-6.0,-4.0,2.0,0.0,5.0,X4,E2021+E2022+E2023,21.0,23.998095567512262,43.0,45.998095567512266
E2024,242,2025-02-28 19:30:00+00:00,27,Regular Season,40.0,73.8,PAR,BAS,13.0,-1.0,8.0,7.0,5.0,-5.0,-9.0,0.0,-5.0,-5.0,5.0,X4,E2021+E2022+E2023,28.0,29.99939591711046,41.0,42.99939591711046
E2024,243,2025-02-28 20:00:00+00:00,27,Regular Season,40.0,76.16,PAN,ASV,3.0,5.0,1.0,0.0,-3.0,0.0,-3.0,-1.0,2.0,3.0,-1.0,X4,E2021+E2022+E2023,3.0,4.099043840090931,6.0,7.099043840090931
E2024,146,2025-03-03 19:30:00+00:00,17,Regular Season,40.0,63.86,ULK,PRS,4.0,21.0,1.0,-3.0,1.0,6.0,9.0,4.0,4.0,-1.0,-5.0,X4,E2021+E2022+E2023,15.0,12.333533907251121,19.0,16.333533907251123
E2024,244,2025-03-05 19:30:00+00:00,28,Regular Season,40.0,75.25999999999999,MCO,PRS,12.0,0.0,12.0,1.0,-2.0,0.0,-7.0,-1.0,-2.0,2.0,0.0,X4,E2021+E2022+E2023,19.0,19.62683193022665,31.0,31.62683193022665
E2024,246,2025-03-06 19:30:00+00:00,28,Regular Season,40.0,65.52000000000001,BAS,ZAL,1.0,-12.0,-1.0,5.0,3.0,5.0,2.0,-1.0,-5.0,-3.0,-5.0,X4,E2021+E2022+E2023,12.0,7.523354219950837,13.0,8.523354219950837
E2024,247,2025-03-06 19:30:00+00:00,28,Regular Season,40.0,71.44,ULK,MIL,24.0,8.0,3.0,-3.0,1.0,-3.0,-16.0,-1.0,3.0,-1.0,2.0,X4,E2021+E2022+E2023,19.0,21.684831460285018,43.0,45.68483146028502
E2024,248,2025-03-06 19:30:00+00:00,28,Regular Season,40.0,74.75999999999999,MUN,RED,18.0,-9.0,3.0,1.0,-1.0,2.0,-11.0,1.0,-5.0,1.0,-5.0,X4,E2021+E2022+E2023,15.0,16.572033198993765,33.0,34.572033198993765
E2024,245,2025-03-06 19:45:00+00:00,28,Regular Season,40.0,73.0,PAN,MAD,15.0,-7.0,5.0,5.0,1.0,5.0,-3.0,-1.0,-4.0,-1.0,-7.0,X4,E2021+E2022+E2023,25.0,20.59666146877728,40.0,35.596661468777285
E2024,249,2025-03-07 17:30:00+00:00,28,Regular Season,40.0,69.82,IST,VIR,21.0,12.0,3.0,1.0,0.0,-2.0,0.0,-1.0,2.0,0.0,2.0,X4,E2021+E2022+E2023,11.0,12.596947857457158,32.0,33.59694785745716
E2024,250,2025-03-07 19:00:00+00:00,28,Regular Season,40.0,77.24000000000001,TEL,ASV,7.0,3.0,1.0,0.0,-2.0,-4.0,-5.0,-2.0,-1.0,2.0,4.0,X4,E2021+E2022+E2023,0.0,6.080129626490743,7.0,13.080129626490743
E2024,251,2025-03-07 19:15:00+00:00,28,Regular Season,40.0,67.32,OLY,PAR,12.0,6.0,7.0,0.0,-1.0,2.0,-5.0,1.0,-1.0,1.0,-2.0,X4,E2021+E2022+E2023,20.0,20.978580049685544,32.0,32.97858004968555
E2024,252,2025-03-07 19:30:00+00:00,28,Regular Season,40.0,76.78,BAR,BER,14.0,17.0,0.0,-2.0,-1.0,5.0,-7.0,0.0,5.0,1.0,-5.0,X4,E2021+E2022+E2023,25.0,24.223781164599174,39.0,38.223781164599174
E2024,253,2025-03-13 17:45:00+00:00,29,Regular Season,40.0,71.44,ULK,ASV,10.0,6.0,2.0,1.0,3.0,0.0,-3.0,-3.0,-2.0,-3.0,0.0,X4,E2021+E2022+E2023,23.0,24.943399790042626,33.0,34.943399790042626
E2024,254,2025-03-13 18:00:00+00:00,29,Regular Season,40.0,71.6,ZAL,PRS,2.0,11.0,3.0,1.0,4.0,1.0,1.0,-1.0,0.0,-4.0,-1.0,X4,E2021+E2022+E2023,25.0,24.15649324619812,27.0,26.15649324619812
E2024,258,2025-03-13 18:00:00+00:00,29,Regular Season,40.0,73.75999999999999,MIL,RED,2.0,1.0,-4.0,1.0,1.0,-1.0,-1.0,-5.0,1.0,-1.0,1.0,X4,E2021+E2022+E2023,3.0,3.5509428430841634,5.0,5.550942843084163
E2024,255,2025-03-13 19:00:00+00:00,29,Regular Season,40.0,79.46000000000001,BER,BAS,7.0,0.0,2.0,-1.0,0.0,-6.0,7.0,-2.0,-4.0,0.0,6.0,X4,E2021+E2022+E2023,-12.0,-5.524839430744708,-5.0,1.4751605692552916
E2024,257,2025-03-13 19:05:00+00:00,29,Regular Season,40.0,77.4,TEL,MCO,3.0,-6.0,-6.0,5.0,-3.0,0.0,19.0,-4.0,-12.0,3.0,0.0,X4,E2021+E2022+E2023,-16.0,-5.812398903143834,-13.0,-2.8123989031438343
E2024,256,2025-03-13 19:45:00+00:00,29,Regular Season,40.0,70.3,MAD,VIR,13.0,8.0,8.0,1.0,-3.0,1.0,-4.0,5.0,-2.0,3.0,-1.0,X4,E2021+E2022+E2023,14.0,17.445941399820192,27.0,30.445941399820192
E2024,259,2025-03-14 19:15:00+00:00,29,Regular Season,40.0,70.80000000000001,OLY,PAN,2.0,9.0,2.0,0.0,2.0,-1.0,2.0,1.0,3.0,-2.0,-1.0,X4,E2021+E2022+E2023,9.0,6.447000800521811,11.0,8.44700080052181
E2024,260,2025-03-14 19:30:00+00:00,29,Regular Season,40.0,78.2,IST,MUN,5.0,-2.0,6.0,2.0,2.0,0.0,-1.0,2.0,-2.0,-2.0,0.0,X4,E2021+E2022+E2023,11.0,9.042530123125161,16.0,14.042530123125161
E2024,261,2025-03-14 19:45:00+00:00,29,Regular Season,40.0,69.28,BAR,PAR,7.0,-4.0,-4.0,1.0,2.0,2.0,-17.0,-7.0,3.0,-2.0,-2.0,X4,E2021+E2022+E2023,22.0,19.163579408497405,29.0,26.163579408497405
E2024,262,2025-03-18 19:30:00+00:00,30,Regular Season,40.0,74.5,PRS,MIL,13.0,-5.0,6.0,4.0,0.0,-2.0,4.0,5.0,-10.0,0.0,1.0,X4,E2021+E2022+E2023,3.0,9.122157993659481,16.0,22.12215799365948
E2024,263,2025-03-20 18:00:00+00:00,30,Regular Season,40.0,79.96000000000001,MCO,ULK,9.0,-8.0,6.0,-1.0,3.0,2.0,-10.0,5.0,-3.0,-3.0,-2.0,X4,E2021+E2022+E2023,15.0,12.630408241600104,24.0,21.630408241600104
E2024,264,2025-03-20 18:00:00+00:00,30,Regular Season,40.0,71.1,RED,OLY,8.0,-1.0,3.0,1.0,-1.0,0.0,-2.0,-2.0,-2.0,1.0,0.0,X4,E2021+E2022+E2023,7.0,8.647107413277379,15.0,16.64710741327738
E2024,267,2025-03-20 19:15:00+00:00,30,Regular Season,40.0,74.42,TEL,VIR,10.0,2.0,2.0,-6.0,2.0,4.0,-15.0,-1.0,5.0,-2.0,-4.0,X4,E2021+E2022+E2023,21.0,16.361285942769,31.0,26.361285942769
E2024,265,2025-03-20 19:30:00+00:00,30,Regular Season,40.0,74.72,BAS,MUN,23.0,8.0,8.0,3.0,1.0,-3.0,-8.0,-2.0,-2.0,-1.0,3.0,X4,E2021+E2022+E2023,27.0,30.8624760317592,50.0,53.8624760317592
E2024,266,2025-03-20 19:45:00+00:00,30,Regular Season,40.0,72.72,MAD,ASV,11.0,10.0,3.0,-2.0,3.0,0.0,0.0,2.0,1.0,-3.0,-2.0,X4,E2021+E2022+E2023,16.0,15.248795841590969,27.0,26.24879584159097
E2024,268,2025-03-21 19:15:00+00:00,30,Regular Season,40.0,76.22,PAN,BER,10.0,-3.0,-12.0,6.0,5.0,10.0,2.0,2.0,-12.0,-5.0,-10.0,X4,E2021+E2022+E2023,29.0,33.34817829851231,39.0,43.34817829851231
E2024,269,2025-03-21 19:30:00+00:00,30,Regular Season,40.0,66.62,BAR,ZAL,12.0,5.0,-2.0,2.0,1.0,0.0,2.0,-3.0,-3.0,-1.0,0.0,X4,E2021+E2022+E2023,11.0,14.968412487820334,23.0,26.968412487820334
E2024,270,2025-03-21 19:45:00+00:00,30,Regular Season,40.0,67.47999999999999,IST,PAR,32.0,-3.0,8.0,2.0,5.0,0.0,-27.0,-6.0,0.0,-5.0,0.0,X4,E2021+E2022+E2023,50.0,47.75644964405072,82.0,79.75644964405072
E2024,271,2025-03-25 17:45:00+00:00,31,Regular Season,40.0,77.25999999999999,ULK,PRS,1.0,-8.0,-2.0,4.0,1.0,3.0,7.0,-3.0,-6.0,-1.0,-3.0,X4,E2021+E2022+E2023,4.0,4.060224370158567,5.0,5.060224370158567
E2024,272,2025-03-25 18:00:00+00:00,31,Regular Season,45.0,79.3,MCO,ZAL,10.0,11.0,0.0,1.0,0.0,2.0,-2.0,0.0,-2.0,0.0,-1.0,X4,E2021+E2022+E2023,19.0,23.61388937962822,29.0,33.61388937962822
E2024,273,2025-03-25 19:30:00+00:00,31,Regular Season,40.0,75.36,MUN,BAR,1.0,-10.0,-2.0,3.0,0.0,-2.0,0.0,2.0,-3.0,0.0,1.0,X4,E2021+E2022+E2023,-11.0,-10.396700867118017,-10.0,-9.396700867118017
E2024,274,2025-03-25 19:45:00+00:00,31,Regular Season,40.0,73.18,ASV,OLY,11.0,2.0,-4.0,1.0,1.0,0.0,-11.0,-7.0,1.0,-1.0,1.0,X4,E2021+E2022+E2023,17.0,19.22739589913866,28.0,30.22739589913866
E2024,275,2025-03-25 19:45:00+00:00,31,Regular Season,40.0,71.86,PAR,BER,14.0,4.0,-1.0,7.0,3.0,-2.0,0.0,-4.0,-7.0,-3.0,2.0,X4,E2021+E2022+E2023,23.0,29.508437023391032,37.0,43.50843702339103
E2024,276,2025-03-25 19:45:00+00:00,31,Regular Season,40.0,78.94,MAD,MIL,7.0,16.0,-4.0,-7.0,1.0,-5.0,-6.0,0.0,6.0,-1.0,5.0,X4,E2021+E2022+E2023,-3.0,2.0216761553852383,4.0,9.021676155385238
E2024,277,2025-03-26 17:30:00+00:00,31,Regular Season,40.0,69.46000000000001,IST,BAS,16.0,15.0,1.0,1.0,4.0,1.0,9.0,0.0,-6.0,-4.0,-1.0,X4,E2021+E2022+E2023,24.0,30.017250309264845,40.0,46.017250309264845
E2024,278,2025-03-26 19:00:00+00:00,31,Regular Season,40.0,68.82,RED,VIR,36.0,12.0,12.0,3.0,0.0,3.0,0.0,-3.0,-6.0,0.0,-3.0,X4,E2021+E2022+E2023,42.0,46.030564991449516,78.0,82.03056499144952
E2024,279,2025-03-26 19:05:00+00:00,31,Regular Season,40.0,80.28,PAN,TEL,7.0,-7.0,4.0,1.0,2.0,4.0,-11.0,7.0,-2.0,-2.0,-4.0,X4,E2021+E2022+E2023,16.0,12.338165282343702,23.0,19.338165282343702
E2024,280,2025-03-27 19:00:00+00:00,32,Regular Season,40.0,70.63999999999999,ASV,ZAL,9.0,-9.0,-1.0,7.0,-4.0,0.0,4.0,-4.0,-6.0,4.0,0.0,X4,E2021+E2022+E2023,-5.0,-1.211509999810918,4.0,7.788490000189082
E2024,281,2025-03-27 19:15:00+00:00,32,Regular Season,40.0,69.1,MCO,OLY,3.0,-7.0,1.0,4.0,0.0,-4.0,0.0,-11.0,-2.0,0.0,4.0,X4,E2021+E2022+E2023,3.0,4.45732070817258,6.0,7.45732070817258
E2024,282,2025-03-27 19:30:00+00:00,32,Regular Season,40.0,80.46000000000001,BAR,MIL,10.0,-2.0,1.0,4.0,-1.0,-3.0,0.0,7.0,0.0,1.0,2.0,X4,E2021+E2022+E2023,-11.0,-11.404399136371342,-1.0,-1.4043991363713424
E2024,283,2025-03-27 19:30:00+00:00,32,Regular Season,40.0,66.26,MUN,PAR,15.0,-5.0,1.0,4.0,-4.0,-3.0,-10.0,2.0,-1.0,4.0,3.0,X4,E2021+E2022+E2023,-5.0,-1.3848687160924502,10.0,13.61513128390755
E2024,284,2025-03-28 17:30:00+00:00,32,Regular Season,40.0,68.16,IST,TEL,2.0,-2.0,1.0,3.0,2.0,-3.0,10.0,-1.0,-5.0,-2.0,3.0,X4,E2021+E2022+E2023,-4.0,-1.4019921889061968,-2.0,0.5980078110938032
E2024,285,2025-03-28 17:45:00+00:00,32,Regular Season,40.0,69.9,ULK,BAS,5.0,14.0,-8.0,-3.0,2.0,-1.0,2.0,-9.0,4.0,-2.0,1.0,X4,E2021+E2022+E2023,8.0,10.846204072906485,13.0,15.846204072906485
E2024,286,2025-03-28 19:00:00+00:00,32,Regular Season,40.0,74.19999999999999,VIR,BER,44.0,4.0,24.0,-3.0,5.0,-5.0,-35.0,-5.0,3.0,-5.0,5.0,X4,E2021+E2022+E2023,62.0,59.61245305615023,106.0,103.61245305615023
E2024,287,2025-03-28 19:00:00+00:00,32,Regular Season,40.0,72.2,MAD,RED,6.0,-2.0,2.0,1.0,3.0,0.0,-14.0,0.0,-1.0,-3.0,0.0,X4,E2021+E2022+E2023,22.0,21.992432534882028,28.0,27.992432534882028
E2024,288,2025-03-28 19:15:00+00:00,32,Regular Season,40.0,75.68,PRS,PAN,3.0,0.0,0.0,-1.0,-3.0,-5.0,-7.0,0.0,6.0,3.0,5.0,X4,E2021+E2022+E2023,-16.0,-16.289046069344977,-13.0,-13.289046069344977
E2024,290,2025-04-02 17:45:00+00:00,33,Regular Season,40.0,75.42,BAR,ULK,8.0,5.0,3.0,1.0,0.0,5.0,5.0,2.0,-5.0,0.0,-5.0,X4,E2021+E2022+E2023,17.0,18.836083781417916,25.0,26.836083781417916
E2024,289,2025-04-03 17:00:00+00:00,33,Regular Season,40.0,71.06,PAN,MCO,12.0,-3.0,-2.0,1.0,1.0,-3.0,-16.0,-2.0,2.0,-1.0,3.0,X4,E2021+E2022+E2023,8.0,9.027841991847078,20.0,21.027841991847076
E2024,291,2025-04-03 17:00:00+00:00,33,Regular Season,40.0,66.18,ZAL,PAR,4.0,11.0,-2.0,1.0,6.0,1.0,5.0,0.0,3.0,-6.0,-1.0,X4,E2021+E2022+E2023,16.0,11.595770699417926,20.0,15.595770699417926
E2024,293,2025-04-03 18:30:00+00:00,33,Regular Season,40.0,79.02000000000001,TEL,MUN,3.0,14.0,-2.0,-1.0,1.0,8.0,-5.0,5.0,1.0,-1.0,-9.0,X4,E2021+E2022+E2023,29.0,28.035203985458075,32.0,31.035203985458075
E2024,292,2025-04-03 19:00:00+00:00,33,Regular Season,40.0,80.26,MAD,PRS,1.0,-2.0,8.0,-1.0,1.0,7.0,3.0,4.0,-7.0,-1.0,-9.0,X4,E2021+E2022+E2023,23.0,21.801598608718486,24.0,22.801598608718486
E2024,294,2025-04-04 18:00:00+00:00,33,Regular Season,40.0,73.86,OLY,BER,8.0,-5.0,-1.0,2.0,0.0,6.0,-8.0,0.0,-1.0,0.0,-6.0,X4,E2021+E2022+E2023,17.0,13.973099173934374,25.0,21.973099173934372
E2024,295,2025-04-04 18:00:00+00:00,33,Regular Season,45.0,82.58000000000001,IST,RED,1.0,4.0,-1.0,5.0,2.0,2.0,-7.0,0.0,0.0,-2.0,-3.0,X4,E2021+E2022+E2023,24.0,22.504056881075858,25.0,23.504056881075858
E2024,296,2025-04-04 18:30:00+00:00,33,Regular Season,40.0,72.72,BAS,ASV,36.0,19.0,10.0,1.0,2.0,3.0,-6.0,2.0,-1.0,-2.0,-3.0,X4,E2021+E2022+E2023,45.0,46.53322387982564,81.0,82.53322387982564
E2024,297,2025-04-04 18:30:00+00:00,33,Regular Season,40.0,68.64,VIR,MIL,20.0,11.0,6.0,0.0,-3.0,3.0,-2.0,0.0,-4.0,3.0,-3.0,X4,E2021+E2022+E2023,23.0,29.146446822481824,43.0,49.14644682248182
E2024,298,2025-04-10 18:00:00+00:00,34,Regular Season,40.0,72.1,ULK,MUN,12.0,-3.0,3.0,6.0,2.0,-6.0,-9.0,-3.0,-1.0,-2.0,6.0,X4,E2021+E2022+E2023,11.0,12.413889845192848,23.0,24.41388984519285
E2024,304,2025-04-10 18:00:00+00:00,34,Regular Season,40.0,69.25999999999999,MCO,ASV,5.0,-8.0,-5.0,1.0,-2.0,10.0,1.0,2.0,-4.0,2.0,-10.0,X4,E2021+E2022+E2023,5.0,3.0190320451337644,10.0,8.019032045133764
E2024,299,2025-04-10 18:15:00+00:00,34,Regular Season,40.0,75.32,OLY,TEL,6.0,-5.0,8.0,-1.0,1.0,3.0,-6.0,6.0,-2.0,-1.0,-3.0,X4,E2021+E2022+E2023,12.0,8.810108591851439,18.0,14.810108591851439
E2024,300,2025-04-10 18:30:00+00:00,34,Regular Season,40.0,73.66,MIL,BAS,22.0,-2.0,14.0,4.0,-1.0,0.0,2.0,-2.0,-12.0,1.0,0.0,X4,E2021+E2022+E2023,26.0,33.211794863939346,48.0,55.211794863939346
E2024,301,2025-04-10 18:30:00+00:00,34,Regular Season,40.0,74.8,MAD,PAR,2.0,11.0,-2.0,1.0,0.0,5.0,0.0,5.0,3.0,0.0,-5.0,X4,E2021+E2022+E2023,12.0,9.273171138723074,14.0,11.273171138723074
E2024,302,2025-04-10 18:45:00+00:00,34,Regular Season,40.0,70.47999999999999,PRS,BER,9.0,-4.0,-4.0,3.0,2.0,-4.0,3.0,-6.0,-6.0,-2.0,4.0,X4,E2021+E2022+E2023,0.0,6.4559089681039845,9.0,15.455908968103984
E2024,303,2025-04-11 17:30:00+00:00,34,Regular Season,40.0,70.32,IST,ZAL,10.0,4.0,6.0,2.0,4.0,4.0,-12.0,-4.0,1.0,-4.0,-4.0,X4,E2021+E2022+E2023,43.0,38.2201549269115,53.0,48.2201549269115
E2024,305,2025-04-11 18:15:00+00:00,34,Regular Season,45.0,77.28,PAN,RED,7.0,0.0,4.0,4.0,1.0,3.0,-4.0,-5.0,-1.0,-1.0,-3.0,X4,E2021+E2022+E2023,26.0,23.26923627066388,33.0,30.26923627066388
E2024,306,2025-04-11 18:30:00+00:00,34,Regular Season,40.0,73.24000000000001,BAR,VIR,4.0,-3.0,6.0,5.0,1.0,2.0,1.0,2.0,-4.0,-1.0,-2.0,X4,E2021+E2022+E2023,15.0,13.080810437962622,19.0,17.080810437962622
E2024,308,2025-04-15 18:30:00+00:00,35,Play-In,45.0,79.84,MUN,RED,4.0,5.0,-3.0,-2.0,1.0,-1.0,3.0,-8.0,2.0,-1.0,1.0,X4,E2021+E2022+E2023,3.0,3.838062131041612,7.0,7.838062131041612
E2024,307,2025-04-15 19:00:00+00:00,35,Play-In,40.0,72.98,PRS,MAD,8.0,3.0,-5.0,-1.0,5.0,0.0,-5.0,-4.0,3.0,-5.0,-1.0,X4,E2021+E2022+E2023,14.0,11.269504871020423,22.0,19.269504871020423
E2024,309,2025-04-18 18:45:00+00:00,36,Play-In,40.0,69.06,MAD,MUN,22.0,6.0,9.0,1.0,1.0,-1.0,-11.0,0.0,-2.0,-1.0,1.0,X4,E2021+E2022+E2023,29.0,31.73246897534159,51.0,53.73246897534159
E2024,313,2025-04-22 17:45:00+00:00,37,Playoffs,40.0,67.84,ULK,PRS,5.0,10.0,4.0,1.0,-3.0,1.0,10.0,0.0,-2.0,3.0,-1.0,X4,E2021+E2022+E2023,3.0,6.320194724484212,8.0,11.320194724484212
E2024,312,2025-04-22 18:30:00+00:00,37,Playoffs,40.0,78.08000000000001,PAN,IST,4.0,-3.0,-1.0,6.0,-4.0,2.0,1.0,0.0,-4.0,4.0,-1.0,X4,E2021+E2022+E2023,0.0,3.1651859391451653,4.0,7.165185939145165
E2024,311,2025-04-23 17:00:00+00:00,37,Playoffs,40.0,76.28,MCO,BAR,17.0,-9.0,10.0,4.0,3.0,0.0,0.0,-1.0,-10.0,-3.0,-2.0,X4,E2021+E2022+E2023,24.0,25.459135521472827,41.0,42.45913552147283
E2024,310,2025-04-23 18:30:00+00:00,37,Playoffs,40.0,74.1,OLY,MAD,12.0,-3.0,2.0,3.0,0.0,4.0,6.0,2.0,-11.0,0.0,-4.0,X4,E2021+E2022+E2023,13.0,18.886649561347518,25.0,30.886649561347518
E2024,317,2025-04-24 17:45:00+00:00,38,Playoffs,40.0,68.7,ULK,PRS,17.0,-6.0,7.0,0.0,4.0,4.0,-17.0,-1.0,0.0,-4.0,-4.0,X4,E2021+E2022+E2023,35.0,29.13636426918384,52.0,46.136364269183844
E2024,316,2025-04-24 18:30:00+00:00,38,Playoffs,40.0,68.8,IST,PAN,3.0,1.0,2.0,-3.0,2.0,1.0,0.0,-2.0,-2.0,-2.0,-2.0,X4,E2021+E2022+E2023,11.0,11.775296530198858,14.0,14.775296530198858
E2024,315,2025-04-25 17:00:00+00:00,38,Playoffs,40.0,68.75999999999999,MCO,BAR,13.0,1.0,11.0,0.0,1.0,-4.0,0.0,0.0,-3.0,-1.0,4.0,X4,E2021+E2022+E2023,9.0,11.01849223822602,22.0,24.01849223822602
E2024,314,2025-04-25 18:30:00+00:00,38,Playoffs,40.0,71.0,OLY,MAD,6.0,-5.0,2.0,0.0,-2.0,9.0,10.0,2.0,-7.0,2.0,-10.0,X4,E2021+E2022+E2023,7.0,6.247581210367732,13.0,12.247581210367732
E2024,321,2025-04-29 18:30:00+00:00,39,Playoffs,45.0,78.2,ULK,PRS,10.0,3.0,9.0,3.0,-1.0,4.0,-4.0,3.0,1.0,1.0,-4.0,X4,E2021+E2022+E2023,21.0,16.047117368327665,31.0,26.047117368327665
E2024,318,2025-04-29 19:00:00+00:00,39,Playoffs,40.0,69.1,MAD,OLY,8.0,-2.0,-2.0,8.0,0.0,1.0,1.0,1.0,-5.0,0.0,0.0,X4,E2021+E2022+E2023,8.0,10.426081204717,16.0,18.426081204717
E2024,319,2025-04-30 17:00:00+00:00,39,Playoffs,40.0,68.6,BAR,MCO,11.0,5.0,-2.0,6.0,-1.0,-1.0,4.0,-2.0,-4.0,1.0,1.0,X4,E2021+E2022+E2023,7.0,12.247425880817866,18.0,23.247425880817865
E2024,320,2025-04-30 17:45:00+00:00,39,Playoffs,40.0,67.5,PAN,IST,4.0,9.0,2.0,2.0,-1.0,5.0,4.0,0.0,0.0,1.0,-5.0,X4,E2021+E2022+E2023,17.0,15.610856231291969,21.0,19.61085623129197
E2024,322,2025-05-01 19:00:00+00:00,40,Playoffs,40.0,73.06,OLY,MAD,2.0,0.0,-4.0,-1.0,1.0,1.0,2.0,2.0,-3.0,-1.0,-2.0,X4,E2021+E2022+E2023,-1.0,1.757329724531163,1.0,3.757329724531163
E2024,324,2025-05-02 17:30:00+00:00,40,Playoffs,40.0,70.7,IST,PAN,3.0,-13.0,4.0,5.0,4.0,0.0,-2.0,5.0,-4.0,-4.0,-1.0,X4,E2021+E2022+E2023,6.0,1.0415192139779483,9.0,4.041519213977948
E2024,323,2025-05-02 18:45:00+00:00,40,Playoffs,40.0,77.84,BAR,MCO,7.0,-2.0,-1.0,0.0,1.0,6.0,-7.0,-2.0,0.0,-1.0,-6.0,X4,E2021+E2022+E2023,20.0,16.782207404600257,27.0,23.782207404600257
E2024,325,2025-05-06 17:00:00+00:00,41,Playoffs,40.0,72.38,MCO,BAR,1.0,-4.0,-7.0,0.0,0.0,-1.0,-3.0,-1.0,-4.0,0.0,1.0,X4,E2021+E2022+E2023,-5.0,1.170914270800103,-4.0,2.170914270800103
E2024,326,2025-05-06 18:45:00+00:00,41,Playoffs,40.0,70.84,PAN,IST,8.0,15.0,-1.0,-4.0,-2.0,4.0,0.0,-6.0,5.0,2.0,-4.0,X4,E2021+E2022+E2023,15.0,14.899083890094072,23.0,22.899083890094072
E2024,328,2025-05-23 15:00:00+00:00,42,Final Four,40.0,68.14,ULK,PAN,6.0,4.0,7.0,4.0,3.0,-3.0,7.0,-2.0,-3.0,-3.0,3.0,X4,E2021+E2022+E2023,13.0,13.197012074308672,19.0,19.197012074308674
E2024,327,2025-05-23 18:00:00+00:00,42,Final Four,40.0,73.36,MCO,OLY,10.0,8.0,11.0,3.0,-4.0,-4.0,-2.0,-4.0,0.0,4.0,4.0,X4,E2021+E2022+E2023,12.0,15.553928950977344,22.0,25.553928950977344
E2024,329,2025-05-25 14:00:00+00:00,43,Final Four,40.0,79.48,OLY,PAN,4.0,-5.0,9.0,0.0,-1.0,-4.0,-1.0,-1.0,1.0,1.0,4.0,X4,E2021+E2022+E2023,-5.0,-7.081752510551572,-1.0,-3.0817525105515724
E2024,330,2025-05-25 17:00:00+00:00,43,Final Four,40.0,67.3,ULK,MCO,11.0,2.0,-5.0,5.0,1.0,4.0,-3.0,1.0,-5.0,-1.0,-3.0,X4,E2021+E2022+E2023,18.0,21.683149190159906,29.0,32.68314919015991
E2025,4,2025-09-30 16:00:00+00:00,1,Regular Season,40.0,68.25999999999999,DUB,PAR,13.0,-2.0,5.0,1.0,-2.0,-3.0,-4.0,-2.0,-5.0,2.0,3.0,X5,E2022+E2023+E2024,5.0,11.583136524007159,18.0,24.58313652400716
E2025,5,2025-09-30 16:00:00+00:00,1,Regular Season,40.0,73.03999999999999,HTA,BAR,16.0,-5.0,1.0,-1.0,4.0,-3.0,-4.0,-3.0,-3.0,-4.0,3.0,X5,E2022+E2023+E2024,7.0,5.835488156395476,23.0,21.835488156395478
E2025,1,2025-09-30 17:45:00+00:00,1,Regular Season,40.0,72.53999999999999,IST,TEL,7.0,8.0,-5.0,-2.0,-2.0,-1.0,-3.0,1.0,2.0,2.0,1.0,X5,E2022+E2023+E2024,-5.0,2.1390938918127955,2.0,9.139093891812795
E2025,3,2025-09-30 18:00:00+00:00,1,Regular Season,40.0,70.82,MIL,RED,10.0,2.0,-1.0,0.0,0.0,5.0,-5.0,0.0,3.0,0.0,-5.0,X5,E2022+E2023+E2024,13.0,9.334702635854274,23.0,19.334702635854274
E2025,6,2025-09-30 18:15:00+00:00,1,Regular Season,40.0,70.18,PAN,MUN,8.0,-8.0,4.0,2.0,1.0,7.0,-8.0,-3.0,-3.0,-1.0,-7.0,X5,E2022+E2023+E2024,28.0,20.3558058113405,36.0,28.3558058113405
E2025,2,2025-09-30 18:30:00+00:00,1,Regular Season,40.0,77.06,OLY,BAS,6.0,9.0,-5.0,3.0,-3.0,7.0,2.0,-2.0,-4.0,3.0,-7.0,X5,E2022+E2023+E2024,19.0,23.842860865154357,25.0,29.842860865154357
E2025,7,2025-09-30 18:45:00+00:00,1,Regular Season,40.0,68.16,VIR,MAD,6.0,-7.0,3.0,-5.0,-1.0,0.0,-7.0,1.0,0.0,1.0,0.0,X5,E2022+E2023+E2024,-5.0,-8.478297557620365,1.0,-2.4782975576203654
E2025,9,2025-10-01 17:30:00+00:00,1,Regular Season,40.0,72.16,ZAL,MCO,5.0,-8.0,2.0,1.0,-2.0,4.0,0.0,2.0,-3.0,2.0,-4.0,X5,E2022+E2023+E2024,0.0,-4.047257427128982,5.0,0.9527425728710179
E2025,8,2025-10-01 17:45:00+00:00,1,Regular Season,40.0,81.46000000000001,ULK,PRS,19.0,-11.0,14.0,-3.0,3.0,-3.0,-17.0,-2.0,-2.0,-3.0,3.0,X5,E2022+E2023+E2024,21.0,15.93016783452837,40.0,34.93016783452837
E2025,10,2025-10-01 18:00:00+00:00,1,Regular Season,40.0,75.08000000000001,PAM,ASV,3.0,15.0,8.0,1.0,2.0,1.0,7.0,4.0,3.0,-2.0,0.0,X5,E2022+E2023+E2024,15.0,12.71157060471053,18.0,15.71157060471053
E2025,11,2025-10-02 18:30:00+00:00,2,Regular Season,40.0,70.02000000000001,MUN,RED,9.0,-2.0,6.0,7.0,0.0,-8.0,1.0,-2.0,-6.0,0.0,8.0,X5,E2022+E2023+E2024,2.0,13.140028472122317,11.0,22.140028472122317
E2025,12,2025-10-02 18:30:00+00:00,2,Regular Season,40.0,70.2,PAR,MIL,2.0,0.0,-4.0,5.0,-3.0,-2.0,7.0,-1.0,-7.0,3.0,2.0,X5,E2022+E2023+E2024,-8.0,2.4323569120583803,-6.0,4.43235691205838
E2025,13,2025-10-02 18:45:00+00:00,2,Regular Season,40.0,72.38,MAD,OLY,12.0,0.0,3.0,1.0,3.0,0.0,-4.0,0.0,-2.0,-3.0,0.0,X5,E2022+E2023+E2024,16.0,14.774545542660139,28.0,26.77454554266014
E2025,20,2025-10-03 17:00:00+00:00,2,Regular Season,40.0,73.14,ZAL,ULK,3.0,-3.0,4.0,1.0,2.0,3.0,-6.0,6.0,2.0,-2.0,-3.0,X5,E2022+E2023+E2024,10.0,3.6806157134916475,13.0,6.6806157134916475
E2025,14,2025-10-03 17:30:00+00:00,2,Regular Season,40.0,67.78,HTA,IST,6.0,-1.0,0.0,-2.0,0.0,-3.0,4.0,2.0,0.0,0.0,2.0,X5,E2022+E2023+E2024,-14.0,-14.262044574285696,-8.0,-8.262044574285696
E2025,16,2025-10-03 17:30:00+00:00,2,Regular Season,40.0,74.52000000000001,MCO,DUB,22.0,1.0,14.0,4.0,1.0,1.0,-4.0,4.0,-8.0,-1.0,-1.0,X5,E2022+E2023+E2024,31.0,31.77564476912811,53.0,53.77564476912811
E2025,17,2025-10-03 18:00:00+00:00,2,Regular Season,40.0,78.24000000000001,ASV,BAS,7.0,1.0,-2.0,3.0,2.0,0.0,7.0,3.0,-3.0,-2.0,0.0,X5,E2022+E2023+E2024,-1.0,-0.8711811755409806,6.0,6.128818824459019
E2025,18,2025-10-03 18:15:00+00:00,2,Regular Season,40.0,77.6,BAR,PAN,7.0,2.0,7.0,-4.0,0.0,-6.0,-8.0,2.0,5.0,0.0,5.0,X5,E2022+E2023+E2024,-5.0,-3.5229640194712455,2.0,3.4770359805287545
E2025,19,2025-10-03 18:30:00+00:00,2,Regular Season,40.0,80.36,PAM,VIR,9.0,13.0,0.0,-1.0,4.0,1.0,-4.0,5.0,3.0,-4.0,-1.0,X5,E2022+E2023+E2024,18.0,17.886637312646226,27.0,26.886637312646226
E2025,15,2025-10-03 19:30:00+00:00,2,Regular Season,40.0,85.08,PRS,TEL,7.0,12.0,-2.0,-2.0,1.0,-3.0,-6.0,-1.0,2.0,-1.0,2.0,X5,E2022+E2023+E2024,10.0,17.210662710835653,17.0,24.210662710835653
E2025,21,2025-10-08 18:05:00+00:00,3,Regular Season,40.0,77.46000000000001,TEL,HTA,13.0,-2.0,9.0,3.0,0.0,0.0,2.0,-3.0,-4.0,0.0,1.0,X5,E2022+E2023+E2024,14.0,13.250317529057844,27.0,26.250317529057845
E2025,22,2025-10-09 18:30:00+00:00,3,Regular Season,40.0,86.52,PAN,BAS,2.0,4.0,-2.0,-6.0,0.0,-1.0,1.0,0.0,2.0,0.0,1.0,X5,E2022+E2023+E2024,-9.0,-9.976816356438025,-7.0,-7.976816356438025
E2025,23,2025-10-09 18:30:00+00:00,3,Regular Season,40.0,71.56,MCO,MIL,3.0,-3.0,1.0,0.0,0.0,3.0,-8.0,5.0,0.0,0.0,-4.0,X5,E2022+E2023+E2024,8.0,5.461689380737761,11.0,8.461689380737761
E2025,26,2025-10-09 18:30:00+00:00,3,Regular Season,40.0,71.44,PAR,IST,6.0,5.0,-1.0,4.0,-1.0,-3.0,8.0,-1.0,-7.0,1.0,3.0,X5,E2022+E2023+E2024,0.0,9.65261737888468,6.0,15.65261737888468
E2025,24,2025-10-09 18:45:00+00:00,3,Regular Season,40.0,79.9,PRS,VIR,11.0,1.0,-2.0,6.0,3.0,-1.0,10.0,10.0,-11.0,-3.0,0.0,X5,E2022+E2023+E2024,1.0,5.482630544705117,12.0,16.482630544705117
E2025,25,2025-10-09 19:00:00+00:00,3,Regular Season,40.0,70.48,MAD,ASV,13.0,-2.0,13.0,3.0,1.0,6.0,-14.0,4.0,-2.0,-1.0,-6.0,X5,E2022+E2023+E2024,40.0,34.44404956356395,53.0,47.44404956356395
E2025,30,2025-10-10 17:45:00+00:00,3,Regular Season,40.0,79.94,RED,ULK,5.0,7.0,-2.0,1.0,1.0,-2.0,-2.0,-1.0,2.0,-1.0,2.0,X5,E2022+E2023+E2024,5.0,9.823465054022588,10.0,14.823465054022588
E2025,27,2025-10-10 18:15:00+00:00,3,Regular Season,40.0,71.44,OLY,DUB,19.0,15.0,0.0,-1.0,7.0,3.0,-12.0,3.0,6.0,-7.0,-4.0,X5,E2022+E2023+E2024,38.0,34.30149963179184,57.0,53.30149963179184
E2025,28,2025-10-10 18:30:00+00:00,3,Regular Season,40.0,78.08000000000001,BAR,PAM,6.0,3.0,1.0,0.0,-3.0,5.0,1.0,1.0,0.0,3.0,-5.0,X5,E2022+E2023+E2024,6.0,4.643035826621134,12.0,10.643035826621134
E2025,29,2025-10-10 18:30:00+00:00,3,Regular Season,40.0,66.42,ZAL,MUN,28.0,5.0,7.0,5.0,3.0,2.0,-2.0,0.0,-3.0,-3.0,-2.0,X5,E2022+E2023+E2024,32.0,31.395378769088857,60.0,59.39537876908886
E2025,35,2025-10-14 17:00:00+00:00,4,Regular Season,40.0,71.06,BAR,TEL,21.0,7.0,2.0,-1.0,0.0,-5.0,-3.0,-4.0,0.0,0.0,5.0,X5,E2022+E2023+E2024,5.0,12.59017293790387,26.0,33.59017293790387
E2025,33,2025-10-14 17:45:00+00:00,4,Regular Season,40.0,69.12,DUB,ULK,24.0,5.0,6.0,5.0,-2.0,4.0,-2.0,3.0,-6.0,2.0,-7.0,X5,E2022+E2023+E2024,28.0,30.84306685532848,52.0,54.84306685532848
E2025,31,2025-10-14 18:00:00+00:00,4,Regular Season,40.0,77.66,RED,ZAL,9.0,11.0,-1.0,-1.0,4.0,4.0,-6.0,4.0,0.0,-4.0,-3.0,X5,E2022+E2023+E2024,26.0,25.176525210683753,35.0,34.17652521068375
E2025,34,2025-10-14 18:15:00+00:00,4,Regular Season,40.0,72.8,IST,OLY,4.0,-3.0,1.0,3.0,1.0,-6.0,11.0,-5.0,-5.0,-1.0,6.0,X5,E2022+E2023+E2024,-10.0,-6.100475784670734,-6.0,-2.100475784670734
E2025,32,2025-10-14 18:30:00+00:00,4,Regular Season,40.0,66.32,MUN,MIL,11.0,-9.0,4.0,5.0,0.0,-2.0,-4.0,1.0,-6.0,0.0,2.0,X5,E2022+E2023+E2024,5.0,8.581516145809509,16.0,19.58151614580951
E2025,36,2025-10-15 18:15:00+00:00,4,Regular Season,40.0,69.02,PAN,ASV,6.0,14.0,-1.0,-3.0,1.0,1.0,-1.0,1.0,1.0,-1.0,-1.0,X5,E2022+E2023+E2024,13.0,15.709652954212332,19.0,21.70965295421233
E2025,39,2025-10-15 18:30:00+00:00,4,Regular Season,40.0,80.75999999999999,HTA,PAM,7.0,-4.0,0.0,0.0,-3.0,2.0,-8.0,-5.0,0.0,3.0,-2.0,X5,E2022+E2023+E2024,7.0,8.779938347103586,14.0,15.779938347103586
E2025,40,2025-10-15 18:30:00+00:00,4,Regular Season,40.0,70.2,VIR,MCO,4.0,11.0,1.0,-1.0,0.0,-3.0,0.0,-1.0,4.0,0.0,2.0,X5,E2022+E2023+E2024,3.0,7.174187372518581,7.0,11.174187372518581
E2025,37,2025-10-15 18:45:00+00:00,4,Regular Season,40.0,80.82,PRS,BAS,18.0,4.0,-4.0,4.0,1.0,-10.0,-4.0,1.0,-4.0,-1.0,10.0,X5,E2022+E2023+E2024,-7.0,10.471105584931358,11.0,28.471105584931358
E2025,38,2025-10-15 18:45:00+00:00,4,Regular Season,40.0,71.02000000000001,MAD,PAR,7.0,12.0,4.0,-1.0,2.0,-6.0,-2.0,-3.0,7.0,-2.0,6.0,X5,E2022+E2023+E2024,5.0,8.98246954464835,12.0,15.98246954464835
E2025,41,2025-10-16 16:00:00+00:00,5,Regular Season,40.0,75.44,DUB,BAR,5.0,7.0,-2.0,-2.0,3.0,0.0,-9.0,-2.0,3.0,-3.0,-1.0,X5,E2022+E2023+E2024,18.0,18.578692944236643,23.0,23.578692944236643
E2025,44,2025-10-16 17:00:00+00:00,5,Regular Season,40.0,68.53999999999999,MIL,ZAL,11.0,-5.0,0.0,-4.0,1.0,2.0,-9.0,-1.0,-2.0,-1.0,-3.0,X5,E2022+E2023+E2024,10.0,6.3007058492883345,21.0,17.300705849288335
E2025,42,2025-10-16 17:45:00+00:00,5,Regular Season,40.0,71.86,ULK,MUN,15.0,7.0,1.0,-4.0,1.0,-1.0,-12.0,-3.0,5.0,-1.0,1.0,X5,E2022+E2023+E2024,14.0,15.750089663270955,29.0,30.750089663270955
E2025,43,2025-10-16 19:00:00+00:00,5,Regular Season,40.0,76.64,OLY,TEL,1.0,3.0,11.0,-7.0,0.0,3.0,-9.0,-3.0,4.0,0.0,-3.0,X5,E2022+E2023+E2024,21.0,12.384844459054102,22.0,13.384844459054102
E2025,48,2025-10-17 17:00:00+00:00,5,Regular Season,40.0,74.96000000000001,RED,MAD,15.0,0.0,6.0,-2.0,2.0,2.0,-10.0,-3.0,2.0,-2.0,-2.0,X5,E2022+E2023+E2024,23.0,17.91387738452689,38.0,32.91387738452689
E2025,45,2025-10-17 17:30:00+00:00,5,Regular Season,40.0,72.02,PAN,IST,14.0,5.0,12.0,1.0,-2.0,0.0,-2.0,-3.0,1.0,2.0,0.0,X5,E2022+E2023+E2024,18.0,18.205416136708227,32.0,32.20541613670822
E2025,46,2025-10-17 17:30:00+00:00,5,Regular Season,40.0,76.36,MCO,PAM,6.0,-7.0,2.0,-2.0,-2.0,3.0,-5.0,0.0,-3.0,2.0,-2.0,X5,E2022+E2023+E2024,2.0,-0.09232340490590829,8.0,5.907676595094092
E2025,49,2025-10-17 18:00:00+00:00,5,Regular Season,40.0,70.14,VIR,ASV,7.0,2.0,6.0,1.0,-3.0,-3.0,-5.0,0.0,3.0,3.0,3.0,X5,E2022+E2023+E2024,-1.0,3.987163459240083,6.0,10.987163459240083
E2025,47,2025-10-17 18:45:00+00:00,5,Regular Season,40.0,69.5,PAR,BAS,12.0,7.0,1.0,-1.0,-5.0,3.0,2.0,2.0,-4.0,5.0,-4.0,X5,E2022+E2023+E2024,4.0,9.09416279947854,16.0,21.09416279947854
E2025,50,2025-10-17 18:45:00+00:00,5,Regular Season,40.0,81.32,HTA,PRS,1.0,3.0,3.0,0.0,0.0,1.0,-11.0,1.0,3.0,0.0,-1.0,X5,E2022+E2023+E2024,15.0,16.08869801792996,16.0,17.08869801792996
E2025,51,2025-10-22 18:05:00+00:00,6,Regular Season,40.0,76.72,TEL,MAD,1.0,-19.0,0.0,0.0,4.0,0.0,-5.0,-5.0,-7.0,-4.0,0.0,X5,E2022+E2023+E2024,6.0,-0.8130214528313924,7.0,0.18697854716860762
E2025,56,2025-10-23 17:30:00+00:00,6,Regular Season,40.0,75.22,ASV,DUB,6.0,-5.0,-3.0,0.0,0.0,0.0,13.0,0.0,-5.0,0.0,0.0,X5,E2022+E2023+E2024,-16.0,-18.499283582948994,-10.0,-12.499283582948994
E2025,55,2025-10-23 18:05:00+00:00,6,Regular Season,40.0,72.47999999999999,HTA,MCO,8.0,-1.0,3.0,0.0,6.0,-1.0,-13.0,-3.0,3.0,-6.0,0.0,X5,E2022+E2023+E2024,26.0,21.579997925181573,34.0,29.579997925181573
E2025,53,2025-10-23 18:30:00+00:00,6,Regular Season,40.0,72.78,PAM,MIL,3.0,1.0,-6.0,-5.0,0.0,-4.0,-9.0,-2.0,5.0,0.0,4.0,X5,E2022+E2023+E2024,-12.0,-7.7430028664645665,-9.0,-4.7430028664645665
E2025,54,2025-10-23 18:30:00+00:00,6,Regular Season,40.0,70.97999999999999,ZAL,BAR,15.0,-9.0,2.0,3.0,1.0,-5.0,-8.0,-1.0,-2.0,-1.0,4.0,X5,E2022+E2023+E2024,0.0,3.925095890057509,15.0,18.92509589005751
E2025,52,2025-10-23 19:00:00+00:00,6,Regular Season,40.0,76.58,RED,BAS,18.0,-1.0,2.0,0.0,0.0,8.0,-8.0,-1.0,-2.0,0.0,-8.0,X5,E2022+E2023+E2024,28.0,22.580463184163353,46.0,40.58046318416335
E2025,57,2025-10-24 17:30:00+00:00,6,Regular Season,40.0,70.80000000000001,ULK,IST,10.0,8.0,1.0,0.0,1.0,-6.0,-3.0,-5.0,4.0,-1.0,6.0,X5,E2022+E2023+E2024,3.0,9.778313149202155,13.0,19.778313149202155
E2025,60,2025-10-24 18:00:00+00:00,6,Regular Season,40.0,76.68,VIR,PAN,17.0,11.0,9.0,6.0,-3.0,-8.0,1.0,2.0,0.0,3.0,8.0,X5,E2022+E2023+E2024,1.0,15.869281531452808,18.0,32.869281531452806
E2025,59,2025-10-24 18:30:00+00:00,6,Regular Season,40.0,76.26,PRS,PAR,18.0,6.0,10.0,2.0,2.0,-10.0,-18.0,-5.0,7.0,-2.0,10.0,X5,E2022+E2023+E2024,18.0,27.661114528766777,36.0,45.661114528766774
E2025,58,2025-10-24 18:45:00+00:00,6,Regular Season,40.0,75.22,OLY,MUN,25.0,-1.0,8.0,5.0,3.0,1.0,-11.0,3.0,-8.0,-3.0,-1.0,X5,E2022+E2023+E2024,36.0,38.93753664233521,61.0,63.93753664233521
E2025,62,2025-10-28 18:00:00+00:00,7,Regular Season,40.0,74.48,RED,ASV,14.0,7.0,4.0,-1.0,-4.0,-1.0,-4.0,1.0,1.0,4.0,1.0,X5,E2022+E2023+E2024,2.0,8.642650879638033,16.0,22.642650879638033
E2025,68,2025-10-28 18:00:00+00:00,7,Regular Season,40.0,71.8,ZAL,VIR,21.0,13.0,4.0,-3.0,4.0,0.0,-1.0,0.0,1.0,-4.0,0.0,X5,E2022+E2023+E2024,22.0,20.438032852585728,43.0,41.43803285258573
E2025,64,2025-10-28 19:00:00+00:00,7,Regular Season,40.0,75.74000000000001,MUN,MAD,6.0,4.0,6.0,4.0,0.0,-2.0,2.0,-2.0,-6.0,0.0,3.0,X5,E2022+E2023+E2024,15.0,21.493498790653987,21.0,27.493498790653987
E2025,65,2025-10-28 19:15:00+00:00,7,Regular Season,40.0,74.8,PAN,TEL,14.0,5.0,2.0,7.0,-2.0,8.0,10.0,2.0,-7.0,2.0,-8.0,X5,E2022+E2023+E2024,21.0,20.631603278625814,35.0,34.63160327862582
E2025,61,2025-10-28 19:30:00+00:00,7,Regular Season,40.0,74.5,BAS,DUB,7.0,4.0,3.0,2.0,-1.0,1.0,-7.0,7.0,1.0,1.0,-2.0,X5,E2022+E2023+E2024,9.0,11.838275291707369,16.0,18.83827529170737
E2025,63,2025-10-28 19:30:00+00:00,7,Regular Season,40.0,71.80000000000001,BAR,MIL,2.0,5.0,-4.0,-3.0,3.0,1.0,-6.0,2.0,4.0,-3.0,-1.0,X5,E2022+E2023+E2024,6.0,4.001231378190775,8.0,6.001231378190775
E2025,66,2025-10-28 19:45:00+00:00,7,Regular Season,40.0,75.6,IST,PRS,10.0,-4.0,2.0,2.0,1.0,0.0,-5.0,-1.0,-7.0,-1.0,-1.0,X5,E2022+E2023+E2024,16.0,18.37371523844601,26.0,28.37371523844601
E2025,67,2025-10-28 20:00:00+00:00,7,Regular Season,40.0,78.08000000000001,PAM,ULK,15.0,7.0,3.0,-1.0,0.0,1.0,2.0,-2.0,-2.0,0.0,-2.0,X5,E2022+E2023+E2024,14.0,14.328905067744909,29.0,29.32890506774491
E2025,69,2025-10-29 18:00:00+00:00,7,Regular Season,40.0,74.19999999999999,HTA,PAR,13.0,1.0,3.0,-1.0,5.0,4.0,-10.0,2.0,-1.0,-5.0,-2.0,X5,E2022+E2023+E2024,28.0,22.671958117955295,41.0,35.6719581179553
E2025,70,2025-10-29 19:15:00+00:00,7,Regular Season,40.0,72.32000000000001,MCO,OLY,5.0,-10.0,5.0,2.0,-2.0,-3.0,-2.0,-1.0,-5.0,2.0,3.0,X5,E2022+E2023+E2024,-5.0,-1.984608295602846,0.0,3.015391704397154
E2025,76,2025-10-30 18:00:00+00:00,8,Regular Season,40.0,69.92,ZAL,ASV,37.0,10.0,10.0,-2.0,2.0,9.0,-29.0,2.0,5.0,-2.0,-9.0,X5,E2022+E2023+E2024,62.0,57.3180009440482,99.0,94.31800094404821
E2025,73,2025-10-30 19:05:00+00:00,8,Regular Season,40.0,78.84,RED,TEL,7.0,11.0,4.0,1.0,0.0,-3.0,-3.0,-1.0,3.0,0.0,3.0,X5,E2022+E2023+E2024,11.0,17.037035179381817,18.0,24.037035179381817
E2025,71,2025-10-30 19:30:00+00:00,8,Regular Season,40.0,74.02000000000001,MIL,PRS,9.0,-2.0,9.0,2.0,2.0,1.0,-5.0,-2.0,-3.0,-2.0,-1.0,X5,E2022+E2023+E2024,25.0,22.0088927073608,34.0,31.0088927073608
E2025,72,2025-10-30 19:30:00+00:00,8,Regular Season,40.0,75.18,MUN,VIR,16.0,2.0,4.0,6.0,2.0,8.0,-1.0,-2.0,-5.0,-2.0,-8.0,X5,E2022+E2023+E2024,40.0,35.57920961989569,56.0,51.57920961989569
E2025,75,2025-10-30 19:30:00+00:00,8,Regular Season,40.0,76.72,PAM,DUB,2.0,6.0,4.0,-5.0,-1.0,0.0,-1.0,2.0,3.0,1.0,0.0,X5,E2022+E2023+E2024,-1.0,-2.750443567518948,1.0,-0.750443567518948
E2025,74,2025-10-30 20:00:00+00:00,8,Regular Season,40.0,72.1,MAD,ULK,26.0,3.0,8.0,-3.0,6.0,2.0,-19.0,-1.0,3.0,-6.0,-3.0,X5,E2022+E2023+E2024,42.0,34.87173914614894,68.0,60.87173914614894
E2025,77,2025-10-31 18:00:00+00:00,8,Regular Season,40.0,75.7,MCO,PAN,8.0,7.0,11.0,0.0,2.0,0.0,-4.0,-3.0,1.0,-2.0,0.0,X5,E2022+E2023+E2024,28.0,25.650984290888633,36.0,33.65098429088863
E2025,79,2025-10-31 19:15:00+00:00,8,Regular Season,40.0,71.18,OLY,HTA,4.0,10.0,4.0,-2.0,1.0,2.0,3.0,-1.0,2.0,-1.0,-2.0,X5,E2022+E2023+E2024,14.0,10.829956647575724,18.0,14.829956647575724
E2025,78,2025-10-31 19:30:00+00:00,8,Regular Season,40.0,71.48,BAS,IST,11.0,4.0,2.0,-1.0,7.0,1.0,-13.0,4.0,0.0,-7.0,0.0,X5,E2022+E2023+E2024,29.0,26.257785670753943,40.0,37.25778567075395
E2025,80,2025-10-31 19:30:00+00:00,8,Regular Season,40.0,71.74,BAR,PAR,2.0,-10.0,-3.0,5.0,-2.0,6.0,-8.0,5.0,-1.0,2.0,-5.0,X5,E2022+E2023+E2024,3.0,2.023804054033281,5.0,4.023804054033281
E2025,83,2025-11-05 19:00:00+00:00,9,Regular Season,40.0,76.14,RED,PAN,18.0,13.0,10.0,1.0,4.0,0.0,-12.0,-1.0,5.0,-4.0,0.0,X5,E2022+E2023+E2024,40.0,39.58351776438377,58.0,57.58351776438377
E2025,85,2025-11-06 17:45:00+00:00,9,Regular Season,40.0,64.69999999999999,ULK,ASV,14.0,10.0,5.0,1.0,-1.0,-3.0,10.0,-2.0,-5.0,1.0,3.0,X5,E2022+E2023+E2024,5.0,11.325590276521993,19.0,25.325590276521993
E2025,84,2025-11-06 18:00:00+00:00,9,Regular Season,40.0,77.02,HTA,DUB,12.0,12.0,1.0,-3.0,2.0,-1.0,-2.0,-2.0,4.0,-2.0,1.0,X5,E2022+E2023+E2024,12.0,12.791228383499153,24.0,24.791228383499153
E2025,82,2025-11-06 19:30:00+00:00,9,Regular Season,40.0,70.92,BAS,VIR,11.0,-5.0,6.0,-1.0,-1.0,-4.0,-10.0,0.0,-3.0,1.0,3.0,X5,E2022+E2023+E2024,4.0,8.259258095034255,15.0,19.259258095034255
E2025,81,2025-11-06 20:00:00+00:00,9,Regular Season,40.0,77.46000000000001,MUN,PRS,4.0,2.0,7.0,-1.0,2.0,-8.0,-7.0,-1.0,6.0,-2.0,8.0,X5,E2022+E2023+E2024,-2.0,0.6335920948821956,2.0,4.633592094882196
E2025,86,2025-11-06 20:00:00+00:00,9,Regular Season,45.0,89.22,MCO,TEL,5.0,-8.0,0.0,4.0,-3.0,6.0,-3.0,4.0,-3.0,3.0,-5.0,X5,E2022+E2023+E2024,3.0,1.6993738921779347,8.0,6.699373892177935
E2025,87,2025-11-07 17:30:00+00:00,9,Regular Season,50.0,83.38,MIL,IST,4.0,9.0,1.0,0.0,-1.0,5.0,-8.0,4.0,5.0,1.0,-5.0,X5,E2022+E2023+E2024,17.0,16.48149260533084,21.0,20.48149260533084
E2025,90,2025-11-07 18:00:00+00:00,9,Regular Season,40.0,69.88,ZAL,PAM,9.0,9.0,1.0,-4.0,1.0,8.0,-5.0,4.0,5.0,-1.0,-8.0,X5,E2022+E2023+E2024,20.0,11.597682011835234,29.0,20.597682011835232
E2025,89,2025-11-07 19:15:00+00:00,9,Regular Season,40.0,72.92,OLY,PAR,9.0,14.0,1.0,-4.0,1.0,8.0,2.0,6.0,3.0,-1.0,-8.0,X5,E2022+E2023+E2024,18.0,10.596563692895622,27.0,19.59656369289562
E2025,88,2025-11-07 19:30:00+00:00,9,Regular Season,40.0,73.53999999999999,MAD,BAR,9.0,15.0,-5.0,-3.0,2.0,0.0,-5.0,-2.0,9.0,-2.0,-1.0,X5,E2022+E2023+E2024,10.0,11.166673055137935,19.0,20.166673055137935
E2025,96,2025-11-11 16:00:00+00:00,10,Regular Season,40.0,70.12,DUB,RED,16.0,9.0,4.0,2.0,-1.0,0.0,1.0,1.0,-2.0,1.0,0.0,X5,E2022+E2023+E2024,13.0,18.11633178027696,29.0,34.11633178027696
E2025,91,2025-11-11 19:00:00+00:00,10,Regular Season,40.0,73.06,ULK,TEL,9.0,3.0,7.0,-4.0,0.0,-6.0,-17.0,-1.0,7.0,0.0,7.0,X5,E2022+E2023+E2024,4.0,8.672687602827459,13.0,17.67268760282746
E2025,92,2025-11-11 19:05:00+00:00,10,Regular Season,40.0,72.52000000000001,HTA,BAS,25.0,14.0,-2.0,0.0,-3.0,3.0,2.0,-3.0,-2.0,3.0,-4.0,X5,E2022+E2023+E2024,16.0,22.706164653678826,41.0,47.706164653678826
E2025,94,2025-11-11 19:30:00+00:00,10,Regular Season,40.0,82.1,PAM,MAD,13.0,-14.0,4.0,3.0,-4.0,0.0,-6.0,3.0,-7.0,4.0,0.0,X5,E2022+E2023+E2024,-5.0,-1.4567511392524524,8.0,11.543248860747548
E2025,95,2025-11-11 19:30:00+00:00,10,Regular Season,40.0,70.74000000000001,VIR,IST,10.0,-2.0,6.0,0.0,1.0,-2.0,-14.0,0.0,4.0,-1.0,2.0,X5,E2022+E2023+E2024,12.0,12.18577241817067,22.0,22.18577241817067
E2025,97,2025-11-11 19:30:00+00:00,10,Regular Season,40.0,74.84,PAR,MCO,2.0,6.0,0.0,3.0,0.0,-10.0,5.0,-3.0,6.0,0.0,9.0,X5,E2022+E2023+E2024,-18.0,-9.368825650688663,-16.0,-7.368825650688663
E2025,93,2025-11-11 20:00:00+00:00,10,Regular Season,40.0,74.78,PAN,PRS,6.0,2.0,12.0,-2.0,5.0,9.0,-13.0,3.0,0.0,-5.0,-9.0,X5,E2022+E2023+E2024,50.0,35.76084233495443,56.0,41.76084233495443
E2025,100,2025-11-12 19:15:00+00:00,10,Regular Season,40.0,75.1,OLY,ZAL,17.0,-6.0,5.0,0.0,2.0,5.0,-20.0,1.0,0.0,-2.0,-5.0,X5,E2022+E2023+E2024,32.0,27.035174087566425,49.0,44.035174087566425
E2025,98,2025-11-12 19:30:00+00:00,10,Regular Season,40.0,69.14,MIL,ASV,8.0,-2.0,12.0,0.0,-3.0,2.0,-3.0,2.0,-3.0,3.0,-2.0,X5,E2022+E2023+E2024,12.0,10.161339819357101,20.0,18.161339819357103
E2025,99,2025-11-12 19:30:00+00:00,10,Regular Season,40.0,68.84,BAR,MUN,1.0,-8.0,2.0,0.0,1.0,0.0,-7.0,0.0,0.0,-1.0,0.0,X5,E2022+E2023+E2024,3.0,0.04694556352334989,4.0,1.0469455635233498
E2025,101,2025-11-13 19:00:00+00:00,11,Regular Season,40.0,67.28,ULK,HTA,6.0,7.0,2.0,0.0,3.0,-7.0,-2.0,3.0,0.0,-3.0,8.0,X5,E2022+E2023+E2024,-1.0,6.315566518882683,5.0,12.315566518882683
E2025,105,2025-11-13 19:00:00+00:00,11,Regular Season,40.0,72.62,RED,MCO,12.0,3.0,4.0,1.0,-4.0,4.0,0.0,5.0,-4.0,4.0,-5.0,X5,E2022+E2023+E2024,8.0,9.94804893156007,20.0,21.94804893156007
E2025,103,2025-11-13 19:45:00+00:00,11,Regular Season,40.0,81.84,PRS,PAM,4.0,-4.0,8.0,1.0,0.0,-2.0,5.0,-7.0,-5.0,0.0,2.0,X5,E2022+E2023+E2024,8.0,6.7815805770706135,12.0,10.781580577070613
E2025,104,2025-11-13 19:45:00+00:00,11,Regular Season,40.0,66.36,PAN,MAD,10.0,-6.0,3.0,-1.0,1.0,-1.0,-5.0,2.0,-5.0,-1.0,1.0,X5,E2022+E2023+E2024,4.0,4.029261338370059,14.0,14.029261338370059
E2025,102,2025-11-13 20:00:00+00:00,11,Regular Season,40.0,73.30000000000001,TEL,BAS,6.0,8.0,2.0,0.0,1.0,9.0,2.0,2.0,3.0,-1.0,-10.0,X5,E2022+E2023+E2024,24.0,14.188314013568228,30.0,20.188314013568228
E2025,107,2025-11-14 16:00:00+00:00,11,Regular Season,40.0,76.08,DUB,ZAL,6.0,2.0,0.0,3.0,0.0,0.0,-6.0,1.0,-3.0,0.0,1.0,X5,E2022+E2023+E2024,12.0,18.377286299680893,18.0,24.377286299680893
E2025,106,2025-11-14 17:00:00+00:00,11,Regular Season,40.0,70.1,IST,MUN,2.0,4.0,3.0,1.0,0.0,2.0,-6.0,2.0,2.0,0.0,-2.0,X5,E2022+E2023+E2024,14.0,13.995033376757418,16.0,15.995033376757418
E2025,110,2025-11-14 19:00:00+00:00,11,Regular Season,40.0,74.08,ASV,PAR,1.0,-5.0,-1.0,3.0,0.0,6.0,-2.0,8.0,-5.0,0.0,-6.0,X5,E2022+E2023+E2024,8.0,5.18814173573572,9.0,6.18814173573572
E2025,108,2025-11-14 19:30:00+00:00,11,Regular Season,40.0,67.38,MIL,OLY,1.0,3.0,0.0,2.0,-1.0,-2.0,-3.0,1.0,4.0,1.0,3.0,X5,E2022+E2023+E2024,-4.0,0.5696073165563891,-3.0,1.569607316556389
E2025,109,2025-11-14 19:30:00+00:00,11,Regular Season,40.0,70.32,BAR,VIR,7.0,-3.0,1.0,1.0,3.0,-3.0,11.0,-3.0,-4.0,-3.0,2.0,X5,E2022+E2023+E2024,-4.0,-7.02841903207521,3.0,-0.02841903207520957
E2025,111,2025-11-19 19:00:00+00:00,12,Regular Season,40.0,72.5,MCO,ASV,32.0,-8.0,9.0,10.0,0.0,1.0,-11.0,4.0,-13.0,0.0,-1.0,X5,E2022+E2023+E2024,33.0,40.68604894104153,65.0,72.68604894104152
E2025,112,2025-11-20 17:30:00+00:00,12,Regular Season,40.0,66.02000000000001,IST,BAR,1.0,4.0,-5.0,-7.0,-3.0,5.0,-19.0,6.0,9.0,3.0,-5.0,X5,E2022+E2023+E2024,0.0,-0.641317267924916,1.0,0.35868273207508405
E2025,114,2025-11-20 19:15:00+00:00,12,Regular Season,40.0,73.86,PAN,DUB,21.0,8.0,4.0,0.0,4.0,0.0,-10.0,0.0,0.0,-4.0,1.0,X5,E2022+E2023+E2024,29.0,30.688690604938248,50.0,51.688690604938245
E2025,113,2025-11-20 19:30:00+00:00,12,Regular Season,40.0,73.47999999999999,HTA,MIL,22.0,10.0,2.0,-2.0,-3.0,-6.0,-13.0,-1.0,2.0,3.0,6.0,X5,E2022+E2023+E2024,4.0,18.41508447383,26.0,40.41508447383
E2025,115,2025-11-20 19:45:00+00:00,12,Regular Season,40.0,78.38,MAD,ZAL,1.0,9.0,-7.0,3.0,3.0,5.0,4.0,1.0,-1.0,-3.0,-6.0,X5,E2022+E2023+E2024,18.0,16.969656951449295,19.0,17.969656951449295
E2025,117,2025-11-21 19:15:00+00:00,12,Regular Season,40.0,76.24000000000001,OLY,PRS,12.0,-1.0,4.0,5.0,-1.0,7.0,4.0,5.0,-7.0,1.0,-8.0,X5,E2022+E2023+E2024,19.0,15.705299157479974,31.0,27.705299157479974
E2025,116,2025-11-21 19:30:00+00:00,12,Regular Season,40.0,76.75999999999999,BAS,MUN,22.0,5.0,8.0,-1.0,1.0,0.0,-13.0,1.0,0.0,-1.0,0.0,X5,E2022+E2023+E2024,26.0,27.790140749311877,48.0,49.790140749311874
E2025,118,2025-11-21 19:30:00+00:00,12,Regular Season,40.0,74.44,ULK,PAR,12.0,3.0,8.0,-3.0,-3.0,-2.0,1.0,-2.0,3.0,3.0,2.0,X5,E2022+E2023+E2024,-4.0,-4.259092108513325,8.0,7.740907891486675
E2025,120,2025-11-21 19:30:00+00:00,12,Regular Season,40.0,71.06,VIR,TEL,10.0,-4.0,1.0,-3.0,1.0,-3.0,-16.0,1.0,4.0,-1.0,3.0,X5,E2022+E2023+E2024,1.0,2.29570869526775,11.0,12.29570869526775
E2025,119,2025-11-21 20:00:00+00:00,12,Regular Season,40.0,74.25999999999999,PAM,RED,3.0,-13.0,3.0,6.0,3.0,-3.0,0.0,4.0,-7.0,-3.0,2.0,X5,E2022+E2023+E2024,0.0,-0.43412845928323995,3.0,2.56587154071676
E2025,121,2025-11-25 16:00:00+00:00,13,Regular Season,40.0,77.46000000000001,DUB,PRS,1.0,-2.0,2.0,-2.0,2.0,3.0,-8.0,0.0,4.0,-2.0,-4.0,X5,E2022+E2023+E2024,13.0,5.400164239636612,14.0,6.400164239636612
E2025,126,2025-11-25 17:45:00+00:00,13,Regular Season,40.0,68.88,ULK,VIR,2.0,1.0,-1.0,0.0,1.0,3.0,12.0,-4.0,-6.0,-1.0,-3.0,X5,E2022+E2023+E2024,6.0,2.249423961140064,8.0,4.249423961140064
E2025,122,2025-11-25 18:00:00+00:00,13,Regular Season,40.0,71.28,MAD,HTA,1.0,4.0,1.0,1.0,1.0,2.0,-2.0,5.0,2.0,-1.0,-2.0,X5,E2022+E2023+E2024,7.0,5.507353073362742,8.0,6.507353073362742
E2025,125,2025-11-25 18:00:00+00:00,13,Regular Season,40.0,72.16,ZAL,BAS,15.0,-2.0,4.0,-2.0,-1.0,4.0,1.0,3.0,-5.0,1.0,-4.0,X5,E2022+E2023+E2024,7.0,3.027391053387285,22.0,18.027391053387284
E2025,123,2025-11-25 19:15:00+00:00,13,Regular Season,40.0,71.80000000000001,PAN,PAR,22.0,22.0,11.0,-1.0,0.0,0.0,-9.0,7.0,5.0,0.0,0.0,X5,E2022+E2023+E2024,29.0,34.05897370277298,51.0,56.05897370277298
E2025,124,2025-11-25 19:30:00+00:00,13,Regular Season,40.0,74.02000000000001,PAM,MUN,26.0,7.0,0.0,-4.0,-1.0,8.0,-8.0,4.0,-2.0,1.0,-9.0,X5,E2022+E2023+E2024,24.0,21.249598833934446,50.0,47.24959883393444
E2025,130,2025-11-26 17:00:00+00:00,13,Regular Season,40.0,73.02000000000001,MIL,TEL,14.0,9.0,5.0,2.0,-1.0,5.0,-1.0,-2.0,-2.0,1.0,-5.0,X5,E2022+E2023+E2024,29.0,29.46795292453376,43.0,43.46795292453376
E2025,127,2025-11-26 18:30:00+00:00,13,Regular Season,40.0,73.68,MCO,IST,36.0,12.0,13.0,12.0,0.0,13.0,5.0,-2.0,-14.0,0.0,-13.0,X5,E2022+E2023+E2024,74.0,73.48824399019563,110.0,109.48824399019563
E2025,128,2025-11-26 18:30:00+00:00,13,Regular Season,40.0,71.6,RED,OLY,11.0,1.0,0.0,5.0,-2.0,-2.0,1.0,-1.0,-6.0,2.0,3.0,X5,E2022+E2023+E2024,3.0,13.244514967632465,14.0,24.244514967632465
E2025,129,2025-11-26 19:30:00+00:00,13,Regular Season,40.0,72.53999999999999,BAR,ASV,10.0,9.0,7.0,2.0,-2.0,6.0,8.0,-2.0,-6.0,2.0,-6.0,X5,E2022+E2023+E2024,26.0,24.982150006413477,36.0,34.98215000641348
E2025,136,2025-12-04 17:15:00+00:00,14,Regular Season,40.0,69.72,MAD,IST,6.0,2.0,-2.0,-1.0,4.0,0.0,-12.0,1.0,0.0,-4.0,0.0,X5,E2022+E2023+E2024,18.0,18.99981560661744,24.0,24.99981560661744
E2025,135,2025-12-04 18:00:00+00:00,14,Regular Season,40.0,79.28,TEL,ZAL,18.0,-5.0,5.0,3.0,5.0,-4.0,-11.0,0.0,-1.0,-5.0,4.0,X5,E2022+E2023+E2024,17.0,17.537815002859787,35.0,35.53781500285979
E2025,131,2025-12-04 18:30:00+00:00,14,Regular Season,40.0,85.4,MCO,PRS,21.0,4.0,21.0,-1.0,2.0,0.0,-14.0,-3.0,0.0,-2.0,0.0,X5,E2022+E2023+E2024,45.0,40.799286979123295,66.0,61.799286979123295
E2025,133,2025-12-04 19:05:00+00:00,14,Regular Season,40.0,80.75999999999999,HTA,ASV,7.0,-2.0,-1.0,5.0,-6.0,7.0,-1.0,4.0,-6.0,6.0,-8.0,X5,E2022+E2023+E2024,8.0,12.103971326130248,15.0,19.10397132613025
E2025,132,2025-12-04 19:45:00+00:00,14,Regular Season,40.0,77.24000000000001,PAR,MUN,7.0,-1.0,3.0,3.0,-1.0,5.0,8.0,8.0,-11.0,1.0,-6.0,X5,E2022+E2023+E2024,9.0,7.886509758502141,16.0,14.886509758502141
E2025,137,2025-12-05 19:00:00+00:00,14,Regular Season,40.0,76.68,BAR,RED,10.0,-3.0,6.0,6.0,2.0,-9.0,-4.0,-6.0,2.0,-2.0,8.0,X5,E2022+E2023+E2024,4.0,10.0590524344883,14.0,20.0590524344883
E2025,139,2025-12-05 19:15:00+00:00,14,Regular Season,40.0,81.7,PAM,PAN,10.0,7.0,1.0,-2.0,1.0,-4.0,4.0,-3.0,2.0,-1.0,4.0,X5,E2022+E2023+E2024,-3.0,-0.7822241157467604,7.0,9.21777588425324
E2025,138,2025-12-05 19:30:00+00:00,14,Regular Season,40.0,78.08000000000001,BAS,MIL,10.0,1.0,6.0,7.0,0.0,-5.0,6.0,-1.0,-5.0,0.0,5.0,X5,E2022+E2023+E2024,4.0,11.378501382576953,14.0,21.378501382576953
E2025,140,2025-12-05 19:30:00+00:00,14,Regular Season,40.0,71.41999999999999,VIR,DUB,1.0,-9.0,-3.0,5.0,-1.0,-1.0,0.0,-3.0,-3.0,1.0,1.0,X5,E2022+E2023+E2024,-5.0,-1.6645938793988597,-4.0,-0.6645938793988597
E2025,141,2025-12-11 19:05:00+00:00,15,Regular Season,40.0,77.08,TEL,ASV,8.0,13.0,0.0,-1.0,3.0,6.0,-7.0,4.0,3.0,-3.0,-6.0,X5,E2022+E2023+E2024,30.0,26.917857026458712,38.0,34.91785702645871
E2025,143,2025-12-11 19:30:00+00:00,15,Regular Season,40.0,70.24,MIL,PAN,7.0,-5.0,1.0,-4.0,1.0,5.0,-10.0,5.0,1.0,-1.0,-5.0,X5,E2022+E2023+E2024,8.0,0.22209589229617288,15.0,7.222095892296172
E2025,146,2025-12-11 19:30:00+00:00,15,Regular Season,40.0,72.58000000000001,PAM,IST,12.0,-1.0,10.0,-1.0,3.0,2.0,0.0,2.0,-4.0,-3.0,-2.0,X5,E2022+E2023+E2024,20.0,12.536402102766623,32.0,24.536402102766623
E2025,144,2025-12-11 19:45:00+00:00,15,Regular Season,40.0,81.24000000000001,ZAL,PRS,3.0,5.0,6.0,-2.0,5.0,5.0,-11.0,5.0,5.0,-5.0,-5.0,X5,E2022+E2023+E2024,30.0,19.942696720748646,33.0,22.942696720748646
E2025,145,2025-12-11 20:00:00+00:00,15,Regular Season,40.0,75.62,MAD,BAS,7.0,11.0,-4.0,2.0,4.0,4.0,-2.0,-3.0,6.0,-4.0,-4.0,X5,E2022+E2023+E2024,24.0,20.860474745236218,31.0,27.860474745236218
E2025,142,2025-12-12 16:00:00+00:00,15,Regular Season,40.0,74.4,DUB,MUN,1.0,8.0,-4.0,4.0,0.0,5.0,1.0,-4.0,-2.0,0.0,-4.0,X5,E2022+E2023+E2024,22.0,25.30430589342068,23.0,26.30430589342068
E2025,147,2025-12-12 18:30:00+00:00,15,Regular Season,40.0,80.32,ULK,MCO,6.0,22.0,-2.0,-1.0,2.0,-4.0,3.0,4.0,5.0,-2.0,3.0,X5,E2022+E2023+E2024,4.0,11.592263323885906,10.0,17.592263323885906
E2025,148,2025-12-12 19:30:00+00:00,15,Regular Season,40.0,69.46000000000001,BAR,OLY,13.0,10.0,-4.0,6.0,0.0,-5.0,8.0,2.0,-3.0,0.0,5.0,X5,E2022+E2023+E2024,-5.0,7.8163089927723615,8.0,20.816308992772363
E2025,149,2025-12-12 19:30:00+00:00,15,Regular Season,40.0,73.42,PAR,RED,3.0,2.0,-4.0,4.0,-3.0,2.0,0.0,-4.0,-2.0,3.0,-2.0,X5,E2022+E2023+E2024,6.0,12.425353989599468,9.0,15.425353989599468
E2025,150,2025-12-12 19:30:00+00:00,15,Regular Season,40.0,69.9,HTA,VIR,5.0,-4.0,-10.0,7.0,-3.0,6.0,-4.0,0.0,-5.0,3.0,-6.0,X5,E2022+E2023+E2024,8.0,14.58010848913942,13.0,19.58010848913942
E2025,151,2025-12-16 16:00:00+00:00,16,Regular Season,40.0,75.64,TEL,DUB,2.0,7.0,0.0,-3.0,-5.0,-3.0,3.0,-2.0,4.0,5.0,3.0,X5,E2022+E2023+E2024,-17.0,-10.758326557574527,-15.0,-8.758326557574527
E2025,153,2025-12-16 17:45:00+00:00,16,Regular Season,40.0,75.9,PAN,ULK,4.0,-4.0,2.0,7.0,0.0,4.0,11.0,0.0,-7.0,0.0,-4.0,X5,E2022+E2023+E2024,9.0,6.390868300466906,13.0,10.390868300466906
E2025,154,2025-12-16 19:05:00+00:00,16,Regular Season,40.0,72.14,HTA,RED,6.0,1.0,10.0,2.0,6.0,4.0,-3.0,2.0,-1.0,-6.0,-4.0,X5,E2022+E2023+E2024,35.0,24.385840632916548,41.0,30.385840632916548
E2025,155,2025-12-16 19:15:00+00:00,16,Regular Season,40.0,69.86000000000001,PAM,OLY,7.0,7.0,7.0,1.0,-2.0,-5.0,3.0,-3.0,3.0,2.0,5.0,X5,E2022+E2023+E2024,-2.0,3.1934168388738238,5.0,10.193416838873823
E2025,152,2025-12-16 19:30:00+00:00,16,Regular Season,40.0,72.56,MIL,MAD,7.0,-14.0,2.0,1.0,0.0,-4.0,-17.0,-2.0,2.0,0.0,3.0,X5,E2022+E2023+E2024,-1.0,0.48607718397385424,6.0,7.486077183973855
E2025,156,2025-12-16 20:00:00+00:00,16,Regular Season,40.0,73.03999999999999,BAR,PRS,16.0,6.0,6.0,0.0,-2.0,3.0,-5.0,-5.0,0.0,2.0,-3.0,X5,E2022+E2023+E2024,24.0,24.919940318281803,40.0,40.9199403182818
E2025,160,2025-12-17 18:00:00+00:00,16,Regular Season,40.0,68.52,IST,ZAL,23.0,1.0,6.0,6.0,0.0,0.0,-6.0,2.0,-3.0,0.0,0.0,X5,E2022+E2023+E2024,20.0,24.731506537758033,43.0,47.73150653775804
E2025,158,2025-12-17 19:00:00+00:00,16,Regular Season,40.0,74.66,ASV,MUN,2.0,2.0,-2.0,1.0,3.0,1.0,-2.0,7.0,0.0,-3.0,-2.0,X5,E2022+E2023+E2024,5.0,3.372694601915544,7.0,5.372694601915544
E2025,157,2025-12-17 19:30:00+00:00,16,Regular Season,40.0,76.5,BAS,MCO,12.0,2.0,6.0,-3.0,2.0,-1.0,-17.0,6.0,5.0,-2.0,-1.0,X5,E2022+E2023+E2024,15.0,12.886642796378847,27.0,24.886642796378847
E2025,159,2025-12-17 19:30:00+00:00,16,Regular Season,40.0,76.62,VIR,PAR,18.0,4.0,7.0,7.0,-5.0,4.0,2.0,6.0,-8.0,5.0,-4.0,X5,E2022+E2023+E2024,16.0,23.26325066485217,34.0,41.263250664852166
E2025,162,2025-12-18 19:05:00+00:00,17,Regular Season,40.0,76.46000000000001,TEL,PAM,3.0,-14.0,-6.0,2.0,0.0,7.0,-8.0,-1.0,-4.0,0.0,-7.0,X5,E2022+E2023+E2024,9.0,4.046788852188208,12.0,7.046788852188208
E2025,163,2025-12-18 19:15:00+00:00,17,Regular Season,40.0,74.46000000000001,PAN,HTA,11.0,-9.0,-1.0,2.0,1.0,1.0,6.0,-10.0,-9.0,-1.0,-2.0,X5,E2022+E2023+E2024,10.0,7.906531128472107,21.0,18.906531128472107
E2025,161,2025-12-18 19:30:00+00:00,17,Regular Season,40.0,71.88,ULK,MIL,15.0,0.0,7.0,2.0,0.0,-9.0,-7.0,0.0,-2.0,0.0,9.0,X5,E2022+E2023+E2024,0.0,10.486186398713524,15.0,25.486186398713524
E2025,164,2025-12-18 19:45:00+00:00,17,Regular Season,40.0,76.84,MAD,PRS,5.0,3.0,5.0,3.0,5.0,5.0,-4.0,2.0,-1.0,-5.0,-5.0,X5,E2022+E2023+E2024,34.0,26.95167117134471,39.0,31.95167117134471
E2025,165,2025-12-19 17:30:00+00:00,17,Regular Season,40.0,69.9,DUB,IST,4.0,3.0,10.0,2.0,1.0,2.0,0.0,0.0,-2.0,-1.0,-4.0,X5,E2022+E2023+E2024,25.0,20.69517600333873,29.0,24.69517600333873
E2025,170,2025-12-19 18:00:00+00:00,17,Regular Season,40.0,74.75999999999999,ZAL,PAR,41.0,23.0,9.0,-1.0,0.0,-1.0,-7.0,0.0,0.0,0.0,-1.0,X5,E2022+E2023+E2024,38.0,46.23589861988598,79.0,87.23589861988597
E2025,166,2025-12-19 18:30:00+00:00,17,Regular Season,40.0,75.1,MCO,MUN,26.0,16.0,11.0,0.0,4.0,10.0,-16.0,1.0,-1.0,-4.0,-9.0,X5,E2022+E2023+E2024,70.0,65.14790164082847,96.0,91.14790164082847
E2025,169,2025-12-19 19:15:00+00:00,17,Regular Season,40.0,73.75999999999999,OLY,ASV,23.0,-1.0,5.0,4.0,-1.0,11.0,-1.0,3.0,-7.0,1.0,-11.0,X5,E2022+E2023+E2024,33.0,26.973589297945228,56.0,49.973589297945225
E2025,168,2025-12-19 19:30:00+00:00,17,Regular Season,55.0,100.64,BAR,BAS,10.0,3.0,-5.0,4.0,0.0,9.0,4.0,3.0,-5.0,0.0,-10.0,X5,E2022+E2023+E2024,19.0,16.29383641117847,29.0,26.29383641117847
E2025,167,2025-12-19 19:45:00+00:00,17,Regular Season,40.0,74.62,RED,VIR,1.0,6.0,-4.0,-1.0,0.0,2.0,12.0,6.0,-7.0,0.0,-2.0,X5,E2022+E2023+E2024,-6.0,-4.454737711174211,-5.0,-3.454737711174211
E2025,177,2025-12-23 16:00:00+00:00,18,Regular Season,40.0,76.1,DUB,MIL,7.0,6.0,-5.0,1.0,-1.0,0.0,-3.0,-1.0,0.0,1.0,0.0,X5,E2022+E2023+E2024,4.0,10.899195446085033,11.0,17.89919544608503
E2025,172,2025-12-23 17:45:00+00:00,18,Regular Season,40.0,68.66,ULK,BAR,1.0,7.0,-5.0,-3.0,1.0,3.0,-8.0,6.0,5.0,-1.0,-2.0,X5,E2022+E2023+E2024,3.0,2.845864594011979,4.0,3.845864594011979
E2025,176,2025-12-23 18:00:00+00:00,18,Regular Season,40.0,75.0,PAN,ZAL,7.0,2.0,5.0,0.0,0.0,3.0,-10.0,-2.0,2.0,0.0,-3.0,X5,E2022+E2023+E2024,23.0,21.150677113873215,30.0,28.150677113873215
E2025,171,2025-12-23 18:30:00+00:00,18,Regular Season,40.0,71.42,HTA,MUN,10.0,6.0,-6.0,1.0,-1.0,-2.0,-2.0,-3.0,0.0,1.0,2.0,X5,E2022+E2023+E2024,0.0,8.909450567578547,10.0,18.909450567578546
E2025,175,2025-12-23 19:00:00+00:00,18,Regular Season,40.0,80.46000000000001,PAM,BAS,10.0,1.0,2.0,-1.0,-3.0,-4.0,1.0,1.0,-5.0,3.0,3.0,X5,E2022+E2023+E2024,-8.0,-0.12289573214854288,2.0,9.877104267851458
E2025,173,2025-12-23 19:45:00+00:00,18,Regular Season,50.0,86.1,ASV,IST,4.0,-1.0,5.0,3.0,0.0,4.0,0.0,2.0,-3.0,0.0,-4.0,X5,E2022+E2023+E2024,16.0,12.897696689001691,20.0,16.89769668900169
E2025,174,2025-12-23 19:45:00+00:00,18,Regular Season,40.0,80.24000000000001,PRS,RED,10.0,-3.0,0.0,3.0,6.0,2.0,5.0,-1.0,-8.0,-6.0,-1.0,X5,E2022+E2023+E2024,19.0,14.543218443376698,29.0,24.5432184433767
E2025,179,2025-12-26 17:00:00+00:00,18,Regular Season,40.0,76.82,TEL,PAR,25.0,18.0,7.0,7.0,1.0,-1.0,-1.0,-2.0,-4.0,-1.0,1.0,X5,E2022+E2023+E2024,39.0,50.113678393712995,64.0,75.113678393713
E2025,178,2025-12-26 18:30:00+00:00,18,Regular Season,40.0,77.24000000000001,MCO,MAD,5.0,7.0,-1.0,0.0,3.0,1.0,2.0,-1.0,1.0,-3.0,0.0,X5,E2022+E2023+E2024,11.0,9.792434023135241,16.0,14.792434023135241
E2025,180,2025-12-26 19:30:00+00:00,18,Regular Season,40.0,73.78,OLY,VIR,3.0,21.0,-3.0,-10.0,4.0,2.0,-2.0,-3.0,11.0,-4.0,-2.0,X5,E2022+E2023+E2024,14.0,7.9935567316340554,17.0,10.993556731634055
E2025,182,2025-12-30 19:05:00+00:00,19,Regular Season,40.0,71.16,ZAL,HTA,13.0,19.0,-3.0,-4.0,-2.0,-2.0,-2.0,0.0,5.0,2.0,1.0,X5,E2022+E2023+E2024,2.0,10.68342783566659,15.0,23.683427835666592
E2025,183,2025-12-30 19:15:00+00:00,19,Regular Season,40.0,80.14,ASV,PRS,5.0,12.0,1.0,-2.0,0.0,-1.0,3.0,0.0,2.0,0.0,1.0,X5,E2022+E2023+E2024,4.0,6.739622344444901,9.0,11.7396223444449
E2025,181,2025-12-30 19:30:00+00:00,19,Regular Season,40.0,71.66,MCO,BAR,16.0,7.0,5.0,3.0,4.0,0.0,-1.0,1.0,1.0,-4.0,0.0,X5,E2022+E2023+E2024,22.0,20.533206790502923,38.0,36.53320679050292
E2025,184,2025-12-30 19:30:00+00:00,19,Regular Season,40.0,71.26,PAM,PAR,13.0,7.0,-2.0,2.0,-1.0,8.0,7.0,3.0,-4.0,1.0,-8.0,X5,E2022+E2023+E2024,15.0,12.837320534829658,28.0,25.837320534829658
E2025,185,2026-01-02 17:00:00+00:00,19,Regular Season,40.0,79.22,RED,IST,22.0,14.0,11.0,-7.0,1.0,2.0,-12.0,-1.0,4.0,-1.0,-2.0,X5,E2022+E2023+E2024,33.0,30.08068724029299,55.0,52.08068724029299
E2025,186,2026-01-02 19:00:00+00:00,19,Regular Season,40.0,74.94,ULK,BAS,15.0,-1.0,3.0,2.0,2.0,-5.0,-6.0,-4.0,-6.0,-2.0,6.0,X5,E2022+E2023+E2024,13.0,20.963406993668936,28.0,35.96340699366894
E2025,188,2026-01-02 19:15:00+00:00,19,Regular Season,40.0,71.62,OLY,PAN,5.0,6.0,6.0,-1.0,2.0,6.0,-3.0,6.0,2.0,-2.0,-7.0,X5,E2022+E2023+E2024,23.0,14.40678051272981,28.0,19.40678051272981
E2025,190,2026-01-02 19:30:00+00:00,19,Regular Season,40.0,76.48,VIR,MIL,12.0,-2.0,4.0,-2.0,0.0,-3.0,-6.0,-2.0,0.0,0.0,2.0,X5,E2022+E2023+E2024,3.0,3.9657157181521736,15.0,15.965715718152174
E2025,189,2026-01-02 19:45:00+00:00,19,Regular Season,40.0,72.06,MAD,DUB,14.0,10.0,3.0,3.0,4.0,5.0,-4.0,1.0,1.0,-4.0,-5.0,X5,E2022+E2023+E2024,36.0,32.63162899160263,50.0,46.63162899160263
E2025,187,2026-01-02 20:00:00+00:00,19,Regular Season,40.0,74.22,MUN,TEL,24.0,5.0,10.0,5.0,-1.0,-8.0,-2.0,1.0,-7.0,1.0,7.0,X5,E2022+E2023+E2024,11.0,24.61760271820985,35.0,48.61760271820985
E2025,194,2026-01-06 17:45:00+00:00,20,Regular Season,40.0,68.82,ULK,OLY,8.0,3.0,-2.0,3.0,2.0,-5.0,-2.0,0.0,0.0,-2.0,5.0,X5,E2022+E2023+E2024,0.0,7.142101241893567,8.0,15.142101241893567
E2025,191,2026-01-06 18:30:00+00:00,20,Regular Season,40.0,75.66,MCO,PAR,17.0,11.0,7.0,-3.0,3.0,3.0,-3.0,1.0,0.0,-3.0,-3.0,X5,E2022+E2023+E2024,29.0,24.660008583436515,46.0,41.660008583436515
E2025,192,2026-01-06 19:00:00+00:00,20,Regular Season,40.0,80.02,PAM,RED,17.0,0.0,4.0,4.0,3.0,-3.0,-6.0,0.0,-3.0,-3.0,1.0,X5,E2022+E2023+E2024,19.0,22.049039689802825,36.0,39.049039689802825
E2025,196,2026-01-06 19:00:00+00:00,20,Regular Season,40.0,70.36,MAD,ASV,11.0,7.0,2.0,0.0,-3.0,10.0,-14.0,4.0,2.0,3.0,-10.0,X5,E2022+E2023+E2024,31.0,29.80365937397967,42.0,40.80365937397967
E2025,195,2026-01-06 19:05:00+00:00,20,Regular Season,40.0,71.08000000000001,HTA,DUB,25.0,16.0,-5.0,4.0,-6.0,4.0,-7.0,-6.0,-3.0,6.0,-5.0,X5,E2022+E2023+E2024,28.0,44.065452315950104,53.0,69.0654523159501
E2025,197,2026-01-06 19:15:00+00:00,20,Regular Season,40.0,77.22,MIL,PAN,13.0,6.0,2.0,2.0,3.0,-4.0,-2.0,1.0,-4.0,-3.0,4.0,X5,E2022+E2023+E2024,13.0,19.59017482964626,26.0,32.59017482964626
E2025,193,2026-01-06 19:30:00+00:00,20,Regular Season,40.0,73.86,BAR,TEL,10.0,5.0,-1.0,-7.0,3.0,-1.0,-11.0,-5.0,8.0,-3.0,1.0,X5,E2022+E2023+E2024,9.0,5.239158631609175,19.0,15.239158631609175
E2025,198,2026-01-06 19:30:00+00:00,20,Regular Season,40.0,72.14,VIR,ZAL,4.0,5.0,-3.0,-3.0,1.0,-1.0,1.0,-2.0,2.0,-1.0,1.0,X5,E2022+E2023+E2024,-2.0,-1.6313778188675165,2.0,2.3686221811324835
E2025,199,2026-01-07 17:30:00+00:00,20,Regular Season,40.0,75.86,PRS,IST,5.0,-2.0,-6.0,0.0,1.0,1.0,4.0,1.0,-4.0,-1.0,-1.0,X5,E2022+E2023+E2024,-5.0,-4.709057093818625,0.0,0.29094290618137464
E2025,200,2026-01-07 19:30:00+00:00,20,Regular Season,40.0,72.74000000000001,MUN,BAS,7.0,0.0,-3.0,-6.0,0.0,-1.0,-16.0,-2.0,5.0,0.0,1.0,X5,E2022+E2023+E2024,2.0,3.474879865884729,9.0,10.474879865884729
E2025,201,2026-01-08 16:00:00+00:00,21,Regular Season,40.0,68.28,DUB,ULK,11.0,21.0,2.0,-1.0,1.0,10.0,-3.0,0.0,3.0,-1.0,-8.0,X5,E2022+E2023+E2024,42.0,39.34778311584289,53.0,50.34778311584289
E2025,204,2026-01-08 19:15:00+00:00,21,Regular Season,40.0,73.92,PAN,VIR,13.0,4.0,4.0,5.0,2.0,2.0,-2.0,4.0,-6.0,-2.0,-3.0,X5,E2022+E2023+E2024,26.0,28.18793255121125,39.0,41.18793255121125
E2025,203,2026-01-08 19:30:00+00:00,21,Regular Season,40.0,78.52,MCO,PAM,9.0,-6.0,7.0,2.0,-2.0,-2.0,-7.0,1.0,-1.0,2.0,2.0,X5,E2022+E2023+E2024,2.0,4.478008923135583,11.0,13.478008923135583
E2025,202,2026-01-08 19:45:00+00:00,21,Regular Season,40.0,78.68,MAD,TEL,12.0,4.0,7.0,5.0,1.0,0.0,-11.0,4.0,2.0,-1.0,0.0,X5,E2022+E2023+E2024,23.0,26.09997254240677,35.0,38.099972542406775
E2025,210,2026-01-09 18:00:00+00:00,21,Regular Season,40.0,72.53999999999999,ZAL,RED,32.0,-4.0,8.0,3.0,3.0,-6.0,-10.0,-1.0,-5.0,-3.0,5.0,X5,E2022+E2023+E2024,18.0,23.071589740075407,50.0,55.07158974007541
E2025,209,2026-01-09 19:15:00+00:00,21,Regular Season,40.0,77.48,OLY,MUN,15.0,12.0,10.0,0.0,-1.0,5.0,7.0,3.0,-6.0,1.0,-5.0,X5,E2022+E2023+E2024,26.0,24.464465972650018,41.0,39.46446597265002
E2025,206,2026-01-09 19:30:00+00:00,21,Regular Season,40.0,71.92,BAS,ASV,5.0,0.0,1.0,0.0,0.0,1.0,-6.0,-3.0,1.0,0.0,-1.0,X5,E2022+E2023+E2024,11.0,11.008694485544499,16.0,16.0086944855445
E2025,207,2026-01-09 19:30:00+00:00,21,Regular Season,40.0,68.82,MIL,IST,13.0,5.0,2.0,-3.0,-4.0,1.0,0.0,-2.0,-2.0,4.0,-1.0,X5,E2022+E2023+E2024,2.0,5.869078219106809,15.0,18.86907821910681
E2025,208,2026-01-09 19:30:00+00:00,21,Regular Season,40.0,69.32,BAR,PAR,18.0,1.0,8.0,5.0,-2.0,8.0,-4.0,3.0,-8.0,2.0,-8.0,X5,E2022+E2023+E2024,35.0,34.61723220065598,53.0,52.61723220065598
E2025,219,2026-01-14 18:30:00+00:00,22,Regular Season,40.0,75.47999999999999,OLY,PAR,38.0,16.0,15.0,-1.0,0.0,7.0,-10.0,2.0,-1.0,0.0,-6.0,X5,E2022+E2023+E2024,52.0,50.091127784345346,90.0,88.09112778434535
E2025,215,2026-01-15 16:00:00+00:00,22,Regular Season,40.0,70.75999999999999,VIR,DUB,8.0,10.0,2.0,3.0,-5.0,4.0,-4.0,2.0,1.0,5.0,-5.0,X5,E2022+E2023+E2024,15.0,21.315708252069502,23.0,29.315708252069502
E2025,211,2026-01-15 17:30:00+00:00,22,Regular Season,40.0,76.74,BAS,IST,14.0,5.0,3.0,1.0,-2.0,4.0,1.0,-4.0,-1.0,2.0,-5.0,X5,E2022+E2023+E2024,18.0,17.285066043539437,32.0,31.285066043539437
E2025,212,2026-01-15 18:30:00+00:00,22,Regular Season,40.0,65.96000000000001,MUN,PAN,7.0,6.0,7.0,1.0,1.0,-3.0,-2.0,-1.0,2.0,-1.0,3.0,X5,E2022+E2023+E2024,11.0,12.99075300292797,18.0,19.99075300292797
E2025,213,2026-01-15 19:05:00+00:00,22,Regular Season,40.0,74.36,TEL,ZAL,3.0,-2.0,2.0,4.0,2.0,0.0,2.0,3.0,-2.0,-2.0,0.0,X5,E2022+E2023+E2024,5.0,3.8993587732351536,8.0,6.899358773235154
E2025,216,2026-01-15 19:30:00+00:00,22,Regular Season,40.0,73.78,RED,MIL,8.0,6.0,-6.0,3.0,2.0,1.0,7.0,-1.0,-3.0,-2.0,-1.0,X5,E2022+E2023+E2024,6.0,8.791412978247246,14.0,16.791412978247244
E2025,214,2026-01-15 19:45:00+00:00,22,Regular Season,40.0,76.68,MCO,PRS,8.0,-1.0,7.0,3.0,7.0,1.0,11.0,-7.0,-5.0,-7.0,-1.0,X5,E2022+E2023+E2024,26.0,15.766382920256934,34.0,23.766382920256934
E2025,217,2026-01-16 17:45:00+00:00,22,Regular Season,40.0,71.7,ULK,PAM,3.0,2.0,-1.0,-7.0,3.0,1.0,-14.0,-3.0,3.0,-3.0,-1.0,X5,E2022+E2023+E2024,16.0,12.601923974895218,19.0,15.601923974895218
E2025,218,2026-01-16 19:00:00+00:00,22,Regular Season,40.0,74.88,HTA,ASV,8.0,4.0,-2.0,0.0,1.0,9.0,-9.0,0.0,-2.0,-1.0,-9.0,X5,E2022+E2023+E2024,33.0,29.59834237345022,41.0,37.59834237345022
E2025,220,2026-01-16 19:45:00+00:00,22,Regular Season,40.0,68.52000000000001,MAD,BAR,19.0,8.0,12.0,2.0,4.0,3.0,0.0,-5.0,-1.0,-4.0,-3.0,X5,E2022+E2023+E2024,42.0,35.61019646089126,61.0,54.61019646089126
E2025,224,2026-01-20 17:15:00+00:00,23,Regular Season,40.0,73.04,OLY,TEL,7.0,15.0,3.0,-7.0,-2.0,4.0,-2.0,0.0,4.0,2.0,-4.0,X5,E2022+E2023+E2024,13.0,11.324974421201246,20.0,18.324974421201247
E2025,223,2026-01-20 17:30:00+00:00,23,Regular Season,40.0,67.82000000000001,HTA,IST,5.0,-3.0,1.0,1.0,2.0,4.0,0.0,6.0,-5.0,-2.0,-4.0,X5,E2022+E2023+E2024,10.0,5.638947851050883,15.0,10.638947851050883
E2025,221,2026-01-20 17:45:00+00:00,23,Regular Season,45.0,84.5,RED,MCO,4.0,13.0,6.0,-4.0,0.0,-3.0,-14.0,0.0,7.0,0.0,2.0,X5,E2022+E2023+E2024,17.0,21.487338045013445,21.0,25.487338045013445
E2025,229,2026-01-20 19:00:00+00:00,23,Regular Season,40.0,73.28,ZAL,ASV,19.0,7.0,4.0,5.0,2.0,5.0,-9.0,-1.0,-2.0,-2.0,-5.0,X5,E2022+E2023+E2024,42.0,43.11311114149222,61.0,62.11311114149222
E2025,225,2026-01-20 19:15:00+00:00,23,Regular Season,40.0,65.6,PAN,BAS,19.0,-5.0,-2.0,2.0,2.0,3.0,-3.0,1.0,-8.0,-2.0,-3.0,X5,E2022+E2023+E2024,15.0,14.920628402996783,34.0,33.92062840299678
E2025,222,2026-01-20 19:30:00+00:00,23,Regular Season,40.0,69.56,BAR,DUB,2.0,6.0,1.0,1.0,-1.0,0.0,3.0,-1.0,0.0,1.0,0.0,X5,E2022+E2023+E2024,4.0,6.739761416126155,6.0,8.739761416126155
E2025,226,2026-01-20 19:30:00+00:00,23,Regular Season,40.0,70.08000000000001,PAR,MUN,4.0,9.0,-2.0,2.0,-1.0,0.0,-3.0,-2.0,6.0,1.0,0.0,X5,E2022+E2023+E2024,6.0,10.383963830180324,10.0,14.383963830180324
E2025,228,2026-01-20 19:30:00+00:00,23,Regular Season,40.0,81.88,PAM,PRS,14.0,6.0,9.0,2.0,6.0,2.0,-6.0,9.0,-4.0,-6.0,-1.0,X5,E2022+E2023+E2024,33.0,29.932225877850918,47.0,43.93222587785092
E2025,227,2026-01-20 19:45:00+00:00,23,Regular Season,40.0,71.5,MAD,MIL,29.0,15.0,13.0,-1.0,2.0,0.0,-13.0,-6.0,2.0,-2.0,0.0,X5,E2022+E2023+E2024,48.0,50.15210925417681,77.0,79.1521092541768
E2025,230,2026-01-21 19:30:00+00:00,23,Regular Season,40.0,72.46000000000001,ULK,VIR,5.0,1.0,-4.0,-3.0,-1.0,-3.0,-5.0,-4.0,5.0,1.0,3.0,X5,E2022+E2023+E2024,-10.0,-6.754403071800397,-5.0,-1.7544030718003967
E2025,231,2026-01-22 17:30:00+00:00,24,Regular Season,40.0,65.72,OLY,IST,6.0,3.0,3.0,-4.0,4.0,1.0,-11.0,5.0,2.0,-4.0,-2.0,X5,E2022+E2023+E2024,17.0,12.191737558497273,23.0,18.191737558497273
E2025,233,2026-01-22 19:05:00+00:00,24,Regular Season,40.0,65.94,TEL,PAN,4.0,-6.0,-1.0,-3.0,1.0,4.0,-2.0,-3.0,-1.0,-1.0,-5.0,X5,E2022+E2023+E2024,7.0,-0.9648270255308744,11.0,3.0351729744691256
E2025,232,2026-01-22 19:30:00+00:00,24,Regular Season,40.0,80.5,MUN,PAM,4.0,-2.0,3.0,-1.0,1.0,6.0,-11.0,0.0,-1.0,-1.0,-6.0,X5,E2022+E2023+E2024,26.0,20.670278681216423,30.0,24.670278681216423
E2025,236,2026-01-22 19:30:00+00:00,24,Regular Season,40.0,69.34,ZAL,MIL,4.0,-9.0,-1.0,2.0,-2.0,3.0,9.0,4.0,-8.0,2.0,-3.0,X5,E2022+E2023+E2024,-11.0,-13.059324048344834,-7.0,-9.059324048344834
E2025,235,2026-01-22 19:45:00+00:00,24,Regular Season,40.0,73.9,MAD,MCO,12.0,5.0,8.0,-1.0,1.0,7.0,-18.0,10.0,6.0,-1.0,-10.0,X5,E2022+E2023+E2024,33.0,24.898440149094505,45.0,36.898440149094505
E2025,234,2026-01-22 20:00:00+00:00,24,Regular Season,40.0,77.92,DUB,PRS,20.0,10.0,11.0,-2.0,-2.0,-3.0,-11.0,-4.0,2.0,2.0,3.0,X5,E2022+E2023+E2024,22.0,28.47028333983273,42.0,48.47028333983273
E2025,237,2026-01-23 17:45:00+00:00,24,Regular Season,40.0,76.56,ULK,BAS,13.0,5.0,0.0,-5.0,2.0,-5.0,-12.0,-3.0,6.0,-2.0,5.0,X5,E2022+E2023+E2024,3.0,6.16374330439455,16.0,19.16374330439455
E2025,239,2026-01-23 19:30:00+00:00,24,Regular Season,45.0,86.78,PAR,HTA,3.0,5.0,3.0,4.0,1.0,-2.0,4.0,-5.0,-2.0,-1.0,2.0,X5,E2022+E2023+E2024,13.0,16.813505332765807,16.0,19.813505332765807
E2025,240,2026-01-23 19:30:00+00:00,24,Regular Season,40.0,75.64,RED,VIR,9.0,9.0,9.0,-1.0,0.0,-8.0,0.0,-2.0,4.0,0.0,8.0,X5,E2022+E2023+E2024,-1.0,4.690758748724643,8.0,13.690758748724644
E2025,238,2026-01-23 19:45:00+00:00,24,Regular Season,40.0,74.62,BAR,ASV,7.0,4.0,4.0,-3.0,1.0,-3.0,-12.0,-1.0,6.0,-1.0,3.0,X5,E2022+E2023+E2024,8.0,9.274651083286457,15.0,16.274651083286457
E2025,241,2026-01-27 20:00:00+00:00,25,Regular Season,40.0,73.80000000000001,PRS,MAD,6.0,-3.0,-7.0,2.0,0.0,1.0,10.0,-2.0,-7.0,0.0,-2.0,X5,E2022+E2023+E2024,-6.0,-4.580158256219578,0.0,1.419841743780422
E2025,242,2026-01-29 17:45:00+00:00,25,Regular Season,40.0,67.5,ULK,IST,17.0,12.0,2.0,-2.0,1.0,-1.0,-11.0,-2.0,4.0,-1.0,2.0,X5,E2022+E2023+E2024,20.0,25.250744626808807,37.0,42.25074462680881
E2025,243,2026-01-29 19:05:00+00:00,25,Regular Season,40.0,72.12,MUN,HTA,15.0,-1.0,3.0,-1.0,3.0,-3.0,-14.0,0.0,-3.0,-3.0,3.0,X5,E2022+E2023+E2024,18.0,21.97123500782229,33.0,36.97123500782229
E2025,244,2026-01-29 19:15:00+00:00,25,Regular Season,40.0,75.96000000000001,OLY,BAR,12.0,8.0,0.0,4.0,2.0,0.0,8.0,1.0,-8.0,-2.0,0.0,X5,E2022+E2023+E2024,15.0,20.229561567659037,27.0,32.22956156765903
E2025,246,2026-01-29 19:30:00+00:00,25,Regular Season,40.0,68.14,MIL,PAR,6.0,3.0,-1.0,-2.0,-1.0,3.0,-2.0,4.0,-2.0,1.0,-4.0,X5,E2022+E2023+E2024,5.0,4.912257057484966,11.0,10.912257057484966
E2025,245,2026-01-29 19:45:00+00:00,25,Regular Season,40.0,74.68,PAM,TEL,11.0,-2.0,9.0,-1.0,1.0,3.0,-7.0,7.0,-1.0,-1.0,-3.0,X5,E2022+E2023+E2024,15.0,9.108384990383867,26.0,20.10838499038387
E2025,247,2026-01-30 18:30:00+00:00,25,Regular Season,40.0,68.30000000000001,VIR,MCO,2.0,7.0,0.0,-2.0,3.0,-5.0,-7.0,-5.0,5.0,-3.0,4.0,X5,E2022+E2023+E2024,9.0,12.017574255443792,11.0,14.017574255443792
E2025,249,2026-01-30 19:00:00+00:00,25,Regular Season,40.0,74.56,RED,DUB,3.0,7.0,2.0,-7.0,-1.0,3.0,-1.0,0.0,1.0,1.0,-2.0,X5,E2022+E2023+E2024,5.0,2.020674400631474,8.0,5.020674400631474
E2025,248,2026-01-30 19:30:00+00:00,25,Regular Season,40.0,72.12,BAS,ZAL,11.0,8.0,1.0,2.0,1.0,10.0,0.0,-1.0,-1.0,-1.0,-10.0,X5,E2022+E2023+E2024,35.0,28.839192992803994,46.0,39.839192992803994
E2025,250,2026-01-30 19:45:00+00:00,25,Regular Season,40.0,74.06,PAN,ASV,1.0,5.0,-5.0,3.0,3.0,5.0,-4.0,3.0,1.0,-3.0,-5.0,X5,E2022+E2023+E2024,19.0,17.470926118848848,20.0,18.470926118848848
E2025,253,2026-02-03 16:00:00+00:00,26,Regular Season,45.0,87.42,DUB,OLY,10.0,3.0,-3.0,1.0,0.0,-6.0,-7.0,-4.0,-1.0,0.0,7.0,X5,E2022+E2023+E2024,0.0,12.033512208990764,10.0,22.033512208990764
E2025,251,2026-02-03 17:30:00+00:00,26,Regular Season,40.0,80.75999999999999,IST,PAM,17.0,3.0,0.0,0.0,2.0,0.0,-8.0,-3.0,1.0,-2.0,-1.0,X5,E2022+E2023+E2024,18.0,18.841998243559527,35.0,35.84199824355953
E2025,259,2026-02-03 18:00:00+00:00,26,Regular Season,40.0,78.82,ZAL,MCO,17.0,10.0,5.0,-2.0,-3.0,1.0,1.0,4.0,3.0,3.0,-2.0,X5,E2022+E2023+E2024,2.0,2.983257173899629,19.0,19.98325717389963
E2025,252,2026-02-03 19:00:00+00:00,26,Regular Season,40.0,69.72,RED,HTA,12.0,23.0,1.0,-4.0,-2.0,1.0,4.0,-1.0,3.0,2.0,-1.0,X5,E2022+E2023+E2024,12.0,17.607300364375032,24.0,29.607300364375032
E2025,257,2026-02-03 19:05:00+00:00,26,Regular Season,40.0,72.32,TEL,PAR,2.0,-9.0,-3.0,0.0,1.0,-1.0,-5.0,1.0,-2.0,-1.0,1.0,X5,E2022+E2023+E2024,-6.0,-6.095468173306285,-4.0,-4.095468173306285
E2025,258,2026-02-03 19:15:00+00:00,26,Regular Season,40.0,73.2,PAN,MAD,1.0,-13.0,-9.0,1.0,-2.0,-5.0,-2.0,-4.0,-7.0,2.0,7.0,X5,E2022+E2023+E2024,-24.0,-13.534947105337324,-23.0,-12.534947105337324
E2025,254,2026-02-03 19:30:00+00:00,26,Regular Season,40.0,71.36,MIL,BAS,20.0,2.0,7.0,-5.0,1.0,8.0,-14.0,-1.0,0.0,-1.0,-8.0,X5,E2022+E2023+E2024,37.0,28.315051025319498,57.0,48.3150510253195
E2025,255,2026-02-03 19:30:00+00:00,26,Regular Season,40.0,69.02000000000001,ULK,BAR,4.0,0.0,3.0,-3.0,3.0,-2.0,-22.0,0.0,9.0,-3.0,1.0,X5,E2022+E2023+E2024,16.0,14.08602476200717,20.0,18.08602476200717
E2025,256,2026-02-03 19:30:00+00:00,26,Regular Season,40.0,79.36,MUN,PRS,6.0,11.0,9.0,-2.0,0.0,-3.0,8.0,-5.0,1.0,0.0,2.0,X5,E2022+E2023+E2024,9.0,8.69840479746481,15.0,14.69840479746481
E2025,260,2026-02-04 19:30:00+00:00,26,Regular Season,40.0,70.7,ASV,VIR,10.0,14.0,1.0,4.0,1.0,-1.0,6.0,5.0,0.0,-1.0,0.0,X5,E2022+E2023+E2024,9.0,14.308891640313403,19.0,24.308891640313405
E2025,261,2026-02-05 16:00:00+00:00,27,Regular Season,40.0,76.12,DUB,MAD,8.0,-10.0,1.0,1.0,1.0,1.0,-1.0,-3.0,-7.0,-1.0,0.0,X5,E2022+E2023+E2024,6.0,4.380525217691181,14.0,12.380525217691181
E2025,263,2026-02-05 19:00:00+00:00,27,Regular Season,45.0,83.18,PAM,HTA,5.0,10.0,-4.0,2.0,-1.0,3.0,1.0,-1.0,-1.0,1.0,-3.0,X5,E2022+E2023+E2024,13.0,18.076683456660692,18.0,23.076683456660692
E2025,262,2026-02-05 19:30:00+00:00,27,Regular Season,40.0,70.1,MUN,MCO,9.0,-4.0,4.0,3.0,-3.0,-3.0,2.0,-2.0,-6.0,3.0,3.0,X5,E2022+E2023+E2024,-3.0,3.719916545975174,6.0,12.719916545975174
E2025,265,2026-02-05 19:30:00+00:00,27,Regular Season,40.0,75.38,PAR,PAN,16.0,4.0,7.0,2.0,0.0,3.0,-2.0,1.0,-8.0,0.0,-3.0,X5,E2022+E2023+E2024,28.0,30.055714662100684,44.0,46.055714662100684
E2025,264,2026-02-05 19:45:00+00:00,27,Regular Season,40.0,77.92,ULK,PRS,2.0,2.0,5.0,4.0,0.0,6.0,-7.0,6.0,3.0,0.0,-8.0,X5,E2022+E2023+E2024,23.0,17.811061146201023,25.0,19.811061146201023
E2025,266,2026-02-06 17:30:00+00:00,27,Regular Season,40.0,74.54,IST,ZAL,10.0,-5.0,3.0,2.0,0.0,0.0,6.0,-2.0,-5.0,0.0,0.0,X5,E2022+E2023+E2024,1.0,-0.5210395182462777,11.0,9.478960481753722
E2025,268,2026-02-06 19:00:00+00:00,27,Regular Season,40.0,77.98,TEL,RED,1.0,-2.0,-10.0,1.0,0.0,2.0,-3.0,2.0,0.0,0.0,-2.0,X5,E2022+E2023+E2024,-6.0,-3.5948607745146326,-5.0,-2.5948607745146326
E2025,269,2026-02-06 19:00:00+00:00,27,Regular Season,40.0,68.74000000000001,MIL,ASV,1.0,3.0,7.0,-7.0,1.0,-3.0,-24.0,2.0,14.0,-1.0,3.0,X5,E2022+E2023+E2024,7.0,4.25687574598353,8.0,5.25687574598353
E2025,270,2026-02-06 19:15:00+00:00,27,Regular Season,40.0,75.02000000000001,OLY,VIR,32.0,13.0,6.0,4.0,-1.0,8.0,-6.0,-2.0,-3.0,1.0,-8.0,X5,E2022+E2023+E2024,48.0,50.011494970879276,80.0,82.01149497087928
E2025,267,2026-02-06 19:30:00+00:00,27,Regular Season,40.0,74.48,BAR,BAS,6.0,0.0,3.0,0.0,-1.0,2.0,-7.0,0.0,4.0,1.0,-2.0,X5,E2022+E2023+E2024,8.0,5.992664933468646,14.0,11.992664933468646
E2025,271,2026-02-12 17:30:00+00:00,28,Regular Season,40.0,67.64,IST,VIR,31.0,-5.0,10.0,5.0,5.0,-4.0,-11.0,0.0,-6.0,-5.0,4.0,X5,E2022+E2023+E2024,29.0,31.33016849876313,60.0,62.33016849876313
E2025,273,2026-02-12 19:05:00+00:00,28,Regular Season,45.0,85.19999999999999,TEL,MUN,5.0,8.0,1.0,0.0,2.0,-2.0,-4.0,-3.0,3.0,-2.0,2.0,X5,E2022+E2023+E2024,13.0,15.736206767104449,18.0,20.73620676710445
E2025,272,2026-02-12 19:15:00+00:00,28,Regular Season,40.0,75.18,OLY,RED,6.0,-6.0,5.0,2.0,0.0,3.0,-4.0,0.0,1.0,0.0,-3.0,X5,E2022+E2023+E2024,10.0,4.355653158928428,16.0,10.355653158928428
E2025,274,2026-02-12 19:30:00+00:00,28,Regular Season,40.0,68.66,PAM,ASV,15.0,-8.0,-4.0,5.0,2.0,6.0,-6.0,7.0,-8.0,-2.0,-6.0,X5,E2022+E2023+E2024,16.0,14.940642678278852,31.0,29.940642678278852
E2025,275,2026-02-12 19:30:00+00:00,28,Regular Season,40.0,74.7,PRS,BAR,11.0,-6.0,-4.0,-4.0,-2.0,-2.0,-14.0,-2.0,2.0,2.0,2.0,X5,E2022+E2023+E2024,-8.0,-3.82011317723687,3.0,7.17988682276313
E2025,280,2026-02-13 18:00:00+00:00,28,Regular Season,40.0,70.56,ZAL,HTA,11.0,3.0,4.0,3.0,-2.0,1.0,5.0,-2.0,-7.0,2.0,-1.0,X5,E2022+E2023+E2024,12.0,16.41497625795788,23.0,27.41497625795788
E2025,277,2026-02-13 18:30:00+00:00,28,Regular Season,40.0,77.4,MCO,BAS,10.0,1.0,3.0,-1.0,4.0,2.0,-2.0,1.0,-6.0,-4.0,-2.0,X5,E2022+E2023+E2024,22.0,18.741409759227427,32.0,28.741409759227427
E2025,279,2026-02-13 19:15:00+00:00,28,Regular Season,40.0,71.48,ULK,PAN,2.0,7.0,8.0,-7.0,6.0,1.0,-1.0,-3.0,7.0,-6.0,-1.0,X5,E2022+E2023+E2024,19.0,5.184056228273894,21.0,7.184056228273894
E2025,276,2026-02-13 19:30:00+00:00,28,Regular Season,40.0,68.62,MAD,PAR,4.0,0.0,4.0,-2.0,-2.0,9.0,-15.0,4.0,4.0,2.0,-9.0,X5,E2022+E2023+E2024,23.0,16.277013366575854,27.0,20.277013366575854
E2025,278,2026-02-13 19:30:00+00:00,28,Regular Season,40.0,66.32,DUB,MIL,18.0,14.0,2.0,1.0,1.0,4.0,-3.0,3.0,1.0,-1.0,-4.0,X5,E2022+E2023+E2024,26.0,27.319952310099335,44.0,45.31995231009934
E2025,281,2026-02-25 17:45:00+00:00,29,Regular Season,40.0,72.06,ULK,PAR,3.0,3.0,-9.0,3.0,4.0,2.0,10.0,4.0,-4.0,-4.0,-2.0,X5,E2022+E2023+E2024,-1.0,-1.7160049287416745,2.0,1.2839950712583255
E2025,283,2026-02-25 18:00:00+00:00,29,Regular Season,50.0,87.9,ZAL,OLY,5.0,-10.0,-6.0,2.0,5.0,10.0,-14.0,7.0,-1.0,-5.0,-10.0,X5,E2022+E2023+E2024,24.0,13.273631385186297,29.0,18.2736313851863
E2025,282,2026-02-25 19:30:00+00:00,29,Regular Season,40.0,69.0,VIR,BAR,5.0,-2.0,3.0,5.0,-4.0,2.0,-1.0,4.0,-6.0,4.0,-2.0,X5,E2022+E2023+E2024,5.0,11.029162612069095,10.0,16.029162612069094
E2025,286,2026-02-25 19:30:00+00:00,29,Regular Season,40.0,70.96000000000001,RED,IST,10.0,9.0,4.0,-3.0,-4.0,3.0,-2.0,3.0,2.0,4.0,-3.0,X5,E2022+E2023+E2024,5.0,6.410057182466497,15.0,16.410057182466495
E2025,287,2026-02-26 17:00:00+00:00,29,Regular Season,40.0,75.96000000000001,DUB,ASV,11.0,-8.0,7.0,2.0,6.0,-4.0,-14.0,-2.0,-3.0,-6.0,4.0,X5,E2022+E2023+E2024,24.0,23.01387534993374,35.0,34.01387534993374
E2025,284,2026-02-26 18:30:00+00:00,29,Regular Season,40.0,76.4,TEL,MCO,5.0,4.0,-2.0,1.0,1.0,-6.0,-7.0,3.0,4.0,-1.0,6.0,X5,E2022+E2023+E2024,-7.0,0.9892801080387095,-2.0,5.9892801080387095
E2025,288,2026-02-26 19:05:00+00:00,29,Regular Season,40.0,74.62,HTA,MIL,6.0,-4.0,-9.0,1.0,2.0,-5.0,-13.0,-6.0,1.0,-2.0,5.0,X5,E2022+E2023+E2024,0.0,8.682228798273371,6.0,14.682228798273371
E2025,285,2026-02-26 19:30:00+00:00,29,Regular Season,40.0,74.2,PAM,BAS,29.0,14.0,8.0,4.0,1.0,-4.0,-6.0,-4.0,-3.0,-1.0,4.0,X5,E2022+E2023+E2024,33.0,44.478348160752496,62.0,73.47834816075249
E2025,289,2026-02-26 19:45:00+00:00,29,Regular Season,40.0,78.78,PRS,PAN,5.0,8.0,0.0,-1.0,-2.0,-7.0,3.0,-1.0,3.0,2.0,7.0,X5,E2022+E2023+E2024,-16.0,-6.79703787160392,-11.0,-1.7970378716039201
E2025,290,2026-02-26 19:45:00+00:00,29,Regular Season,40.0,71.12,MAD,MUN,23.0,7.0,13.0,-4.0,3.0,4.0,-13.0,1.0,5.0,-3.0,-6.0,X5,E2022+E2023+E2024,39.0,28.73689747360661,62.0,51.73689747360661
E2025,292,2026-03-05 17:45:00+00:00,30,Regular Season,40.0,72.58000000000001,ULK,MCO,18.0,10.0,-3.0,-2.0,-3.0,0.0,-7.0,3.0,1.0,3.0,-1.0,X5,E2022+E2023+E2024,3.0,11.56679490503133,21.0,29.56679490503133
E2025,291,2026-03-05 19:30:00+00:00,30,Regular Season,40.0,76.75999999999999,MIL,BAR,3.0,6.0,-2.0,-6.0,0.0,7.0,-15.0,5.0,7.0,0.0,-7.0,X5,E2022+E2023+E2024,15.0,9.491968873618042,18.0,12.491968873618042
E2025,296,2026-03-05 19:30:00+00:00,30,Regular Season,40.0,69.94,PAM,ZAL,4.0,5.0,-6.0,-4.0,2.0,8.0,2.0,1.0,-1.0,-2.0,-8.0,X5,E2022+E2023+E2024,13.0,5.477949654179472,17.0,9.477949654179472
E2025,295,2026-03-05 19:45:00+00:00,30,Regular Season,40.0,71.1,MAD,VIR,8.0,-2.0,1.0,1.0,4.0,3.0,1.0,1.0,-6.0,-4.0,-3.0,X5,E2022+E2023+E2024,18.0,13.286126451494894,26.0,21.286126451494894
E2025,297,2026-03-06 17:30:00+00:00,30,Regular Season,40.0,77.46000000000001,ASV,IST,3.0,4.0,1.0,1.0,-2.0,-2.0,10.0,-2.0,-5.0,2.0,2.0,X5,E2022+E2023+E2024,-5.0,0.24501436538492927,-2.0,3.2450143653849293
E2025,299,2026-03-06 19:00:00+00:00,30,Regular Season,40.0,70.46000000000001,MUN,RED,5.0,-2.0,-2.0,-1.0,0.0,-6.0,-10.0,2.0,4.0,0.0,6.0,X5,E2022+E2023+E2024,-13.0,-6.682678000341173,-8.0,-1.6826780003411734
E2025,300,2026-03-06 19:15:00+00:00,30,Regular Season,40.0,71.24000000000001,OLY,PAN,6.0,4.0,5.0,3.0,2.0,2.0,2.0,5.0,-3.0,-2.0,-3.0,X5,E2022+E2023+E2024,17.0,14.936217617723322,23.0,20.936217617723322
E2025,298,2026-03-06 19:30:00+00:00,30,Regular Season,40.0,79.46000000000001,PRS,BAS,16.0,9.0,0.0,-4.0,-3.0,-8.0,-6.0,-5.0,3.0,3.0,8.0,X5,E2022+E2023+E2024,-9.0,3.9107578565917773,7.0,19.91075785659178
E2025,334,2026-03-10 19:45:00+00:00,34,Regular Season,40.0,74.9,OLY,PRS,17.0,14.0,-1.0,0.0,-2.0,5.0,-8.0,-1.0,4.0,2.0,-5.0,X5,E2022+E2023+E2024,24.0,27.878905356541118,41.0,44.87890535654112
E2025,304,2026-03-11 19:45:00+00:00,31,Regular Season,40.0,73.68,PAR,VIR,6.0,2.0,7.0,2.0,2.0,0.0,-6.0,4.0,1.0,-2.0,1.0,X5,E2022+E2023+E2024,15.0,14.166863096035033,21.0,20.166863096035033
E2025,306,2026-03-12 18:00:00+00:00,31,Regular Season,40.0,73.08000000000001,MCO,OLY,1.0,3.0,6.0,-1.0,0.0,-6.0,2.0,-5.0,-4.0,0.0,5.0,X5,E2022+E2023+E2024,4.0,9.386878569804157,5.0,10.386878569804157
E2025,308,2026-03-12 19:00:00+00:00,31,Regular Season,40.0,84.02,DUB,BAS,6.0,4.0,1.0,3.0,4.0,-4.0,-4.0,12.0,-2.0,-4.0,3.0,X5,E2022+E2023+E2024,3.0,7.7553715210425604,9.0,13.75537152104256
E2025,301,2026-03-12 19:30:00+00:00,31,Regular Season,40.0,73.7,IST,MUN,1.0,-4.0,-3.0,3.0,1.0,3.0,3.0,0.0,-3.0,-1.0,-3.0,X5,E2022+E2023+E2024,4.0,1.6523860425109436,5.0,2.6523860425109436
E2025,303,2026-03-12 19:45:00+00:00,31,Regular Season,40.0,72.32,MAD,PAM,17.0,2.0,9.0,5.0,-1.0,-3.0,-5.0,-1.0,-3.0,1.0,4.0,X5,E2022+E2023+E2024,16.0,23.60613199015299,33.0,40.60613199015299
E2025,302,2026-03-12 20:00:00+00:00,31,Regular Season,40.0,73.74000000000001,PRS,ASV,9.0,1.0,-5.0,2.0,0.0,1.0,3.0,0.0,-4.0,0.0,-2.0,X5,E2022+E2023+E2024,2.0,5.027740825676271,11.0,14.027740825676272
E2025,305,2026-03-12 20:00:00+00:00,31,Regular Season,40.0,73.88,PAN,ZAL,4.0,-1.0,3.0,3.0,-1.0,1.0,-1.0,-2.0,-3.0,1.0,-1.0,X5,E2022+E2023+E2024,11.0,12.870726989990946,15.0,16.870726989990946
E2025,307,2026-03-13 19:00:00+00:00,31,Regular Season,40.0,73.74,RED,ULK,6.0,3.0,8.0,-1.0,-2.0,8.0,-5.0,4.0,-2.0,2.0,-9.0,X5,E2022+E2023+E2024,26.0,20.07382803556621,32.0,26.07382803556621
E2025,309,2026-03-13 19:30:00+00:00,31,Regular Season,40.0,76.32,MIL,TEL,9.0,-5.0,0.0,2.0,0.0,5.0,-8.0,-5.0,-1.0,0.0,-5.0,X5,E2022+E2023+E2024,21.0,18.020369240117837,30.0,27.020369240117837
E2025,310,2026-03-13 19:30:00+00:00,31,Regular Season,40.0,72.42,HTA,BAR,5.0,6.0,8.0,-3.0,0.0,5.0,-13.0,7.0,9.0,0.0,-5.0,X5,E2022+E2023+E2024,18.0,10.529325532297124,23.0,15.529325532297124
E2025,205,2026-03-17 15:00:00+00:00,21,Regular Season,40.0,78.6,HTA,PRS,11.0,-9.0,7.0,2.0,1.0,2.0,-14.0,2.0,-4.0,-1.0,-2.0,X5,E2022+E2023+E2024,22.0,20.148426701611125,33.0,31.148426701611125
E2025,294,2026-03-17 19:00:00+00:00,30,Regular Season,40.0,72.36,PAR,DUB,14.0,4.0,0.0,2.0,-1.0,-2.0,8.0,-3.0,-5.0,1.0,2.0,X5,E2022+E2023+E2024,0.0,5.7813426270166595,14.0,19.78134262701666
E2025,134,2026-03-17 19:15:00+00:00,14,Regular Season,40.0,72.38,OLY,ULK,17.0,0.0,7.0,2.0,1.0,6.0,-4.0,2.0,-10.0,-1.0,-6.0,X5,E2022+E2023+E2024,35.0,33.115598392318,52.0,50.115598392318
E2025,315,2026-03-19 17:00:00+00:00,32,Regular Season,40.0,63.88,BAR,PAM,4.0,8.0,2.0,1.0,-3.0,1.0,7.0,-4.0,0.0,3.0,-1.0,X5,E2022+E2023+E2024,4.0,6.924288946209522,8.0,10.924288946209522
E2025,316,2026-03-19 17:30:00+00:00,32,Regular Season,40.0,73.36,MCO,IST,5.0,8.0,7.0,-9.0,-1.0,4.0,-13.0,1.0,7.0,1.0,-4.0,X5,E2022+E2023+E2024,17.0,10.715110418101313,22.0,15.715110418101313
E2025,312,2026-03-19 19:05:00+00:00,32,Regular Season,40.0,82.34,HTA,VIR,18.0,2.0,7.0,1.0,-1.0,2.0,-12.0,0.0,-2.0,1.0,-2.0,X5,E2022+E2023+E2024,26.0,28.631764185774955,44.0,46.631764185774955
E2025,313,2026-03-19 19:15:00+00:00,32,Regular Season,40.0,74.30000000000001,OLY,BAS,10.0,11.0,4.0,-3.0,-2.0,7.0,-2.0,4.0,1.0,2.0,-7.0,X5,E2022+E2023+E2024,19.0,15.928701218944934,29.0,25.928701218944934
E2025,311,2026-03-19 19:30:00+00:00,32,Regular Season,40.0,71.28,DUB,MUN,13.0,-1.0,6.0,-1.0,1.0,0.0,-8.0,0.0,1.0,-1.0,0.0,X5,E2022+E2023+E2024,13.0,10.836313023281289,26.0,23.83631302328129
E2025,314,2026-03-19 19:45:00+00:00,32,Regular Season,40.0,78.03999999999999,PAR,PRS,9.0,10.0,11.0,2.0,-6.0,-6.0,-7.0,-5.0,3.0,6.0,6.0,X5,E2022+E2023+E2024,8.0,21.556219419794395,17.0,30.556219419794395
E2025,317,2026-03-20 17:45:00+00:00,32,Regular Season,40.0,70.44,ULK,MIL,4.0,4.0,0.0,-1.0,2.0,0.0,-7.0,1.0,3.0,-2.0,0.0,X5,E2022+E2023+E2024,10.0,9.888495549304006,14.0,13.888495549304006
E2025,320,2026-03-20 18:00:00+00:00,32,Regular Season,40.0,71.47999999999999,ZAL,MAD,2.0,-5.0,0.0,-2.0,1.0,0.0,-7.0,0.0,-1.0,-1.0,0.0,X5,E2022+E2023+E2024,3.0,1.6039805450029405,5.0,3.6039805450029405
E2025,319,2026-03-20 19:15:00+00:00,32,Regular Season,40.0,72.03999999999999,PAN,RED,8.0,-3.0,-3.0,-2.0,-2.0,3.0,-11.0,-1.0,2.0,2.0,-3.0,X5,E2022+E2023+E2024,4.0,4.266507947844737,12.0,12.266507947844737
E2025,318,2026-03-20 19:45:00+00:00,32,Regular Season,40.0,75.4,TEL,ASV,4.0,6.0,3.0,3.0,-2.0,2.0,2.0,-7.0,-1.0,2.0,-2.0,X5,E2022+E2023+E2024,18.0,20.85344400282488,22.0,24.85344400282488
E2025,324,2026-03-24 17:30:00+00:00,33,Regular Season,40.0,78.1,TEL,ULK,5.0,7.0,4.0,-2.0,-1.0,2.0,4.0,-2.0,0.0,1.0,-2.0,X5,E2022+E2023+E2024,9.0,7.237786076896306,14.0,12.237786076896306
E2025,321,2026-03-24 18:00:00+00:00,33,Regular Season,40.0,71.6,MCO,MIL,5.0,-6.0,5.0,6.0,1.0,5.0,-3.0,5.0,-4.0,-1.0,-5.0,X5,E2022+E2023+E2024,19.0,14.805001601441042,24.0,19.80500160144104
E2025,329,2026-03-24 18:00:00+00:00,33,Regular Season,40.0,69.78,ZAL,MUN,7.0,-5.0,6.0,4.0,1.0,4.0,3.0,2.0,-7.0,-1.0,-4.0,X5,E2022+E2023+E2024,17.0,12.499360258548858,24.0,19.499360258548858
E2025,322,2026-03-24 18:30:00+00:00,33,Regular Season,40.0,74.28,PAN,DUB,3.0,0.0,1.0,3.0,-2.0,1.0,5.0,-1.0,-5.0,2.0,-3.0,X5,E2022+E2023+E2024,5.0,7.212794930195223,8.0,10.212794930195223
E2025,323,2026-03-24 19:30:00+00:00,33,Regular Season,40.0,66.36,BAR,IST,7.0,10.0,4.0,-4.0,0.0,3.0,-5.0,1.0,7.0,0.0,-4.0,X5,E2022+E2023+E2024,14.0,9.21616008274664,21.0,16.21616008274664
E2025,327,2026-03-24 19:30:00+00:00,33,Regular Season,40.0,74.18,PAM,OLY,1.0,4.0,10.0,0.0,3.0,-7.0,1.0,-4.0,5.0,-3.0,7.0,X5,E2022+E2023+E2024,4.0,2.8975385251443675,5.0,3.8975385251443675
E2025,325,2026-03-24 19:45:00+00:00,33,Regular Season,40.0,76.74000000000001,PAR,ASV,1.0,-1.0,-1.0,0.0,2.0,6.0,0.0,-1.0,2.0,-2.0,-6.0,X5,E2022+E2023+E2024,13.0,4.044384759263423,14.0,5.044384759263423
E2025,326,2026-03-24 20:00:00+00:00,33,Regular Season,40.0,74.52,MAD,HTA,9.0,8.0,-1.0,2.0,4.0,1.0,-3.0,2.0,2.0,-4.0,-3.0,X5,E2022+E2023+E2024,20.0,18.85842117713991,29.0,27.85842117713991
E2025,330,2026-03-25 19:30:00+00:00,33,Regular Season,45.0,87.38,RED,BAS,8.0,9.0,1.0,0.0,-3.0,-2.0,5.0,5.0,-4.0,3.0,3.0,X5,E2022+E2023+E2024,-7.0,2.4395018900058654,1.0,10.439501890005864
E2025,331,2026-03-26 19:30:00+00:00,34,Regular Season,40.0,78.74000000000001,MIL,VIR,16.0,-1.0,2.0,3.0,-1.0,0.0,0.0,2.0,-8.0,1.0,0.0,X5,E2022+E2023+E2024,8.0,13.576236101758571,24.0,29.57623610175857
E2025,332,2026-03-26 19:30:00+00:00,34,Regular Season,40.0,71.92,MUN,ASV,10.0,5.0,-3.0,5.0,0.0,-1.0,5.0,1.0,-4.0,0.0,1.0,X5,E2022+E2023+E2024,3.0,10.341187010041505,13.0,20.341187010041505
E2025,333,2026-03-26 19:30:00+00:00,34,Regular Season,45.0,84.92,TEL,DUB,4.0,9.0,2.0,4.0,3.0,6.0,0.0,8.0,-1.0,-3.0,-9.0,X5,E2022+E2023+E2024,29.0,24.431798564967984,33.0,28.431798564967984
E2025,335,2026-03-26 19:45:00+00:00,34,Regular Season,40.0,67.82,MAD,IST,11.0,9.0,3.0,1.0,0.0,7.0,4.0,0.0,-3.0,0.0,-8.0,X5,E2022+E2023+E2024,27.0,23.232971729185426,38.0,34.23297172918542
E2025,338,2026-03-27 17:45:00+00:00,34,Regular Season,40.0,72.18,ZAL,ULK,10.0,6.0,10.0,1.0,1.0,2.0,-7.0,6.0,3.0,-1.0,-2.0,X5,E2022+E2023+E2024,21.0,18.047106828106447,31.0,28.047106828106447
E2025,339,2026-03-27 19:15:00+00:00,34,Regular Season,40.0,80.14,PAN,MCO,10.0,8.0,-1.0,0.0,2.0,5.0,11.0,3.0,-3.0,-2.0,-5.0,X5,E2022+E2023+E2024,10.0,5.0743524726912375,20.0,15.074352472691238
E2025,336,2026-03-27 19:30:00+00:00,34,Regular Season,40.0,80.78,BAS,HTA,9.0,-1.0,6.0,5.0,1.0,1.0,6.0,-2.0,-8.0,-1.0,-2.0,X5,E2022+E2023+E2024,19.0,18.74334077765357,28.0,27.74334077765357
E2025,340,2026-03-27 19:30:00+00:00,34,Regular Season,50.0,94.53999999999999,PAR,PAM,6.0,-6.0,-4.0,7.0,-5.0,-4.0,7.0,-8.0,-7.0,5.0,4.0,X5,E2022+E2023+E2024,-13.0,-0.24044639482985275,-7.0,5.759553605170147
E2025,337,2026-03-27 20:00:00+00:00,34,Regular Season,45.0,82.62,BAR,RED,4.0,-6.0,1.0,8.0,-1.0,5.0,-3.0,4.0,-8.0,1.0,-4.0,X5,E2022+E2023+E2024,17.0,19.893349765591342,21.0,23.893349765591342
E2025,328,2026-03-31 18:45:00+00:00,33,Regular Season,40.0,79.9,PRS,VIR,21.0,1.0,3.0,2.0,5.0,-6.0,3.0,1.0,-4.0,-5.0,6.0,X5,E2022+E2023+E2024,4.0,6.473988091394574,25.0,27.473988091394574
E2025,348,2026-04-01 17:00:00+00:00,35,Regular Season,40.0,70.2,MUN,ULK,9.0,6.0,0.0,1.0,-3.0,-1.0,3.0,0.0,-2.0,3.0,1.0,X5,E2022+E2023+E2024,-2.0,5.118942008555765,7.0,14.118942008555765
E2025,343,2026-04-02 17:00:00+00:00,35,Regular Season,40.0,71.3,HTA,PAN,4.0,-2.0,0.0,0.0,-1.0,-1.0,-10.0,-5.0,3.0,1.0,1.0,X5,E2022+E2023+E2024,6.0,8.663166712092028,10.0,12.663166712092028
E2025,345,2026-04-02 17:00:00+00:00,35,Regular Season,40.0,68.5,ZAL,BAR,12.0,11.0,2.0,-4.0,1.0,-3.0,-2.0,2.0,2.0,-1.0,3.0,X5,E2022+E2023+E2024,3.0,6.490211098641279,15.0,18.49021109864128
E2025,342,2026-04-02 18:00:00+00:00,35,Regular Season,40.0,73.96000000000001,PAR,RED,7.0,5.0,4.0,3.0,-2.0,-2.0,-3.0,-3.0,3.0,2.0,1.0,X5,E2022+E2023+E2024,8.0,12.953352677771154,15.0,19.953352677771154
E2025,347,2026-04-02 18:00:00+00:00,35,Regular Season,40.0,78.97999999999999,DUB,MCO,10.0,6.0,-2.0,-1.0,2.0,-4.0,-7.0,-3.0,2.0,-2.0,4.0,X5,E2022+E2023+E2024,7.0,12.935993033462548,17.0,22.935993033462548
E2025,344,2026-04-02 18:45:00+00:00,35,Regular Season,40.0,80.75999999999999,PRS,MIL,10.0,-7.0,-3.0,3.0,1.0,-1.0,-8.0,2.0,-1.0,-1.0,1.0,X5,E2022+E2023+E2024,0.0,2.7163446656571075,10.0,12.716344665657108
E2025,341,2026-04-02 19:00:00+00:00,35,Regular Season,40.0,72.84,TEL,IST,14.0,5.0,0.0,-3.0,-5.0,0.0,2.0,-5.0,0.0,5.0,-1.0,X5,E2022+E2023+E2024,-4.0,0.3827682443751099,10.0,14.38276824437511
E2025,349,2026-04-03 18:00:00+00:00,35,Regular Season,40.0,72.3,OLY,ASV,8.0,17.0,2.0,-7.0,-1.0,12.0,-11.0,6.0,6.0,1.0,-13.0,X5,E2022+E2023+E2024,34.0,26.073615335552937,42.0,34.07361533555294
E2025,346,2026-04-03 18:30:00+00:00,35,Regular Season,40.0,71.64,BAS,MAD,2.0,-2.0,-9.0,-7.0,-4.0,4.0,0.0,1.0,2.0,4.0,-4.0,X5,E2022+E2023+E2024,-21.0,-23.09719723061124,-19.0,-21.09719723061124
E2025,350,2026-04-03 18:30:00+00:00,35,Regular Season,40.0,72.64,PAM,VIR,13.0,-6.0,11.0,-1.0,0.0,-1.0,-3.0,3.0,-2.0,0.0,1.0,X5,E2022+E2023+E2024,4.0,-0.22111571484872272,17.0,12.778884285151277
E2025,354,2026-04-07 16:00:00+00:00,36,Regular Season,40.0,77.08,HTA,ULK,15.0,-9.0,3.0,2.0,-2.0,10.0,-11.0,3.0,-8.0,2.0,-10.0,X5,E2022+E2023+E2024,28.0,23.92819099844626,43.0,38.92819099844626
E2025,358,2026-04-07 17:00:00+00:00,36,Regular Season,40.0,68.1,DUB,ZAL,12.0,5.0,-1.0,1.0,2.0,0.0,-4.0,2.0,0.0,-2.0,0.0,X5,E2022+E2023+E2024,11.0,13.355144425512265,23.0,25.355144425512265
E2025,352,2026-04-07 18:00:00+00:00,36,Regular Season,40.0,80.56,RED,PRS,13.0,6.0,15.0,7.0,-2.0,-2.0,3.0,0.0,-5.0,2.0,2.0,X5,E2022+E2023+E2024,22.0,28.12633681465218,35.0,41.12633681465218
E2025,355,2026-04-07 18:15:00+00:00,36,Regular Season,40.0,75.74000000000001,OLY,MAD,14.0,-12.0,8.0,6.0,2.0,3.0,-14.0,0.0,-7.0,-2.0,-2.0,X5,E2022+E2023+E2024,32.0,30.63124258311489,46.0,44.63124258311489
E2025,353,2026-04-07 18:30:00+00:00,36,Regular Season,40.0,68.52000000000001,PAN,BAR,14.0,12.0,0.0,-3.0,0.0,-1.0,-13.0,1.0,5.0,0.0,1.0,X5,E2022+E2023+E2024,14.0,20.0979996307198,28.0,34.0979996307198
E2025,356,2026-04-07 18:30:00+00:00,36,Regular Season,40.0,74.92,PAM,MIL,6.0,11.0,5.0,1.0,0.0,6.0,4.0,2.0,-1.0,0.0,-6.0,X5,E2022+E2023+E2024,24.0,20.757155613373854,30.0,26.757155613373854
E2025,357,2026-04-07 18:30:00+00:00,36,Regular Season,40.0,74.32,MUN,VIR,5.0,-7.0,10.0,-4.0,1.0,-5.0,-6.0,0.0,-3.0,-1.0,5.0,X5,E2022+E2023+E2024,0.0,-1.3900794147741586,5.0,3.6099205852258414
E2025,351,2026-04-07 19:00:00+00:00,36,Regular Season,40.0,84.78,BAS,TEL,3.0,2.0,10.0,-3.0,0.0,-1.0,-6.0,-2.0,2.0,0.0,2.0,X5,E2022+E2023+E2024,12.0,9.884090769215288,15.0,12.884090769215288
E2025,359,2026-04-08 17:30:00+00:00,36,Regular Season,45.0,75.56,IST,PAR,7.0,5.0,4.0,1.0,0.0,8.0,-2.0,3.0,-2.0,0.0,-8.0,X5,E2022+E2023+E2024,27.0,22.02975057279277,34.0,29.02975057279277
E2025,360,2026-04-08 17:30:00+00:00,36,Regular Season,40.0,73.84,MCO,ASV,5.0,13.0,9.0,2.0,4.0,9.0,-14.0,8.0,1.0,-4.0,-9.0,X5,E2022+E2023+E2024,55.0,49.441846512753706,60.0,54.441846512753706
E2025,363,2026-04-09 16:30:00+00:00,37,Regular Season,40.0,74.12,OLY,HTA,4.0,8.0,3.0,-1.0,4.0,2.0,3.0,1.0,5.0,-4.0,-2.0,X5,E2022+E2023+E2024,13.0,5.329105506035691,17.0,9.329105506035692
E2025,362,2026-04-09 17:45:00+00:00,37,Regular Season,40.0,68.44,MAD,ULK,5.0,2.0,4.0,-1.0,-1.0,-1.0,-10.0,-2.0,5.0,1.0,2.0,X5,E2022+E2023+E2024,7.0,8.812545747983767,12.0,13.812545747983767
E2025,361,2026-04-09 18:30:00+00:00,37,Regular Season,40.0,72.86,MUN,MIL,10.0,-4.0,3.0,1.0,1.0,2.0,-3.0,2.0,-2.0,-1.0,-2.0,X5,E2022+E2023+E2024,9.0,5.7415986121293585,19.0,15.741598612129359
E2025,365,2026-04-09 18:45:00+00:00,37,Regular Season,40.0,72.92,PAM,PAN,18.0,13.0,9.0,-1.0,0.0,-1.0,-1.0,0.0,3.0,0.0,1.0,X5,E2022+E2023+E2024,17.0,18.412063122655127,35.0,36.41206312265513
E2025,364,2026-04-09 19:00:00+00:00,37,Regular Season,40.0,81.82,PRS,TEL,33.0,-8.0,7.0,1.0,1.0,2.0,-18.0,-1.0,-8.0,-1.0,-2.0,X5,E2022+E2023+E2024,33.0,34.45342085526161,66.0,67.45342085526161
E2025,366,2026-04-10 17:30:00+00:00,37,Regular Season,40.0,71.52000000000001,MCO,BAR,7.0,0.0,-2.0,-1.0,4.0,4.0,-6.0,1.0,-3.0,-4.0,-4.0,X5,E2022+E2023+E2024,21.0,16.90817144456163,28.0,23.90817144456163
E2025,367,2026-04-10 18:00:00+00:00,37,Regular Season,40.0,69.76,IST,DUB,16.0,1.0,9.0,-1.0,8.0,-1.0,-16.0,-4.0,4.0,-8.0,-1.0,X5,E2022+E2023+E2024,41.0,32.64788731204308,57.0,48.64788731204308
E2025,369,2026-04-10 18:30:00+00:00,37,Regular Season,40.0,66.32,ZAL,PAR,9.0,1.0,8.0,0.0,2.0,2.0,-8.0,1.0,3.0,-2.0,-2.0,X5,E2022+E2023+E2024,21.0,15.45795891619909,30.0,24.45795891619909
E2025,370,2026-04-10 18:30:00+00:00,37,Regular Season,40.0,76.18,BAS,VIR,10.0,-7.0,3.0,3.0,-2.0,-3.0,-8.0,0.0,-2.0,2.0,2.0,X5,E2022+E2023+E2024,0.0,5.39344325789267,10.0,15.39344325789267
E2025,368,2026-04-10 18:45:00+00:00,37,Regular Season,40.0,72.4,RED,ASV,13.0,7.0,0.0,-1.0,-2.0,1.0,-3.0,-1.0,0.0,2.0,-2.0,X5,E2022+E2023+E2024,9.0,12.9443988166037,22.0,25.9443988166037
E2025,293,2026-04-12 19:15:00+00:00,30,Regular Season,40.0,77.02,HTA,TEL,11.0,-4.0,6.0,-2.0,2.0,-2.0,-7.0,-2.0,0.0,-2.0,2.0,X5,E2022+E2023+E2024,9.0,6.22193182624555,20.0,17.22193182624555
E2025,371,2026-04-16 18:00:00+00:00,38,Regular Season,40.0,76.3,ULK,ASV,5.0,4.0,-2.0,1.0,0.0,1.0,-7.0,3.0,2.0,0.0,-1.0,X5,E2022+E2023+E2024,7.0,10.174112948845519,12.0,15.174112948845519
E2025,372,2026-04-16 18:05:00+00:00,38,Regular Season,40.0,78.18,VIR,TEL,4.0,0.0,-3.0,5.0,2.0,-2.0,-7.0,0.0,1.0,-2.0,2.0,X5,E2022+E2023+E2024,8.0,13.361407594330501,12.0,17.3614075943305
E2025,375,2026-04-16 18:15:00+00:00,38,Regular Season,40.0,74.84,OLY,MIL,9.0,5.0,2.0,2.0,-3.0,5.0,-2.0,-2.0,-3.0,3.0,-6.0,X5,E2022+E2023+E2024,21.0,23.19031977610726,30.0,32.19031977610726
E2025,373,2026-04-16 18:30:00+00:00,38,Regular Season,40.0,75.02000000000001,PAR,BAS,12.0,9.0,-3.0,-7.0,2.0,1.0,-5.0,4.0,0.0,-2.0,-1.0,X5,E2022+E2023+E2024,6.0,6.105935175983115,18.0,18.105935175983113
E2025,374,2026-04-16 18:45:00+00:00,38,Regular Season,40.0,77.30000000000001,MAD,RED,21.0,-8.0,2.0,9.0,0.0,7.0,-17.0,0.0,-6.0,0.0,-7.0,X5,E2022+E2023+E2024,40.0,42.106511914077394,61.0,63.106511914077394
E2025,380,2026-04-17 17:00:00+00:00,38,Regular Season,40.0,73.94,ZAL,PRS,6.0,4.0,-2.0,1.0,4.0,1.0,0.0,0.0,0.0,-4.0,-1.0,X5,E2022+E2023+E2024,13.0,11.084980202711776,19.0,17.084980202711776
E2025,377,2026-04-17 17:30:00+00:00,38,Regular Season,40.0,74.1,MCO,HTA,20.0,-6.0,10.0,3.0,5.0,-4.0,-15.0,-6.0,0.0,-5.0,5.0,X5,E2022+E2023+E2024,29.0,28.436832348802653,49.0,48.43683234880265
E2025,378,2026-04-17 18:00:00+00:00,38,Regular Season,40.0,82.96000000000001,PAM,DUB,10.0,-3.0,-3.0,8.0,3.0,2.0,12.0,3.0,-11.0,-3.0,-2.0,X5,E2022+E2023+E2024,8.0,9.045204965537167,18.0,19.045204965537167
E2025,376,2026-04-17 18:15:00+00:00,38,Regular Season,40.0,70.82,PAN,IST,35.0,4.0,14.0,4.0,-1.0,-2.0,-9.0,-1.0,-9.0,1.0,1.0,X5,E2022+E2023+E2024,36.0,44.57607847856353,71.0,79.57607847856353
E2025,379,2026-04-17 18:30:00+00:00,38,Regular Season,40.0,67.0,BAR,MUN,26.0,12.0,7.0,4.0,2.0,8.0,-9.0,5.0,1.0,-2.0,-8.0,X5,E2022+E2023+E2024,46.0,43.120225479162826,72.0,69.12022547916283
E2025,381,2026-04-21 18:00:00+00:00,39,Play-In,40.0,68.19999999999999,PAN,MCO,8.0,7.0,0.0,6.0,0.0,-2.0,7.0,1.0,-6.0,0.0,2.0,X5,E2022+E2023+E2024,7.0,15.98971290315195,15.0,23.98971290315195
E2025,382,2026-04-21 18:45:00+00:00,39,Play-In,40.0,67.47999999999999,BAR,RED,8.0,4.0,7.0,4.0,2.0,0.0,1.0,3.0,-4.0,-2.0,0.0,X5,E2022+E2023+E2024,19.0,19.98331999831616,27.0,27.98331999831616
E2025,383,2026-04-24 17:30:00+00:00,40,Play-In,40.0,69.46000000000001,MCO,BAR,9.0,-1.0,7.0,-1.0,0.0,-1.0,-3.0,-2.0,-2.0,0.0,1.0,X5,E2022+E2023+E2024,10.0,9.41749318319043,19.0,18.41749318319043
E2025,385,2026-04-28 17:45:00+00:00,41,Playoffs,40.0,68.91999999999999,ULK,ZAL,11.0,-1.0,-2.0,3.0,2.0,-3.0,1.0,-6.0,-4.0,-2.0,3.0,X5,E2022+E2023+E2024,7.0,11.610850610358593,18.0,22.610850610358593
E2025,384,2026-04-28 18:00:00+00:00,41,Playoffs,40.0,78.03999999999999,OLY,MCO,21.0,5.0,1.0,-2.0,4.0,2.0,-15.0,5.0,0.0,-4.0,-2.0,X5,E2022+E2023+E2024,26.0,25.663264497805173,47.0,46.66326449780517
E2025,387,2026-04-28 18:45:00+00:00,41,Playoffs,40.0,67.44,PAN,PAM,1.0,-6.0,-7.0,1.0,-2.0,0.0,-7.0,4.0,-1.0,2.0,0.0,X5,E2022+E2023+E2024,-12.0,-6.718813687798587,-11.0,-5.718813687798587
E2025,386,2026-04-29 18:45:00+00:00,41,Playoffs,40.0,72.47999999999999,MAD,HTA,4.0,5.0,8.0,7.0,0.0,-4.0,11.0,-1.0,-6.0,0.0,4.0,X5,E2022+E2023+E2024,8.0,14.313182561772557,12.0,18.313182561772557
E2025,389,2026-04-30 17:45:00+00:00,42,Playoffs,40.0,66.16,ULK,ZAL,12.0,13.0,1.0,-6.0,-2.0,0.0,8.0,-4.0,2.0,2.0,0.0,X5,E2022+E2023+E2024,-2.0,-1.4856324108211079,10.0,10.514367589178892
E2025,388,2026-04-30 18:00:00+00:00,42,Playoffs,40.0,75.62,OLY,MCO,30.0,14.0,6.0,3.0,0.0,-4.0,-5.0,2.0,-1.0,0.0,1.0,X5,E2022+E2023+E2024,22.0,31.87315943581695,52.0,61.87315943581695
E2025,391,2026-04-30 18:45:00+00:00,42,Playoffs,45.0,81.86,PAN,PAM,2.0,-4.0,-7.0,2.0,-1.0,-3.0,-1.0,-10.0,1.0,1.0,2.0,X5,E2022+E2023+E2024,-6.0,-0.8948837948619226,-4.0,1.1051162051380774
E2025,390,2026-05-01 18:45:00+00:00,42,Playoffs,40.0,75.53999999999999,MAD,HTA,27.0,9.0,9.0,2.0,2.0,-5.0,-3.0,-2.0,-5.0,-2.0,3.0,X5,E2022+E2023+E2024,26.0,33.06923154709782,53.0,60.06923154709782
E2025,394,2026-05-05 16:00:00+00:00,43,Playoffs,40.0,76.08,HTA,MAD,7.0,11.0,-10.0,-2.0,-2.0,6.0,-5.0,-2.0,0.0,2.0,-6.0,X5,E2022+E2023+E2024,14.0,19.139546455136696,21.0,26.139546455136696
E2025,392,2026-05-05 17:45:00+00:00,43,Playoffs,40.0,75.19999999999999,OLY,MCO,23.0,12.0,13.0,0.0,1.0,1.0,-4.0,-2.0,-2.0,-1.0,0.0,X5,E2022+E2023+E2024,36.0,37.138036844844066,59.0,60.138036844844066
E2025,393,2026-05-06 17:00:00+00:00,43,Playoffs,40.0,70.76,ZAL,ULK,3.0,5.0,3.0,4.0,-2.0,5.0,3.0,2.0,-2.0,2.0,-5.0,X5,E2022+E2023+E2024,15.0,15.23729786207446,18.0,18.23729786207446
E2025,395,2026-05-06 18:15:00+00:00,43,Playoffs,40.0,75.38,PAM,PAN,4.0,8.0,1.0,4.0,-3.0,3.0,1.0,5.0,-2.0,3.0,-3.0,X5,E2022+E2023+E2024,9.0,14.864262338990107,13.0,18.86426233899011
E2025,398,2026-05-07 18:00:00+00:00,44,Playoffs,40.0,74.26,MAD,HTA,6.0,12.0,1.0,-7.0,0.0,-1.0,-11.0,-2.0,10.0,0.0,1.0,X5,E2022+E2023+E2024,7.0,7.388906305022573,13.0,13.388906305022573
E2025,397,2026-05-08 17:00:00+00:00,44,Playoffs,45.0,77.58,ULK,ZAL,4.0,9.0,-3.0,-2.0,4.0,-1.0,-14.0,1.0,5.0,-4.0,0.0,X5,E2022+E2023+E2024,19.0,21.351860962311,23.0,25.351860962311
E2025,399,2026-05-08 18:15:00+00:00,44,Playoffs,40.0,72.92,PAM,PAN,3.0,-2.0,-1.0,-1.0,4.0,6.0,-10.0,2.0,3.0,-4.0,-6.0,X5,E2022+E2023+E2024,21.0,11.800986871124106,24.0,14.800986871124106
E2025,403,2026-05-13 19:00:00+00:00,45,Playoffs,40.0,72.64,PAM,PAN,17.0,8.0,3.0,3.0,6.0,3.0,-4.0,5.0,-3.0,-6.0,-3.0,X5,E2022+E2023+E2024,34.0,31.907475583520437,51.0,48.90747558352044
E2025,404,2026-05-22 15:00:00+00:00,46,Final Four,40.0,69.69999999999999,OLY,ULK,18.0,9.0,2.0,-2.0,-3.0,2.0,-10.0,4.0,0.0,3.0,-2.0,X5,E2022+E2023+E2024,13.0,19.27512839059323,31.0,37.27512839059323
E2025,405,2026-05-22 18:00:00+00:00,46,Final Four,40.0,77.47999999999999,MAD,PAM,15.0,17.0,0.0,-2.0,-3.0,3.0,6.0,1.0,0.0,3.0,-3.0,X5,E2022+E2023+E2024,8.0,12.401351797375318,23.0,27.40135179737532
E2025,406,2026-05-24 18:00:00+00:00,47,Final Four,40.0,74.4,OLY,MAD,7.0,16.0,-2.0,-8.0,-2.0,4.0,-6.0,-1.0,8.0,2.0,-4.0,X5,E2022+E2023+E2024,9.0,8.269082928945753,16.0,15.269082928945753
