Analysis,SelectionProtocol,Tau,Alpha,TrainingGames,ValidationGames,CutoffDate,SplitFraction,ValidationWinnerHigher,ValidationTies,ValidationLoserHigher,ValidationSoftLoss,Objective,Converged,Iterations,Fallback,Message,BoundaryCount,Selected,BoundaryCountAcrossFolds,Folds
"Raw bounds [0.25,1.75]",Chronological 70/30,1.0,0.001,701.0,288,2024-10-25,0.7,250,0.0,38.0,0.46983232478198494,0.5788598365937513,True,17.0,False,CONVERGENCE: RELATIVE REDUCTION OF F <= FACTR*EPSMCH,3.0,False,,
"Raw bounds [0.25,1.75]",Chronological 70/30,1.0,0.003,701.0,288,2024-10-25,0.7,250,0.0,38.0,0.46980394270919607,0.5792043264853527,True,17.0,False,CONVERGENCE: RELATIVE REDUCTION OF F <= FACTR*EPSMCH,3.0,False,,
"Raw bounds [0.25,1.75]",Chronological 70/30,1.0,0.01,701.0,288,2024-10-25,0.7,250,0.0,38.0,0.4697070543948626,0.5804067236678817,True,17.0,False,CONVERGENCE: RELATIVE REDUCTION OF F <= FACTR*EPSMCH,3.0,False,,
"Raw bounds [0.25,1.75]",Chronological 70/30,1.0,0.03,701.0,288,2024-10-25,0.7,250,0.0,38.0,0.46945047169674886,0.5838149132623491,True,16.0,False,CONVERGENCE: RELATIVE REDUCTION OF F <= FACTR*EPSMCH,3.0,False,,
"Raw bounds [0.25,1.75]",Chronological 70/30,1.0,0.1,701.0,288,2024-10-25,0.7,250,0.0,38.0,0.4687492420365783,0.59546474117664,True,16.0,False,CONVERGENCE: RELATIVE REDUCTION OF F <= FACTR*EPSMCH,3.0,False,,
"Raw bounds [0.25,1.75]",Chronological 70/30,1.0,0.3,701.0,288,2024-10-25,0.7,248,0.0,40.0,0.4678909092213185,0.6270037800975803,True,16.0,False,CONVERGENCE: RELATIVE REDUCTION OF F <= FACTR*EPSMCH,3.0,False,,
"Raw bounds [0.25,1.75]",Chronological 70/30,1.0,1.0,701.0,288,2024-10-25,0.7,247,0.0,41.0,0.4700124957081151,0.727423607498084,True,13.0,False,CONVERGENCE: RELATIVE REDUCTION OF F <= FACTR*EPSMCH,3.0,False,,
"Raw bounds [0.25,1.75]",Chronological 70/30,1.0,3.0,701.0,288,2024-10-25,0.7,243,0.0,45.0,0.6055681497312557,0.9395994613723635,True,12.0,False,CONVERGENCE: RELATIVE REDUCTION OF F <= FACTR*EPSMCH,0.0,False,,
"Raw bounds [0.25,1.75]",Chronological 70/30,1.0,10.0,701.0,288,2024-10-25,0.7,243,0.0,45.0,0.8607578834456792,1.1072607919916044,True,9.0,False,CONVERGENCE: RELATIVE REDUCTION OF F <= FACTR*EPSMCH,0.0,False,,
"Raw bounds [0.25,1.75]",Chronological 70/30,2.0,0.001,701.0,288,2024-10-25,0.7,252,0.0,36.0,0.3080277833795671,0.35246707869306376,True,17.0,False,CONVERGENCE: NORM OF PROJECTED GRADIENT <= PGTOL,4.0,False,,
"Raw bounds [0.25,1.75]",Chronological 70/30,2.0,0.003,701.0,288,2024-10-25,0.7,252,0.0,36.0,0.3079827387020047,0.3527993402153674,True,17.0,False,CONVERGENCE: NORM OF PROJECTED GRADIENT <= PGTOL,4.0,False,,
"Raw bounds [0.25,1.75]",Chronological 70/30,2.0,0.01,701.0,288,2024-10-25,0.7,252,0.0,36.0,0.3078294904239618,0.3539601792712034,True,17.0,False,CONVERGENCE: NORM OF PROJECTED GRADIENT <= PGTOL,4.0,False,,
"Raw bounds [0.25,1.75]",Chronological 70/30,2.0,0.03,701.0,288,2024-10-25,0.7,252,0.0,36.0,0.3074263704849821,0.35726016039484143,True,16.0,False,CONVERGENCE: RELATIVE REDUCTION OF F <= FACTR*EPSMCH,4.0,False,,
"Raw bounds [0.25,1.75]",Chronological 70/30,2.0,0.1,701.0,288,2024-10-25,0.7,253,0.0,35.0,0.30632732420049336,0.3686503775985924,True,16.0,False,CONVERGENCE: NORM OF PROJECTED GRADIENT <= PGTOL,4.0,False,,
"Raw bounds [0.25,1.75]",Chronological 70/30,2.0,0.3,701.0,288,2024-10-25,0.7,251,0.0,37.0,0.3066888055397324,0.39968539371244094,True,15.0,False,CONVERGENCE: RELATIVE REDUCTION OF F <= FACTR*EPSMCH,3.0,False,,
"Raw bounds [0.25,1.75]",Chronological 70/30,2.0,1.0,701.0,288,2024-10-25,0.7,248,0.0,40.0,0.32967346099013534,0.48919326144581265,True,13.0,False,CONVERGENCE: RELATIVE REDUCTION OF F <= FACTR*EPSMCH,1.0,False,,
"Raw bounds [0.25,1.75]",Chronological 70/30,2.0,3.0,701.0,288,2024-10-25,0.7,242,0.0,46.0,0.44378374555592326,0.5818072773413163,True,10.0,False,CONVERGENCE: RELATIVE REDUCTION OF F <= FACTR*EPSMCH,0.0,False,,
"Raw bounds [0.25,1.75]",Chronological 70/30,2.0,10.0,701.0,288,2024-10-25,0.7,241,0.0,47.0,0.5272639749761269,0.6329061059104687,True,9.0,False,CONVERGENCE: NORM OF PROJECTED GRADIENT <= PGTOL,0.0,False,,
"Raw bounds [0.25,1.75]",Chronological 70/30,3.0,0.001,701.0,288,2024-10-25,0.7,253,0.0,35.0,0.2745778000459701,0.29975287320848254,True,15.0,False,CONVERGENCE: NORM OF PROJECTED GRADIENT <= PGTOL,4.0,False,,
"Raw bounds [0.25,1.75]",Chronological 70/30,3.0,0.003,701.0,288,2024-10-25,0.7,253,0.0,35.0,0.27454796051744396,0.3000663240511,True,14.0,False,CONVERGENCE: RELATIVE REDUCTION OF F <= FACTR*EPSMCH,4.0,False,,
"Raw bounds [0.25,1.75]",Chronological 70/30,3.0,0.01,701.0,288,2024-10-25,0.7,253,0.0,35.0,0.2744462383361135,0.30116277369683914,True,14.0,False,CONVERGENCE: RELATIVE REDUCTION OF F <= FACTR*EPSMCH,4.0,False,,
"Raw bounds [0.25,1.75]",Chronological 70/30,3.0,0.03,701.0,288,2024-10-25,0.7,252,0.0,36.0,0.27417671326784665,0.30429049393737445,True,14.0,False,CONVERGENCE: RELATIVE REDUCTION OF F <= FACTR*EPSMCH,4.0,False,,
"Raw bounds [0.25,1.75]",Chronological 70/30,3.0,0.1,701.0,288,2024-10-25,0.7,250,0.0,38.0,0.27341666539169374,0.31519074857491336,True,15.0,False,CONVERGENCE: RELATIVE REDUCTION OF F <= FACTR*EPSMCH,4.0,False,,
"Raw bounds [0.25,1.75]",Chronological 70/30,3.0,0.3,701.0,288,2024-10-25,0.7,250,0.0,38.0,0.27274848069191704,0.34601813144306887,True,14.0,False,CONVERGENCE: RELATIVE REDUCTION OF F <= FACTR*EPSMCH,2.0,False,,
"Raw bounds [0.25,1.75]",Chronological 70/30,3.0,1.0,701.0,288,2024-10-25,0.7,247,0.0,41.0,0.31575930610832176,0.4142916496297488,True,11.0,False,CONVERGENCE: RELATIVE REDUCTION OF F <= FACTR*EPSMCH,0.0,False,,
"Raw bounds [0.25,1.75]",Chronological 70/30,3.0,3.0,701.0,288,2024-10-25,0.7,243,0.0,45.0,0.37798261123737553,0.4614740245863857,True,10.0,False,CONVERGENCE: RELATIVE REDUCTION OF F <= FACTR*EPSMCH,0.0,False,,
"Raw bounds [0.25,1.75]",Chronological 70/30,3.0,10.0,701.0,288,2024-10-25,0.7,240,0.0,48.0,0.4182431531555877,0.4859093544957589,True,8.0,False,CONVERGENCE: RELATIVE REDUCTION OF F <= FACTR*EPSMCH,0.0,False,,
"Raw bounds [0.25,1.75]",Chronological 70/30,5.0,0.001,701.0,288,2024-10-25,0.7,255,0.0,33.0,0.2721602143050968,0.2865339904621429,True,14.0,False,CONVERGENCE: RELATIVE REDUCTION OF F <= FACTR*EPSMCH,3.0,False,,
"Raw bounds [0.25,1.75]",Chronological 70/30,5.0,0.003,701.0,288,2024-10-25,0.7,255,0.0,33.0,0.27215778184445205,0.2869210497924158,True,14.0,False,CONVERGENCE: RELATIVE REDUCTION OF F <= FACTR*EPSMCH,3.0,False,,
"Raw bounds [0.25,1.75]",Chronological 70/30,5.0,0.01,701.0,288,2024-10-25,0.7,255,0.0,33.0,0.2721494635233326,0.28825398583719525,True,14.0,False,CONVERGENCE: RELATIVE REDUCTION OF F <= FACTR*EPSMCH,3.0,True,,
"Raw bounds [0.25,1.75]",Chronological 70/30,5.0,0.03,701.0,288,2024-10-25,0.7,254,0.0,34.0,0.2721163801017754,0.2919111358586597,True,14.0,False,CONVERGENCE: RELATIVE REDUCTION OF F <= FACTR*EPSMCH,3.0,False,,
"Raw bounds [0.25,1.75]",Chronological 70/30,5.0,0.1,701.0,288,2024-10-25,0.7,250,0.0,38.0,0.27185524392722626,0.3036628921498541,True,12.0,False,CONVERGENCE: NORM OF PROJECTED GRADIENT <= PGTOL,3.0,False,,
"Raw bounds [0.25,1.75]",Chronological 70/30,5.0,0.3,701.0,288,2024-10-25,0.7,248,0.0,40.0,0.2773867629295546,0.3315370815049444,True,14.0,False,CONVERGENCE: RELATIVE REDUCTION OF F <= FACTR*EPSMCH,1.0,False,,
"Raw bounds [0.25,1.75]",Chronological 70/30,5.0,1.0,701.0,288,2024-10-25,0.7,246,0.0,42.0,0.31329716484910075,0.36817437062028213,True,11.0,False,CONVERGENCE: RELATIVE REDUCTION OF F <= FACTR*EPSMCH,0.0,False,,
"Raw bounds [0.25,1.75]",Chronological 70/30,5.0,3.0,701.0,288,2024-10-25,0.7,242,0.0,46.0,0.34001352823791386,0.3874277707869661,True,10.0,False,CONVERGENCE: NORM OF PROJECTED GRADIENT <= PGTOL,0.0,False,,
"Raw bounds [0.25,1.75]",Chronological 70/30,5.0,10.0,701.0,288,2024-10-25,0.7,240,0.0,48.0,0.3548299699818076,0.39652679852771505,True,8.0,False,CONVERGENCE: NORM OF PROJECTED GRADIENT <= PGTOL,0.0,False,,
"Raw bounds [0.25,1.75]",Chronological 70/30,10.0,0.001,701.0,288,2024-10-25,0.7,249,0.0,39.0,0.318813312437915,0.3298555086849733,True,10.0,False,CONVERGENCE: NORM OF PROJECTED GRADIENT <= PGTOL,6.0,False,,
"Raw bounds [0.25,1.75]",Chronological 70/30,10.0,0.003,701.0,288,2024-10-25,0.7,249,0.0,39.0,0.318802061518999,0.33025784370752376,True,10.0,False,CONVERGENCE: NORM OF PROJECTED GRADIENT <= PGTOL,6.0,False,,
"Raw bounds [0.25,1.75]",Chronological 70/30,10.0,0.01,701.0,288,2024-10-25,0.7,249,0.0,39.0,0.3187681147922412,0.3316652449549926,True,10.0,False,CONVERGENCE: NORM OF PROJECTED GRADIENT <= PGTOL,6.0,False,,
"Raw bounds [0.25,1.75]",Chronological 70/30,10.0,0.03,701.0,288,2024-10-25,0.7,248,0.0,40.0,0.31856737498000554,0.3356762780038773,True,9.0,False,CONVERGENCE: NORM OF PROJECTED GRADIENT <= PGTOL,5.0,False,,
"Raw bounds [0.25,1.75]",Chronological 70/30,10.0,0.1,701.0,288,2024-10-25,0.7,246,0.0,42.0,0.3195116970405935,0.3475500829902906,True,12.0,False,CONVERGENCE: NORM OF PROJECTED GRADIENT <= PGTOL,2.0,False,,
"Raw bounds [0.25,1.75]",Chronological 70/30,10.0,0.3,701.0,288,2024-10-25,0.7,244,0.0,44.0,0.33051716739447456,0.36740000679521934,True,11.0,False,CONVERGENCE: RELATIVE REDUCTION OF F <= FACTR*EPSMCH,1.0,False,,
"Raw bounds [0.25,1.75]",Chronological 70/30,10.0,1.0,701.0,288,2024-10-25,0.7,243,0.0,45.0,0.355290340886462,0.3860657142442012,True,9.0,False,CONVERGENCE: RELATIVE REDUCTION OF F <= FACTR*EPSMCH,0.0,False,,
"Raw bounds [0.25,1.75]",Chronological 70/30,10.0,3.0,701.0,288,2024-10-25,0.7,240,0.0,48.0,0.3668512909007111,0.3937676023408826,True,8.0,False,CONVERGENCE: RELATIVE REDUCTION OF F <= FACTR*EPSMCH,0.0,False,,
"Raw bounds [0.25,1.75]",Chronological 70/30,10.0,10.0,701.0,288,2024-10-25,0.7,240,0.0,48.0,0.37193477436469385,0.39694839286613137,True,7.0,False,CONVERGENCE: RELATIVE REDUCTION OF F <= FACTR*EPSMCH,0.0,False,,
"Raw bounds [0.5,2.0]",Chronological 70/30,1.0,0.001,701.0,288,2024-10-25,0.7,250,0.0,38.0,0.46983232478198494,0.5788598365937513,True,17.0,False,CONVERGENCE: RELATIVE REDUCTION OF F <= FACTR*EPSMCH,3.0,False,,
"Raw bounds [0.5,2.0]",Chronological 70/30,1.0,0.003,701.0,288,2024-10-25,0.7,250,0.0,38.0,0.46980394270919607,0.5792043264853527,True,17.0,False,CONVERGENCE: RELATIVE REDUCTION OF F <= FACTR*EPSMCH,3.0,False,,
"Raw bounds [0.5,2.0]",Chronological 70/30,1.0,0.01,701.0,288,2024-10-25,0.7,250,0.0,38.0,0.4697070543948626,0.5804067236678817,True,17.0,False,CONVERGENCE: RELATIVE REDUCTION OF F <= FACTR*EPSMCH,3.0,False,,
"Raw bounds [0.5,2.0]",Chronological 70/30,1.0,0.03,701.0,288,2024-10-25,0.7,250,0.0,38.0,0.46945047169674886,0.5838149132623491,True,16.0,False,CONVERGENCE: RELATIVE REDUCTION OF F <= FACTR*EPSMCH,3.0,False,,
"Raw bounds [0.5,2.0]",Chronological 70/30,1.0,0.1,701.0,288,2024-10-25,0.7,250,0.0,38.0,0.4687492420365783,0.59546474117664,True,16.0,False,CONVERGENCE: RELATIVE REDUCTION OF F <= FACTR*EPSMCH,3.0,False,,
"Raw bounds [0.5,2.0]",Chronological 70/30,1.0,0.3,701.0,288,2024-10-25,0.7,248,0.0,40.0,0.4678909092213185,0.6270037800975803,True,16.0,False,CONVERGENCE: RELATIVE REDUCTION OF F <= FACTR*EPSMCH,3.0,False,,
"Raw bounds [0.5,2.0]",Chronological 70/30,1.0,1.0,701.0,288,2024-10-25,0.7,247,0.0,41.0,0.4700124957081151,0.727423607498084,True,13.0,False,CONVERGENCE: RELATIVE REDUCTION OF F <= FACTR*EPSMCH,3.0,False,,
"Raw bounds [0.5,2.0]",Chronological 70/30,1.0,3.0,701.0,288,2024-10-25,0.7,243,0.0,45.0,0.6055681497312557,0.9395994613723635,True,12.0,False,CONVERGENCE: RELATIVE REDUCTION OF F <= FACTR*EPSMCH,0.0,False,,
"Raw bounds [0.5,2.0]",Chronological 70/30,1.0,10.0,701.0,288,2024-10-25,0.7,243,0.0,45.0,0.8607578834456792,1.1072607919916044,True,9.0,False,CONVERGENCE: RELATIVE REDUCTION OF F <= FACTR*EPSMCH,0.0,False,,
"Raw bounds [0.5,2.0]",Chronological 70/30,2.0,0.001,701.0,288,2024-10-25,0.7,252,0.0,36.0,0.3080277833795671,0.35246707869306376,True,17.0,False,CONVERGENCE: NORM OF PROJECTED GRADIENT <= PGTOL,4.0,False,,
"Raw bounds [0.5,2.0]",Chronological 70/30,2.0,0.003,701.0,288,2024-10-25,0.7,252,0.0,36.0,0.3079827387020047,0.3527993402153674,True,17.0,False,CONVERGENCE: NORM OF PROJECTED GRADIENT <= PGTOL,4.0,False,,
"Raw bounds [0.5,2.0]",Chronological 70/30,2.0,0.01,701.0,288,2024-10-25,0.7,252,0.0,36.0,0.3078294904239618,0.3539601792712034,True,17.0,False,CONVERGENCE: NORM OF PROJECTED GRADIENT <= PGTOL,4.0,False,,
"Raw bounds [0.5,2.0]",Chronological 70/30,2.0,0.03,701.0,288,2024-10-25,0.7,252,0.0,36.0,0.3074263704849821,0.35726016039484143,True,16.0,False,CONVERGENCE: RELATIVE REDUCTION OF F <= FACTR*EPSMCH,4.0,False,,
"Raw bounds [0.5,2.0]",Chronological 70/30,2.0,0.1,701.0,288,2024-10-25,0.7,253,0.0,35.0,0.30632732420049336,0.3686503775985924,True,16.0,False,CONVERGENCE: NORM OF PROJECTED GRADIENT <= PGTOL,4.0,False,,
"Raw bounds [0.5,2.0]",Chronological 70/30,2.0,0.3,701.0,288,2024-10-25,0.7,251,0.0,37.0,0.3066888055397324,0.39968539371244094,True,15.0,False,CONVERGENCE: RELATIVE REDUCTION OF F <= FACTR*EPSMCH,3.0,False,,
"Raw bounds [0.5,2.0]",Chronological 70/30,2.0,1.0,701.0,288,2024-10-25,0.7,248,0.0,40.0,0.32967346099013534,0.48919326144581265,True,13.0,False,CONVERGENCE: RELATIVE REDUCTION OF F <= FACTR*EPSMCH,1.0,False,,
"Raw bounds [0.5,2.0]",Chronological 70/30,2.0,3.0,701.0,288,2024-10-25,0.7,242,0.0,46.0,0.44378374555592326,0.5818072773413163,True,10.0,False,CONVERGENCE: RELATIVE REDUCTION OF F <= FACTR*EPSMCH,0.0,False,,
"Raw bounds [0.5,2.0]",Chronological 70/30,2.0,10.0,701.0,288,2024-10-25,0.7,241,0.0,47.0,0.5272639749761269,0.6329061059104687,True,9.0,False,CONVERGENCE: NORM OF PROJECTED GRADIENT <= PGTOL,0.0,False,,
"Raw bounds [0.5,2.0]",Chronological 70/30,3.0,0.001,701.0,288,2024-10-25,0.7,253,0.0,35.0,0.2745778000459701,0.29975287320848254,True,15.0,False,CONVERGENCE: NORM OF PROJECTED GRADIENT <= PGTOL,4.0,False,,
"Raw bounds [0.5,2.0]",Chronological 70/30,3.0,0.003,701.0,288,2024-10-25,0.7,253,0.0,35.0,0.27454796051744396,0.3000663240511,True,14.0,False,CONVERGENCE: RELATIVE REDUCTION OF F <= FACTR*EPSMCH,4.0,False,,
"Raw bounds [0.5,2.0]",Chronological 70/30,3.0,0.01,701.0,288,2024-10-25,0.7,253,0.0,35.0,0.2744462383361135,0.30116277369683914,True,14.0,False,CONVERGENCE: RELATIVE REDUCTION OF F <= FACTR*EPSMCH,4.0,False,,
"Raw bounds [0.5,2.0]",Chronological 70/30,3.0,0.03,701.0,288,2024-10-25,0.7,252,0.0,36.0,0.27417671326784665,0.30429049393737445,True,14.0,False,CONVERGENCE: RELATIVE REDUCTION OF F <= FACTR*EPSMCH,4.0,False,,
"Raw bounds [0.5,2.0]",Chronological 70/30,3.0,0.1,701.0,288,2024-10-25,0.7,250,0.0,38.0,0.27341666539169374,0.31519074857491336,True,15.0,False,CONVERGENCE: RELATIVE REDUCTION OF F <= FACTR*EPSMCH,4.0,False,,
"Raw bounds [0.5,2.0]",Chronological 70/30,3.0,0.3,701.0,288,2024-10-25,0.7,250,0.0,38.0,0.27274848069191704,0.34601813144306887,True,14.0,False,CONVERGENCE: RELATIVE REDUCTION OF F <= FACTR*EPSMCH,2.0,False,,
"Raw bounds [0.5,2.0]",Chronological 70/30,3.0,1.0,701.0,288,2024-10-25,0.7,247,0.0,41.0,0.31575930610832176,0.4142916496297488,True,11.0,False,CONVERGENCE: RELATIVE REDUCTION OF F <= FACTR*EPSMCH,0.0,False,,
"Raw bounds [0.5,2.0]",Chronological 70/30,3.0,3.0,701.0,288,2024-10-25,0.7,243,0.0,45.0,0.37798261123737553,0.4614740245863857,True,10.0,False,CONVERGENCE: RELATIVE REDUCTION OF F <= FACTR*EPSMCH,0.0,False,,
"Raw bounds [0.5,2.0]",Chronological 70/30,3.0,10.0,701.0,288,2024-10-25,0.7,240,0.0,48.0,0.4182431531555877,0.4859093544957589,True,8.0,False,CONVERGENCE: RELATIVE REDUCTION OF F <= FACTR*EPSMCH,0.0,False,,
"Raw bounds [0.5,2.0]",Chronological 70/30,5.0,0.001,701.0,288,2024-10-25,0.7,255,0.0,33.0,0.2721602143050968,0.2865339904621429,True,14.0,False,CONVERGENCE: RELATIVE REDUCTION OF F <= FACTR*EPSMCH,3.0,False,,
"Raw bounds [0.5,2.0]",Chronological 70/30,5.0,0.003,701.0,288,2024-10-25,0.7,255,0.0,33.0,0.27215778184445205,0.2869210497924158,True,14.0,False,CONVERGENCE: RELATIVE REDUCTION OF F <= FACTR*EPSMCH,3.0,False,,
"Raw bounds [0.5,2.0]",Chronological 70/30,5.0,0.01,701.0,288,2024-10-25,0.7,255,0.0,33.0,0.2721494635233326,0.28825398583719525,True,14.0,False,CONVERGENCE: RELATIVE REDUCTION OF F <= FACTR*EPSMCH,3.0,True,,
"Raw bounds [0.5,2.0]",Chronological 70/30,5.0,0.03,701.0,288,2024-10-25,0.7,254,0.0,34.0,0.2721163801017754,0.2919111358586597,True,14.0,False,CONVERGENCE: RELATIVE REDUCTION OF F <= FACTR*EPSMCH,3.0,False,,
"Raw bounds [0.5,2.0]",Chronological 70/30,5.0,0.1,701.0,288,2024-10-25,0.7,250,0.0,38.0,0.27185524392722626,0.3036628921498541,True,12.0,False,CONVERGENCE: NORM OF PROJECTED GRADIENT <= PGTOL,3.0,False,,
"Raw bounds [0.5,2.0]",Chronological 70/30,5.0,0.3,701.0,288,2024-10-25,0.7,248,0.0,40.0,0.2773867629295546,0.3315370815049444,True,14.0,False,CONVERGENCE: RELATIVE REDUCTION OF F <= FACTR*EPSMCH,1.0,False,,
"Raw bounds [0.5,2.0]",Chronological 70/30,5.0,1.0,701.0,288,2024-10-25,0.7,246,0.0,42.0,0.31329716484910075,0.36817437062028213,True,11.0,False,CONVERGENCE: RELATIVE REDUCTION OF F <= FACTR*EPSMCH,0.0,False,,
"Raw bounds [0.5,2.0]",Chronological 70/30,5.0,3.0,701.0,288,2024-10-25,0.7,242,0.0,46.0,0.34001352823791386,0.3874277707869661,True,10.0,False,CONVERGENCE: NORM OF PROJECTED GRADIENT <= PGTOL,0.0,False,,
"Raw bounds [0.5,2.0]",Chronological 70/30,5.0,10.0,701.0,288,2024-10-25,0.7,240,0.0,48.0,0.3548299699818076,0.39652679852771505,True,8.0,False,CONVERGENCE: NORM OF PROJECTED GRADIENT <= PGTOL,0.0,False,,
"Raw bounds [0.5,2.0]",Chronological 70/30,10.0,0.001,701.0,288,2024-10-25,0.7,249,0.0,39.0,0.318813312437915,0.3298555086849733,True,10.0,False,CONVERGENCE: NORM OF PROJECTED GRADIENT <= PGTOL,6.0,False,,
"Raw bounds [0.5,2.0]",Chronological 70/30,10.0,0.003,701.0,288,2024-10-25,0.7,249,0.0,39.0,0.318802061518999,0.33025784370752376,True,10.0,False,CONVERGENCE: NORM OF PROJECTED GRADIENT <= PGTOL,6.0,False,,
"Raw bounds [0.5,2.0]",Chronological 70/30,10.0,0.01,701.0,288,2024-10-25,0.7,249,0.0,39.0,0.3187681147922412,0.3316652449549926,True,10.0,False,CONVERGENCE: NORM OF PROJECTED GRADIENT <= PGTOL,6.0,False,,
"Raw bounds [0.5,2.0]",Chronological 70/30,10.0,0.03,701.0,288,2024-10-25,0.7,248,0.0,40.0,0.31856737498000554,0.3356762780038773,True,9.0,False,CONVERGENCE: NORM OF PROJECTED GRADIENT <= PGTOL,5.0,False,,
"Raw bounds [0.5,2.0]",Chronological 70/30,10.0,0.1,701.0,288,2024-10-25,0.7,246,0.0,42.0,0.3195116970405935,0.3475500829902906,True,12.0,False,CONVERGENCE: NORM OF PROJECTED GRADIENT <= PGTOL,2.0,False,,
"Raw bounds [0.5,2.0]",Chronological 70/30,10.0,0.3,701.0,288,2024-10-25,0.7,244,0.0,44.0,0.33051716739447456,0.36740000679521934,True,11.0,False,CONVERGENCE: RELATIVE REDUCTION OF F <= FACTR*EPSMCH,1.0,False,,
"Raw bounds [0.5,2.0]",Chronological 70/30,10.0,1.0,701.0,288,2024-10-25,0.7,243,0.0,45.0,0.355290340886462,0.3860657142442012,True,9.0,False,CONVERGENCE: RELATIVE REDUCTION OF F <= FACTR*EPSMCH,0.0,False,,
"Raw bounds [0.5,2.0]",Chronological 70/30,10.0,3.0,701.0,288,2024-10-25,0.7,240,0.0,48.0,0.3668512909007111,0.3937676023408826,True,8.0,False,CONVERGENCE: RELATIVE REDUCTION OF F <= FACTR*EPSMCH,0.0,False,,
"Raw bounds [0.5,2.0]",Chronological 70/30,10.0,10.0,701.0,288,2024-10-25,0.7,240,0.0,48.0,0.37193477436469385,0.39694839286613137,True,7.0,False,CONVERGENCE: RELATIVE REDUCTION OF F <= FACTR*EPSMCH,0.0,False,,
One-season window,Chronological 70/30,1.0,0.001,252.0,78,2025-03-13,0.7,69,0.0,9.0,0.6309616992830459,0.43245959841266113,True,18.0,False,CONVERGENCE: RELATIVE REDUCTION OF F <= FACTR*EPSMCH,4.0,False,,
One-season window,Chronological 70/30,1.0,0.003,252.0,78,2025-03-13,0.7,69,0.0,9.0,0.6309315747931946,0.43277646145200377,True,18.0,False,CONVERGENCE: RELATIVE REDUCTION OF F <= FACTR*EPSMCH,4.0,False,,
One-season window,Chronological 70/30,1.0,0.01,252.0,78,2025-03-13,0.7,69,0.0,9.0,0.6308266069379731,0.4338851082493396,True,18.0,False,CONVERGENCE: RELATIVE REDUCTION OF F <= FACTR*EPSMCH,4.0,False,,
One-season window,Chronological 70/30,1.0,0.03,252.0,78,2025-03-13,0.7,69,0.0,9.0,0.6305305540099585,0.43704955678455903,True,18.0,False,CONVERGENCE: RELATIVE REDUCTION OF F <= FACTR*EPSMCH,4.0,False,,
One-season window,Chronological 70/30,1.0,0.1,252.0,78,2025-03-13,0.7,69,0.0,9.0,0.62953433842194,0.4480919928741141,True,17.0,False,CONVERGENCE: RELATIVE REDUCTION OF F <= FACTR*EPSMCH,4.0,True,,
One-season window,Chronological 70/30,1.0,0.3,252.0,78,2025-03-13,0.7,68,0.0,10.0,0.6261928138038131,0.4789622897627837,True,16.0,False,CONVERGENCE: RELATIVE REDUCTION OF F <= FACTR*EPSMCH,2.0,False,,
One-season window,Chronological 70/30,1.0,1.0,252.0,78,2025-03-13,0.7,66,0.0,12.0,0.6286247980626402,0.5737185565428188,True,15.0,False,CONVERGENCE: RELATIVE REDUCTION OF F <= FACTR*EPSMCH,2.0,False,,
One-season window,Chronological 70/30,1.0,3.0,252.0,78,2025-03-13,0.7,66,0.0,12.0,0.7764641919692712,0.7675558559001144,True,13.0,False,CONVERGENCE: RELATIVE REDUCTION OF F <= FACTR*EPSMCH,0.0,False,,
One-season window,Chronological 70/30,1.0,10.0,252.0,78,2025-03-13,0.7,66,0.0,12.0,1.0307372736429705,0.9436889052129813,True,9.0,False,CONVERGENCE: RELATIVE REDUCTION OF F <= FACTR*EPSMCH,0.0,False,,
One-season window,Chronological 70/30,2.0,0.001,252.0,78,2025-03-13,0.7,68,0.0,10.0,0.38199810857987243,0.2950896382216131,True,16.0,False,CONVERGENCE: RELATIVE REDUCTION OF F <= FACTR*EPSMCH,3.0,False,,
One-season window,Chronological 70/30,2.0,0.003,252.0,78,2025-03-13,0.7,68,0.0,10.0,0.3819404504524922,0.2953959632805504,True,16.0,False,CONVERGENCE: RELATIVE REDUCTION OF F <= FACTR*EPSMCH,3.0,False,,
One-season window,Chronological 70/30,2.0,0.01,252.0,78,2025-03-13,0.7,68,0.0,10.0,0.38174086173119876,0.2964667243869195,True,16.0,False,CONVERGENCE: RELATIVE REDUCTION OF F <= FACTR*EPSMCH,3.0,False,,
One-season window,Chronological 70/30,2.0,0.03,252.0,78,2025-03-13,0.7,68,0.0,10.0,0.38118881205404853,0.2995145732766975,True,17.0,False,CONVERGENCE: NORM OF PROJECTED GRADIENT <= PGTOL,3.0,False,,
One-season window,Chronological 70/30,2.0,0.1,252.0,78,2025-03-13,0.7,68,0.0,10.0,0.37944379164552156,0.31005960062697047,True,16.0,False,CONVERGENCE: NORM OF PROJECTED GRADIENT <= PGTOL,3.0,False,,
One-season window,Chronological 70/30,2.0,0.3,252.0,78,2025-03-13,0.7,67,0.0,11.0,0.37720426059330764,0.33906787983839487,True,14.0,False,CONVERGENCE: RELATIVE REDUCTION OF F <= FACTR*EPSMCH,2.0,False,,
One-season window,Chronological 70/30,2.0,1.0,252.0,78,2025-03-13,0.7,66,0.0,12.0,0.4141605724133959,0.42024941672163074,True,13.0,False,CONVERGENCE: RELATIVE REDUCTION OF F <= FACTR*EPSMCH,0.0,False,,
One-season window,Chronological 70/30,2.0,3.0,252.0,78,2025-03-13,0.7,66,0.0,12.0,0.5259619606357695,0.5044699231628164,True,10.0,False,CONVERGENCE: RELATIVE REDUCTION OF F <= FACTR*EPSMCH,0.0,False,,
One-season window,Chronological 70/30,2.0,10.0,252.0,78,2025-03-13,0.7,66,0.0,12.0,0.6061139842415825,0.5610437946397996,True,9.0,False,CONVERGENCE: RELATIVE REDUCTION OF F <= FACTR*EPSMCH,0.0,False,,
One-season window,Chronological 70/30,3.0,0.001,252.0,78,2025-03-13,0.7,66,0.0,12.0,0.32516681174739975,0.26819016174307714,True,17.0,False,CONVERGENCE: NORM OF PROJECTED GRADIENT <= PGTOL,3.0,False,,
One-season window,Chronological 70/30,3.0,0.003,252.0,78,2025-03-13,0.7,66,0.0,12.0,0.3250643885711773,0.26849587818537485,True,17.0,False,CONVERGENCE: NORM OF PROJECTED GRADIENT <= PGTOL,3.0,False,,
One-season window,Chronological 70/30,3.0,0.01,252.0,78,2025-03-13,0.7,66,0.0,12.0,0.3247150097351997,0.26956290879465555,True,17.0,False,CONVERGENCE: RELATIVE REDUCTION OF F <= FACTR*EPSMCH,3.0,False,,
One-season window,Chronological 70/30,3.0,0.03,252.0,78,2025-03-13,0.7,66,0.0,12.0,0.3237858533560143,0.272588075130697,True,17.0,False,CONVERGENCE: RELATIVE REDUCTION OF F <= FACTR*EPSMCH,3.0,False,,
One-season window,Chronological 70/30,3.0,0.1,252.0,78,2025-03-13,0.7,67,0.0,11.0,0.3211142371976176,0.28295786631860187,True,15.0,False,CONVERGENCE: RELATIVE REDUCTION OF F <= FACTR*EPSMCH,3.0,False,,
One-season window,Chronological 70/30,3.0,0.3,252.0,78,2025-03-13,0.7,67,0.0,11.0,0.31874350877584096,0.3111566271340603,True,14.0,False,CONVERGENCE: RELATIVE REDUCTION OF F <= FACTR*EPSMCH,2.0,False,,
One-season window,Chronological 70/30,3.0,1.0,252.0,78,2025-03-13,0.7,66,0.0,12.0,0.3699747292534426,0.37012414129730875,True,11.0,False,CONVERGENCE: RELATIVE REDUCTION OF F <= FACTR*EPSMCH,0.0,False,,
One-season window,Chronological 70/30,3.0,3.0,252.0,78,2025-03-13,0.7,66,0.0,12.0,0.4277889251924438,0.4145986584482984,True,9.0,False,CONVERGENCE: RELATIVE REDUCTION OF F <= FACTR*EPSMCH,0.0,False,,
One-season window,Chronological 70/30,3.0,10.0,252.0,78,2025-03-13,0.7,66,0.0,12.0,0.4622929468902856,0.441326074859066,True,8.0,False,CONVERGENCE: RELATIVE REDUCTION OF F <= FACTR*EPSMCH,0.0,False,,
One-season window,Chronological 70/30,5.0,0.001,252.0,78,2025-03-13,0.7,66,0.0,12.0,0.30834377280779773,0.2685682681223403,True,15.0,False,CONVERGENCE: NORM OF PROJECTED GRADIENT <= PGTOL,5.0,False,,
One-season window,Chronological 70/30,5.0,0.003,252.0,78,2025-03-13,0.7,66,0.0,12.0,0.3082361155174926,0.26896019234934615,True,15.0,False,CONVERGENCE: NORM OF PROJECTED GRADIENT <= PGTOL,5.0,False,,
One-season window,Chronological 70/30,5.0,0.01,252.0,78,2025-03-13,0.7,66,0.0,12.0,0.3078745781920287,0.270327747988544,True,14.0,False,CONVERGENCE: NORM OF PROJECTED GRADIENT <= PGTOL,5.0,False,,
One-season window,Chronological 70/30,5.0,0.03,252.0,78,2025-03-13,0.7,66,0.0,12.0,0.30695529670215604,0.2742027924679809,True,13.0,False,CONVERGENCE: NORM OF PROJECTED GRADIENT <= PGTOL,5.0,False,,
One-season window,Chronological 70/30,5.0,0.1,252.0,78,2025-03-13,0.7,66,0.0,12.0,0.30513423740269197,0.28675430338846364,True,12.0,False,CONVERGENCE: RELATIVE REDUCTION OF F <= FACTR*EPSMCH,3.0,False,,
One-season window,Chronological 70/30,5.0,0.3,252.0,78,2025-03-13,0.7,66,0.0,12.0,0.31141932202347383,0.31335998386108854,True,14.0,False,CONVERGENCE: RELATIVE REDUCTION OF F <= FACTR*EPSMCH,0.0,False,,
One-season window,Chronological 70/30,5.0,1.0,252.0,78,2025-03-13,0.7,67,0.0,11.0,0.3427999077803011,0.34428441341018917,True,11.0,False,CONVERGENCE: RELATIVE REDUCTION OF F <= FACTR*EPSMCH,0.0,False,,
One-season window,Chronological 70/30,5.0,3.0,252.0,78,2025-03-13,0.7,66,0.0,12.0,0.3625762716969032,0.36251293422157443,True,9.0,False,CONVERGENCE: RELATIVE REDUCTION OF F <= FACTR*EPSMCH,0.0,False,,
One-season window,Chronological 70/30,5.0,10.0,252.0,78,2025-03-13,0.7,66,0.0,12.0,0.37241733310173203,0.371901522451775,True,8.0,False,CONVERGENCE: NORM OF PROJECTED GRADIENT <= PGTOL,0.0,False,,
One-season window,Chronological 70/30,10.0,0.001,252.0,78,2025-03-13,0.7,66,0.0,12.0,0.33917096060197416,0.32234557890283355,True,12.0,False,CONVERGENCE: NORM OF PROJECTED GRADIENT <= PGTOL,5.0,False,,
One-season window,Chronological 70/30,10.0,0.003,252.0,78,2025-03-13,0.7,66,0.0,12.0,0.33924078597312163,0.3227664026611,True,12.0,False,CONVERGENCE: NORM OF PROJECTED GRADIENT <= PGTOL,5.0,False,,
One-season window,Chronological 70/30,10.0,0.01,252.0,78,2025-03-13,0.7,67,0.0,11.0,0.3394416762709007,0.3242176717272124,True,12.0,False,CONVERGENCE: NORM OF PROJECTED GRADIENT <= PGTOL,5.0,False,,
One-season window,Chronological 70/30,10.0,0.03,252.0,78,2025-03-13,0.7,66,0.0,12.0,0.3397985043513877,0.32822129258001065,True,10.0,False,CONVERGENCE: NORM OF PROJECTED GRADIENT <= PGTOL,5.0,False,,
One-season window,Chronological 70/30,10.0,0.1,252.0,78,2025-03-13,0.7,65,0.0,13.0,0.3384994624662848,0.33974315014084344,True,11.0,False,CONVERGENCE: NORM OF PROJECTED GRADIENT <= PGTOL,3.0,False,,
One-season window,Chronological 70/30,10.0,0.3,252.0,78,2025-03-13,0.7,66,0.0,12.0,0.3531047791537527,0.3586178916922547,True,11.0,False,CONVERGENCE: RELATIVE REDUCTION OF F <= FACTR*EPSMCH,0.0,False,,
One-season window,Chronological 70/30,10.0,1.0,252.0,78,2025-03-13,0.7,66,0.0,12.0,0.3690455784919725,0.3753533294589057,True,8.0,False,CONVERGENCE: RELATIVE REDUCTION OF F <= FACTR*EPSMCH,0.0,False,,
One-season window,Chronological 70/30,10.0,3.0,252.0,78,2025-03-13,0.7,66,0.0,12.0,0.3750526186316143,0.3824611373683465,True,8.0,False,CONVERGENCE: NORM OF PROJECTED GRADIENT <= PGTOL,0.0,False,,
One-season window,Chronological 70/30,10.0,10.0,252.0,78,2025-03-13,0.7,66,0.0,12.0,0.37740031639007565,0.38544517952058605,True,7.0,False,CONVERGENCE: RELATIVE REDUCTION OF F <= FACTR*EPSMCH,0.0,False,,
Two-season window,Chronological 70/30,1.0,0.001,477.0,184,2024-12-20,0.7,162,0.0,22.0,0.5191094222587573,0.5028379767649124,True,18.0,False,CONVERGENCE: NORM OF PROJECTED GRADIENT <= PGTOL,5.0,False,,
Two-season window,Chronological 70/30,1.0,0.003,477.0,184,2024-12-20,0.7,162,0.0,22.0,0.5190927390275176,0.5031923671682462,True,18.0,False,CONVERGENCE: NORM OF PROJECTED GRADIENT <= PGTOL,5.0,False,,
Two-season window,Chronological 70/30,1.0,0.01,477.0,184,2024-12-20,0.7,162,0.0,22.0,0.5190346847247543,0.5044327073998492,True,17.0,False,CONVERGENCE: RELATIVE REDUCTION OF F <= FACTR*EPSMCH,5.0,False,,
Two-season window,Chronological 70/30,1.0,0.03,477.0,184,2024-12-20,0.7,162,0.0,22.0,0.5188713667189581,0.5079763146910726,True,16.0,False,CONVERGENCE: RELATIVE REDUCTION OF F <= FACTR*EPSMCH,5.0,False,,
Two-season window,Chronological 70/30,1.0,0.1,477.0,184,2024-12-20,0.7,162,0.0,22.0,0.5186542514217322,0.520329699215955,True,17.0,False,CONVERGENCE: NORM OF PROJECTED GRADIENT <= PGTOL,4.0,False,,
Two-season window,Chronological 70/30,1.0,0.3,477.0,184,2024-12-20,0.7,162,0.0,22.0,0.5165885039076487,0.5542138138934445,True,19.0,False,CONVERGENCE: RELATIVE REDUCTION OF F <= FACTR*EPSMCH,3.0,False,,
Two-season window,Chronological 70/30,1.0,1.0,477.0,184,2024-12-20,0.7,162,0.0,22.0,0.5199080027787993,0.6574589537649109,True,15.0,False,CONVERGENCE: NORM OF PROJECTED GRADIENT <= PGTOL,3.0,False,,
Two-season window,Chronological 70/30,1.0,3.0,477.0,184,2024-12-20,0.7,160,0.0,24.0,0.6192632990121283,0.8667070398489163,True,14.0,False,CONVERGENCE: RELATIVE REDUCTION OF F <= FACTR*EPSMCH,0.0,False,,
Two-season window,Chronological 70/30,1.0,10.0,477.0,184,2024-12-20,0.7,161,0.0,23.0,0.7583152551784677,1.037650118931663,True,9.0,False,CONVERGENCE: RELATIVE REDUCTION OF F <= FACTR*EPSMCH,0.0,False,,
Two-season window,Chronological 70/30,2.0,0.001,477.0,184,2024-12-20,0.7,162,0.0,22.0,0.3225667091060499,0.3223603708465042,True,16.0,False,CONVERGENCE: NORM OF PROJECTED GRADIENT <= PGTOL,4.0,False,,
Two-season window,Chronological 70/30,2.0,0.003,477.0,184,2024-12-20,0.7,162,0.0,22.0,0.3225468756915469,0.32270384561469867,True,16.0,False,CONVERGENCE: NORM OF PROJECTED GRADIENT <= PGTOL,4.0,False,,
Two-season window,Chronological 70/30,2.0,0.01,477.0,184,2024-12-20,0.7,162,0.0,22.0,0.3224776834195868,0.3239035384058243,True,16.0,False,CONVERGENCE: RELATIVE REDUCTION OF F <= FACTR*EPSMCH,4.0,False,,
Two-season window,Chronological 70/30,2.0,0.03,477.0,184,2024-12-20,0.7,162,0.0,22.0,0.32228129255266885,0.3273113519208285,True,16.0,False,CONVERGENCE: NORM OF PROJECTED GRADIENT <= PGTOL,4.0,False,,
Two-season window,Chronological 70/30,2.0,0.1,477.0,184,2024-12-20,0.7,162,0.0,22.0,0.321595413991305,0.3390477291662976,True,15.0,False,CONVERGENCE: NORM OF PROJECTED GRADIENT <= PGTOL,4.0,False,,
Two-season window,Chronological 70/30,2.0,0.3,477.0,184,2024-12-20,0.7,162,0.0,22.0,0.32030092071498634,0.3714089073074187,True,14.0,False,CONVERGENCE: RELATIVE REDUCTION OF F <= FACTR*EPSMCH,3.0,False,,
Two-season window,Chronological 70/30,2.0,1.0,477.0,184,2024-12-20,0.7,160,0.0,24.0,0.3412758926241482,0.4616968454984617,True,14.0,False,CONVERGENCE: RELATIVE REDUCTION OF F <= FACTR*EPSMCH,0.0,False,,
Two-season window,Chronological 70/30,2.0,3.0,477.0,184,2024-12-20,0.7,163,0.0,21.0,0.40543200220863873,0.5505153824645234,True,11.0,False,CONVERGENCE: RELATIVE REDUCTION OF F <= FACTR*EPSMCH,0.0,False,,
Two-season window,Chronological 70/30,2.0,10.0,477.0,184,2024-12-20,0.7,161,0.0,23.0,0.4477350461194697,0.6040825080423813,True,9.0,False,CONVERGENCE: RELATIVE REDUCTION OF F <= FACTR*EPSMCH,0.0,False,,
Two-season window,Chronological 70/30,3.0,0.001,477.0,184,2024-12-20,0.7,164,0.0,20.0,0.2828028473867207,0.284290285918691,True,15.0,False,CONVERGENCE: NORM OF PROJECTED GRADIENT <= PGTOL,4.0,False,,
Two-season window,Chronological 70/30,3.0,0.003,477.0,184,2024-12-20,0.7,164,0.0,20.0,0.282743924867681,0.28461351927429307,True,15.0,False,CONVERGENCE: NORM OF PROJECTED GRADIENT <= PGTOL,4.0,True,,
Two-season window,Chronological 70/30,3.0,0.01,477.0,184,2024-12-20,0.7,163,0.0,21.0,0.2825400804335442,0.2857437346369854,True,15.0,False,CONVERGENCE: NORM OF PROJECTED GRADIENT <= PGTOL,4.0,False,,
Two-season window,Chronological 70/30,3.0,0.03,477.0,184,2024-12-20,0.7,163,0.0,21.0,0.2819772263381277,0.2889641822464388,True,15.0,False,CONVERGENCE: NORM OF PROJECTED GRADIENT <= PGTOL,4.0,False,,
Two-season window,Chronological 70/30,3.0,0.1,477.0,184,2024-12-20,0.7,162,0.0,22.0,0.2802069374929545,0.3001542477842814,True,14.0,False,CONVERGENCE: RELATIVE REDUCTION OF F <= FACTR*EPSMCH,4.0,False,,
Two-season window,Chronological 70/30,3.0,0.3,477.0,184,2024-12-20,0.7,162,0.0,22.0,0.2751145884770987,0.33159175681128494,True,13.0,False,CONVERGENCE: NORM OF PROJECTED GRADIENT <= PGTOL,2.0,False,,
Two-season window,Chronological 70/30,3.0,1.0,477.0,184,2024-12-20,0.7,160,0.0,24.0,0.3031924095428695,0.3976669823096031,True,12.0,False,CONVERGENCE: RELATIVE REDUCTION OF F <= FACTR*EPSMCH,0.0,False,,
Two-season window,Chronological 70/30,3.0,3.0,477.0,184,2024-12-20,0.7,162,0.0,22.0,0.33460428879957776,0.4440103147463671,True,9.0,False,CONVERGENCE: RELATIVE REDUCTION OF F <= FACTR*EPSMCH,0.0,False,,
Two-season window,Chronological 70/30,3.0,10.0,477.0,184,2024-12-20,0.7,161,0.0,23.0,0.35379151895949296,0.47000025813935226,True,8.0,False,CONVERGENCE: RELATIVE REDUCTION OF F <= FACTR*EPSMCH,0.0,False,,
Two-season window,Chronological 70/30,5.0,0.001,477.0,184,2024-12-20,0.7,159,0.0,25.0,0.2803675801240627,0.2812785922946318,True,15.0,False,CONVERGENCE: RELATIVE REDUCTION OF F <= FACTR*EPSMCH,3.0,False,,
Two-season window,Chronological 70/30,5.0,0.003,477.0,184,2024-12-20,0.7,159,0.0,25.0,0.2801159255360857,0.28166454803733887,True,15.0,False,CONVERGENCE: RELATIVE REDUCTION OF F <= FACTR*EPSMCH,3.0,False,,
Two-season window,Chronological 70/30,5.0,0.01,477.0,184,2024-12-20,0.7,159,0.0,25.0,0.2792899837645962,0.28299401646834055,True,15.0,False,CONVERGENCE: NORM OF PROJECTED GRADIENT <= PGTOL,3.0,False,,
Two-season window,Chronological 70/30,5.0,0.03,477.0,184,2024-12-20,0.7,160,0.0,24.0,0.27728901809338025,0.2866439427557736,True,15.0,False,CONVERGENCE: NORM OF PROJECTED GRADIENT <= PGTOL,3.0,False,,
Two-season window,Chronological 70/30,5.0,0.1,477.0,184,2024-12-20,0.7,161,0.0,23.0,0.2725062284542183,0.29838769547280586,True,15.0,False,CONVERGENCE: NORM OF PROJECTED GRADIENT <= PGTOL,3.0,False,,
Two-season window,Chronological 70/30,5.0,0.3,477.0,184,2024-12-20,0.7,162,0.0,22.0,0.27068031664523096,0.32564296905492307,True,13.0,False,CONVERGENCE: RELATIVE REDUCTION OF F <= FACTR*EPSMCH,1.0,False,,
Two-season window,Chronological 70/30,5.0,1.0,477.0,184,2024-12-20,0.7,162,0.0,22.0,0.28805692924707266,0.36094900000153785,True,10.0,False,CONVERGENCE: RELATIVE REDUCTION OF F <= FACTR*EPSMCH,0.0,False,,
Two-season window,Chronological 70/30,5.0,3.0,477.0,184,2024-12-20,0.7,161,0.0,23.0,0.2999863868365537,0.38078102774972933,True,10.0,False,CONVERGENCE: NORM OF PROJECTED GRADIENT <= PGTOL,0.0,False,,
Two-season window,Chronological 70/30,5.0,10.0,477.0,184,2024-12-20,0.7,161,0.0,23.0,0.3065112642735798,0.39077597729722596,True,8.0,False,CONVERGENCE: NORM OF PROJECTED GRADIENT <= PGTOL,0.0,False,,
Two-season window,Chronological 70/30,10.0,0.001,477.0,184,2024-12-20,0.7,161,0.0,23.0,0.31111722201222103,0.330393397048757,True,10.0,False,CONVERGENCE: NORM OF PROJECTED GRADIENT <= PGTOL,6.0,False,,
Two-season window,Chronological 70/30,10.0,0.003,477.0,184,2024-12-20,0.7,161,0.0,23.0,0.31103062167420686,0.3308120870830102,True,10.0,False,CONVERGENCE: NORM OF PROJECTED GRADIENT <= PGTOL,6.0,False,,
Two-season window,Chronological 70/30,10.0,0.01,477.0,184,2024-12-20,0.7,160,0.0,24.0,0.3107688938918789,0.3322713105231572,True,10.0,False,CONVERGENCE: NORM OF PROJECTED GRADIENT <= PGTOL,6.0,False,,
Two-season window,Chronological 70/30,10.0,0.03,477.0,184,2024-12-20,0.7,162,0.0,22.0,0.3096184113487224,0.3363415313208135,True,12.0,False,CONVERGENCE: NORM OF PROJECTED GRADIENT <= PGTOL,4.0,False,,
Two-season window,Chronological 70/30,10.0,0.1,477.0,184,2024-12-20,0.7,163,0.0,21.0,0.3092401843061471,0.3476687890387718,True,12.0,False,CONVERGENCE: NORM OF PROJECTED GRADIENT <= PGTOL,2.0,False,,
Two-season window,Chronological 70/30,10.0,0.3,477.0,184,2024-12-20,0.7,162,0.0,22.0,0.31362545523142576,0.3667152004137858,True,11.0,False,CONVERGENCE: RELATIVE REDUCTION OF F <= FACTR*EPSMCH,0.0,False,,
Two-season window,Chronological 70/30,10.0,1.0,477.0,184,2024-12-20,0.7,163,0.0,21.0,0.3303741453747207,0.3860438984328675,True,9.0,False,CONVERGENCE: NORM OF PROJECTED GRADIENT <= PGTOL,0.0,False,,
Two-season window,Chronological 70/30,10.0,3.0,477.0,184,2024-12-20,0.7,161,0.0,23.0,0.3378401651725324,0.39440735921668724,True,8.0,False,CONVERGENCE: RELATIVE REDUCTION OF F <= FACTR*EPSMCH,0.0,False,,
Two-season window,Chronological 70/30,10.0,10.0,477.0,184,2024-12-20,0.7,160,0.0,24.0,0.34111718792820084,0.3979506098302576,True,7.0,False,CONVERGENCE: RELATIVE REDUCTION OF F <= FACTR*EPSMCH,0.0,False,,
Expanded tau-alpha grid,Chronological 70/30,0.5,0.0003,701.0,288,2024-10-25,0.7,250,0.0,38.0,0.8538583073487762,1.0866346219253857,True,20.0,False,CONVERGENCE: RELATIVE REDUCTION OF F <= FACTR*EPSMCH,3.0,False,,
Expanded tau-alpha grid,Chronological 70/30,0.5,0.001,701.0,288,2024-10-25,0.7,250,0.0,38.0,0.853844000160279,1.086753183492952,True,20.0,False,CONVERGENCE: RELATIVE REDUCTION OF F <= FACTR*EPSMCH,3.0,False,,
Expanded tau-alpha grid,Chronological 70/30,0.5,0.003,701.0,288,2024-10-25,0.7,250,0.0,38.0,0.8538032172856924,1.0870918183736875,True,20.0,False,CONVERGENCE: RELATIVE REDUCTION OF F <= FACTR*EPSMCH,3.0,False,,
Expanded tau-alpha grid,Chronological 70/30,0.5,0.01,701.0,288,2024-10-25,0.7,250,0.0,38.0,0.8536615537531118,1.0882757348889642,True,20.0,False,CONVERGENCE: RELATIVE REDUCTION OF F <= FACTR*EPSMCH,3.0,False,,
Expanded tau-alpha grid,Chronological 70/30,0.5,0.03,701.0,288,2024-10-25,0.7,250,0.0,38.0,0.8532659136487708,1.0916473242479778,True,18.0,False,CONVERGENCE: RELATIVE REDUCTION OF F <= FACTR*EPSMCH,3.0,False,,
Expanded tau-alpha grid,Chronological 70/30,0.5,0.1,701.0,288,2024-10-25,0.7,249,0.0,39.0,0.8519848090729799,1.1033251645637545,True,16.0,False,CONVERGENCE: RELATIVE REDUCTION OF F <= FACTR*EPSMCH,3.0,False,,
Expanded tau-alpha grid,Chronological 70/30,0.5,0.3,701.0,288,2024-10-25,0.7,248,0.0,40.0,0.8491466855791013,1.1357706795321498,True,18.0,False,CONVERGENCE: RELATIVE REDUCTION OF F <= FACTR*EPSMCH,3.0,False,,
Expanded tau-alpha grid,Chronological 70/30,0.5,1.0,701.0,288,2024-10-25,0.7,249,0.0,39.0,0.8455302846868326,1.2421277969747424,True,14.0,False,CONVERGENCE: RELATIVE REDUCTION OF F <= FACTR*EPSMCH,3.0,False,,
Expanded tau-alpha grid,Chronological 70/30,0.5,3.0,701.0,288,2024-10-25,0.7,249,0.0,39.0,0.8577486993580555,1.5199689571273207,True,14.0,False,CONVERGENCE: RELATIVE REDUCTION OF F <= FACTR*EPSMCH,2.0,False,,
Expanded tau-alpha grid,Chronological 70/30,0.5,10.0,701.0,288,2024-10-25,0.7,245,0.0,43.0,1.3949883971189776,1.995148389021192,True,12.0,False,CONVERGENCE: RELATIVE REDUCTION OF F <= FACTR*EPSMCH,0.0,False,,
Expanded tau-alpha grid,Chronological 70/30,0.5,30.0,701.0,288,2024-10-25,0.7,242,0.0,46.0,1.7817028785701323,2.2226313534614546,True,10.0,False,CONVERGENCE: NORM OF PROJECTED GRADIENT <= PGTOL,0.0,False,,
Expanded tau-alpha grid,Chronological 70/30,1.0,0.0003,701.0,288,2024-10-25,0.7,250,0.0,38.0,0.4698423347183478,0.5787391641049093,True,17.0,False,CONVERGENCE: RELATIVE REDUCTION OF F <= FACTR*EPSMCH,3.0,False,,
Expanded tau-alpha grid,Chronological 70/30,1.0,0.001,701.0,288,2024-10-25,0.7,250,0.0,38.0,0.46983232478198494,0.5788598365937513,True,17.0,False,CONVERGENCE: RELATIVE REDUCTION OF F <= FACTR*EPSMCH,3.0,False,,
Expanded tau-alpha grid,Chronological 70/30,1.0,0.003,701.0,288,2024-10-25,0.7,250,0.0,38.0,0.46980394270919607,0.5792043264853527,True,17.0,False,CONVERGENCE: RELATIVE REDUCTION OF F <= FACTR*EPSMCH,3.0,False,,
Expanded tau-alpha grid,Chronological 70/30,1.0,0.01,701.0,288,2024-10-25,0.7,250,0.0,38.0,0.4697070543948626,0.5804067236678817,True,17.0,False,CONVERGENCE: RELATIVE REDUCTION OF F <= FACTR*EPSMCH,3.0,False,,
Expanded tau-alpha grid,Chronological 70/30,1.0,0.03,701.0,288,2024-10-25,0.7,250,0.0,38.0,0.46945047169674886,0.5838149132623491,True,16.0,False,CONVERGENCE: RELATIVE REDUCTION OF F <= FACTR*EPSMCH,3.0,False,,
Expanded tau-alpha grid,Chronological 70/30,1.0,0.1,701.0,288,2024-10-25,0.7,250,0.0,38.0,0.4687492420365783,0.59546474117664,True,16.0,False,CONVERGENCE: RELATIVE REDUCTION OF F <= FACTR*EPSMCH,3.0,False,,
Expanded tau-alpha grid,Chronological 70/30,1.0,0.3,701.0,288,2024-10-25,0.7,248,0.0,40.0,0.4678909092213185,0.6270037800975803,True,16.0,False,CONVERGENCE: RELATIVE REDUCTION OF F <= FACTR*EPSMCH,3.0,False,,
Expanded tau-alpha grid,Chronological 70/30,1.0,1.0,701.0,288,2024-10-25,0.7,247,0.0,41.0,0.4700124957081151,0.727423607498084,True,13.0,False,CONVERGENCE: RELATIVE REDUCTION OF F <= FACTR*EPSMCH,3.0,False,,
Expanded tau-alpha grid,Chronological 70/30,1.0,3.0,701.0,288,2024-10-25,0.7,243,0.0,45.0,0.6055681497312557,0.9395994613723635,True,12.0,False,CONVERGENCE: RELATIVE REDUCTION OF F <= FACTR*EPSMCH,0.0,False,,
Expanded tau-alpha grid,Chronological 70/30,1.0,10.0,701.0,288,2024-10-25,0.7,243,0.0,45.0,0.8607578834456792,1.1072607919916044,True,9.0,False,CONVERGENCE: RELATIVE REDUCTION OF F <= FACTR*EPSMCH,0.0,False,,
Expanded tau-alpha grid,Chronological 70/30,1.0,30.0,701.0,288,2024-10-25,0.7,240,0.0,48.0,0.9824023421097685,1.1735019169542211,True,7.0,False,CONVERGENCE: RELATIVE REDUCTION OF F <= FACTR*EPSMCH,0.0,False,,
Expanded tau-alpha grid,Chronological 70/30,2.0,0.0003,701.0,288,2024-10-25,0.7,252,0.0,36.0,0.3080436851030412,0.3523507235086787,True,17.0,False,CONVERGENCE: NORM OF PROJECTED GRADIENT <= PGTOL,4.0,False,,
Expanded tau-alpha grid,Chronological 70/30,2.0,0.001,701.0,288,2024-10-25,0.7,252,0.0,36.0,0.3080277833795671,0.35246707869306376,True,17.0,False,CONVERGENCE: NORM OF PROJECTED GRADIENT <= PGTOL,4.0,False,,
Expanded tau-alpha grid,Chronological 70/30,2.0,0.003,701.0,288,2024-10-25,0.7,252,0.0,36.0,0.3079827387020047,0.3527993402153674,True,17.0,False,CONVERGENCE: NORM OF PROJECTED GRADIENT <= PGTOL,4.0,False,,
Expanded tau-alpha grid,Chronological 70/30,2.0,0.01,701.0,288,2024-10-25,0.7,252,0.0,36.0,0.3078294904239618,0.3539601792712034,True,17.0,False,CONVERGENCE: NORM OF PROJECTED GRADIENT <= PGTOL,4.0,False,,
Expanded tau-alpha grid,Chronological 70/30,2.0,0.03,701.0,288,2024-10-25,0.7,252,0.0,36.0,0.3074263704849821,0.35726016039484143,True,16.0,False,CONVERGENCE: RELATIVE REDUCTION OF F <= FACTR*EPSMCH,4.0,False,,
Expanded tau-alpha grid,Chronological 70/30,2.0,0.1,701.0,288,2024-10-25,0.7,253,0.0,35.0,0.30632732420049336,0.3686503775985924,True,16.0,False,CONVERGENCE: NORM OF PROJECTED GRADIENT <= PGTOL,4.0,False,,
Expanded tau-alpha grid,Chronological 70/30,2.0,0.3,701.0,288,2024-10-25,0.7,251,0.0,37.0,0.3066888055397324,0.39968539371244094,True,15.0,False,CONVERGENCE: RELATIVE REDUCTION OF F <= FACTR*EPSMCH,3.0,False,,
Expanded tau-alpha grid,Chronological 70/30,2.0,1.0,701.0,288,2024-10-25,0.7,248,0.0,40.0,0.32967346099013534,0.48919326144581265,True,13.0,False,CONVERGENCE: RELATIVE REDUCTION OF F <= FACTR*EPSMCH,1.0,False,,
Expanded tau-alpha grid,Chronological 70/30,2.0,3.0,701.0,288,2024-10-25,0.7,242,0.0,46.0,0.44378374555592326,0.5818072773413163,True,10.0,False,CONVERGENCE: RELATIVE REDUCTION OF F <= FACTR*EPSMCH,0.0,False,,
Expanded tau-alpha grid,Chronological 70/30,2.0,10.0,701.0,288,2024-10-25,0.7,241,0.0,47.0,0.5272639749761269,0.6329061059104687,True,9.0,False,CONVERGENCE: NORM OF PROJECTED GRADIENT <= PGTOL,0.0,False,,
Expanded tau-alpha grid,Chronological 70/30,2.0,30.0,701.0,288,2024-10-25,0.7,240,0.0,48.0,0.56149051869648,0.6514032833392661,True,8.0,False,CONVERGENCE: NORM OF PROJECTED GRADIENT <= PGTOL,0.0,False,,
Expanded tau-alpha grid,Chronological 70/30,3.0,0.0003,701.0,288,2024-10-25,0.7,253,0.0,35.0,0.27458833059565035,0.29964314605806197,True,15.0,False,CONVERGENCE: NORM OF PROJECTED GRADIENT <= PGTOL,4.0,False,,
Expanded tau-alpha grid,Chronological 70/30,3.0,0.001,701.0,288,2024-10-25,0.7,253,0.0,35.0,0.2745778000459701,0.29975287320848254,True,15.0,False,CONVERGENCE: NORM OF PROJECTED GRADIENT <= PGTOL,4.0,False,,
Expanded tau-alpha grid,Chronological 70/30,3.0,0.003,701.0,288,2024-10-25,0.7,253,0.0,35.0,0.27454796051744396,0.3000663240511,True,14.0,False,CONVERGENCE: RELATIVE REDUCTION OF F <= FACTR*EPSMCH,4.0,False,,
Expanded tau-alpha grid,Chronological 70/30,3.0,0.01,701.0,288,2024-10-25,0.7,253,0.0,35.0,0.2744462383361135,0.30116277369683914,True,14.0,False,CONVERGENCE: RELATIVE REDUCTION OF F <= FACTR*EPSMCH,4.0,False,,
Expanded tau-alpha grid,Chronological 70/30,3.0,0.03,701.0,288,2024-10-25,0.7,252,0.0,36.0,0.27417671326784665,0.30429049393737445,True,14.0,False,CONVERGENCE: RELATIVE REDUCTION OF F <= FACTR*EPSMCH,4.0,False,,
Expanded tau-alpha grid,Chronological 70/30,3.0,0.1,701.0,288,2024-10-25,0.7,250,0.0,38.0,0.27341666539169374,0.31519074857491336,True,15.0,False,CONVERGENCE: RELATIVE REDUCTION OF F <= FACTR*EPSMCH,4.0,False,,
Expanded tau-alpha grid,Chronological 70/30,3.0,0.3,701.0,288,2024-10-25,0.7,250,0.0,38.0,0.27274848069191704,0.34601813144306887,True,14.0,False,CONVERGENCE: RELATIVE REDUCTION OF F <= FACTR*EPSMCH,2.0,False,,
Expanded tau-alpha grid,Chronological 70/30,3.0,1.0,701.0,288,2024-10-25,0.7,247,0.0,41.0,0.31575930610832176,0.4142916496297488,True,11.0,False,CONVERGENCE: RELATIVE REDUCTION OF F <= FACTR*EPSMCH,0.0,False,,
Expanded tau-alpha grid,Chronological 70/30,3.0,3.0,701.0,288,2024-10-25,0.7,243,0.0,45.0,0.37798261123737553,0.4614740245863857,True,10.0,False,CONVERGENCE: RELATIVE REDUCTION OF F <= FACTR*EPSMCH,0.0,False,,
Expanded tau-alpha grid,Chronological 70/30,3.0,10.0,701.0,288,2024-10-25,0.7,240,0.0,48.0,0.4182431531555877,0.4859093544957589,True,8.0,False,CONVERGENCE: RELATIVE REDUCTION OF F <= FACTR*EPSMCH,0.0,False,,
Expanded tau-alpha grid,Chronological 70/30,3.0,30.0,701.0,288,2024-10-25,0.7,240,0.0,48.0,0.43363620047986856,0.4943501482403327,True,7.0,False,CONVERGENCE: NORM OF PROJECTED GRADIENT <= PGTOL,0.0,False,,
Expanded tau-alpha grid,Chronological 70/30,5.0,0.0003,701.0,288,2024-10-25,0.7,254,0.0,34.0,0.27216109926702836,0.28639781284088,True,14.0,False,CONVERGENCE: RELATIVE REDUCTION OF F <= FACTR*EPSMCH,3.0,False,,
Expanded tau-alpha grid,Chronological 70/30,5.0,0.001,701.0,288,2024-10-25,0.7,255,0.0,33.0,0.2721602143050968,0.2865339904621429,True,14.0,False,CONVERGENCE: RELATIVE REDUCTION OF F <= FACTR*EPSMCH,3.0,False,,
Expanded tau-alpha grid,Chronological 70/30,5.0,0.003,701.0,288,2024-10-25,0.7,255,0.0,33.0,0.27215778184445205,0.2869210497924158,True,14.0,False,CONVERGENCE: RELATIVE REDUCTION OF F <= FACTR*EPSMCH,3.0,False,,
Expanded tau-alpha grid,Chronological 70/30,5.0,0.01,701.0,288,2024-10-25,0.7,255,0.0,33.0,0.2721494635233326,0.28825398583719525,True,14.0,False,CONVERGENCE: RELATIVE REDUCTION OF F <= FACTR*EPSMCH,3.0,True,,
Expanded tau-alpha grid,Chronological 70/30,5.0,0.03,701.0,288,2024-10-25,0.7,254,0.0,34.0,0.2721163801017754,0.2919111358586597,True,14.0,False,CONVERGENCE: RELATIVE REDUCTION OF F <= FACTR*EPSMCH,3.0,False,,
Expanded tau-alpha grid,Chronological 70/30,5.0,0.1,701.0,288,2024-10-25,0.7,250,0.0,38.0,0.27185524392722626,0.3036628921498541,True,12.0,False,CONVERGENCE: NORM OF PROJECTED GRADIENT <= PGTOL,3.0,False,,
Expanded tau-alpha grid,Chronological 70/30,5.0,0.3,701.0,288,2024-10-25,0.7,248,0.0,40.0,0.2773867629295546,0.3315370815049444,True,14.0,False,CONVERGENCE: RELATIVE REDUCTION OF F <= FACTR*EPSMCH,1.0,False,,
Expanded tau-alpha grid,Chronological 70/30,5.0,1.0,701.0,288,2024-10-25,0.7,246,0.0,42.0,0.31329716484910075,0.36817437062028213,True,11.0,False,CONVERGENCE: RELATIVE REDUCTION OF F <= FACTR*EPSMCH,0.0,False,,
Expanded tau-alpha grid,Chronological 70/30,5.0,3.0,701.0,288,2024-10-25,0.7,242,0.0,46.0,0.34001352823791386,0.3874277707869661,True,10.0,False,CONVERGENCE: NORM OF PROJECTED GRADIENT <= PGTOL,0.0,False,,
Expanded tau-alpha grid,Chronological 70/30,5.0,10.0,701.0,288,2024-10-25,0.7,240,0.0,48.0,0.3548299699818076,0.39652679852771505,True,8.0,False,CONVERGENCE: NORM OF PROJECTED GRADIENT <= PGTOL,0.0,False,,
Expanded tau-alpha grid,Chronological 70/30,5.0,30.0,701.0,288,2024-10-25,0.7,240,0.0,48.0,0.3600165294240806,0.39949129569563124,True,7.0,False,CONVERGENCE: NORM OF PROJECTED GRADIENT <= PGTOL,0.0,False,,
Expanded tau-alpha grid,Chronological 70/30,10.0,0.0003,701.0,288,2024-10-25,0.7,249,0.0,39.0,0.31881743678070906,0.32971466557747203,True,10.0,False,CONVERGENCE: NORM OF PROJECTED GRADIENT <= PGTOL,6.0,False,,
Expanded tau-alpha grid,Chronological 70/30,10.0,0.001,701.0,288,2024-10-25,0.7,249,0.0,39.0,0.318813312437915,0.3298555086849733,True,10.0,False,CONVERGENCE: NORM OF PROJECTED GRADIENT <= PGTOL,6.0,False,,
Expanded tau-alpha grid,Chronological 70/30,10.0,0.003,701.0,288,2024-10-25,0.7,249,0.0,39.0,0.318802061518999,0.33025784370752376,True,10.0,False,CONVERGENCE: NORM OF PROJECTED GRADIENT <= PGTOL,6.0,False,,
Expanded tau-alpha grid,Chronological 70/30,10.0,0.01,701.0,288,2024-10-25,0.7,249,0.0,39.0,0.3187681147922412,0.3316652449549926,True,10.0,False,CONVERGENCE: NORM OF PROJECTED GRADIENT <= PGTOL,6.0,False,,
Expanded tau-alpha grid,Chronological 70/30,10.0,0.03,701.0,288,2024-10-25,0.7,248,0.0,40.0,0.31856737498000554,0.3356762780038773,True,9.0,False,CONVERGENCE: NORM OF PROJECTED GRADIENT <= PGTOL,5.0,False,,
Expanded tau-alpha grid,Chronological 70/30,10.0,0.1,701.0,288,2024-10-25,0.7,246,0.0,42.0,0.3195116970405935,0.3475500829902906,True,12.0,False,CONVERGENCE: NORM OF PROJECTED GRADIENT <= PGTOL,2.0,False,,
Expanded tau-alpha grid,Chronological 70/30,10.0,0.3,701.0,288,2024-10-25,0.7,244,0.0,44.0,0.33051716739447456,0.36740000679521934,True,11.0,False,CONVERGENCE: RELATIVE REDUCTION OF F <= FACTR*EPSMCH,1.0,False,,
Expanded tau-alpha grid,Chronological 70/30,10.0,1.0,701.0,288,2024-10-25,0.7,243,0.0,45.0,0.355290340886462,0.3860657142442012,True,9.0,False,CONVERGENCE: RELATIVE REDUCTION OF F <= FACTR*EPSMCH,0.0,False,,
Expanded tau-alpha grid,Chronological 70/30,10.0,3.0,701.0,288,2024-10-25,0.7,240,0.0,48.0,0.3668512909007111,0.3937676023408826,True,8.0,False,CONVERGENCE: RELATIVE REDUCTION OF F <= FACTR*EPSMCH,0.0,False,,
Expanded tau-alpha grid,Chronological 70/30,10.0,10.0,701.0,288,2024-10-25,0.7,240,0.0,48.0,0.37193477436469385,0.39694839286613137,True,7.0,False,CONVERGENCE: RELATIVE REDUCTION OF F <= FACTR*EPSMCH,0.0,False,,
Expanded tau-alpha grid,Chronological 70/30,10.0,30.0,701.0,288,2024-10-25,0.7,240,0.0,48.0,0.37352997785434544,0.3979194186490125,True,7.0,False,CONVERGENCE: NORM OF PROJECTED GRADIENT <= PGTOL,0.0,False,,
Expanded tau-alpha grid,Chronological 70/30,20.0,0.0003,701.0,288,2024-10-25,0.7,244,0.0,44.0,0.4060647961726067,0.4169003886675509,True,10.0,False,CONVERGENCE: NORM OF PROJECTED GRADIENT <= PGTOL,5.0,False,,
Expanded tau-alpha grid,Chronological 70/30,20.0,0.001,701.0,288,2024-10-25,0.7,244,0.0,44.0,0.40604583925144705,0.41699785060020633,True,11.0,False,CONVERGENCE: NORM OF PROJECTED GRADIENT <= PGTOL,5.0,False,,
Expanded tau-alpha grid,Chronological 70/30,20.0,0.003,701.0,288,2024-10-25,0.7,244,0.0,44.0,0.4059959766710553,0.41727470301871267,True,10.0,False,CONVERGENCE: NORM OF PROJECTED GRADIENT <= PGTOL,5.0,False,,
Expanded tau-alpha grid,Chronological 70/30,20.0,0.01,701.0,288,2024-10-25,0.7,244,0.0,44.0,0.4058588164355332,0.4182289576481307,True,9.0,False,CONVERGENCE: NORM OF PROJECTED GRADIENT <= PGTOL,5.0,False,,
Expanded tau-alpha grid,Chronological 70/30,20.0,0.03,701.0,288,2024-10-25,0.7,245,0.0,43.0,0.4056320976889107,0.42088247247882377,True,9.0,False,CONVERGENCE: NORM OF PROJECTED GRADIENT <= PGTOL,5.0,False,,
Expanded tau-alpha grid,Chronological 70/30,20.0,0.1,701.0,288,2024-10-25,0.7,244,0.0,44.0,0.40551609381524506,0.4298755807607609,True,10.0,False,CONVERGENCE: NORM OF PROJECTED GRADIENT <= PGTOL,4.0,False,,
Expanded tau-alpha grid,Chronological 70/30,20.0,0.3,701.0,288,2024-10-25,0.7,242,0.0,46.0,0.4191050597480036,0.4493695322871864,True,9.0,False,CONVERGENCE: RELATIVE REDUCTION OF F <= FACTR*EPSMCH,0.0,False,,
Expanded tau-alpha grid,Chronological 70/30,20.0,1.0,701.0,288,2024-10-25,0.7,240,0.0,48.0,0.443693130722769,0.46539907348994364,True,8.0,False,CONVERGENCE: NORM OF PROJECTED GRADIENT <= PGTOL,0.0,False,,
Expanded tau-alpha grid,Chronological 70/30,20.0,3.0,701.0,288,2024-10-25,0.7,238,0.0,50.0,0.45348504452756394,0.4712841675176695,True,7.0,False,CONVERGENCE: NORM OF PROJECTED GRADIENT <= PGTOL,0.0,False,,
Expanded tau-alpha grid,Chronological 70/30,20.0,10.0,701.0,288,2024-10-25,0.7,238,0.0,50.0,0.4574025219000048,0.4735534989220275,True,5.0,False,CONVERGENCE: NORM OF PROJECTED GRADIENT <= PGTOL,0.0,False,,
Expanded tau-alpha grid,Chronological 70/30,20.0,30.0,701.0,288,2024-10-25,0.7,238,0.0,50.0,0.4585790940164163,0.474225312520598,True,5.0,False,CONVERGENCE: NORM OF PROJECTED GRADIENT <= PGTOL,0.0,False,,
Multi-cutoff rolling-origin selection,Three-cutoff forward chaining,1.0,0.001,,443,,,384,,,0.439606993672639,,True,,,,,False,11.0,2024-01-19:522/133;2024-05-24:655/156;2024-12-26:811/154
Multi-cutoff rolling-origin selection,Three-cutoff forward chaining,1.0,0.003,,443,,,384,,,0.43962001106919957,,True,,,,,False,11.0,2024-01-19:522/133;2024-05-24:655/156;2024-12-26:811/154
Multi-cutoff rolling-origin selection,Three-cutoff forward chaining,1.0,0.01,,443,,,384,,,0.4396634231232824,,True,,,,,False,11.0,2024-01-19:522/133;2024-05-24:655/156;2024-12-26:811/154
Multi-cutoff rolling-origin selection,Three-cutoff forward chaining,1.0,0.03,,443,,,384,,,0.43977096900266,,True,,,,,False,11.0,2024-01-19:522/133;2024-05-24:655/156;2024-12-26:811/154
Multi-cutoff rolling-origin selection,Three-cutoff forward chaining,1.0,0.1,,443,,,386,,,0.4384505865013957,,True,,,,,False,9.0,2024-01-19:522/133;2024-05-24:655/156;2024-12-26:811/154
Multi-cutoff rolling-origin selection,Three-cutoff forward chaining,1.0,0.3,,443,,,385,,,0.43587701089990477,,True,,,,,False,9.0,2024-01-19:522/133;2024-05-24:655/156;2024-12-26:811/154
Multi-cutoff rolling-origin selection,Three-cutoff forward chaining,1.0,1.0,,443,,,388,,,0.4353189064331111,,True,,,,,False,9.0,2024-01-19:522/133;2024-05-24:655/156;2024-12-26:811/154
Multi-cutoff rolling-origin selection,Three-cutoff forward chaining,1.0,3.0,,443,,,378,,,0.5609582024578663,,True,,,,,False,0.0,2024-01-19:522/133;2024-05-24:655/156;2024-12-26:811/154
Multi-cutoff rolling-origin selection,Three-cutoff forward chaining,1.0,10.0,,443,,,378,,,0.7897684699970786,,True,,,,,False,0.0,2024-01-19:522/133;2024-05-24:655/156;2024-12-26:811/154
Multi-cutoff rolling-origin selection,Three-cutoff forward chaining,2.0,0.001,,443,,,388,,,0.2866105734513154,,True,,,,,False,12.0,2024-01-19:522/133;2024-05-24:655/156;2024-12-26:811/154
Multi-cutoff rolling-origin selection,Three-cutoff forward chaining,2.0,0.003,,443,,,388,,,0.28655372892498704,,True,,,,,False,12.0,2024-01-19:522/133;2024-05-24:655/156;2024-12-26:811/154
Multi-cutoff rolling-origin selection,Three-cutoff forward chaining,2.0,0.01,,443,,,388,,,0.28635992699352153,,True,,,,,False,12.0,2024-01-19:522/133;2024-05-24:655/156;2024-12-26:811/154
Multi-cutoff rolling-origin selection,Three-cutoff forward chaining,2.0,0.03,,443,,,388,,,0.2858472202133007,,True,,,,,False,12.0,2024-01-19:522/133;2024-05-24:655/156;2024-12-26:811/154
Multi-cutoff rolling-origin selection,Three-cutoff forward chaining,2.0,0.1,,443,,,389,,,0.2844315146707046,,True,,,,,False,12.0,2024-01-19:522/133;2024-05-24:655/156;2024-12-26:811/154
Multi-cutoff rolling-origin selection,Three-cutoff forward chaining,2.0,0.3,,443,,,388,,,0.2841972074655585,,True,,,,,False,9.0,2024-01-19:522/133;2024-05-24:655/156;2024-12-26:811/154
Multi-cutoff rolling-origin selection,Three-cutoff forward chaining,2.0,1.0,,443,,,386,,,0.30750965865432583,,True,,,,,False,3.0,2024-01-19:522/133;2024-05-24:655/156;2024-12-26:811/154
Multi-cutoff rolling-origin selection,Three-cutoff forward chaining,2.0,3.0,,443,,,380,,,0.4100747201629474,,True,,,,,False,0.0,2024-01-19:522/133;2024-05-24:655/156;2024-12-26:811/154
Multi-cutoff rolling-origin selection,Three-cutoff forward chaining,2.0,10.0,,443,,,376,,,0.4844145818061027,,True,,,,,False,0.0,2024-01-19:522/133;2024-05-24:655/156;2024-12-26:811/154
Multi-cutoff rolling-origin selection,Three-cutoff forward chaining,3.0,0.001,,443,,,388,,,0.25625828291586233,,True,,,,,False,12.0,2024-01-19:522/133;2024-05-24:655/156;2024-12-26:811/154
Multi-cutoff rolling-origin selection,Three-cutoff forward chaining,3.0,0.003,,443,,,388,,,0.2562209311783327,,True,,,,,False,12.0,2024-01-19:522/133;2024-05-24:655/156;2024-12-26:811/154
Multi-cutoff rolling-origin selection,Three-cutoff forward chaining,3.0,0.01,,443,,,388,,,0.2560940618447948,,True,,,,,False,12.0,2024-01-19:522/133;2024-05-24:655/156;2024-12-26:811/154
Multi-cutoff rolling-origin selection,Three-cutoff forward chaining,3.0,0.03,,443,,,388,,,0.2557623920259076,,True,,,,,False,12.0,2024-01-19:522/133;2024-05-24:655/156;2024-12-26:811/154
Multi-cutoff rolling-origin selection,Three-cutoff forward chaining,3.0,0.1,,443,,,390,,,0.2548711308568332,,True,,,,,False,12.0,2024-01-19:522/133;2024-05-24:655/156;2024-12-26:811/154
Multi-cutoff rolling-origin selection,Three-cutoff forward chaining,3.0,0.3,,443,,,389,,,0.25448165806587975,,True,,,,,False,6.0,2024-01-19:522/133;2024-05-24:655/156;2024-12-26:811/154
Multi-cutoff rolling-origin selection,Three-cutoff forward chaining,3.0,1.0,,443,,,383,,,0.2961293537649157,,True,,,,,False,0.0,2024-01-19:522/133;2024-05-24:655/156;2024-12-26:811/154
Multi-cutoff rolling-origin selection,Three-cutoff forward chaining,3.0,3.0,,443,,,379,,,0.35156299853531897,,True,,,,,False,0.0,2024-01-19:522/133;2024-05-24:655/156;2024-12-26:811/154
Multi-cutoff rolling-origin selection,Three-cutoff forward chaining,3.0,10.0,,443,,,375,,,0.3879527628554783,,True,,,,,False,0.0,2024-01-19:522/133;2024-05-24:655/156;2024-12-26:811/154
Multi-cutoff rolling-origin selection,Three-cutoff forward chaining,5.0,0.001,,443,,,396,,,0.25806032973597504,,True,,,,,False,10.0,2024-01-19:522/133;2024-05-24:655/156;2024-12-26:811/154
Multi-cutoff rolling-origin selection,Three-cutoff forward chaining,5.0,0.003,,443,,,396,,,0.2580406082502869,,True,,,,,True,9.0,2024-01-19:522/133;2024-05-24:655/156;2024-12-26:811/154
Multi-cutoff rolling-origin selection,Three-cutoff forward chaining,5.0,0.01,,443,,,395,,,0.2580064089745684,,True,,,,,False,9.0,2024-01-19:522/133;2024-05-24:655/156;2024-12-26:811/154
Multi-cutoff rolling-origin selection,Three-cutoff forward chaining,5.0,0.03,,443,,,392,,,0.2580018674780155,,True,,,,,False,9.0,2024-01-19:522/133;2024-05-24:655/156;2024-12-26:811/154
Multi-cutoff rolling-origin selection,Three-cutoff forward chaining,5.0,0.1,,443,,,390,,,0.25834588278165355,,True,,,,,False,9.0,2024-01-19:522/133;2024-05-24:655/156;2024-12-26:811/154
Multi-cutoff rolling-origin selection,Three-cutoff forward chaining,5.0,0.3,,443,,,387,,,0.2648480235674411,,True,,,,,False,4.0,2024-01-19:522/133;2024-05-24:655/156;2024-12-26:811/154
Multi-cutoff rolling-origin selection,Three-cutoff forward chaining,5.0,1.0,,443,,,381,,,0.2980992296163875,,True,,,,,False,0.0,2024-01-19:522/133;2024-05-24:655/156;2024-12-26:811/154
Multi-cutoff rolling-origin selection,Three-cutoff forward chaining,5.0,3.0,,443,,,378,,,0.322676522835128,,True,,,,,False,0.0,2024-01-19:522/133;2024-05-24:655/156;2024-12-26:811/154
Multi-cutoff rolling-origin selection,Three-cutoff forward chaining,5.0,10.0,,443,,,376,,,0.3366001208455258,,True,,,,,False,0.0,2024-01-19:522/133;2024-05-24:655/156;2024-12-26:811/154
Multi-cutoff rolling-origin selection,Three-cutoff forward chaining,10.0,0.001,,443,,,388,,,0.31103538415246373,,True,,,,,False,18.0,2024-01-19:522/133;2024-05-24:655/156;2024-12-26:811/154
Multi-cutoff rolling-origin selection,Three-cutoff forward chaining,10.0,0.003,,443,,,389,,,0.31099128255873304,,True,,,,,False,18.0,2024-01-19:522/133;2024-05-24:655/156;2024-12-26:811/154
Multi-cutoff rolling-origin selection,Three-cutoff forward chaining,10.0,0.01,,443,,,389,,,0.3108538826369659,,True,,,,,False,18.0,2024-01-19:522/133;2024-05-24:655/156;2024-12-26:811/154
Multi-cutoff rolling-origin selection,Three-cutoff forward chaining,10.0,0.03,,443,,,389,,,0.31059427466529993,,True,,,,,False,16.0,2024-01-19:522/133;2024-05-24:655/156;2024-12-26:811/154
Multi-cutoff rolling-origin selection,Three-cutoff forward chaining,10.0,0.1,,443,,,386,,,0.3110031294970738,,True,,,,,False,9.0,2024-01-19:522/133;2024-05-24:655/156;2024-12-26:811/154
Multi-cutoff rolling-origin selection,Three-cutoff forward chaining,10.0,0.3,,443,,,384,,,0.32140585041559283,,True,,,,,False,2.0,2024-01-19:522/133;2024-05-24:655/156;2024-12-26:811/154
Multi-cutoff rolling-origin selection,Three-cutoff forward chaining,10.0,1.0,,443,,,380,,,0.34635949411141764,,True,,,,,False,0.0,2024-01-19:522/133;2024-05-24:655/156;2024-12-26:811/154
Multi-cutoff rolling-origin selection,Three-cutoff forward chaining,10.0,3.0,,443,,,376,,,0.35830500651834024,,True,,,,,False,0.0,2024-01-19:522/133;2024-05-24:655/156;2024-12-26:811/154
Multi-cutoff rolling-origin selection,Three-cutoff forward chaining,10.0,10.0,,443,,,376,,,0.36361670916265354,,True,,,,,False,0.0,2024-01-19:522/133;2024-05-24:655/156;2024-12-26:811/154
Overtime excluded,Chronological 70/30,1.0,0.001,666.0,277,2024-10-25,0.7,242,0.0,35.0,0.47252541969333844,0.5033495523635598,True,19.0,False,CONVERGENCE: RELATIVE REDUCTION OF F <= FACTR*EPSMCH,3.0,False,,
Overtime excluded,Chronological 70/30,1.0,0.003,666.0,277,2024-10-25,0.7,242,0.0,35.0,0.4724985911108419,0.5036966646664013,True,19.0,False,CONVERGENCE: RELATIVE REDUCTION OF F <= FACTR*EPSMCH,3.0,False,,
Overtime excluded,Chronological 70/30,1.0,0.01,666.0,277,2024-10-25,0.7,242,0.0,35.0,0.472406735694111,0.5049077726888113,True,20.0,False,CONVERGENCE: RELATIVE REDUCTION OF F <= FACTR*EPSMCH,3.0,False,,
Overtime excluded,Chronological 70/30,1.0,0.03,666.0,277,2024-10-25,0.7,241,0.0,36.0,0.47216068497677544,0.508337269591618,True,18.0,False,CONVERGENCE: RELATIVE REDUCTION OF F <= FACTR*EPSMCH,3.0,False,,
Overtime excluded,Chronological 70/30,1.0,0.1,666.0,277,2024-10-25,0.7,241,0.0,36.0,0.47147053061253497,0.5200316426594349,True,17.0,False,CONVERGENCE: RELATIVE REDUCTION OF F <= FACTR*EPSMCH,3.0,False,,
Overtime excluded,Chronological 70/30,1.0,0.3,666.0,277,2024-10-25,0.7,239,0.0,38.0,0.4705914487107403,0.5515785734933482,True,16.0,False,CONVERGENCE: NORM OF PROJECTED GRADIENT <= PGTOL,3.0,False,,
Overtime excluded,Chronological 70/30,1.0,1.0,666.0,277,2024-10-25,0.7,239,0.0,38.0,0.4726705913027268,0.6518349536412277,True,14.0,False,CONVERGENCE: NORM OF PROJECTED GRADIENT <= PGTOL,3.0,False,,
Overtime excluded,Chronological 70/30,1.0,3.0,666.0,277,2024-10-25,0.7,236,0.0,41.0,0.6323259041972387,0.8449627868010946,True,12.0,False,CONVERGENCE: RELATIVE REDUCTION OF F <= FACTR*EPSMCH,0.0,False,,
Overtime excluded,Chronological 70/30,1.0,10.0,666.0,277,2024-10-25,0.7,235,0.0,42.0,0.8723086688083912,0.9870555227468254,True,9.0,False,CONVERGENCE: RELATIVE REDUCTION OF F <= FACTR*EPSMCH,0.0,False,,
Overtime excluded,Chronological 70/30,2.0,0.001,666.0,277,2024-10-25,0.7,243,0.0,34.0,0.30892628538202993,0.3128738001911946,True,17.0,False,CONVERGENCE: RELATIVE REDUCTION OF F <= FACTR*EPSMCH,4.0,False,,
Overtime excluded,Chronological 70/30,2.0,0.003,666.0,277,2024-10-25,0.7,243,0.0,34.0,0.3088841111259703,0.3132017097396476,True,17.0,False,CONVERGENCE: RELATIVE REDUCTION OF F <= FACTR*EPSMCH,4.0,False,,
Overtime excluded,Chronological 70/30,2.0,0.01,666.0,277,2024-10-25,0.7,243,0.0,34.0,0.3087403375956208,0.31434769407550006,True,17.0,False,CONVERGENCE: NORM OF PROJECTED GRADIENT <= PGTOL,4.0,False,,
Overtime excluded,Chronological 70/30,2.0,0.03,666.0,277,2024-10-25,0.7,243,0.0,34.0,0.30835967030009354,0.3176082998694108,True,16.0,False,CONVERGENCE: NORM OF PROJECTED GRADIENT <= PGTOL,4.0,False,,
Overtime excluded,Chronological 70/30,2.0,0.1,666.0,277,2024-10-25,0.7,243,0.0,34.0,0.30729526547655867,0.3288907418665487,True,16.0,False,CONVERGENCE: RELATIVE REDUCTION OF F <= FACTR*EPSMCH,4.0,False,,
Overtime excluded,Chronological 70/30,2.0,0.3,666.0,277,2024-10-25,0.7,242,0.0,35.0,0.3071157681083527,0.36001532449943363,True,15.0,False,CONVERGENCE: NORM OF PROJECTED GRADIENT <= PGTOL,3.0,False,,
Overtime excluded,Chronological 70/30,2.0,1.0,666.0,277,2024-10-25,0.7,239,0.0,38.0,0.33998013127635335,0.44629798125384934,True,14.0,False,CONVERGENCE: NORM OF PROJECTED GRADIENT <= PGTOL,0.0,False,,
Overtime excluded,Chronological 70/30,2.0,3.0,666.0,277,2024-10-25,0.7,235,0.0,42.0,0.4507944495984571,0.5250476894100982,True,11.0,False,CONVERGENCE: RELATIVE REDUCTION OF F <= FACTR*EPSMCH,0.0,False,,
Overtime excluded,Chronological 70/30,2.0,10.0,666.0,277,2024-10-25,0.7,233,0.0,44.0,0.5301027997536356,0.5691400131387182,True,9.0,False,CONVERGENCE: NORM OF PROJECTED GRADIENT <= PGTOL,0.0,False,,
Overtime excluded,Chronological 70/30,3.0,0.001,666.0,277,2024-10-25,0.7,243,0.0,34.0,0.27481434332809523,0.27131166605088963,True,13.0,False,CONVERGENCE: RELATIVE REDUCTION OF F <= FACTR*EPSMCH,4.0,False,,
Overtime excluded,Chronological 70/30,3.0,0.003,666.0,277,2024-10-25,0.7,243,0.0,34.0,0.27478300103704606,0.2716265442263354,True,13.0,False,CONVERGENCE: NORM OF PROJECTED GRADIENT <= PGTOL,4.0,False,,
Overtime excluded,Chronological 70/30,3.0,0.01,666.0,277,2024-10-25,0.7,243,0.0,34.0,0.27467564890151364,0.2727280425105669,True,13.0,False,CONVERGENCE: RELATIVE REDUCTION OF F <= FACTR*EPSMCH,4.0,False,,
Overtime excluded,Chronological 70/30,3.0,0.03,666.0,277,2024-10-25,0.7,243,0.0,34.0,0.2743873566605974,0.27587052791539796,True,13.0,False,CONVERGENCE: NORM OF PROJECTED GRADIENT <= PGTOL,4.0,False,,
Overtime excluded,Chronological 70/30,3.0,0.1,666.0,277,2024-10-25,0.7,243,0.0,34.0,0.27354546464500995,0.2868236090705401,True,14.0,False,CONVERGENCE: NORM OF PROJECTED GRADIENT <= PGTOL,4.0,False,,
Overtime excluded,Chronological 70/30,3.0,0.3,666.0,277,2024-10-25,0.7,242,0.0,35.0,0.2712477499446558,0.3176500235051595,True,14.0,False,CONVERGENCE: RELATIVE REDUCTION OF F <= FACTR*EPSMCH,2.0,False,,
Overtime excluded,Chronological 70/30,3.0,1.0,666.0,277,2024-10-25,0.7,237,0.0,40.0,0.3203707703175843,0.3800198703907101,True,11.0,False,CONVERGENCE: RELATIVE REDUCTION OF F <= FACTR*EPSMCH,0.0,False,,
Overtime excluded,Chronological 70/30,3.0,3.0,666.0,277,2024-10-25,0.7,235,0.0,42.0,0.38059239714083987,0.4208562494898803,True,10.0,False,CONVERGENCE: RELATIVE REDUCTION OF F <= FACTR*EPSMCH,0.0,False,,
Overtime excluded,Chronological 70/30,3.0,10.0,666.0,277,2024-10-25,0.7,232,0.0,45.0,0.4192163119754563,0.4423040334167722,True,8.0,False,CONVERGENCE: RELATIVE REDUCTION OF F <= FACTR*EPSMCH,0.0,False,,
Overtime excluded,Chronological 70/30,5.0,0.001,666.0,277,2024-10-25,0.7,244,0.0,33.0,0.2707327004715244,0.2656539484376927,True,14.0,False,CONVERGENCE: RELATIVE REDUCTION OF F <= FACTR*EPSMCH,3.0,True,,
Overtime excluded,Chronological 70/30,5.0,0.003,666.0,277,2024-10-25,0.7,243,0.0,34.0,0.2707147107926708,0.2660603938865523,True,14.0,False,CONVERGENCE: NORM OF PROJECTED GRADIENT <= PGTOL,3.0,False,,
Overtime excluded,Chronological 70/30,5.0,0.01,666.0,277,2024-10-25,0.7,243,0.0,34.0,0.2706616279071723,0.2674538506694816,True,14.0,False,CONVERGENCE: NORM OF PROJECTED GRADIENT <= PGTOL,3.0,False,,
Overtime excluded,Chronological 70/30,5.0,0.03,666.0,277,2024-10-25,0.7,243,0.0,34.0,0.2705536400559632,0.2712375641231897,True,14.0,False,CONVERGENCE: NORM OF PROJECTED GRADIENT <= PGTOL,3.0,False,,
Overtime excluded,Chronological 70/30,5.0,0.1,666.0,277,2024-10-25,0.7,242,0.0,35.0,0.27023558279437965,0.2831801253525369,True,13.0,False,CONVERGENCE: RELATIVE REDUCTION OF F <= FACTR*EPSMCH,3.0,False,,
Overtime excluded,Chronological 70/30,5.0,0.3,666.0,277,2024-10-25,0.7,241,0.0,36.0,0.2777785330756309,0.31010624093937317,True,13.0,False,CONVERGENCE: RELATIVE REDUCTION OF F <= FACTR*EPSMCH,1.0,False,,
Overtime excluded,Chronological 70/30,5.0,1.0,666.0,277,2024-10-25,0.7,238,0.0,39.0,0.31401160581755083,0.343429701776791,True,9.0,False,CONVERGENCE: RELATIVE REDUCTION OF F <= FACTR*EPSMCH,0.0,False,,
Overtime excluded,Chronological 70/30,5.0,3.0,666.0,277,2024-10-25,0.7,234,0.0,43.0,0.34033057535350547,0.3609356526674649,True,10.0,False,CONVERGENCE: NORM OF PROJECTED GRADIENT <= PGTOL,0.0,False,,
Overtime excluded,Chronological 70/30,5.0,10.0,666.0,277,2024-10-25,0.7,232,0.0,45.0,0.35487190534284496,0.3692862587648745,True,8.0,False,CONVERGENCE: NORM OF PROJECTED GRADIENT <= PGTOL,0.0,False,,
Overtime excluded,Chronological 70/30,10.0,0.001,666.0,277,2024-10-25,0.7,238,0.0,39.0,0.31741715009402,0.3151514038012766,True,10.0,False,CONVERGENCE: NORM OF PROJECTED GRADIENT <= PGTOL,6.0,False,,
Overtime excluded,Chronological 70/30,10.0,0.003,666.0,277,2024-10-25,0.7,238,0.0,39.0,0.31740224147497786,0.3155590719439731,True,10.0,False,CONVERGENCE: NORM OF PROJECTED GRADIENT <= PGTOL,6.0,False,,
Overtime excluded,Chronological 70/30,10.0,0.01,666.0,277,2024-10-25,0.7,239,0.0,38.0,0.3173279547279194,0.3169832677491287,True,10.0,False,CONVERGENCE: RELATIVE REDUCTION OF F <= FACTR*EPSMCH,5.0,False,,
Overtime excluded,Chronological 70/30,10.0,0.03,666.0,277,2024-10-25,0.7,237,0.0,40.0,0.316873431371644,0.32092241001884786,True,11.0,False,CONVERGENCE: NORM OF PROJECTED GRADIENT <= PGTOL,5.0,False,,
Overtime excluded,Chronological 70/30,10.0,0.1,666.0,277,2024-10-25,0.7,236,0.0,41.0,0.3183518037979259,0.33227172659423726,True,12.0,False,CONVERGENCE: NORM OF PROJECTED GRADIENT <= PGTOL,3.0,False,,
Overtime excluded,Chronological 70/30,10.0,0.3,666.0,277,2024-10-25,0.7,236,0.0,41.0,0.32912311927260784,0.3516195998836822,True,10.0,False,CONVERGENCE: RELATIVE REDUCTION OF F <= FACTR*EPSMCH,1.0,False,,
Overtime excluded,Chronological 70/30,10.0,1.0,666.0,277,2024-10-25,0.7,235,0.0,42.0,0.3544123721905986,0.3706540244144341,True,9.0,False,CONVERGENCE: RELATIVE REDUCTION OF F <= FACTR*EPSMCH,0.0,False,,
Overtime excluded,Chronological 70/30,10.0,3.0,666.0,277,2024-10-25,0.7,232,0.0,45.0,0.3663535665194048,0.3785887886297459,True,8.0,False,CONVERGENCE: NORM OF PROJECTED GRADIENT <= PGTOL,0.0,False,,
Overtime excluded,Chronological 70/30,10.0,10.0,666.0,277,2024-10-25,0.7,232,0.0,45.0,0.37162089847297836,0.3818812719956219,True,6.0,False,CONVERGENCE: RELATIVE REDUCTION OF F <= FACTR*EPSMCH,0.0,False,,
Pace-normalized calibration contrasts,Chronological 70/30,1.0,0.001,701.0,288,2024-10-25,0.7,249,0.0,39.0,0.4535568549390256,0.5621634480511571,True,18.0,False,CONVERGENCE: RELATIVE REDUCTION OF F <= FACTR*EPSMCH,3.0,False,,
Pace-normalized calibration contrasts,Chronological 70/30,1.0,0.003,701.0,288,2024-10-25,0.7,249,0.0,39.0,0.4535267084812966,0.5625051151754425,True,18.0,False,CONVERGENCE: RELATIVE REDUCTION OF F <= FACTR*EPSMCH,3.0,False,,
Pace-normalized calibration contrasts,Chronological 70/30,1.0,0.01,701.0,288,2024-10-25,0.7,250,0.0,38.0,0.45342341898032107,0.5636976684352837,True,18.0,False,CONVERGENCE: RELATIVE REDUCTION OF F <= FACTR*EPSMCH,3.0,False,,
Pace-normalized calibration contrasts,Chronological 70/30,1.0,0.03,701.0,288,2024-10-25,0.7,250,0.0,38.0,0.4531465515625778,0.5670780332472686,True,18.0,False,CONVERGENCE: RELATIVE REDUCTION OF F <= FACTR*EPSMCH,3.0,False,,
Pace-normalized calibration contrasts,Chronological 70/30,1.0,0.1,701.0,288,2024-10-25,0.7,250,0.0,38.0,0.452364626360527,0.5786338494575485,True,17.0,False,CONVERGENCE: RELATIVE REDUCTION OF F <= FACTR*EPSMCH,3.0,False,,
Pace-normalized calibration contrasts,Chronological 70/30,1.0,0.3,701.0,288,2024-10-25,0.7,248,0.0,40.0,0.45128725684826443,0.6099329454636097,True,16.0,False,CONVERGENCE: NORM OF PROJECTED GRADIENT <= PGTOL,3.0,False,,
Pace-normalized calibration contrasts,Chronological 70/30,1.0,1.0,701.0,288,2024-10-25,0.7,247,0.0,41.0,0.4528719839178901,0.709811121500693,True,14.0,False,CONVERGENCE: RELATIVE REDUCTION OF F <= FACTR*EPSMCH,3.0,False,,
Pace-normalized calibration contrasts,Chronological 70/30,1.0,3.0,701.0,288,2024-10-25,0.7,244,0.0,44.0,0.5883712913924277,0.9170935989239396,True,12.0,False,CONVERGENCE: RELATIVE REDUCTION OF F <= FACTR*EPSMCH,0.0,False,,
Pace-normalized calibration contrasts,Chronological 70/30,1.0,10.0,701.0,288,2024-10-25,0.7,243,0.0,45.0,0.829713236924777,1.0763954755098615,True,9.0,False,CONVERGENCE: RELATIVE REDUCTION OF F <= FACTR*EPSMCH,0.0,False,,
Pace-normalized calibration contrasts,Chronological 70/30,2.0,0.001,701.0,288,2024-10-25,0.7,252,0.0,36.0,0.30161198110661197,0.3450080099561188,True,17.0,False,CONVERGENCE: NORM OF PROJECTED GRADIENT <= PGTOL,4.0,False,,
Pace-normalized calibration contrasts,Chronological 70/30,2.0,0.003,701.0,288,2024-10-25,0.7,252,0.0,36.0,0.3015669798915178,0.34533757362587947,True,17.0,False,CONVERGENCE: NORM OF PROJECTED GRADIENT <= PGTOL,4.0,False,,
Pace-normalized calibration contrasts,Chronological 70/30,2.0,0.01,701.0,288,2024-10-25,0.7,252,0.0,36.0,0.3014139256164801,0.34648908910117804,True,17.0,False,CONVERGENCE: NORM OF PROJECTED GRADIENT <= PGTOL,4.0,False,,
Pace-normalized calibration contrasts,Chronological 70/30,2.0,0.03,701.0,288,2024-10-25,0.7,253,0.0,35.0,0.30101167044725013,0.3497634224599344,True,17.0,False,CONVERGENCE: NORM OF PROJECTED GRADIENT <= PGTOL,4.0,False,,
Pace-normalized calibration contrasts,Chronological 70/30,2.0,0.1,701.0,288,2024-10-25,0.7,253,0.0,35.0,0.2999177089876192,0.36107429433715094,True,16.0,False,CONVERGENCE: NORM OF PROJECTED GRADIENT <= PGTOL,4.0,False,,
Pace-normalized calibration contrasts,Chronological 70/30,2.0,0.3,701.0,288,2024-10-25,0.7,251,0.0,37.0,0.30029871016604426,0.3919557488618794,True,15.0,False,CONVERGENCE: NORM OF PROJECTED GRADIENT <= PGTOL,3.0,False,,
Pace-normalized calibration contrasts,Chronological 70/30,2.0,1.0,701.0,288,2024-10-25,0.7,247,0.0,41.0,0.324752288148112,0.4805000891068565,True,14.0,False,CONVERGENCE: RELATIVE REDUCTION OF F <= FACTR*EPSMCH,0.0,False,,
Pace-normalized calibration contrasts,Chronological 70/30,2.0,3.0,701.0,288,2024-10-25,0.7,243,0.0,45.0,0.43275748238197664,0.568446989908713,True,10.0,False,CONVERGENCE: RELATIVE REDUCTION OF F <= FACTR*EPSMCH,0.0,False,,
Pace-normalized calibration contrasts,Chronological 70/30,2.0,10.0,701.0,288,2024-10-25,0.7,241,0.0,47.0,0.5108729036700486,0.6169888902625453,True,9.0,False,CONVERGENCE: NORM OF PROJECTED GRADIENT <= PGTOL,0.0,False,,
Pace-normalized calibration contrasts,Chronological 70/30,3.0,0.001,701.0,288,2024-10-25,0.7,252,0.0,36.0,0.2719538509660706,0.2956790930483662,True,13.0,False,CONVERGENCE: NORM OF PROJECTED GRADIENT <= PGTOL,4.0,False,,
Pace-normalized calibration contrasts,Chronological 70/30,3.0,0.003,701.0,288,2024-10-25,0.7,252,0.0,36.0,0.2719268247553328,0.29599131774477105,True,13.0,False,CONVERGENCE: NORM OF PROJECTED GRADIENT <= PGTOL,4.0,False,,
Pace-normalized calibration contrasts,Chronological 70/30,3.0,0.01,701.0,288,2024-10-25,0.7,252,0.0,36.0,0.2718346996869403,0.29708358474122964,True,13.0,False,CONVERGENCE: RELATIVE REDUCTION OF F <= FACTR*EPSMCH,4.0,False,,
Pace-normalized calibration contrasts,Chronological 70/30,3.0,0.03,701.0,288,2024-10-25,0.7,252,0.0,36.0,0.27159057610026716,0.30020019445273083,True,14.0,False,CONVERGENCE: RELATIVE REDUCTION OF F <= FACTR*EPSMCH,4.0,False,,
Pace-normalized calibration contrasts,Chronological 70/30,3.0,0.1,701.0,288,2024-10-25,0.7,251,0.0,37.0,0.27090273180597546,0.3110687423284124,True,15.0,False,CONVERGENCE: NORM OF PROJECTED GRADIENT <= PGTOL,4.0,False,,
Pace-normalized calibration contrasts,Chronological 70/30,3.0,0.3,701.0,288,2024-10-25,0.7,250,0.0,38.0,0.2699023221286914,0.3418040118556696,True,13.0,False,CONVERGENCE: RELATIVE REDUCTION OF F <= FACTR*EPSMCH,2.0,False,,
Pace-normalized calibration contrasts,Chronological 70/30,3.0,1.0,701.0,288,2024-10-25,0.7,246,0.0,42.0,0.31266316284425727,0.4079114310691935,True,12.0,False,CONVERGENCE: RELATIVE REDUCTION OF F <= FACTR*EPSMCH,0.0,False,,
Pace-normalized calibration contrasts,Chronological 70/30,3.0,3.0,701.0,288,2024-10-25,0.7,243,0.0,45.0,0.3708293053587724,0.4526292995095478,True,10.0,False,CONVERGENCE: RELATIVE REDUCTION OF F <= FACTR*EPSMCH,0.0,False,,
Pace-normalized calibration contrasts,Chronological 70/30,3.0,10.0,701.0,288,2024-10-25,0.7,240,0.0,48.0,0.40822245097103704,0.47581109504546987,True,8.0,False,CONVERGENCE: RELATIVE REDUCTION OF F <= FACTR*EPSMCH,0.0,False,,
Pace-normalized calibration contrasts,Chronological 70/30,5.0,0.001,701.0,288,2024-10-25,0.7,255,0.0,33.0,0.2721489175358827,0.2850973297138348,True,13.0,False,CONVERGENCE: NORM OF PROJECTED GRADIENT <= PGTOL,3.0,False,,
Pace-normalized calibration contrasts,Chronological 70/30,5.0,0.003,701.0,288,2024-10-25,0.7,255,0.0,33.0,0.2721643750868838,0.2854928946607326,True,14.0,False,CONVERGENCE: RELATIVE REDUCTION OF F <= FACTR*EPSMCH,3.0,True,,
Pace-normalized calibration contrasts,Chronological 70/30,5.0,0.01,701.0,288,2024-10-25,0.7,254,0.0,34.0,0.272216198983577,0.28685205883954523,True,14.0,False,CONVERGENCE: RELATIVE REDUCTION OF F <= FACTR*EPSMCH,3.0,False,,
Pace-normalized calibration contrasts,Chronological 70/30,5.0,0.03,701.0,288,2024-10-25,0.7,254,0.0,34.0,0.27233496896431375,0.2905617023169484,True,13.0,False,CONVERGENCE: RELATIVE REDUCTION OF F <= FACTR*EPSMCH,3.0,False,,
Pace-normalized calibration contrasts,Chronological 70/30,5.0,0.1,701.0,288,2024-10-25,0.7,250,0.0,38.0,0.2724455196818194,0.3023749642491426,True,12.0,False,CONVERGENCE: RELATIVE REDUCTION OF F <= FACTR*EPSMCH,3.0,False,,
Pace-normalized calibration contrasts,Chronological 70/30,5.0,0.3,701.0,288,2024-10-25,0.7,248,0.0,40.0,0.27869525350594976,0.32986568521087634,True,14.0,False,CONVERGENCE: RELATIVE REDUCTION OF F <= FACTR*EPSMCH,1.0,False,,
Pace-normalized calibration contrasts,Chronological 70/30,5.0,1.0,701.0,288,2024-10-25,0.7,245,0.0,43.0,0.3126982757552189,0.3648560263531782,True,11.0,False,CONVERGENCE: RELATIVE REDUCTION OF F <= FACTR*EPSMCH,0.0,False,,
Pace-normalized calibration contrasts,Chronological 70/30,5.0,3.0,701.0,288,2024-10-25,0.7,242,0.0,46.0,0.3375518255064299,0.3831561501234963,True,10.0,False,CONVERGENCE: NORM OF PROJECTED GRADIENT <= PGTOL,0.0,False,,
Pace-normalized calibration contrasts,Chronological 70/30,5.0,10.0,701.0,288,2024-10-25,0.7,240,0.0,48.0,0.35123809740077405,0.39179470105323827,True,8.0,False,CONVERGENCE: NORM OF PROJECTED GRADIENT <= PGTOL,0.0,False,,
Pace-normalized calibration contrasts,Chronological 70/30,10.0,0.001,701.0,288,2024-10-25,0.7,249,0.0,39.0,0.3228965354935212,0.3307921778333231,True,10.0,False,CONVERGENCE: NORM OF PROJECTED GRADIENT <= PGTOL,6.0,False,,
Pace-normalized calibration contrasts,Chronological 70/30,10.0,0.003,701.0,288,2024-10-25,0.7,249,0.0,39.0,0.3228871132398336,0.3311957633633978,True,10.0,False,CONVERGENCE: NORM OF PROJECTED GRADIENT <= PGTOL,6.0,False,,
Pace-normalized calibration contrasts,Chronological 70/30,10.0,0.01,701.0,288,2024-10-25,0.7,249,0.0,39.0,0.32286038687698987,0.33260718555037366,True,10.0,False,CONVERGENCE: NORM OF PROJECTED GRADIENT <= PGTOL,6.0,False,,
Pace-normalized calibration contrasts,Chronological 70/30,10.0,0.03,701.0,288,2024-10-25,0.7,248,0.0,40.0,0.3224096298307591,0.3365938331716655,True,10.0,False,CONVERGENCE: RELATIVE REDUCTION OF F <= FACTR*EPSMCH,5.0,False,,
Pace-normalized calibration contrasts,Chronological 70/30,10.0,0.1,701.0,288,2024-10-25,0.7,246,0.0,42.0,0.32313005751682844,0.3481378262937349,True,12.0,False,CONVERGENCE: NORM OF PROJECTED GRADIENT <= PGTOL,3.0,False,,
Pace-normalized calibration contrasts,Chronological 70/30,10.0,0.3,701.0,288,2024-10-25,0.7,244,0.0,44.0,0.3339801465387942,0.3677772295259633,True,10.0,False,CONVERGENCE: RELATIVE REDUCTION OF F <= FACTR*EPSMCH,0.0,False,,
Pace-normalized calibration contrasts,Chronological 70/30,10.0,1.0,701.0,288,2024-10-25,0.7,243,0.0,45.0,0.35845008343405443,0.3862083532814635,True,9.0,False,CONVERGENCE: RELATIVE REDUCTION OF F <= FACTR*EPSMCH,0.0,False,,
Pace-normalized calibration contrasts,Chronological 70/30,10.0,3.0,701.0,288,2024-10-25,0.7,240,0.0,48.0,0.3697637291026793,0.3937896207024605,True,8.0,False,CONVERGENCE: NORM OF PROJECTED GRADIENT <= PGTOL,0.0,False,,
Pace-normalized calibration contrasts,Chronological 70/30,10.0,10.0,701.0,288,2024-10-25,0.7,240,0.0,48.0,0.3747161778994298,0.3969137062679904,True,7.0,False,CONVERGENCE: RELATIVE REDUCTION OF F <= FACTR*EPSMCH,0.0,False,,
Unrestricted action groups,Chronological 70/30,1.0,0.001,701.0,288,2024-10-25,0.7,250,0.0,38.0,0.4698322915611601,0.5788598365943193,True,16.0,False,CONVERGENCE: RELATIVE REDUCTION OF F <= FACTR*EPSMCH,5.0,False,,
Unrestricted action groups,Chronological 70/30,1.0,0.003,701.0,288,2024-10-25,0.7,250,0.0,38.0,0.46980391239559655,0.5792043264858028,True,16.0,False,CONVERGENCE: RELATIVE REDUCTION OF F <= FACTR*EPSMCH,5.0,False,,
Unrestricted action groups,Chronological 70/30,1.0,0.01,701.0,288,2024-10-25,0.7,250,0.0,38.0,0.4697070982091437,0.5804067236676921,True,15.0,False,CONVERGENCE: NORM OF PROJECTED GRADIENT <= PGTOL,5.0,False,,
Unrestricted action groups,Chronological 70/30,1.0,0.03,701.0,288,2024-10-25,0.7,250,0.0,38.0,0.46945042998849945,0.58381491326224,True,16.0,False,CONVERGENCE: RELATIVE REDUCTION OF F <= FACTR*EPSMCH,5.0,False,,
Unrestricted action groups,Chronological 70/30,1.0,0.1,701.0,288,2024-10-25,0.7,250,0.0,38.0,0.46874922820942594,0.5954647411767263,True,16.0,False,CONVERGENCE: RELATIVE REDUCTION OF F <= FACTR*EPSMCH,5.0,False,,
Unrestricted action groups,Chronological 70/30,1.0,0.3,701.0,288,2024-10-25,0.7,248,0.0,40.0,0.46789091957873374,0.6270037800975773,True,15.0,False,CONVERGENCE: NORM OF PROJECTED GRADIENT <= PGTOL,5.0,False,,
Unrestricted action groups,Chronological 70/30,1.0,1.0,701.0,288,2024-10-25,0.7,247,0.0,41.0,0.4700124967601492,0.7274236074980829,True,14.0,False,CONVERGENCE: NORM OF PROJECTED GRADIENT <= PGTOL,5.0,False,,
Unrestricted action groups,Chronological 70/30,1.0,3.0,701.0,288,2024-10-25,0.7,244,0.0,44.0,0.6052533787764598,0.9395429970755539,True,12.0,False,CONVERGENCE: RELATIVE REDUCTION OF F <= FACTR*EPSMCH,0.0,False,,
Unrestricted action groups,Chronological 70/30,1.0,10.0,701.0,288,2024-10-25,0.7,243,0.0,45.0,0.8606679981619799,1.1072444171188958,True,8.0,False,CONVERGENCE: RELATIVE REDUCTION OF F <= FACTR*EPSMCH,0.0,False,,
Unrestricted action groups,Chronological 70/30,2.0,0.001,701.0,288,2024-10-25,0.7,252,0.0,36.0,0.308027781603428,0.352467078693064,True,13.0,False,CONVERGENCE: NORM OF PROJECTED GRADIENT <= PGTOL,6.0,False,,
Unrestricted action groups,Chronological 70/30,2.0,0.003,701.0,288,2024-10-25,0.7,252,0.0,36.0,0.30798273476758364,0.3527993402153682,True,13.0,False,CONVERGENCE: RELATIVE REDUCTION OF F <= FACTR*EPSMCH,6.0,False,,
Unrestricted action groups,Chronological 70/30,2.0,0.01,701.0,288,2024-10-25,0.7,252,0.0,36.0,0.3078294909363975,0.35396017927120343,True,14.0,False,CONVERGENCE: NORM OF PROJECTED GRADIENT <= PGTOL,6.0,False,,
Unrestricted action groups,Chronological 70/30,2.0,0.03,701.0,288,2024-10-25,0.7,252,0.0,36.0,0.3074263776874393,0.35726016039483766,True,14.0,False,CONVERGENCE: NORM OF PROJECTED GRADIENT <= PGTOL,6.0,False,,
Unrestricted action groups,Chronological 70/30,2.0,0.1,701.0,288,2024-10-25,0.7,253,0.0,35.0,0.3063273231517537,0.3686503775985923,True,14.0,False,CONVERGENCE: NORM OF PROJECTED GRADIENT <= PGTOL,6.0,False,,
Unrestricted action groups,Chronological 70/30,2.0,0.3,701.0,288,2024-10-25,0.7,251,0.0,37.0,0.30668880522517433,0.39968539371244116,True,14.0,False,CONVERGENCE: RELATIVE REDUCTION OF F <= FACTR*EPSMCH,5.0,False,,
Unrestricted action groups,Chronological 70/30,2.0,1.0,701.0,288,2024-10-25,0.7,247,0.0,41.0,0.330453783284909,0.4891819486489235,True,14.0,False,CONVERGENCE: RELATIVE REDUCTION OF F <= FACTR*EPSMCH,1.0,False,,
Unrestricted action groups,Chronological 70/30,2.0,3.0,701.0,288,2024-10-25,0.7,242,0.0,46.0,0.4436905136286724,0.5817918102769111,True,9.0,False,CONVERGENCE: RELATIVE REDUCTION OF F <= FACTR*EPSMCH,0.0,False,,
Unrestricted action groups,Chronological 70/30,2.0,10.0,701.0,288,2024-10-25,0.7,241,0.0,47.0,0.5272360188099728,0.6329017299092946,True,6.0,False,CONVERGENCE: NORM OF PROJECTED GRADIENT <= PGTOL,0.0,False,,
Unrestricted action groups,Chronological 70/30,3.0,0.001,701.0,288,2024-10-25,0.7,253,0.0,35.0,0.2745777965908145,0.29975287320848226,True,14.0,False,CONVERGENCE: NORM OF PROJECTED GRADIENT <= PGTOL,6.0,False,,
Unrestricted action groups,Chronological 70/30,3.0,0.003,701.0,288,2024-10-25,0.7,253,0.0,35.0,0.27454795183876257,0.3000663240510949,True,14.0,False,CONVERGENCE: NORM OF PROJECTED GRADIENT <= PGTOL,6.0,False,,
Unrestricted action groups,Chronological 70/30,3.0,0.01,701.0,288,2024-10-25,0.7,253,0.0,35.0,0.2744462249247932,0.3011627736968282,True,14.0,False,CONVERGENCE: NORM OF PROJECTED GRADIENT <= PGTOL,6.0,False,,
Unrestricted action groups,Chronological 70/30,3.0,0.03,701.0,288,2024-10-25,0.7,252,0.0,36.0,0.2741767104033067,0.304290493937374,True,14.0,False,CONVERGENCE: NORM OF PROJECTED GRADIENT <= PGTOL,6.0,False,,
Unrestricted action groups,Chronological 70/30,3.0,0.1,701.0,288,2024-10-25,0.7,250,0.0,38.0,0.2734166673508152,0.3151907485749128,True,14.0,False,CONVERGENCE: NORM OF PROJECTED GRADIENT <= PGTOL,6.0,False,,
Unrestricted action groups,Chronological 70/30,3.0,0.3,701.0,288,2024-10-25,0.7,250,0.0,38.0,0.2727484847925849,0.34601813144306254,True,14.0,False,CONVERGENCE: NORM OF PROJECTED GRADIENT <= PGTOL,4.0,False,,
Unrestricted action groups,Chronological 70/30,3.0,1.0,701.0,288,2024-10-25,0.7,247,0.0,41.0,0.3155993380563582,0.4142642986878153,True,12.0,False,CONVERGENCE: RELATIVE REDUCTION OF F <= FACTR*EPSMCH,0.0,False,,
Unrestricted action groups,Chronological 70/30,3.0,3.0,701.0,288,2024-10-25,0.7,243,0.0,45.0,0.37793234178794055,0.4614661505345398,True,8.0,False,CONVERGENCE: RELATIVE REDUCTION OF F <= FACTR*EPSMCH,0.0,False,,
Unrestricted action groups,Chronological 70/30,3.0,10.0,701.0,288,2024-10-25,0.7,240,0.0,48.0,0.41822835072823633,0.4859071626643964,True,6.0,False,CONVERGENCE: NORM OF PROJECTED GRADIENT <= PGTOL,0.0,False,,
Unrestricted action groups,Chronological 70/30,5.0,0.001,701.0,288,2024-10-25,0.7,255,0.0,33.0,0.2721602187457728,0.28653399046214023,True,14.0,False,CONVERGENCE: NORM OF PROJECTED GRADIENT <= PGTOL,5.0,False,,
Unrestricted action groups,Chronological 70/30,5.0,0.003,701.0,288,2024-10-25,0.7,255,0.0,33.0,0.2721577730843873,0.28692104979239264,True,14.0,False,CONVERGENCE: NORM OF PROJECTED GRADIENT <= PGTOL,5.0,False,,
Unrestricted action groups,Chronological 70/30,5.0,0.01,701.0,288,2024-10-25,0.7,255,0.0,33.0,0.2721494493451748,0.28825398583717043,True,14.0,False,CONVERGENCE: NORM OF PROJECTED GRADIENT <= PGTOL,5.0,True,,
Unrestricted action groups,Chronological 70/30,5.0,0.03,701.0,288,2024-10-25,0.7,254,0.0,34.0,0.27211638129082594,0.29191113585865847,True,13.0,False,CONVERGENCE: RELATIVE REDUCTION OF F <= FACTR*EPSMCH,5.0,False,,
Unrestricted action groups,Chronological 70/30,5.0,0.1,701.0,288,2024-10-25,0.7,250,0.0,38.0,0.2718552476335463,0.3036628921498548,True,13.0,False,CONVERGENCE: RELATIVE REDUCTION OF F <= FACTR*EPSMCH,5.0,False,,
Unrestricted action groups,Chronological 70/30,5.0,0.3,701.0,288,2024-10-25,0.7,248,0.0,40.0,0.2772524395342586,0.33149397656235513,True,12.0,False,CONVERGENCE: RELATIVE REDUCTION OF F <= FACTR*EPSMCH,2.0,False,,
Unrestricted action groups,Chronological 70/30,5.0,1.0,701.0,288,2024-10-25,0.7,246,0.0,42.0,0.3132240618759496,0.3681626063490352,True,10.0,False,CONVERGENCE: RELATIVE REDUCTION OF F <= FACTR*EPSMCH,0.0,False,,
Unrestricted action groups,Chronological 70/30,5.0,3.0,701.0,288,2024-10-25,0.7,242,0.0,46.0,0.33999001608959273,0.3874242128217523,True,7.0,False,CONVERGENCE: NORM OF PROJECTED GRADIENT <= PGTOL,0.0,False,,
Unrestricted action groups,Chronological 70/30,5.0,10.0,701.0,288,2024-10-25,0.7,240,0.0,48.0,0.35482302447135994,0.3965257779839999,True,5.0,False,CONVERGENCE: NORM OF PROJECTED GRADIENT <= PGTOL,0.0,False,,
Unrestricted action groups,Chronological 70/30,10.0,0.001,701.0,288,2024-10-25,0.7,249,0.0,39.0,0.3188133128364825,0.3298555086849731,True,8.0,False,CONVERGENCE: NORM OF PROJECTED GRADIENT <= PGTOL,8.0,False,,
Unrestricted action groups,Chronological 70/30,10.0,0.003,701.0,288,2024-10-25,0.7,249,0.0,39.0,0.31880206182343646,0.33025784370752365,True,8.0,False,CONVERGENCE: NORM OF PROJECTED GRADIENT <= PGTOL,8.0,False,,
Unrestricted action groups,Chronological 70/30,10.0,0.01,701.0,288,2024-10-25,0.7,249,0.0,39.0,0.3187681137352054,0.33166524495499344,True,9.0,False,CONVERGENCE: NORM OF PROJECTED GRADIENT <= PGTOL,8.0,False,,
Unrestricted action groups,Chronological 70/30,10.0,0.03,701.0,288,2024-10-25,0.7,248,0.0,40.0,0.31818834275361,0.3356382758668574,True,10.0,False,CONVERGENCE: NORM OF PROJECTED GRADIENT <= PGTOL,7.0,False,,
Unrestricted action groups,Chronological 70/30,10.0,0.1,701.0,288,2024-10-25,0.7,246,0.0,42.0,0.31923430841525685,0.34750315085980765,True,12.0,False,CONVERGENCE: NORM OF PROJECTED GRADIENT <= PGTOL,2.0,False,,
Unrestricted action groups,Chronological 70/30,10.0,0.3,701.0,288,2024-10-25,0.7,244,0.0,44.0,0.3304319009094436,0.36738654071056803,True,11.0,False,CONVERGENCE: NORM OF PROJECTED GRADIENT <= PGTOL,1.0,False,,
Unrestricted action groups,Chronological 70/30,10.0,1.0,701.0,288,2024-10-25,0.7,243,0.0,45.0,0.35526470222582346,0.3860618752408975,True,7.0,False,CONVERGENCE: RELATIVE REDUCTION OF F <= FACTR*EPSMCH,0.0,False,,
Unrestricted action groups,Chronological 70/30,10.0,3.0,701.0,288,2024-10-25,0.7,240,0.0,48.0,0.36684275243044934,0.3937663583706456,True,5.0,False,CONVERGENCE: RELATIVE REDUCTION OF F <= FACTR*EPSMCH,0.0,False,,
Unrestricted action groups,Chronological 70/30,10.0,10.0,701.0,288,2024-10-25,0.7,240,0.0,48.0,0.3719322161317104,0.39694802426874937,True,4.0,False,CONVERGENCE: NORM OF PROJECTED GRADIENT <= PGTOL,0.0,False,,
Leave E2022 out,Chronological 70/30,1.0,0.001,477.0,184,2024-12-20,0.7,162,0.0,22.0,0.5191094222587573,0.5028379767649124,True,18.0,False,CONVERGENCE: NORM OF PROJECTED GRADIENT <= PGTOL,5.0,False,,
Leave E2022 out,Chronological 70/30,1.0,0.003,477.0,184,2024-12-20,0.7,162,0.0,22.0,0.5190927390275176,0.5031923671682462,True,18.0,False,CONVERGENCE: NORM OF PROJECTED GRADIENT <= PGTOL,5.0,False,,
Leave E2022 out,Chronological 70/30,1.0,0.01,477.0,184,2024-12-20,0.7,162,0.0,22.0,0.5190346847247543,0.5044327073998492,True,17.0,False,CONVERGENCE: RELATIVE REDUCTION OF F <= FACTR*EPSMCH,5.0,False,,
Leave E2022 out,Chronological 70/30,1.0,0.03,477.0,184,2024-12-20,0.7,162,0.0,22.0,0.5188713667189581,0.5079763146910726,True,16.0,False,CONVERGENCE: RELATIVE REDUCTION OF F <= FACTR*EPSMCH,5.0,False,,
Leave E2022 out,Chronological 70/30,1.0,0.1,477.0,184,2024-12-20,0.7,162,0.0,22.0,0.5186542514217322,0.520329699215955,True,17.0,False,CONVERGENCE: NORM OF PROJECTED GRADIENT <= PGTOL,4.0,False,,
Leave E2022 out,Chronological 70/30,1.0,0.3,477.0,184,2024-12-20,0.7,162,0.0,22.0,0.5165885039076487,0.5542138138934445,True,19.0,False,CONVERGENCE: RELATIVE REDUCTION OF F <= FACTR*EPSMCH,3.0,False,,
Leave E2022 out,Chronological 70/30,1.0,1.0,477.0,184,2024-12-20,0.7,162,0.0,22.0,0.5199080027787993,0.6574589537649109,True,15.0,False,CONVERGENCE: NORM OF PROJECTED GRADIENT <= PGTOL,3.0,False,,
Leave E2022 out,Chronological 70/30,1.0,3.0,477.0,184,2024-12-20,0.7,160,0.0,24.0,0.6192632990121283,0.8667070398489163,True,14.0,False,CONVERGENCE: RELATIVE REDUCTION OF F <= FACTR*EPSMCH,0.0,False,,
Leave E2022 out,Chronological 70/30,1.0,10.0,477.0,184,2024-12-20,0.7,161,0.0,23.0,0.7583152551784677,1.037650118931663,True,9.0,False,CONVERGENCE: RELATIVE REDUCTION OF F <= FACTR*EPSMCH,0.0,False,,
Leave E2022 out,Chronological 70/30,2.0,0.001,477.0,184,2024-12-20,0.7,162,0.0,22.0,0.3225667091060499,0.3223603708465042,True,16.0,False,CONVERGENCE: NORM OF PROJECTED GRADIENT <= PGTOL,4.0,False,,
Leave E2022 out,Chronological 70/30,2.0,0.003,477.0,184,2024-12-20,0.7,162,0.0,22.0,0.3225468756915469,0.32270384561469867,True,16.0,False,CONVERGENCE: NORM OF PROJECTED GRADIENT <= PGTOL,4.0,False,,
Leave E2022 out,Chronological 70/30,2.0,0.01,477.0,184,2024-12-20,0.7,162,0.0,22.0,0.3224776834195868,0.3239035384058243,True,16.0,False,CONVERGENCE: RELATIVE REDUCTION OF F <= FACTR*EPSMCH,4.0,False,,
Leave E2022 out,Chronological 70/30,2.0,0.03,477.0,184,2024-12-20,0.7,162,0.0,22.0,0.32228129255266885,0.3273113519208285,True,16.0,False,CONVERGENCE: NORM OF PROJECTED GRADIENT <= PGTOL,4.0,False,,
Leave E2022 out,Chronological 70/30,2.0,0.1,477.0,184,2024-12-20,0.7,162,0.0,22.0,0.321595413991305,0.3390477291662976,True,15.0,False,CONVERGENCE: NORM OF PROJECTED GRADIENT <= PGTOL,4.0,False,,
Leave E2022 out,Chronological 70/30,2.0,0.3,477.0,184,2024-12-20,0.7,162,0.0,22.0,0.32030092071498634,0.3714089073074187,True,14.0,False,CONVERGENCE: RELATIVE REDUCTION OF F <= FACTR*EPSMCH,3.0,False,,
Leave E2022 out,Chronological 70/30,2.0,1.0,477.0,184,2024-12-20,0.7,160,0.0,24.0,0.3412758926241482,0.4616968454984617,True,14.0,False,CONVERGENCE: RELATIVE REDUCTION OF F <= FACTR*EPSMCH,0.0,False,,
Leave E2022 out,Chronological 70/30,2.0,3.0,477.0,184,2024-12-20,0.7,163,0.0,21.0,0.40543200220863873,0.5505153824645234,True,11.0,False,CONVERGENCE: RELATIVE REDUCTION OF F <= FACTR*EPSMCH,0.0,False,,
Leave E2022 out,Chronological 70/30,2.0,10.0,477.0,184,2024-12-20,0.7,161,0.0,23.0,0.4477350461194697,0.6040825080423813,True,9.0,False,CONVERGENCE: RELATIVE REDUCTION OF F <= FACTR*EPSMCH,0.0,False,,
Leave E2022 out,Chronological 70/30,3.0,0.001,477.0,184,2024-12-20,0.7,164,0.0,20.0,0.2828028473867207,0.284290285918691,True,15.0,False,CONVERGENCE: NORM OF PROJECTED GRADIENT <= PGTOL,4.0,False,,
Leave E2022 out,Chronological 70/30,3.0,0.003,477.0,184,2024-12-20,0.7,164,0.0,20.0,0.282743924867681,0.28461351927429307,True,15.0,False,CONVERGENCE: NORM OF PROJECTED GRADIENT <= PGTOL,4.0,True,,
Leave E2022 out,Chronological 70/30,3.0,0.01,477.0,184,2024-12-20,0.7,163,0.0,21.0,0.2825400804335442,0.2857437346369854,True,15.0,False,CONVERGENCE: NORM OF PROJECTED GRADIENT <= PGTOL,4.0,False,,
Leave E2022 out,Chronological 70/30,3.0,0.03,477.0,184,2024-12-20,0.7,163,0.0,21.0,0.2819772263381277,0.2889641822464388,True,15.0,False,CONVERGENCE: NORM OF PROJECTED GRADIENT <= PGTOL,4.0,False,,
Leave E2022 out,Chronological 70/30,3.0,0.1,477.0,184,2024-12-20,0.7,162,0.0,22.0,0.2802069374929545,0.3001542477842814,True,14.0,False,CONVERGENCE: RELATIVE REDUCTION OF F <= FACTR*EPSMCH,4.0,False,,
Leave E2022 out,Chronological 70/30,3.0,0.3,477.0,184,2024-12-20,0.7,162,0.0,22.0,0.2751145884770987,0.33159175681128494,True,13.0,False,CONVERGENCE: NORM OF PROJECTED GRADIENT <= PGTOL,2.0,False,,
Leave E2022 out,Chronological 70/30,3.0,1.0,477.0,184,2024-12-20,0.7,160,0.0,24.0,0.3031924095428695,0.3976669823096031,True,12.0,False,CONVERGENCE: RELATIVE REDUCTION OF F <= FACTR*EPSMCH,0.0,False,,
Leave E2022 out,Chronological 70/30,3.0,3.0,477.0,184,2024-12-20,0.7,162,0.0,22.0,0.33460428879957776,0.4440103147463671,True,9.0,False,CONVERGENCE: RELATIVE REDUCTION OF F <= FACTR*EPSMCH,0.0,False,,
Leave E2022 out,Chronological 70/30,3.0,10.0,477.0,184,2024-12-20,0.7,161,0.0,23.0,0.35379151895949296,0.47000025813935226,True,8.0,False,CONVERGENCE: RELATIVE REDUCTION OF F <= FACTR*EPSMCH,0.0,False,,
Leave E2022 out,Chronological 70/30,5.0,0.001,477.0,184,2024-12-20,0.7,159,0.0,25.0,0.2803675801240627,0.2812785922946318,True,15.0,False,CONVERGENCE: RELATIVE REDUCTION OF F <= FACTR*EPSMCH,3.0,False,,
Leave E2022 out,Chronological 70/30,5.0,0.003,477.0,184,2024-12-20,0.7,159,0.0,25.0,0.2801159255360857,0.28166454803733887,True,15.0,False,CONVERGENCE: RELATIVE REDUCTION OF F <= FACTR*EPSMCH,3.0,False,,
Leave E2022 out,Chronological 70/30,5.0,0.01,477.0,184,2024-12-20,0.7,159,0.0,25.0,0.2792899837645962,0.28299401646834055,True,15.0,False,CONVERGENCE: NORM OF PROJECTED GRADIENT <= PGTOL,3.0,False,,
Leave E2022 out,Chronological 70/30,5.0,0.03,477.0,184,2024-12-20,0.7,160,0.0,24.0,0.27728901809338025,0.2866439427557736,True,15.0,False,CONVERGENCE: NORM OF PROJECTED GRADIENT <= PGTOL,3.0,False,,
Leave E2022 out,Chronological 70/30,5.0,0.1,477.0,184,2024-12-20,0.7,161,0.0,23.0,0.2725062284542183,0.29838769547280586,True,15.0,False,CONVERGENCE: NORM OF PROJECTED GRADIENT <= PGTOL,3.0,False,,
Leave E2022 out,Chronological 70/30,5.0,0.3,477.0,184,2024-12-20,0.7,162,0.0,22.0,0.27068031664523096,0.32564296905492307,True,13.0,False,CONVERGENCE: RELATIVE REDUCTION OF F <= FACTR*EPSMCH,1.0,False,,
Leave E2022 out,Chronological 70/30,5.0,1.0,477.0,184,2024-12-20,0.7,162,0.0,22.0,0.28805692924707266,0.36094900000153785,True,10.0,False,CONVERGENCE: RELATIVE REDUCTION OF F <= FACTR*EPSMCH,0.0,False,,
Leave E2022 out,Chronological 70/30,5.0,3.0,477.0,184,2024-12-20,0.7,161,0.0,23.0,0.2999863868365537,0.38078102774972933,True,10.0,False,CONVERGENCE: NORM OF PROJECTED GRADIENT <= PGTOL,0.0,False,,
Leave E2022 out,Chronological 70/30,5.0,10.0,477.0,184,2024-12-20,0.7,161,0.0,23.0,0.3065112642735798,0.39077597729722596,True,8.0,False,CONVERGENCE: NORM OF PROJECTED GRADIENT <= PGTOL,0.0,False,,
Leave E2022 out,Chronological 70/30,10.0,0.001,477.0,184,2024-12-20,0.7,161,0.0,23.0,0.31111722201222103,0.330393397048757,True,10.0,False,CONVERGENCE: NORM OF PROJECTED GRADIENT <= PGTOL,6.0,False,,
Leave E2022 out,Chronological 70/30,10.0,0.003,477.0,184,2024-12-20,0.7,161,0.0,23.0,0.31103062167420686,0.3308120870830102,True,10.0,False,CONVERGENCE: NORM OF PROJECTED GRADIENT <= PGTOL,6.0,False,,
Leave E2022 out,Chronological 70/30,10.0,0.01,477.0,184,2024-12-20,0.7,160,0.0,24.0,0.3107688938918789,0.3322713105231572,True,10.0,False,CONVERGENCE: NORM OF PROJECTED GRADIENT <= PGTOL,6.0,False,,
Leave E2022 out,Chronological 70/30,10.0,0.03,477.0,184,2024-12-20,0.7,162,0.0,22.0,0.3096184113487224,0.3363415313208135,True,12.0,False,CONVERGENCE: NORM OF PROJECTED GRADIENT <= PGTOL,4.0,False,,
Leave E2022 out,Chronological 70/30,10.0,0.1,477.0,184,2024-12-20,0.7,163,0.0,21.0,0.3092401843061471,0.3476687890387718,True,12.0,False,CONVERGENCE: NORM OF PROJECTED GRADIENT <= PGTOL,2.0,False,,
Leave E2022 out,Chronological 70/30,10.0,0.3,477.0,184,2024-12-20,0.7,162,0.0,22.0,0.31362545523142576,0.3667152004137858,True,11.0,False,CONVERGENCE: RELATIVE REDUCTION OF F <= FACTR*EPSMCH,0.0,False,,
Leave E2022 out,Chronological 70/30,10.0,1.0,477.0,184,2024-12-20,0.7,163,0.0,21.0,0.3303741453747207,0.3860438984328675,True,9.0,False,CONVERGENCE: NORM OF PROJECTED GRADIENT <= PGTOL,0.0,False,,
Leave E2022 out,Chronological 70/30,10.0,3.0,477.0,184,2024-12-20,0.7,161,0.0,23.0,0.3378401651725324,0.39440735921668724,True,8.0,False,CONVERGENCE: RELATIVE REDUCTION OF F <= FACTR*EPSMCH,0.0,False,,
Leave E2022 out,Chronological 70/30,10.0,10.0,477.0,184,2024-12-20,0.7,160,0.0,24.0,0.34111718792820084,0.3979506098302576,True,7.0,False,CONVERGENCE: RELATIVE REDUCTION OF F <= FACTR*EPSMCH,0.0,False,,
Leave E2023 out,Chronological 70/30,1.0,0.001,480.0,178,2024-12-26,0.7,159,0.0,19.0,0.516469010259081,0.5729470339384715,True,19.0,False,CONVERGENCE: RELATIVE REDUCTION OF F <= FACTR*EPSMCH,4.0,False,,
Leave E2023 out,Chronological 70/30,1.0,0.003,480.0,178,2024-12-26,0.7,159,0.0,19.0,0.5164520981193824,0.5732523657500013,True,19.0,False,CONVERGENCE: NORM OF PROJECTED GRADIENT <= PGTOL,4.0,False,,
Leave E2023 out,Chronological 70/30,1.0,0.01,480.0,178,2024-12-26,0.7,159,0.0,19.0,0.5163930438752143,0.5743209612669375,True,18.0,False,CONVERGENCE: RELATIVE REDUCTION OF F <= FACTR*EPSMCH,4.0,False,,
Leave E2023 out,Chronological 70/30,1.0,0.03,480.0,178,2024-12-26,0.7,159,0.0,19.0,0.516225491915482,0.5773735388324912,True,18.0,False,CONVERGENCE: NORM OF PROJECTED GRADIENT <= PGTOL,4.0,False,,
Leave E2023 out,Chronological 70/30,1.0,0.1,480.0,178,2024-12-26,0.7,159,0.0,19.0,0.5156529383161385,0.5880515354148131,True,18.0,False,CONVERGENCE: RELATIVE REDUCTION OF F <= FACTR*EPSMCH,4.0,True,,
Leave E2023 out,Chronological 70/30,1.0,0.3,480.0,178,2024-12-26,0.7,158,0.0,20.0,0.5140905444788193,0.6175829589639149,True,19.0,False,CONVERGENCE: RELATIVE REDUCTION OF F <= FACTR*EPSMCH,3.0,False,,
Leave E2023 out,Chronological 70/30,1.0,1.0,480.0,178,2024-12-26,0.7,156,0.0,22.0,0.5170459641848474,0.7131071326663776,True,14.0,False,CONVERGENCE: RELATIVE REDUCTION OF F <= FACTR*EPSMCH,3.0,False,,
Leave E2023 out,Chronological 70/30,1.0,3.0,480.0,178,2024-12-26,0.7,156,0.0,22.0,0.5851910285136706,0.9395981568460532,True,15.0,False,CONVERGENCE: RELATIVE REDUCTION OF F <= FACTR*EPSMCH,0.0,False,,
Leave E2023 out,Chronological 70/30,1.0,10.0,480.0,178,2024-12-26,0.7,157,0.0,21.0,0.7398728245900444,1.188878853669122,True,9.0,False,CONVERGENCE: RELATIVE REDUCTION OF F <= FACTR*EPSMCH,0.0,False,,
Leave E2023 out,Chronological 70/30,2.0,0.001,480.0,178,2024-12-26,0.7,157,0.0,21.0,0.32436031746330607,0.3546410952920855,True,17.0,False,CONVERGENCE: NORM OF PROJECTED GRADIENT <= PGTOL,4.0,False,,
Leave E2023 out,Chronological 70/30,2.0,0.003,480.0,178,2024-12-26,0.7,157,0.0,21.0,0.32431019672198313,0.3549497059009802,True,17.0,False,CONVERGENCE: NORM OF PROJECTED GRADIENT <= PGTOL,4.0,False,,
Leave E2023 out,Chronological 70/30,2.0,0.01,480.0,178,2024-12-26,0.7,157,0.0,21.0,0.3241374954240944,0.35602954308674073,True,18.0,False,CONVERGENCE: RELATIVE REDUCTION OF F <= FACTR*EPSMCH,4.0,False,,
Leave E2023 out,Chronological 70/30,2.0,0.03,480.0,178,2024-12-26,0.7,157,0.0,21.0,0.32366596814521675,0.35911236869293983,True,19.0,False,CONVERGENCE: RELATIVE REDUCTION OF F <= FACTR*EPSMCH,4.0,False,,
Leave E2023 out,Chronological 70/30,2.0,0.1,480.0,178,2024-12-26,0.7,158,0.0,20.0,0.32222432590354255,0.36987857938774793,True,16.0,False,CONVERGENCE: NORM OF PROJECTED GRADIENT <= PGTOL,4.0,False,,
Leave E2023 out,Chronological 70/30,2.0,0.3,480.0,178,2024-12-26,0.7,158,0.0,20.0,0.3206075361795119,0.39999420795839785,True,14.0,False,CONVERGENCE: RELATIVE REDUCTION OF F <= FACTR*EPSMCH,3.0,False,,
Leave E2023 out,Chronological 70/30,2.0,1.0,480.0,178,2024-12-26,0.7,157,0.0,21.0,0.33498721044186786,0.4900366726061024,True,13.0,False,CONVERGENCE: RELATIVE REDUCTION OF F <= FACTR*EPSMCH,1.0,False,,
Leave E2023 out,Chronological 70/30,2.0,3.0,480.0,178,2024-12-26,0.7,155,0.0,23.0,0.39614342225464605,0.6108600670584372,True,11.0,False,CONVERGENCE: RELATIVE REDUCTION OF F <= FACTR*EPSMCH,0.0,False,,
Leave E2023 out,Chronological 70/30,2.0,10.0,480.0,178,2024-12-26,0.7,156,0.0,22.0,0.44269898478658287,0.6936451310144729,True,9.0,False,CONVERGENCE: RELATIVE REDUCTION OF F <= FACTR*EPSMCH,0.0,False,,
Leave E2023 out,Chronological 70/30,3.0,0.001,480.0,178,2024-12-26,0.7,156,0.0,22.0,0.28086474677681883,0.30277434909922085,True,17.0,False,CONVERGENCE: NORM OF PROJECTED GRADIENT <= PGTOL,4.0,False,,
Leave E2023 out,Chronological 70/30,3.0,0.003,480.0,178,2024-12-26,0.7,156,0.0,22.0,0.2807697114813825,0.30310966747696444,True,17.0,False,CONVERGENCE: NORM OF PROJECTED GRADIENT <= PGTOL,4.0,False,,
Leave E2023 out,Chronological 70/30,3.0,0.01,480.0,178,2024-12-26,0.7,156,0.0,22.0,0.2804502926242934,0.30427920221444416,True,17.0,False,CONVERGENCE: NORM OF PROJECTED GRADIENT <= PGTOL,4.0,False,,
Leave E2023 out,Chronological 70/30,3.0,0.03,480.0,178,2024-12-26,0.7,157,0.0,21.0,0.2796341900589041,0.30759009958565314,True,17.0,False,CONVERGENCE: NORM OF PROJECTED GRADIENT <= PGTOL,4.0,False,,
Leave E2023 out,Chronological 70/30,3.0,0.1,480.0,178,2024-12-26,0.7,157,0.0,21.0,0.2775063182775721,0.31893229840841786,True,17.0,False,CONVERGENCE: NORM OF PROJECTED GRADIENT <= PGTOL,4.0,False,,
Leave E2023 out,Chronological 70/30,3.0,0.3,480.0,178,2024-12-26,0.7,158,0.0,20.0,0.27484634313927014,0.3501993141478952,True,14.0,False,CONVERGENCE: RELATIVE REDUCTION OF F <= FACTR*EPSMCH,2.0,False,,
Leave E2023 out,Chronological 70/30,3.0,1.0,480.0,178,2024-12-26,0.7,156,0.0,22.0,0.29671357203996956,0.42532520481207353,True,12.0,False,CONVERGENCE: RELATIVE REDUCTION OF F <= FACTR*EPSMCH,0.0,False,,
Leave E2023 out,Chronological 70/30,3.0,3.0,480.0,178,2024-12-26,0.7,157,0.0,21.0,0.33010099073335475,0.49240268588599656,True,9.0,False,CONVERGENCE: RELATIVE REDUCTION OF F <= FACTR*EPSMCH,0.0,False,,
Leave E2023 out,Chronological 70/30,3.0,10.0,480.0,178,2024-12-26,0.7,156,0.0,22.0,0.35157196698694604,0.5324355159787256,True,8.0,False,CONVERGENCE: RELATIVE REDUCTION OF F <= FACTR*EPSMCH,0.0,False,,
Leave E2023 out,Chronological 70/30,5.0,0.001,480.0,178,2024-12-26,0.7,157,0.0,21.0,0.2729119071296413,0.2892416349020868,True,15.0,False,CONVERGENCE: NORM OF PROJECTED GRADIENT <= PGTOL,4.0,False,,
Leave E2023 out,Chronological 70/30,5.0,0.003,480.0,178,2024-12-26,0.7,157,0.0,21.0,0.2726997464959027,0.2896567120009302,True,15.0,False,CONVERGENCE: NORM OF PROJECTED GRADIENT <= PGTOL,4.0,False,,
Leave E2023 out,Chronological 70/30,5.0,0.01,480.0,178,2024-12-26,0.7,157,0.0,21.0,0.2719808895267002,0.2911023794942199,True,14.0,False,CONVERGENCE: RELATIVE REDUCTION OF F <= FACTR*EPSMCH,4.0,False,,
Leave E2023 out,Chronological 70/30,5.0,0.03,480.0,178,2024-12-26,0.7,157,0.0,21.0,0.2701097181322057,0.29517596607440477,True,14.0,False,CONVERGENCE: NORM OF PROJECTED GRADIENT <= PGTOL,4.0,False,,
Leave E2023 out,Chronological 70/30,5.0,0.1,480.0,178,2024-12-26,0.7,157,0.0,21.0,0.2657926767681186,0.30876103895850615,True,14.0,False,CONVERGENCE: NORM OF PROJECTED GRADIENT <= PGTOL,3.0,False,,
Leave E2023 out,Chronological 70/30,5.0,0.3,480.0,178,2024-12-26,0.7,158,0.0,20.0,0.26551709128556417,0.33984577625036294,True,13.0,False,CONVERGENCE: RELATIVE REDUCTION OF F <= FACTR*EPSMCH,2.0,False,,
Leave E2023 out,Chronological 70/30,5.0,1.0,480.0,178,2024-12-26,0.7,155,0.0,23.0,0.2846951111341763,0.3856886387188194,True,10.0,False,CONVERGENCE: RELATIVE REDUCTION OF F <= FACTR*EPSMCH,0.0,False,,
Leave E2023 out,Chronological 70/30,5.0,3.0,480.0,178,2024-12-26,0.7,156,0.0,22.0,0.2978208047086659,0.41375356834614796,True,10.0,False,CONVERGENCE: NORM OF PROJECTED GRADIENT <= PGTOL,0.0,False,,
Leave E2023 out,Chronological 70/30,5.0,10.0,480.0,178,2024-12-26,0.7,156,0.0,22.0,0.3052551546604949,0.42809114778539636,True,8.0,False,CONVERGENCE: NORM OF PROJECTED GRADIENT <= PGTOL,0.0,False,,
Leave E2023 out,Chronological 70/30,10.0,0.001,480.0,178,2024-12-26,0.7,157,0.0,21.0,0.31087537507962276,0.337657272007026,True,10.0,False,CONVERGENCE: NORM OF PROJECTED GRADIENT <= PGTOL,6.0,False,,
Leave E2023 out,Chronological 70/30,10.0,0.003,480.0,178,2024-12-26,0.7,157,0.0,21.0,0.31073730909869535,0.3380847678692378,True,10.0,False,CONVERGENCE: NORM OF PROJECTED GRADIENT <= PGTOL,6.0,False,,
Leave E2023 out,Chronological 70/30,10.0,0.01,480.0,178,2024-12-26,0.7,157,0.0,21.0,0.3103068804856651,0.33957170747481263,True,10.0,False,CONVERGENCE: NORM OF PROJECTED GRADIENT <= PGTOL,6.0,False,,
Leave E2023 out,Chronological 70/30,10.0,0.03,480.0,178,2024-12-26,0.7,156,0.0,22.0,0.30939893765215337,0.3437610853894342,True,9.0,False,CONVERGENCE: NORM OF PROJECTED GRADIENT <= PGTOL,6.0,False,,
Leave E2023 out,Chronological 70/30,10.0,0.1,480.0,178,2024-12-26,0.7,157,0.0,21.0,0.3066808338325909,0.35712373886819077,True,11.0,False,CONVERGENCE: RELATIVE REDUCTION OF F <= FACTR*EPSMCH,3.0,False,,
Leave E2023 out,Chronological 70/30,10.0,0.3,480.0,178,2024-12-26,0.7,157,0.0,21.0,0.31066284646942516,0.38041382285454683,True,11.0,False,CONVERGENCE: RELATIVE REDUCTION OF F <= FACTR*EPSMCH,0.0,False,,
Leave E2023 out,Chronological 70/30,10.0,1.0,480.0,178,2024-12-26,0.7,157,0.0,21.0,0.3283836158184484,0.401669337930484,True,9.0,False,CONVERGENCE: RELATIVE REDUCTION OF F <= FACTR*EPSMCH,0.0,False,,
Leave E2023 out,Chronological 70/30,10.0,3.0,480.0,178,2024-12-26,0.7,156,0.0,22.0,0.33618050391937465,0.41062820497839986,True,8.0,False,CONVERGENCE: RELATIVE REDUCTION OF F <= FACTR*EPSMCH,0.0,False,,
Leave E2023 out,Chronological 70/30,10.0,10.0,480.0,178,2024-12-26,0.7,156,0.0,22.0,0.3395426390447039,0.41435513791728384,True,8.0,False,CONVERGENCE: NORM OF PROJECTED GRADIENT <= PGTOL,0.0,False,,
Leave E2024 out,Chronological 70/30,1.0,0.001,472.0,187,2023-12-28,0.7,170,0.0,17.0,0.2640032811010645,0.6994171059639418,True,17.0,False,CONVERGENCE: RELATIVE REDUCTION OF F <= FACTR*EPSMCH,3.0,False,,
Leave E2024 out,Chronological 70/30,1.0,0.003,472.0,187,2023-12-28,0.7,170,0.0,17.0,0.2640540652114009,0.6997525376141448,True,17.0,False,CONVERGENCE: RELATIVE REDUCTION OF F <= FACTR*EPSMCH,3.0,False,,
Leave E2024 out,Chronological 70/30,1.0,0.01,472.0,187,2023-12-28,0.7,170,0.0,17.0,0.26423537276251635,0.7009230517182768,True,17.0,False,CONVERGENCE: RELATIVE REDUCTION OF F <= FACTR*EPSMCH,3.0,False,,
Leave E2024 out,Chronological 70/30,1.0,0.03,472.0,187,2023-12-28,0.7,170,0.0,17.0,0.2647793446017759,0.704238962683281,True,17.0,False,CONVERGENCE: NORM OF PROJECTED GRADIENT <= PGTOL,3.0,False,,
Leave E2024 out,Chronological 70/30,1.0,0.1,472.0,187,2023-12-28,0.7,170,0.0,17.0,0.26685999644286745,0.7155617303153298,True,16.0,False,CONVERGENCE: RELATIVE REDUCTION OF F <= FACTR*EPSMCH,3.0,False,,
Leave E2024 out,Chronological 70/30,1.0,0.3,472.0,187,2023-12-28,0.7,170,0.0,17.0,0.27292785568649824,0.7462351241195979,True,15.0,False,CONVERGENCE: RELATIVE REDUCTION OF F <= FACTR*EPSMCH,3.0,False,,
Leave E2024 out,Chronological 70/30,1.0,1.0,472.0,187,2023-12-28,0.7,171,0.0,16.0,0.28798750207621077,0.8446865641805343,True,13.0,False,CONVERGENCE: RELATIVE REDUCTION OF F <= FACTR*EPSMCH,3.0,False,,
Leave E2024 out,Chronological 70/30,1.0,3.0,472.0,187,2023-12-28,0.7,169,0.0,18.0,0.37078168022535685,1.071753382265117,True,11.0,False,CONVERGENCE: RELATIVE REDUCTION OF F <= FACTR*EPSMCH,1.0,False,,
Leave E2024 out,Chronological 70/30,1.0,10.0,472.0,187,2023-12-28,0.7,168,0.0,19.0,0.46776239527544494,1.3040006244802231,True,9.0,False,CONVERGENCE: RELATIVE REDUCTION OF F <= FACTR*EPSMCH,0.0,False,,
Leave E2024 out,Chronological 70/30,2.0,0.001,472.0,187,2023-12-28,0.7,172,0.0,15.0,0.18873081047992935,0.4124073739164068,True,16.0,False,CONVERGENCE: NORM OF PROJECTED GRADIENT <= PGTOL,4.0,False,,
Leave E2024 out,Chronological 70/30,2.0,0.003,472.0,187,2023-12-28,0.7,172,0.0,15.0,0.18878407328549354,0.4127282111999744,True,16.0,False,CONVERGENCE: NORM OF PROJECTED GRADIENT <= PGTOL,4.0,False,,
Leave E2024 out,Chronological 70/30,2.0,0.01,472.0,187,2023-12-28,0.7,172,0.0,15.0,0.18896792158996487,0.4138498105725309,True,16.0,False,CONVERGENCE: NORM OF PROJECTED GRADIENT <= PGTOL,4.0,False,,
Leave E2024 out,Chronological 70/30,2.0,0.03,472.0,187,2023-12-28,0.7,172,0.0,15.0,0.18947191278659878,0.41704369491555043,True,16.0,False,CONVERGENCE: NORM OF PROJECTED GRADIENT <= PGTOL,4.0,False,,
Leave E2024 out,Chronological 70/30,2.0,0.1,472.0,187,2023-12-28,0.7,172,0.0,15.0,0.19101663440911842,0.4281205819752188,True,15.0,False,CONVERGENCE: RELATIVE REDUCTION OF F <= FACTR*EPSMCH,4.0,False,,
Leave E2024 out,Chronological 70/30,2.0,0.3,472.0,187,2023-12-28,0.7,171,0.0,16.0,0.19581268176418107,0.4586408586800291,True,15.0,False,CONVERGENCE: NORM OF PROJECTED GRADIENT <= PGTOL,3.0,False,,
Leave E2024 out,Chronological 70/30,2.0,1.0,472.0,187,2023-12-28,0.7,171,0.0,16.0,0.21913485455684464,0.5493189705957482,True,12.0,False,CONVERGENCE: RELATIVE REDUCTION OF F <= FACTR*EPSMCH,1.0,False,,
Leave E2024 out,Chronological 70/30,2.0,3.0,472.0,187,2023-12-28,0.7,169,0.0,18.0,0.26508732967747806,0.6706656541078675,True,11.0,False,CONVERGENCE: RELATIVE REDUCTION OF F <= FACTR*EPSMCH,0.0,False,,
Leave E2024 out,Chronological 70/30,2.0,10.0,472.0,187,2023-12-28,0.7,168,0.0,19.0,0.2983986045774819,0.742177693667975,True,8.0,False,CONVERGENCE: RELATIVE REDUCTION OF F <= FACTR*EPSMCH,0.0,False,,
Leave E2024 out,Chronological 70/30,3.0,0.001,472.0,187,2023-12-28,0.7,172,0.0,15.0,0.18585954737387497,0.33981784705233087,True,15.0,False,CONVERGENCE: NORM OF PROJECTED GRADIENT <= PGTOL,4.0,False,,
Leave E2024 out,Chronological 70/30,3.0,0.003,472.0,187,2023-12-28,0.7,172,0.0,15.0,0.18586884220339317,0.3401273387634584,True,15.0,False,CONVERGENCE: NORM OF PROJECTED GRADIENT <= PGTOL,4.0,False,,
Leave E2024 out,Chronological 70/30,3.0,0.01,472.0,187,2023-12-28,0.7,172,0.0,15.0,0.18590192859782642,0.34121015237349167,True,15.0,False,CONVERGENCE: NORM OF PROJECTED GRADIENT <= PGTOL,4.0,False,,
Leave E2024 out,Chronological 70/30,3.0,0.03,472.0,187,2023-12-28,0.7,172,0.0,15.0,0.18600040462934728,0.3443006091131748,True,15.0,False,CONVERGENCE: RELATIVE REDUCTION OF F <= FACTR*EPSMCH,4.0,False,,
Leave E2024 out,Chronological 70/30,3.0,0.1,472.0,187,2023-12-28,0.7,173,0.0,14.0,0.18637005902316406,0.3550849009541205,True,14.0,False,CONVERGENCE: NORM OF PROJECTED GRADIENT <= PGTOL,4.0,False,,
Leave E2024 out,Chronological 70/30,3.0,0.3,472.0,187,2023-12-28,0.7,173,0.0,14.0,0.18845198599204951,0.38565050913199805,True,13.0,False,CONVERGENCE: RELATIVE REDUCTION OF F <= FACTR*EPSMCH,3.0,True,,
Leave E2024 out,Chronological 70/30,3.0,1.0,472.0,187,2023-12-28,0.7,170,0.0,17.0,0.21638929831760342,0.4617838643926173,True,12.0,False,CONVERGENCE: RELATIVE REDUCTION OF F <= FACTR*EPSMCH,0.0,False,,
Leave E2024 out,Chronological 70/30,3.0,3.0,472.0,187,2023-12-28,0.7,168,0.0,19.0,0.239772196739585,0.5276683348759114,True,9.0,False,CONVERGENCE: RELATIVE REDUCTION OF F <= FACTR*EPSMCH,0.0,False,,
Leave E2024 out,Chronological 70/30,3.0,10.0,472.0,187,2023-12-28,0.7,168,0.0,19.0,0.25848645589842745,0.5618601608178646,True,8.0,False,CONVERGENCE: NORM OF PROJECTED GRADIENT <= PGTOL,0.0,False,,
Leave E2024 out,Chronological 70/30,5.0,0.001,472.0,187,2023-12-28,0.7,172,0.0,15.0,0.21170792556861545,0.3105472444303916,True,13.0,False,CONVERGENCE: NORM OF PROJECTED GRADIENT <= PGTOL,5.0,False,,
Leave E2024 out,Chronological 70/30,5.0,0.003,472.0,187,2023-12-28,0.7,172,0.0,15.0,0.21174846039545614,0.3109520397692866,True,13.0,False,CONVERGENCE: NORM OF PROJECTED GRADIENT <= PGTOL,5.0,False,,
Leave E2024 out,Chronological 70/30,5.0,0.01,472.0,187,2023-12-28,0.7,172,0.0,15.0,0.21189088912582418,0.3123664359307012,True,13.0,False,CONVERGENCE: RELATIVE REDUCTION OF F <= FACTR*EPSMCH,5.0,False,,
Leave E2024 out,Chronological 70/30,5.0,0.03,472.0,187,2023-12-28,0.7,172,0.0,15.0,0.2114439354860442,0.3163226084345572,True,14.0,False,CONVERGENCE: NORM OF PROJECTED GRADIENT <= PGTOL,3.0,False,,
Leave E2024 out,Chronological 70/30,5.0,0.1,472.0,187,2023-12-28,0.7,172,0.0,15.0,0.21007432478162236,0.3286778724944723,True,12.0,False,CONVERGENCE: NORM OF PROJECTED GRADIENT <= PGTOL,3.0,False,,
Leave E2024 out,Chronological 70/30,5.0,0.3,472.0,187,2023-12-28,0.7,172,0.0,15.0,0.21340262991791784,0.35792615866705707,True,13.0,False,CONVERGENCE: RELATIVE REDUCTION OF F <= FACTR*EPSMCH,2.0,False,,
Leave E2024 out,Chronological 70/30,5.0,1.0,472.0,187,2023-12-28,0.7,171,0.0,16.0,0.2331021270393806,0.40484219439597224,True,11.0,False,CONVERGENCE: RELATIVE REDUCTION OF F <= FACTR*EPSMCH,0.0,False,,
Leave E2024 out,Chronological 70/30,5.0,3.0,472.0,187,2023-12-28,0.7,169,0.0,18.0,0.24769280468465682,0.43103387846730673,True,10.0,False,CONVERGENCE: NORM OF PROJECTED GRADIENT <= PGTOL,0.0,False,,
Leave E2024 out,Chronological 70/30,5.0,10.0,472.0,187,2023-12-28,0.7,169,0.0,18.0,0.25704216245200173,0.4433812414860004,True,8.0,False,CONVERGENCE: NORM OF PROJECTED GRADIENT <= PGTOL,0.0,False,,
Leave E2024 out,Chronological 70/30,10.0,0.001,472.0,187,2023-12-28,0.7,171,0.0,16.0,0.2751675155212975,0.3447915391122352,True,10.0,False,CONVERGENCE: NORM OF PROJECTED GRADIENT <= PGTOL,6.0,False,,
Leave E2024 out,Chronological 70/30,10.0,0.003,472.0,187,2023-12-28,0.7,171,0.0,16.0,0.27517032427044974,0.3451928115888229,True,10.0,False,CONVERGENCE: NORM OF PROJECTED GRADIENT <= PGTOL,6.0,False,,
Leave E2024 out,Chronological 70/30,10.0,0.01,472.0,187,2023-12-28,0.7,171,0.0,16.0,0.2751788286119405,0.34659686195848405,True,10.0,False,CONVERGENCE: NORM OF PROJECTED GRADIENT <= PGTOL,6.0,False,,
Leave E2024 out,Chronological 70/30,10.0,0.03,472.0,187,2023-12-28,0.7,171,0.0,16.0,0.2751947338765291,0.3506058377629849,True,10.0,False,CONVERGENCE: NORM OF PROJECTED GRADIENT <= PGTOL,6.0,False,,
Leave E2024 out,Chronological 70/30,10.0,0.1,472.0,187,2023-12-28,0.7,171,0.0,16.0,0.27478387940880084,0.3641803708560977,True,10.0,False,CONVERGENCE: NORM OF PROJECTED GRADIENT <= PGTOL,3.0,False,,
Leave E2024 out,Chronological 70/30,10.0,0.3,472.0,187,2023-12-28,0.7,171,0.0,16.0,0.2804288727786211,0.387567169672142,True,11.0,False,CONVERGENCE: RELATIVE REDUCTION OF F <= FACTR*EPSMCH,1.0,False,,
Leave E2024 out,Chronological 70/30,10.0,1.0,472.0,187,2023-12-28,0.7,170,0.0,17.0,0.3052903744679869,0.4083966410052656,True,9.0,False,CONVERGENCE: RELATIVE REDUCTION OF F <= FACTR*EPSMCH,0.0,False,,
Leave E2024 out,Chronological 70/30,10.0,3.0,472.0,187,2023-12-28,0.7,169,0.0,18.0,0.31742140091799714,0.41695088856784995,True,8.0,False,CONVERGENCE: RELATIVE REDUCTION OF F <= FACTR*EPSMCH,0.0,False,,
Leave E2024 out,Chronological 70/30,10.0,10.0,472.0,187,2023-12-28,0.7,169,0.0,18.0,0.3228936354602939,0.420471121823136,True,8.0,False,CONVERGENCE: NORM OF PROJECTED GRADIENT <= PGTOL,0.0,False,,
